Image_ID,Product_ID,Image_Path,Category,Image_Width,Image_Height,Split,Label
IMG00001,P00356,images/P00356/img83.jpg,Home,320,360,Test,Plus Table Lamp (Beige)
IMG00002,P00681,images/P00681/img98.jpg,Home,1024,360,Validation,Max Curtain (Green)
IMG00003,P00470,images/P00470/img90.jpg,Footwear,1024,768,Train,Pro Loafers (Silver)
IMG00004,P00207,images/P00207/img10.jpg,Stationery,320,640,Train,Lite Highlighter Set (Black)
IMG00005,P00586,images/P00586/img11.jpg,Footwear,640,768,Validation,Standard Flip Flops (Blue)
IMG00006,P00425,images/P00425/img36.jpg,Electronics,480,640,Train,Plus Smart Watch (White)
IMG00007,P00005,images/P00005/img01.jpg,Stationery,1024,360,Train,Compact Marker Pack (Beige)
IMG00008,P00772,images/P00772/img13.jpg,Footwear,1024,768,Validation,Standard Sandals (Silver)
IMG00009,P00063,images/P00063/img54.jpg,Home,1024,768,Train,Premium Door Mat (Red)
IMG00010,P00152,images/P00152/img97.jpg,Footwear,1024,360,Train,Plus Slippers (Green)
IMG00011,P00058,images/P00058/img11.jpg,Stationery,320,640,Train,Mini Highlighter Set (Beige)
IMG00012,P00523,images/P00523/img03.jpg,Footwear,320,640,Validation,Deluxe Running Shoes (White)
IMG00013,P00036,images/P00036/img60.jpg,Accessories,480,360,Validation,Deluxe Travel Pouch (Red)
IMG00014,P00108,images/P00108/img74.jpg,Stationery,720,480,Train,Plus File Folder (Green)
IMG00015,P00466,images/P00466/img63.jpg,Accessories,480,240,Validation,Deluxe Travel Pouch (Green)
IMG00016,P00570,images/P00570/img80.jpg,Stationery,320,640,Train,Pro Scissors (White)
IMG00017,P00359,images/P00359/img83.jpg,Footwear,320,480,Train,Premium Hiking Boots (Green)
IMG00018,P00371,images/P00371/img48.jpg,Home,480,480,Train,Lite Wall Clock (Black)
IMG00019,P00052,images/P00052/img20.jpg,Stationery,720,640,Train,Premium Desk Organizer (Red)
IMG00020,P00422,images/P00422/img09.jpg,Stationery,720,360,Validation,Max Desk Organizer (Blue)
IMG00021,P00456,images/P00456/img41.jpg,Electronics,480,768,Test,Mini Wireless Mouse (Silver)
IMG00022,P00339,images/P00339/img34.jpg,Electronics,480,240,Train,Classic Bluetooth Speaker (White)
IMG00023,P00097,images/P00097/img10.jpg,Stationery,1024,640,Test,Max Sticky Notes (Blue)
IMG00024,P00530,images/P00530/img15.jpg,Stationery,640,360,Train,Lite Scissors (Silver)
IMG00025,P00520,images/P00520/img48.jpg,Accessories,1024,360,Test,Deluxe Keychain (Red)
IMG00026,P00248,images/P00248/img07.jpg,Home,320,480,Train,Premium Storage Box (Black)
IMG00027,P00621,images/P00621/img19.jpg,Electronics,480,768,Train,Max Router (Blue)
IMG00028,P00423,images/P00423/img71.jpg,Accessories,1024,640,Train,Classic Watch Strap (Green)
IMG00029,P00645,images/P00645/img14.jpg,Footwear,720,640,Train,Deluxe Sneakers (Silver)
IMG00030,P00120,images/P00120/img69.jpg,Home,640,640,Train,Premium Door Mat (Red)
IMG00031,P00764,images/P00764/img07.jpg,Stationery,320,240,Test,Compact Marker Pack (Silver)
IMG00032,P00161,images/P00161/img08.jpg,Accessories,720,360,Validation,Deluxe Wallet (Black)
IMG00033,P00565,images/P00565/img90.jpg,Accessories,720,640,Train,Deluxe Handbag (Red)
IMG00034,P00368,images/P00368/img86.jpg,Home,720,240,Test,Deluxe Door Mat (Silver)
IMG00035,P00345,images/P00345/img43.jpg,Home,720,360,Test,Premium Curtain (Beige)
IMG00036,P00044,images/P00044/img25.jpg,Footwear,640,240,Train,Max Flip Flops (Grey)
IMG00037,P00560,images/P00560/img54.jpg,Home,640,240,Validation,Premium Cushion (Grey)
IMG00038,P00394,images/P00394/img64.jpg,Footwear,480,640,Train,Lite Formal Shoes (White)
IMG00039,P00497,images/P00497/img22.jpg,Home,640,768,Train,Premium Wall Clock (Black)
IMG00040,P00408,images/P00408/img25.jpg,Home,640,768,Train,Mini Bed Sheet Set (Beige)
IMG00041,P00124,images/P00124/img21.jpg,Footwear,320,480,Train,Mini Sneakers (Black)
IMG00042,P00679,images/P00679/img06.jpg,Stationery,320,768,Test,Premium Marker Pack (Green)
IMG00043,P00619,images/P00619/img14.jpg,Home,480,768,Test,Premium Table Lamp (Green)
IMG00044,P00540,images/P00540/img24.jpg,Footwear,640,768,Train,Deluxe Formal Shoes (Red)
IMG00045,P00097,images/P00097/img28.jpg,Stationery,320,240,Train,Max Sticky Notes (Blue)
IMG00046,P00195,images/P00195/img42.jpg,Home,1024,240,Validation,Mini Photo Frame (Black)
IMG00047,P00477,images/P00477/img89.jpg,Footwear,320,240,Test,Lite Flip Flops (Blue)
IMG00048,P00095,images/P00095/img22.jpg,Accessories,320,480,Train,Plus Backpack (Red)
IMG00049,P00689,images/P00689/img75.jpg,Home,480,768,Validation,Premium Curtain (Beige)
IMG00050,P00623,images/P00623/img47.jpg,Accessories,1024,640,Train,Max Sunglasses (Green)
IMG00051,P00535,images/P00535/img85.jpg,Stationery,640,480,Train,Standard Calculator (Beige)
IMG00052,P00334,images/P00334/img93.jpg,Accessories,640,640,Validation,Max Keychain (Beige)
IMG00053,P00117,images/P00117/img80.jpg,Home,720,640,Train,Deluxe Storage Box (Grey)
IMG00054,P00197,images/P00197/img93.jpg,Home,320,240,Train,Pro Door Mat (Black)
IMG00055,P00455,images/P00455/img30.jpg,Home,720,360,Validation,Lite Photo Frame (Red)
IMG00056,P00799,images/P00799/img88.jpg,Electronics,640,640,Train,Classic Earbuds (Green)
IMG00057,P00531,images/P00531/img09.jpg,Footwear,640,240,Validation,Lite Sneakers (Grey)
IMG00058,P00727,images/P00727/img02.jpg,Stationery,720,640,Validation,Premium Calculator (Beige)
IMG00059,P00232,images/P00232/img28.jpg,Home,720,768,Train,Classic Table Lamp (Red)
IMG00060,P00421,images/P00421/img09.jpg,Electronics,640,480,Train,Premium Tablet Stand (Black)
IMG00061,P00271,images/P00271/img46.jpg,Home,640,640,Train,Plus Curtain (Grey)
IMG00062,P00228,images/P00228/img09.jpg,Stationery,320,240,Train,Standard Highlighter Set (Black)
IMG00063,P00421,images/P00421/img55.jpg,Electronics,1024,768,Validation,Premium Tablet Stand (Black)
IMG00064,P00318,images/P00318/img24.jpg,Electronics,720,480,Validation,Lite Bluetooth Speaker (Green)
IMG00065,P00073,images/P00073/img35.jpg,Electronics,1024,768,Train,Deluxe HDMI Cable (Red)
IMG00066,P00181,images/P00181/img48.jpg,Footwear,640,360,Test,Max Sports Shoes (Grey)
IMG00067,P00101,images/P00101/img87.jpg,Home,720,480,Train,Max Cushion (Silver)
IMG00068,P00624,images/P00624/img64.jpg,Footwear,1024,480,Train,Deluxe Sports Shoes (Red)
IMG00069,P00463,images/P00463/img33.jpg,Accessories,320,240,Train,Mini Sunglasses (Green)
IMG00070,P00565,images/P00565/img83.jpg,Accessories,720,640,Validation,Deluxe Handbag (Red)
IMG00071,P00290,images/P00290/img74.jpg,Accessories,480,640,Train,Pro Watch Strap (Blue)
IMG00072,P00370,images/P00370/img33.jpg,Footwear,640,360,Validation,Pro Slippers (Silver)
IMG00073,P00194,images/P00194/img93.jpg,Stationery,480,480,Train,Premium Stapler (Silver)
IMG00074,P00142,images/P00142/img25.jpg,Home,320,768,Test,Classic Curtain (Beige)
IMG00075,P00739,images/P00739/img10.jpg,Footwear,480,360,Test,Mini Hiking Boots (Red)
IMG00076,P00289,images/P00289/img25.jpg,Stationery,1024,640,Train,Pro Marker Pack (Silver)
IMG00077,P00765,images/P00765/img41.jpg,Electronics,320,240,Train,Plus Wireless Mouse (White)
IMG00078,P00153,images/P00153/img86.jpg,Home,480,768,Train,Standard Wall Clock (Grey)
IMG00079,P00119,images/P00119/img40.jpg,Accessories,480,768,Train,Standard Belt (Green)
IMG00080,P00064,images/P00064/img73.jpg,Home,640,240,Train,Mini Water Bottle (Beige)
IMG00081,P00453,images/P00453/img62.jpg,Home,640,768,Train,Plus Photo Frame (Silver)
IMG00082,P00581,images/P00581/img23.jpg,Stationery,1024,360,Train,Pro Notebook (Silver)
IMG00083,P00303,images/P00303/img73.jpg,Electronics,640,240,Train,Compact Tablet Stand (Red)
IMG00084,P00007,images/P00007/img76.jpg,Electronics,720,640,Train,Mini Earbuds (Beige)
IMG00085,P00700,images/P00700/img23.jpg,Accessories,640,768,Train,Plus Cap (Silver)
IMG00086,P00076,images/P00076/img97.jpg,Accessories,720,768,Test,Plus Belt (Red)
IMG00087,P00229,images/P00229/img39.jpg,Footwear,720,768,Validation,Plus Flip Flops (Silver)
IMG00088,P00475,images/P00475/img54.jpg,Footwear,480,768,Validation,Max Loafers (Green)
IMG00089,P00280,images/P00280/img96.jpg,Stationery,720,640,Test,Compact Scissors (Grey)
IMG00090,P00214,images/P00214/img01.jpg,Home,720,360,Train,Premium Table Lamp (Grey)
IMG00091,P00785,images/P00785/img95.jpg,Electronics,720,768,Train,Max Power Bank (Black)
IMG00092,P00076,images/P00076/img83.jpg,Accessories,1024,360,Validation,Plus Belt (Red)
IMG00093,P00619,images/P00619/img04.jpg,Home,320,640,Validation,Premium Table Lamp (Green)
IMG00094,P00667,images/P00667/img33.jpg,Home,720,480,Train,Lite Water Bottle (Beige)
IMG00095,P00546,images/P00546/img64.jpg,Accessories,480,480,Train,Classic Cap (White)
IMG00096,P00678,images/P00678/img57.jpg,Stationery,720,360,Train,Lite Sticky Notes (Green)
IMG00097,P00526,images/P00526/img94.jpg,Home,720,360,Train,Deluxe Bed Sheet Set (Silver)
IMG00098,P00090,images/P00090/img11.jpg,Footwear,480,480,Train,Mini Boots (Silver)
IMG00099,P00746,images/P00746/img79.jpg,Home,480,480,Validation,Mini Door Mat (Grey)
IMG00100,P00392,images/P00392/img61.jpg,Accessories,640,480,Train,Max Sunglasses (Green)
IMG00101,P00298,images/P00298/img40.jpg,Electronics,480,240,Train,Plus Monitor (Green)
IMG00102,P00168,images/P00168/img69.jpg,Electronics,320,480,Train,Plus Keyboard (Silver)
IMG00103,P00080,images/P00080/img26.jpg,Electronics,720,768,Train,Max Smart Watch (Grey)
IMG00104,P00225,images/P00225/img31.jpg,Home,480,768,Train,Classic Bed Sheet Set (Silver)
IMG00105,P00726,images/P00726/img38.jpg,Home,720,240,Validation,Max Storage Box (Beige)
IMG00106,P00300,images/P00300/img50.jpg,Electronics,720,480,Train,Premium Tablet Stand (White)
IMG00107,P00482,images/P00482/img18.jpg,Electronics,640,768,Train,Deluxe Monitor (Grey)
IMG00108,P00777,images/P00777/img92.jpg,Electronics,320,768,Validation,Lite Tablet Stand (Red)
IMG00109,P00640,images/P00640/img80.jpg,Footwear,1024,640,Train,Pro Boots (Black)
IMG00110,P00500,images/P00500/img78.jpg,Electronics,320,768,Train,Lite Wireless Mouse (Silver)
IMG00111,P00571,images/P00571/img11.jpg,Electronics,640,360,Validation,Compact Tablet Stand (Red)
IMG00112,P00463,images/P00463/img90.jpg,Accessories,320,240,Train,Mini Sunglasses (Green)
IMG00113,P00753,images/P00753/img21.jpg,Accessories,720,480,Train,Lite Handbag (Green)
IMG00114,P00477,images/P00477/img82.jpg,Footwear,480,640,Train,Lite Flip Flops (Blue)
IMG00115,P00245,images/P00245/img24.jpg,Home,320,480,Train,Max Photo Frame (Red)
IMG00116,P00408,images/P00408/img32.jpg,Home,480,360,Train,Mini Bed Sheet Set (Beige)
IMG00117,P00397,images/P00397/img23.jpg,Footwear,1024,240,Test,Mini Sandals (Blue)
IMG00118,P00468,images/P00468/img73.jpg,Electronics,1024,240,Train,Standard Power Bank (Silver)
IMG00119,P00085,images/P00085/img28.jpg,Accessories,320,640,Train,Pro Wallet (Blue)
IMG00120,P00431,images/P00431/img50.jpg,Accessories,320,768,Train,Plus Travel Pouch (Blue)
IMG00121,P00469,images/P00469/img15.jpg,Stationery,1024,640,Test,Standard File Folder (White)
IMG00122,P00442,images/P00442/img77.jpg,Home,720,768,Train,Standard Table Lamp (Blue)
IMG00123,P00390,images/P00390/img23.jpg,Footwear,720,640,Validation,Pro Flip Flops (Beige)
IMG00124,P00097,images/P00097/img97.jpg,Stationery,640,240,Train,Max Sticky Notes (Blue)
IMG00125,P00559,images/P00559/img23.jpg,Accessories,720,480,Test,Classic Belt (Grey)
IMG00126,P00505,images/P00505/img06.jpg,Accessories,320,640,Train,Lite Travel Pouch (White)
IMG00127,P00166,images/P00166/img15.jpg,Accessories,480,640,Train,Compact Wallet (Green)
IMG00128,P00684,images/P00684/img93.jpg,Stationery,480,240,Train,Mini Calculator (Black)
IMG00129,P00127,images/P00127/img99.jpg,Home,1024,640,Train,Standard Door Mat (Red)
IMG00130,P00622,images/P00622/img52.jpg,Electronics,480,640,Train,Compact Power Bank (Beige)
IMG00131,P00112,images/P00112/img55.jpg,Stationery,720,360,Train,Max Calculator (Green)
IMG00132,P00582,images/P00582/img80.jpg,Electronics,480,768,Train,Standard Power Bank (Blue)
IMG00133,P00148,images/P00148/img56.jpg,Stationery,720,768,Train,Classic Calculator (Beige)
IMG00134,P00753,images/P00753/img12.jpg,Accessories,720,768,Train,Lite Handbag (Green)
IMG00135,P00010,images/P00010/img42.jpg,Electronics,640,768,Train,Plus Webcam (Grey)
IMG00136,P00666,images/P00666/img15.jpg,Stationery,480,240,Train,Deluxe Pen Set (Green)
IMG00137,P00109,images/P00109/img17.jpg,Home,720,768,Validation,Compact Curtain (White)
IMG00138,P00255,images/P00255/img61.jpg,Accessories,320,240,Train,Compact Umbrella (Black)
IMG00139,P00273,images/P00273/img80.jpg,Electronics,1024,640,Validation,Classic Router (Silver)
IMG00140,P00104,images/P00104/img90.jpg,Accessories,640,768,Test,Pro Cap (Grey)
IMG00141,P00764,images/P00764/img17.jpg,Stationery,720,768,Train,Compact Marker Pack (Silver)
IMG00142,P00747,images/P00747/img19.jpg,Home,640,768,Validation,Premium Candle Holder (White)
IMG00143,P00240,images/P00240/img28.jpg,Electronics,1024,768,Train,Standard Power Bank (Green)
IMG00144,P00606,images/P00606/img63.jpg,Electronics,1024,360,Train,Standard Smart Watch (Beige)
IMG00145,P00514,images/P00514/img54.jpg,Stationery,640,360,Train,Mini Scissors (Beige)
IMG00146,P00324,images/P00324/img09.jpg,Electronics,320,360,Train,Standard Webcam (Green)
IMG00147,P00069,images/P00069/img01.jpg,Accessories,1024,240,Train,Classic Backpack (Silver)
IMG00148,P00541,images/P00541/img92.jpg,Footwear,480,640,Validation,Compact Running Shoes (Red)
IMG00149,P00323,images/P00323/img49.jpg,Accessories,640,360,Test,Standard Umbrella (Beige)
IMG00150,P00581,images/P00581/img72.jpg,Stationery,480,640,Train,Pro Notebook (Silver)
IMG00151,P00733,images/P00733/img81.jpg,Stationery,720,360,Train,Lite Pen Set (Green)
IMG00152,P00432,images/P00432/img97.jpg,Home,640,360,Train,Mini Door Mat (Blue)
IMG00153,P00677,images/P00677/img54.jpg,Accessories,720,640,Train,Plus Umbrella (Beige)
IMG00154,P00029,images/P00029/img12.jpg,Footwear,640,360,Train,Standard Sandals (White)
IMG00155,P00349,images/P00349/img85.jpg,Electronics,480,640,Test,Standard USB-C Cable (Black)
IMG00156,P00691,images/P00691/img35.jpg,Accessories,480,480,Train,Deluxe Travel Pouch (White)
IMG00157,P00469,images/P00469/img10.jpg,Stationery,720,360,Validation,Standard File Folder (White)
IMG00158,P00411,images/P00411/img56.jpg,Home,640,640,Validation,Plus Bed Sheet Set (Red)
IMG00159,P00731,images/P00731/img90.jpg,Footwear,640,768,Train,Lite Flip Flops (Blue)
IMG00160,P00029,images/P00029/img83.jpg,Footwear,640,640,Train,Standard Sandals (White)
IMG00161,P00121,images/P00121/img30.jpg,Stationery,320,240,Train,Mini Highlighter Set (White)
IMG00162,P00412,images/P00412/img51.jpg,Home,320,360,Test,Plus Table Lamp (Red)
IMG00163,P00719,images/P00719/img64.jpg,Accessories,480,768,Train,Mini Wallet (Green)
IMG00164,P00342,images/P00342/img16.jpg,Accessories,480,480,Train,Deluxe Handbag (White)
IMG00165,P00007,images/P00007/img77.jpg,Electronics,1024,240,Train,Mini Earbuds (Beige)
IMG00166,P00673,images/P00673/img34.jpg,Accessories,1024,240,Train,Pro Umbrella (Green)
IMG00167,P00568,images/P00568/img10.jpg,Stationery,320,640,Train,Compact Highlighter Set (Red)
IMG00168,P00608,images/P00608/img96.jpg,Footwear,640,240,Train,Max Boots (Green)
IMG00169,P00657,images/P00657/img52.jpg,Home,480,360,Train,Deluxe Storage Box (Beige)
IMG00170,P00176,images/P00176/img30.jpg,Accessories,720,480,Train,Lite Handbag (Grey)
IMG00171,P00344,images/P00344/img95.jpg,Electronics,640,360,Train,Premium Power Bank (Beige)
IMG00172,P00190,images/P00190/img93.jpg,Footwear,720,240,Train,Mini Loafers (Grey)
IMG00173,P00494,images/P00494/img72.jpg,Stationery,640,640,Train,Max File Folder (Blue)
IMG00174,P00291,images/P00291/img08.jpg,Electronics,720,768,Train,Lite Wireless Mouse (Silver)
IMG00175,P00463,images/P00463/img43.jpg,Accessories,1024,480,Train,Mini Sunglasses (Green)
IMG00176,P00538,images/P00538/img62.jpg,Accessories,320,360,Train,Max Umbrella (Red)
IMG00177,P00770,images/P00770/img03.jpg,Electronics,720,240,Train,Deluxe Smart Watch (Black)
IMG00178,P00768,images/P00768/img43.jpg,Electronics,720,480,Train,Plus Webcam (Grey)
IMG00179,P00759,images/P00759/img03.jpg,Accessories,720,640,Train,Plus Wallet (Grey)
IMG00180,P00109,images/P00109/img48.jpg,Home,1024,640,Validation,Compact Curtain (White)
IMG00181,P00626,images/P00626/img41.jpg,Home,480,480,Train,Premium Door Mat (Blue)
IMG00182,P00649,images/P00649/img69.jpg,Home,720,480,Train,Lite Table Lamp (Blue)
IMG00183,P00324,images/P00324/img97.jpg,Electronics,640,240,Validation,Standard Webcam (Green)
IMG00184,P00340,images/P00340/img63.jpg,Stationery,720,480,Train,Standard Marker Pack (Beige)
IMG00185,P00592,images/P00592/img49.jpg,Footwear,480,768,Train,Pro Sneakers (White)
IMG00186,P00099,images/P00099/img39.jpg,Accessories,1024,240,Test,Max Watch Strap (Grey)
IMG00187,P00404,images/P00404/img40.jpg,Footwear,480,480,Train,Deluxe Sneakers (Blue)
IMG00188,P00290,images/P00290/img99.jpg,Accessories,480,640,Train,Pro Watch Strap (Blue)
IMG00189,P00298,images/P00298/img96.jpg,Electronics,640,240,Test,Plus Monitor (Green)
IMG00190,P00077,images/P00077/img92.jpg,Accessories,720,240,Train,Mini Watch Strap (Grey)
IMG00191,P00656,images/P00656/img23.jpg,Home,480,360,Train,Plus Cushion (Beige)
IMG00192,P00698,images/P00698/img43.jpg,Electronics,720,640,Test,Pro Laptop Stand (Grey)
IMG00193,P00634,images/P00634/img21.jpg,Electronics,720,640,Train,Compact Wireless Mouse (Grey)
IMG00194,P00310,images/P00310/img30.jpg,Footwear,640,240,Validation,Compact Sports Shoes (White)
IMG00195,P00557,images/P00557/img85.jpg,Stationery,320,480,Validation,Pro Scissors (Beige)
IMG00196,P00694,images/P00694/img95.jpg,Accessories,320,768,Test,Pro Watch Strap (Black)
IMG00197,P00722,images/P00722/img50.jpg,Home,640,768,Train,Premium Storage Box (Blue)
IMG00198,P00106,images/P00106/img39.jpg,Electronics,720,768,Train,Lite Headphones (Blue)
IMG00199,P00673,images/P00673/img15.jpg,Accessories,320,768,Train,Pro Umbrella (Green)
IMG00200,P00697,images/P00697/img49.jpg,Stationery,1024,640,Train,Mini Calculator (Green)
IMG00201,P00491,images/P00491/img36.jpg,Accessories,320,360,Train,Premium Belt (White)
IMG00202,P00732,images/P00732/img66.jpg,Home,720,640,Validation,Premium Curtain (White)
IMG00203,P00013,images/P00013/img87.jpg,Stationery,640,480,Train,Deluxe Scissors (Red)
IMG00204,P00486,images/P00486/img10.jpg,Home,1024,640,Test,Classic Table Lamp (Blue)
IMG00205,P00304,images/P00304/img85.jpg,Stationery,320,360,Test,Max Marker Pack (Green)
IMG00206,P00054,images/P00054/img33.jpg,Electronics,320,768,Train,Standard Monitor (Green)
IMG00207,P00520,images/P00520/img53.jpg,Accessories,480,768,Train,Deluxe Keychain (Red)
IMG00208,P00326,images/P00326/img94.jpg,Electronics,640,640,Train,Pro Headphones (White)
IMG00209,P00289,images/P00289/img24.jpg,Stationery,720,240,Test,Pro Marker Pack (Silver)
IMG00210,P00224,images/P00224/img11.jpg,Accessories,1024,240,Train,Premium Watch Strap (Grey)
IMG00211,P00722,images/P00722/img09.jpg,Home,480,480,Test,Premium Storage Box (Blue)
IMG00212,P00344,images/P00344/img30.jpg,Electronics,640,360,Train,Premium Power Bank (Beige)
IMG00213,P00737,images/P00737/img37.jpg,Electronics,320,360,Train,Pro Laptop Stand (Red)
IMG00214,P00425,images/P00425/img52.jpg,Electronics,480,240,Train,Plus Smart Watch (White)
IMG00215,P00576,images/P00576/img42.jpg,Footwear,720,640,Train,Standard Flip Flops (Silver)
IMG00216,P00771,images/P00771/img79.jpg,Stationery,320,360,Validation,Premium Sticky Notes (Green)
IMG00217,P00562,images/P00562/img43.jpg,Accessories,640,240,Train,Max Handbag (Black)
IMG00218,P00079,images/P00079/img92.jpg,Home,320,360,Train,Deluxe Curtain (White)
IMG00219,P00093,images/P00093/img46.jpg,Accessories,320,360,Train,Compact Keychain (Blue)
IMG00220,P00093,images/P00093/img43.jpg,Accessories,640,480,Train,Compact Keychain (Blue)
IMG00221,P00475,images/P00475/img89.jpg,Footwear,720,240,Train,Max Loafers (Green)
IMG00222,P00067,images/P00067/img07.jpg,Footwear,640,480,Train,Lite Sneakers (Red)
IMG00223,P00534,images/P00534/img69.jpg,Stationery,720,640,Train,Lite Stapler (White)
IMG00224,P00749,images/P00749/img56.jpg,Accessories,1024,768,Train,Premium Umbrella (Green)
IMG00225,P00634,images/P00634/img04.jpg,Electronics,640,768,Train,Compact Wireless Mouse (Grey)
IMG00226,P00160,images/P00160/img49.jpg,Stationery,320,480,Train,Pro Desk Organizer (Blue)
IMG00227,P00758,images/P00758/img95.jpg,Footwear,1024,480,Train,Lite Sandals (Blue)
IMG00228,P00752,images/P00752/img95.jpg,Footwear,720,480,Train,Max Sports Shoes (Silver)
IMG00229,P00207,images/P00207/img63.jpg,Stationery,480,768,Train,Lite Highlighter Set (Black)
IMG00230,P00109,images/P00109/img17.jpg,Home,480,360,Train,Compact Curtain (White)
IMG00231,P00311,images/P00311/img34.jpg,Electronics,1024,768,Train,Premium Laptop Stand (Green)
IMG00232,P00235,images/P00235/img54.jpg,Electronics,720,768,Train,Pro Laptop Stand (Blue)
IMG00233,P00180,images/P00180/img78.jpg,Home,640,480,Train,Pro Water Bottle (Grey)
IMG00234,P00558,images/P00558/img44.jpg,Electronics,1024,768,Validation,Mini Bluetooth Speaker (Silver)
IMG00235,P00338,images/P00338/img24.jpg,Electronics,720,480,Validation,Mini Bluetooth Speaker (Beige)
IMG00236,P00039,images/P00039/img08.jpg,Electronics,640,640,Train,Plus HDMI Cable (Grey)
IMG00237,P00537,images/P00537/img90.jpg,Accessories,640,480,Train,Plus Wallet (Silver)
IMG00238,P00150,images/P00150/img80.jpg,Home,320,768,Train,Premium Storage Box (Blue)
IMG00239,P00724,images/P00724/img12.jpg,Footwear,720,240,Test,Plus Sandals (Silver)
IMG00240,P00421,images/P00421/img23.jpg,Electronics,1024,360,Test,Premium Tablet Stand (Black)
IMG00241,P00742,images/P00742/img42.jpg,Accessories,720,240,Train,Lite Cap (Grey)
IMG00242,P00392,images/P00392/img12.jpg,Accessories,640,240,Train,Max Sunglasses (Green)
IMG00243,P00787,images/P00787/img01.jpg,Stationery,480,640,Train,Standard File Folder (Beige)
IMG00244,P00643,images/P00643/img82.jpg,Footwear,1024,360,Train,Premium Formal Shoes (Beige)
IMG00245,P00154,images/P00154/img02.jpg,Electronics,1024,640,Test,Classic Laptop Stand (Black)
IMG00246,P00525,images/P00525/img50.jpg,Home,320,240,Validation,Standard Storage Box (Red)
IMG00247,P00478,images/P00478/img88.jpg,Accessories,640,640,Train,Compact Keychain (White)
IMG00248,P00371,images/P00371/img47.jpg,Home,640,640,Train,Lite Wall Clock (Black)
IMG00249,P00707,images/P00707/img25.jpg,Home,1024,480,Validation,Standard Cushion (Blue)
IMG00250,P00427,images/P00427/img40.jpg,Home,720,768,Train,Classic Door Mat (Beige)
IMG00251,P00755,images/P00755/img37.jpg,Accessories,640,640,Validation,Classic Backpack (White)
IMG00252,P00384,images/P00384/img80.jpg,Accessories,320,768,Train,Plus Wallet (White)
IMG00253,P00123,images/P00123/img78.jpg,Electronics,1024,240,Test,Max Tablet Stand (Grey)
IMG00254,P00321,images/P00321/img77.jpg,Electronics,1024,240,Train,Pro Earbuds (Red)
IMG00255,P00386,images/P00386/img03.jpg,Stationery,480,360,Train,Plus Sticky Notes (White)
IMG00256,P00416,images/P00416/img98.jpg,Stationery,480,480,Train,Pro Notebook (Black)
IMG00257,P00057,images/P00057/img30.jpg,Electronics,320,480,Train,Max USB-C Cable (Red)
IMG00258,P00026,images/P00026/img66.jpg,Stationery,720,240,Train,Deluxe File Folder (Beige)
IMG00259,P00233,images/P00233/img01.jpg,Footwear,480,480,Train,Compact Boots (Black)
IMG00260,P00496,images/P00496/img62.jpg,Footwear,720,768,Train,Compact Slippers (Silver)
IMG00261,P00567,images/P00567/img84.jpg,Home,1024,640,Train,Plus Curtain (Beige)
IMG00262,P00436,images/P00436/img38.jpg,Stationery,320,240,Validation,Lite Highlighter Set (Black)
IMG00263,P00055,images/P00055/img80.jpg,Home,320,240,Validation,Premium Candle Holder (Black)
IMG00264,P00672,images/P00672/img20.jpg,Footwear,1024,768,Train,Lite Sports Shoes (Beige)
IMG00265,P00508,images/P00508/img22.jpg,Electronics,480,480,Validation,Plus Keyboard (Green)
IMG00266,P00347,images/P00347/img45.jpg,Accessories,320,480,Validation,Pro Watch Strap (Grey)
IMG00267,P00037,images/P00037/img26.jpg,Footwear,640,360,Train,Mini Loafers (Black)
IMG00268,P00588,images/P00588/img12.jpg,Home,720,240,Train,Standard Bed Sheet Set (Beige)
IMG00269,P00055,images/P00055/img30.jpg,Home,640,640,Train,Premium Candle Holder (Black)
IMG00270,P00343,images/P00343/img69.jpg,Electronics,480,360,Train,Mini Bluetooth Speaker (Black)
IMG00271,P00607,images/P00607/img36.jpg,Stationery,480,640,Train,Mini Calculator (Beige)
IMG00272,P00503,images/P00503/img48.jpg,Accessories,320,640,Train,Plus Watch Strap (Black)
IMG00273,P00412,images/P00412/img72.jpg,Home,640,360,Test,Plus Table Lamp (Red)
IMG00274,P00639,images/P00639/img89.jpg,Accessories,480,768,Train,Premium Watch Strap (Red)
IMG00275,P00739,images/P00739/img27.jpg,Footwear,720,768,Train,Mini Hiking Boots (Red)
IMG00276,P00258,images/P00258/img87.jpg,Electronics,320,240,Train,Mini Laptop Stand (Grey)
IMG00277,P00141,images/P00141/img46.jpg,Home,720,480,Train,Max Water Bottle (Beige)
IMG00278,P00666,images/P00666/img52.jpg,Stationery,640,240,Train,Deluxe Pen Set (Green)
IMG00279,P00304,images/P00304/img28.jpg,Stationery,480,240,Train,Max Marker Pack (Green)
IMG00280,P00303,images/P00303/img08.jpg,Electronics,720,768,Train,Compact Tablet Stand (Red)
IMG00281,P00379,images/P00379/img13.jpg,Electronics,640,768,Train,Pro Laptop Stand (Green)
IMG00282,P00395,images/P00395/img72.jpg,Stationery,480,640,Train,Compact Calculator (Black)
IMG00283,P00348,images/P00348/img53.jpg,Stationery,480,768,Train,Compact Highlighter Set (Grey)
IMG00284,P00038,images/P00038/img08.jpg,Stationery,1024,360,Train,Premium Scissors (Black)
IMG00285,P00286,images/P00286/img10.jpg,Accessories,320,640,Validation,Deluxe Cap (Beige)
IMG00286,P00122,images/P00122/img48.jpg,Accessories,640,360,Train,Deluxe Travel Pouch (Green)
IMG00287,P00503,images/P00503/img31.jpg,Accessories,320,640,Train,Plus Watch Strap (Black)
IMG00288,P00161,images/P00161/img09.jpg,Accessories,320,480,Train,Deluxe Wallet (Black)
IMG00289,P00105,images/P00105/img99.jpg,Accessories,1024,360,Train,Standard Travel Pouch (Green)
IMG00290,P00764,images/P00764/img77.jpg,Stationery,480,640,Train,Compact Marker Pack (Silver)
IMG00291,P00592,images/P00592/img76.jpg,Footwear,720,240,Validation,Pro Sneakers (White)
IMG00292,P00195,images/P00195/img79.jpg,Home,1024,480,Train,Mini Photo Frame (Black)
IMG00293,P00103,images/P00103/img30.jpg,Electronics,320,240,Train,Max Monitor (Beige)
IMG00294,P00646,images/P00646/img73.jpg,Accessories,1024,640,Validation,Pro Backpack (Grey)
IMG00295,P00533,images/P00533/img99.jpg,Home,720,360,Train,Premium Photo Frame (Green)
IMG00296,P00610,images/P00610/img38.jpg,Electronics,320,360,Train,Max Smart Watch (Black)
IMG00297,P00010,images/P00010/img86.jpg,Electronics,720,480,Train,Plus Webcam (Grey)
IMG00298,P00777,images/P00777/img58.jpg,Electronics,640,480,Train,Lite Tablet Stand (Red)
IMG00299,P00477,images/P00477/img93.jpg,Footwear,720,240,Test,Lite Flip Flops (Blue)
IMG00300,P00405,images/P00405/img33.jpg,Accessories,480,360,Train,Premium Backpack (Green)
IMG00301,P00424,images/P00424/img27.jpg,Footwear,1024,480,Train,Standard Hiking Boots (Blue)
IMG00302,P00446,images/P00446/img04.jpg,Home,480,240,Train,Premium Photo Frame (Black)
IMG00303,P00066,images/P00066/img80.jpg,Accessories,320,480,Train,Compact Watch Strap (Silver)
IMG00304,P00136,images/P00136/img95.jpg,Home,480,768,Train,Lite Table Lamp (Red)
IMG00305,P00320,images/P00320/img43.jpg,Home,640,240,Train,Deluxe Bed Sheet Set (Beige)
IMG00306,P00142,images/P00142/img62.jpg,Home,640,240,Train,Classic Curtain (Beige)
IMG00307,P00261,images/P00261/img56.jpg,Footwear,640,360,Train,Compact Sneakers (Beige)
IMG00308,P00373,images/P00373/img48.jpg,Home,1024,360,Train,Classic Door Mat (Black)
IMG00309,P00512,images/P00512/img10.jpg,Home,1024,360,Train,Premium Bed Sheet Set (Blue)
IMG00310,P00482,images/P00482/img39.jpg,Electronics,640,240,Train,Deluxe Monitor (Grey)
IMG00311,P00301,images/P00301/img87.jpg,Footwear,1024,640,Train,Classic Hiking Boots (Black)
IMG00312,P00623,images/P00623/img86.jpg,Accessories,720,768,Train,Max Sunglasses (Green)
IMG00313,P00135,images/P00135/img82.jpg,Stationery,1024,480,Train,Max Highlighter Set (Grey)
IMG00314,P00198,images/P00198/img67.jpg,Footwear,320,360,Test,Deluxe Sandals (Grey)
IMG00315,P00758,images/P00758/img16.jpg,Footwear,720,640,Train,Lite Sandals (Blue)
IMG00316,P00276,images/P00276/img90.jpg,Footwear,320,240,Test,Classic Formal Shoes (Grey)
IMG00317,P00571,images/P00571/img75.jpg,Electronics,480,640,Validation,Compact Tablet Stand (Red)
IMG00318,P00752,images/P00752/img58.jpg,Footwear,320,240,Validation,Max Sports Shoes (Silver)
IMG00319,P00149,images/P00149/img10.jpg,Stationery,640,240,Validation,Classic Desk Organizer (White)
IMG00320,P00271,images/P00271/img83.jpg,Home,720,480,Train,Plus Curtain (Grey)
IMG00321,P00043,images/P00043/img08.jpg,Stationery,320,480,Train,Lite Sticky Notes (Beige)
IMG00322,P00704,images/P00704/img32.jpg,Electronics,320,360,Train,Plus Wireless Mouse (White)
IMG00323,P00168,images/P00168/img92.jpg,Electronics,720,480,Test,Plus Keyboard (Silver)
IMG00324,P00191,images/P00191/img29.jpg,Electronics,480,640,Train,Compact Charger (Blue)
IMG00325,P00305,images/P00305/img82.jpg,Footwear,640,480,Train,Classic Hiking Boots (Grey)
IMG00326,P00228,images/P00228/img65.jpg,Stationery,1024,360,Train,Standard Highlighter Set (Black)
IMG00327,P00493,images/P00493/img55.jpg,Electronics,640,768,Test,Lite Wireless Mouse (Beige)
IMG00328,P00329,images/P00329/img24.jpg,Electronics,480,360,Train,Plus Keyboard (Beige)
IMG00329,P00205,images/P00205/img94.jpg,Footwear,720,640,Train,Mini Sneakers (White)
IMG00330,P00795,images/P00795/img24.jpg,Accessories,480,640,Validation,Pro Sunglasses (Black)
IMG00331,P00065,images/P00065/img49.jpg,Electronics,640,768,Train,Lite Keyboard (Silver)
IMG00332,P00248,images/P00248/img98.jpg,Home,640,240,Train,Premium Storage Box (Black)
IMG00333,P00368,images/P00368/img37.jpg,Home,720,360,Train,Deluxe Door Mat (Silver)
IMG00334,P00041,images/P00041/img42.jpg,Electronics,640,360,Validation,Premium Charger (White)
IMG00335,P00372,images/P00372/img46.jpg,Accessories,640,768,Validation,Pro Travel Pouch (Grey)
IMG00336,P00347,images/P00347/img74.jpg,Accessories,1024,240,Validation,Pro Watch Strap (Grey)
IMG00337,P00580,images/P00580/img98.jpg,Electronics,320,360,Train,Plus Keyboard (White)
IMG00338,P00484,images/P00484/img59.jpg,Home,640,480,Test,Lite Bed Sheet Set (Grey)
IMG00339,P00592,images/P00592/img45.jpg,Footwear,1024,480,Train,Pro Sneakers (White)
IMG00340,P00722,images/P00722/img78.jpg,Home,320,240,Train,Premium Storage Box (Blue)
IMG00341,P00229,images/P00229/img07.jpg,Footwear,1024,360,Train,Plus Flip Flops (Silver)
IMG00342,P00755,images/P00755/img11.jpg,Accessories,480,240,Train,Classic Backpack (White)
IMG00343,P00104,images/P00104/img98.jpg,Accessories,720,640,Train,Pro Cap (Grey)
IMG00344,P00366,images/P00366/img12.jpg,Footwear,1024,640,Train,Max Boots (Blue)
IMG00345,P00696,images/P00696/img13.jpg,Home,320,360,Test,Standard Photo Frame (Silver)
IMG00346,P00530,images/P00530/img82.jpg,Stationery,480,360,Train,Lite Scissors (Silver)
IMG00347,P00147,images/P00147/img56.jpg,Home,640,360,Validation,Premium Storage Box (Blue)
IMG00348,P00098,images/P00098/img01.jpg,Footwear,320,640,Train,Classic Sports Shoes (Blue)
IMG00349,P00777,images/P00777/img79.jpg,Electronics,1024,768,Validation,Lite Tablet Stand (Red)
IMG00350,P00491,images/P00491/img10.jpg,Accessories,320,480,Train,Premium Belt (White)
IMG00351,P00536,images/P00536/img38.jpg,Accessories,320,480,Train,Lite Sunglasses (Black)
IMG00352,P00570,images/P00570/img07.jpg,Stationery,320,768,Train,Pro Scissors (White)
IMG00353,P00419,images/P00419/img53.jpg,Accessories,640,768,Train,Classic Wallet (Red)
IMG00354,P00323,images/P00323/img27.jpg,Accessories,1024,360,Train,Standard Umbrella (Beige)
IMG00355,P00160,images/P00160/img19.jpg,Stationery,480,360,Test,Pro Desk Organizer (Blue)
IMG00356,P00216,images/P00216/img50.jpg,Home,640,640,Test,Deluxe Table Lamp (Black)
IMG00357,P00358,images/P00358/img35.jpg,Electronics,1024,480,Train,Classic Keyboard (Green)
IMG00358,P00369,images/P00369/img90.jpg,Stationery,1024,360,Train,Plus Desk Organizer (Green)
IMG00359,P00372,images/P00372/img39.jpg,Accessories,1024,768,Validation,Pro Travel Pouch (Grey)
IMG00360,P00371,images/P00371/img07.jpg,Home,720,360,Train,Lite Wall Clock (Black)
IMG00361,P00378,images/P00378/img60.jpg,Stationery,1024,240,Train,Compact Highlighter Set (Blue)
IMG00362,P00190,images/P00190/img85.jpg,Footwear,1024,240,Validation,Mini Loafers (Grey)
IMG00363,P00489,images/P00489/img22.jpg,Accessories,720,768,Train,Plus Handbag (Beige)
IMG00364,P00374,images/P00374/img24.jpg,Accessories,480,360,Train,Pro Cap (White)
IMG00365,P00617,images/P00617/img79.jpg,Accessories,720,640,Train,Premium Watch Strap (Green)
IMG00366,P00463,images/P00463/img18.jpg,Accessories,640,240,Validation,Mini Sunglasses (Green)
IMG00367,P00012,images/P00012/img09.jpg,Home,480,240,Train,Compact Table Lamp (Grey)
IMG00368,P00564,images/P00564/img37.jpg,Home,320,640,Train,Lite Bed Sheet Set (White)
IMG00369,P00532,images/P00532/img66.jpg,Footwear,480,360,Train,Lite Boots (Red)
IMG00370,P00491,images/P00491/img17.jpg,Accessories,640,768,Train,Premium Belt (White)
IMG00371,P00607,images/P00607/img79.jpg,Stationery,480,240,Validation,Mini Calculator (Beige)
IMG00372,P00527,images/P00527/img43.jpg,Electronics,1024,640,Validation,Mini Charger (Red)
IMG00373,P00678,images/P00678/img62.jpg,Stationery,480,480,Train,Lite Sticky Notes (Green)
IMG00374,P00360,images/P00360/img30.jpg,Electronics,1024,640,Validation,Pro Keyboard (Red)
IMG00375,P00711,images/P00711/img52.jpg,Accessories,720,640,Train,Deluxe Wallet (White)
IMG00376,P00693,images/P00693/img25.jpg,Footwear,720,360,Validation,Classic Hiking Boots (Beige)
IMG00377,P00580,images/P00580/img52.jpg,Electronics,720,360,Validation,Plus Keyboard (White)
IMG00378,P00041,images/P00041/img26.jpg,Electronics,720,640,Train,Premium Charger (White)
IMG00379,P00727,images/P00727/img74.jpg,Stationery,1024,768,Train,Premium Calculator (Beige)
IMG00380,P00701,images/P00701/img52.jpg,Footwear,640,240,Train,Premium Flip Flops (Green)
IMG00381,P00191,images/P00191/img25.jpg,Electronics,640,640,Validation,Compact Charger (Blue)
IMG00382,P00150,images/P00150/img23.jpg,Home,480,768,Train,Premium Storage Box (Blue)
IMG00383,P00627,images/P00627/img95.jpg,Accessories,720,240,Validation,Mini Sunglasses (Silver)
IMG00384,P00226,images/P00226/img40.jpg,Electronics,320,640,Train,Lite Webcam (Green)
IMG00385,P00386,images/P00386/img19.jpg,Stationery,1024,480,Train,Plus Sticky Notes (White)
IMG00386,P00406,images/P00406/img40.jpg,Stationery,640,240,Train,Compact Pen Set (White)
IMG00387,P00552,images/P00552/img61.jpg,Footwear,720,640,Train,Premium Flip Flops (Grey)
IMG00388,P00347,images/P00347/img73.jpg,Accessories,1024,480,Train,Pro Watch Strap (Grey)
IMG00389,P00514,images/P00514/img69.jpg,Stationery,480,640,Validation,Mini Scissors (Beige)
IMG00390,P00776,images/P00776/img93.jpg,Accessories,320,768,Test,Max Wallet (Grey)
IMG00391,P00539,images/P00539/img68.jpg,Stationery,320,768,Train,Compact Stapler (Grey)
IMG00392,P00171,images/P00171/img03.jpg,Home,720,768,Train,Lite Curtain (Green)
IMG00393,P00292,images/P00292/img38.jpg,Electronics,1024,240,Validation,Max Headphones (Blue)
IMG00394,P00364,images/P00364/img46.jpg,Stationery,480,480,Train,Max Calculator (Green)
IMG00395,P00616,images/P00616/img09.jpg,Home,480,480,Train,Compact Cushion (Green)
IMG00396,P00142,images/P00142/img42.jpg,Home,320,240,Train,Classic Curtain (Beige)
IMG00397,P00053,images/P00053/img70.jpg,Home,1024,640,Train,Max Candle Holder (White)
IMG00398,P00751,images/P00751/img61.jpg,Accessories,720,240,Train,Compact Wallet (Beige)
IMG00399,P00482,images/P00482/img67.jpg,Electronics,720,240,Train,Deluxe Monitor (Grey)
IMG00400,P00256,images/P00256/img18.jpg,Stationery,320,480,Validation,Max Pen Set (Grey)
IMG00401,P00792,images/P00792/img27.jpg,Home,720,360,Train,Classic Cushion (Red)
IMG00402,P00202,images/P00202/img91.jpg,Accessories,1024,360,Validation,Standard Keychain (Grey)
IMG00403,P00354,images/P00354/img68.jpg,Stationery,720,640,Train,Plus Calculator (White)
IMG00404,P00230,images/P00230/img81.jpg,Home,720,240,Train,Max Water Bottle (Grey)
IMG00405,P00516,images/P00516/img88.jpg,Stationery,1024,768,Validation,Compact Calculator (Silver)
IMG00406,P00241,images/P00241/img31.jpg,Stationery,720,360,Validation,Classic Stapler (Grey)
IMG00407,P00703,images/P00703/img84.jpg,Accessories,320,640,Train,Lite Wallet (Black)
IMG00408,P00007,images/P00007/img56.jpg,Electronics,320,768,Train,Mini Earbuds (Beige)
IMG00409,P00732,images/P00732/img60.jpg,Home,320,768,Validation,Premium Curtain (White)
IMG00410,P00530,images/P00530/img02.jpg,Stationery,720,768,Train,Lite Scissors (Silver)
IMG00411,P00074,images/P00074/img30.jpg,Stationery,320,768,Train,Classic Desk Organizer (White)
IMG00412,P00788,images/P00788/img36.jpg,Electronics,480,768,Train,Compact Monitor (Blue)
IMG00413,P00459,images/P00459/img26.jpg,Stationery,320,640,Train,Premium Stapler (Red)
IMG00414,P00401,images/P00401/img71.jpg,Accessories,720,360,Validation,Max Umbrella (Green)
IMG00415,P00387,images/P00387/img38.jpg,Stationery,720,240,Train,Plus Sticky Notes (Grey)
IMG00416,P00764,images/P00764/img59.jpg,Stationery,1024,240,Train,Compact Marker Pack (Silver)
IMG00417,P00463,images/P00463/img59.jpg,Accessories,1024,480,Test,Mini Sunglasses (Green)
IMG00418,P00126,images/P00126/img61.jpg,Home,720,480,Train,Deluxe Candle Holder (Red)
IMG00419,P00525,images/P00525/img79.jpg,Home,1024,768,Train,Standard Storage Box (Red)
IMG00420,P00226,images/P00226/img77.jpg,Electronics,320,640,Train,Lite Webcam (Green)
IMG00421,P00495,images/P00495/img05.jpg,Accessories,640,768,Train,Plus Keychain (Red)
IMG00422,P00292,images/P00292/img83.jpg,Electronics,320,768,Train,Max Headphones (Blue)
IMG00423,P00427,images/P00427/img17.jpg,Home,480,360,Train,Classic Door Mat (Beige)
IMG00424,P00545,images/P00545/img87.jpg,Home,480,240,Train,Max Door Mat (Grey)
IMG00425,P00511,images/P00511/img23.jpg,Electronics,1024,240,Train,Mini Wireless Mouse (Green)
IMG00426,P00241,images/P00241/img58.jpg,Stationery,480,480,Validation,Classic Stapler (Grey)
IMG00427,P00061,images/P00061/img95.jpg,Electronics,1024,480,Train,Compact Monitor (Black)
IMG00428,P00743,images/P00743/img79.jpg,Stationery,640,240,Train,Mini Pen Set (Beige)
IMG00429,P00054,images/P00054/img63.jpg,Electronics,640,480,Train,Standard Monitor (Green)
IMG00430,P00151,images/P00151/img77.jpg,Electronics,320,240,Train,Standard Power Bank (Green)
IMG00431,P00360,images/P00360/img79.jpg,Electronics,480,240,Train,Pro Keyboard (Red)
IMG00432,P00490,images/P00490/img83.jpg,Footwear,320,768,Train,Compact Loafers (White)
IMG00433,P00596,images/P00596/img88.jpg,Footwear,480,360,Train,Lite Flip Flops (Red)
IMG00434,P00248,images/P00248/img93.jpg,Home,320,360,Train,Premium Storage Box (Black)
IMG00435,P00509,images/P00509/img65.jpg,Stationery,480,640,Train,Mini Scissors (Red)
IMG00436,P00658,images/P00658/img53.jpg,Electronics,640,360,Test,Deluxe Earbuds (Grey)
IMG00437,P00283,images/P00283/img94.jpg,Footwear,720,240,Train,Standard Sneakers (Green)
IMG00438,P00646,images/P00646/img46.jpg,Accessories,720,768,Validation,Pro Backpack (Grey)
IMG00439,P00680,images/P00680/img85.jpg,Footwear,320,360,Train,Plus Sports Shoes (Grey)
IMG00440,P00195,images/P00195/img16.jpg,Home,720,240,Train,Mini Photo Frame (Black)
IMG00441,P00053,images/P00053/img70.jpg,Home,1024,768,Train,Max Candle Holder (White)
IMG00442,P00696,images/P00696/img97.jpg,Home,640,640,Train,Standard Photo Frame (Silver)
IMG00443,P00693,images/P00693/img11.jpg,Footwear,320,480,Train,Classic Hiking Boots (Beige)
IMG00444,P00175,images/P00175/img94.jpg,Footwear,320,480,Train,Max Slippers (Green)
IMG00445,P00052,images/P00052/img66.jpg,Stationery,320,480,Train,Premium Desk Organizer (Red)
IMG00446,P00165,images/P00165/img59.jpg,Stationery,720,240,Validation,Plus Notebook (Beige)
IMG00447,P00501,images/P00501/img70.jpg,Stationery,320,360,Validation,Lite Highlighter Set (Black)
IMG00448,P00604,images/P00604/img32.jpg,Footwear,480,360,Train,Premium Flip Flops (Red)
IMG00449,P00283,images/P00283/img48.jpg,Footwear,640,360,Train,Standard Sneakers (Green)
IMG00450,P00777,images/P00777/img94.jpg,Electronics,480,240,Validation,Lite Tablet Stand (Red)
IMG00451,P00697,images/P00697/img64.jpg,Stationery,1024,240,Train,Mini Calculator (Green)
IMG00452,P00182,images/P00182/img15.jpg,Stationery,640,360,Validation,Premium Scissors (Green)
IMG00453,P00426,images/P00426/img47.jpg,Stationery,720,480,Validation,Compact Calculator (Black)
IMG00454,P00023,images/P00023/img62.jpg,Footwear,720,360,Train,Plus Hiking Boots (Red)
IMG00455,P00706,images/P00706/img33.jpg,Stationery,320,640,Train,Plus Sticky Notes (Beige)
IMG00456,P00321,images/P00321/img08.jpg,Electronics,480,240,Train,Pro Earbuds (Red)
IMG00457,P00192,images/P00192/img11.jpg,Accessories,320,640,Train,Classic Backpack (Grey)
IMG00458,P00125,images/P00125/img34.jpg,Electronics,320,240,Train,Premium USB-C Cable (White)
IMG00459,P00290,images/P00290/img42.jpg,Accessories,640,768,Train,Pro Watch Strap (Blue)
IMG00460,P00007,images/P00007/img04.jpg,Electronics,1024,480,Train,Mini Earbuds (Beige)
IMG00461,P00710,images/P00710/img17.jpg,Home,640,480,Train,Max Water Bottle (Red)
IMG00462,P00128,images/P00128/img49.jpg,Footwear,320,768,Train,Pro Running Shoes (Beige)
IMG00463,P00418,images/P00418/img43.jpg,Electronics,480,640,Train,Lite Earbuds (Red)
IMG00464,P00640,images/P00640/img20.jpg,Footwear,480,768,Validation,Pro Boots (Black)
IMG00465,P00623,images/P00623/img67.jpg,Accessories,480,360,Train,Max Sunglasses (Green)
IMG00466,P00174,images/P00174/img97.jpg,Accessories,480,640,Validation,Premium Backpack (Green)
IMG00467,P00451,images/P00451/img04.jpg,Electronics,1024,768,Test,Plus USB-C Cable (Green)
IMG00468,P00380,images/P00380/img27.jpg,Electronics,640,360,Train,Mini Smart Watch (Black)
IMG00469,P00710,images/P00710/img09.jpg,Home,720,240,Train,Max Water Bottle (Red)
IMG00470,P00197,images/P00197/img91.jpg,Home,640,768,Validation,Pro Door Mat (Black)
IMG00471,P00094,images/P00094/img87.jpg,Home,480,240,Train,Classic Storage Box (Grey)
IMG00472,P00384,images/P00384/img98.jpg,Accessories,640,360,Train,Plus Wallet (White)
IMG00473,P00573,images/P00573/img74.jpg,Accessories,1024,360,Train,Premium Travel Pouch (White)
IMG00474,P00770,images/P00770/img65.jpg,Electronics,720,240,Train,Deluxe Smart Watch (Black)
IMG00475,P00014,images/P00014/img98.jpg,Electronics,320,640,Train,Max Wireless Mouse (Grey)
IMG00476,P00570,images/P00570/img67.jpg,Stationery,320,480,Train,Pro Scissors (White)
IMG00477,P00107,images/P00107/img90.jpg,Stationery,480,240,Train,Classic Stapler (White)
IMG00478,P00395,images/P00395/img16.jpg,Stationery,320,768,Train,Compact Calculator (Black)
IMG00479,P00436,images/P00436/img89.jpg,Stationery,320,240,Train,Lite Highlighter Set (Black)
IMG00480,P00743,images/P00743/img74.jpg,Stationery,720,640,Train,Mini Pen Set (Beige)
IMG00481,P00429,images/P00429/img91.jpg,Electronics,1024,640,Validation,Max Webcam (White)
IMG00482,P00524,images/P00524/img04.jpg,Footwear,480,480,Test,Premium Running Shoes (Green)
IMG00483,P00200,images/P00200/img14.jpg,Stationery,720,360,Test,Deluxe Desk Organizer (Red)
IMG00484,P00221,images/P00221/img90.jpg,Footwear,640,768,Train,Standard Hiking Boots (Silver)
IMG00485,P00376,images/P00376/img47.jpg,Home,720,480,Test,Compact Curtain (Black)
IMG00486,P00031,images/P00031/img70.jpg,Stationery,640,640,Train,Compact Stapler (Black)
IMG00487,P00500,images/P00500/img11.jpg,Electronics,720,640,Train,Lite Wireless Mouse (Silver)
IMG00488,P00328,images/P00328/img43.jpg,Stationery,720,480,Validation,Deluxe Notebook (Green)
IMG00489,P00590,images/P00590/img89.jpg,Footwear,720,480,Train,Max Boots (White)
IMG00490,P00157,images/P00157/img20.jpg,Stationery,640,640,Test,Max Sticky Notes (Blue)
IMG00491,P00396,images/P00396/img30.jpg,Accessories,320,768,Train,Mini Keychain (Beige)
IMG00492,P00334,images/P00334/img69.jpg,Accessories,1024,768,Train,Max Keychain (Beige)
IMG00493,P00002,images/P00002/img76.jpg,Footwear,1024,360,Train,Pro Sandals (White)
IMG00494,P00398,images/P00398/img26.jpg,Home,640,360,Train,Standard Water Bottle (Green)
IMG00495,P00614,images/P00614/img20.jpg,Electronics,720,360,Train,Max USB-C Cable (White)
IMG00496,P00290,images/P00290/img66.jpg,Accessories,480,480,Train,Pro Watch Strap (Blue)
IMG00497,P00115,images/P00115/img45.jpg,Home,480,240,Validation,Standard Photo Frame (Grey)
IMG00498,P00786,images/P00786/img27.jpg,Electronics,1024,240,Train,Standard Earbuds (Grey)
IMG00499,P00070,images/P00070/img85.jpg,Stationery,1024,768,Validation,Mini Calculator (Black)
IMG00500,P00245,images/P00245/img95.jpg,Home,480,360,Train,Max Photo Frame (Red)
IMG00501,P00489,images/P00489/img13.jpg,Accessories,640,360,Train,Plus Handbag (Beige)
IMG00502,P00571,images/P00571/img75.jpg,Electronics,1024,768,Train,Compact Tablet Stand (Red)
IMG00503,P00786,images/P00786/img61.jpg,Electronics,480,768,Train,Standard Earbuds (Grey)
IMG00504,P00195,images/P00195/img14.jpg,Home,720,768,Validation,Mini Photo Frame (Black)
IMG00505,P00797,images/P00797/img23.jpg,Accessories,1024,240,Validation,Compact Travel Pouch (Grey)
IMG00506,P00793,images/P00793/img66.jpg,Electronics,640,768,Train,Standard HDMI Cable (White)
IMG00507,P00039,images/P00039/img59.jpg,Electronics,480,480,Train,Plus HDMI Cable (Grey)
IMG00508,P00085,images/P00085/img74.jpg,Accessories,320,768,Train,Pro Wallet (Blue)
IMG00509,P00643,images/P00643/img58.jpg,Footwear,480,480,Train,Premium Formal Shoes (Beige)
IMG00510,P00634,images/P00634/img97.jpg,Electronics,1024,640,Validation,Compact Wireless Mouse (Grey)
IMG00511,P00348,images/P00348/img88.jpg,Stationery,1024,768,Validation,Compact Highlighter Set (Grey)
IMG00512,P00063,images/P00063/img12.jpg,Home,640,480,Train,Premium Door Mat (Red)
IMG00513,P00682,images/P00682/img18.jpg,Home,720,240,Test,Standard Wall Clock (Green)
IMG00514,P00740,images/P00740/img48.jpg,Footwear,640,640,Validation,Deluxe Running Shoes (Green)
IMG00515,P00668,images/P00668/img21.jpg,Home,320,240,Train,Compact Table Lamp (Red)
IMG00516,P00712,images/P00712/img30.jpg,Stationery,720,768,Validation,Plus Sticky Notes (Green)
IMG00517,P00738,images/P00738/img77.jpg,Footwear,320,768,Test,Plus Hiking Boots (Beige)
IMG00518,P00443,images/P00443/img35.jpg,Stationery,480,480,Train,Plus Stapler (White)
IMG00519,P00558,images/P00558/img23.jpg,Electronics,320,240,Validation,Mini Bluetooth Speaker (Silver)
IMG00520,P00481,images/P00481/img63.jpg,Stationery,720,640,Train,Classic Notebook (White)
IMG00521,P00168,images/P00168/img74.jpg,Electronics,640,480,Train,Plus Keyboard (Silver)
IMG00522,P00072,images/P00072/img48.jpg,Stationery,480,240,Test,Max Pen Set (Beige)
IMG00523,P00111,images/P00111/img20.jpg,Electronics,720,240,Validation,Standard Charger (Black)
IMG00524,P00199,images/P00199/img50.jpg,Electronics,720,360,Train,Pro USB-C Cable (Beige)
IMG00525,P00420,images/P00420/img83.jpg,Home,480,640,Train,Premium Curtain (White)
IMG00526,P00265,images/P00265/img36.jpg,Home,720,240,Test,Premium Wall Clock (Grey)
IMG00527,P00596,images/P00596/img98.jpg,Footwear,720,640,Train,Lite Flip Flops (Red)
IMG00528,P00374,images/P00374/img02.jpg,Accessories,720,240,Train,Pro Cap (White)
IMG00529,P00149,images/P00149/img30.jpg,Stationery,1024,360,Train,Classic Desk Organizer (White)
IMG00530,P00137,images/P00137/img56.jpg,Accessories,640,480,Train,Plus Handbag (White)
IMG00531,P00709,images/P00709/img81.jpg,Stationery,720,480,Validation,Premium Marker Pack (Beige)
IMG00532,P00418,images/P00418/img86.jpg,Electronics,1024,240,Train,Lite Earbuds (Red)
IMG00533,P00167,images/P00167/img01.jpg,Electronics,320,480,Train,Standard Tablet Stand (Silver)
IMG00534,P00329,images/P00329/img88.jpg,Electronics,640,480,Train,Plus Keyboard (Beige)
IMG00535,P00050,images/P00050/img96.jpg,Accessories,640,240,Validation,Compact Wallet (Red)
IMG00536,P00737,images/P00737/img36.jpg,Electronics,480,768,Train,Pro Laptop Stand (Red)
IMG00537,P00544,images/P00544/img59.jpg,Electronics,480,640,Train,Mini Smart Watch (Beige)
IMG00538,P00487,images/P00487/img84.jpg,Home,640,768,Train,Premium Candle Holder (Silver)
IMG00539,P00233,images/P00233/img46.jpg,Footwear,1024,360,Train,Compact Boots (Black)
IMG00540,P00172,images/P00172/img25.jpg,Footwear,1024,480,Train,Lite Formal Shoes (Silver)
IMG00541,P00568,images/P00568/img17.jpg,Stationery,480,360,Validation,Compact Highlighter Set (Red)
IMG00542,P00604,images/P00604/img02.jpg,Footwear,320,640,Train,Premium Flip Flops (Red)
IMG00543,P00038,images/P00038/img51.jpg,Stationery,480,640,Validation,Premium Scissors (Black)
IMG00544,P00078,images/P00078/img89.jpg,Home,320,768,Train,Pro Photo Frame (Black)
IMG00545,P00535,images/P00535/img76.jpg,Stationery,480,768,Train,Standard Calculator (Beige)
IMG00546,P00599,images/P00599/img88.jpg,Home,640,480,Train,Lite Wall Clock (Black)
IMG00547,P00284,images/P00284/img81.jpg,Electronics,640,640,Train,Standard Earbuds (Black)
IMG00548,P00137,images/P00137/img72.jpg,Accessories,640,240,Train,Plus Handbag (White)
IMG00549,P00777,images/P00777/img65.jpg,Electronics,640,240,Train,Lite Tablet Stand (Red)
IMG00550,P00566,images/P00566/img68.jpg,Footwear,720,240,Train,Premium Sandals (Blue)
IMG00551,P00629,images/P00629/img95.jpg,Electronics,320,768,Train,Classic Tablet Stand (Black)
IMG00552,P00117,images/P00117/img71.jpg,Home,720,360,Train,Deluxe Storage Box (Grey)
IMG00553,P00239,images/P00239/img95.jpg,Footwear,480,480,Train,Compact Hiking Boots (Blue)
IMG00554,P00581,images/P00581/img43.jpg,Stationery,320,768,Train,Pro Notebook (Silver)
IMG00555,P00144,images/P00144/img25.jpg,Home,480,480,Train,Compact Candle Holder (Red)
IMG00556,P00027,images/P00027/img87.jpg,Accessories,640,768,Train,Mini Belt (Silver)
IMG00557,P00567,images/P00567/img94.jpg,Home,1024,768,Train,Plus Curtain (Beige)
IMG00558,P00249,images/P00249/img26.jpg,Footwear,480,640,Validation,Deluxe Flip Flops (Green)
IMG00559,P00499,images/P00499/img27.jpg,Footwear,480,480,Validation,Deluxe Sneakers (Green)
IMG00560,P00061,images/P00061/img42.jpg,Electronics,1024,360,Test,Compact Monitor (Black)
IMG00561,P00645,images/P00645/img75.jpg,Footwear,1024,768,Train,Deluxe Sneakers (Silver)
IMG00562,P00583,images/P00583/img96.jpg,Footwear,1024,240,Train,Plus Sports Shoes (Beige)
IMG00563,P00530,images/P00530/img69.jpg,Stationery,320,480,Test,Lite Scissors (Silver)
IMG00564,P00343,images/P00343/img09.jpg,Electronics,640,480,Train,Mini Bluetooth Speaker (Black)
IMG00565,P00500,images/P00500/img36.jpg,Electronics,720,480,Train,Lite Wireless Mouse (Silver)
IMG00566,P00188,images/P00188/img60.jpg,Stationery,480,240,Train,Deluxe Calculator (Grey)
IMG00567,P00426,images/P00426/img31.jpg,Stationery,720,480,Validation,Compact Calculator (Black)
IMG00568,P00040,images/P00040/img36.jpg,Footwear,1024,640,Train,Max Running Shoes (White)
IMG00569,P00301,images/P00301/img18.jpg,Footwear,1024,240,Train,Classic Hiking Boots (Black)
IMG00570,P00685,images/P00685/img70.jpg,Home,1024,240,Test,Premium Cushion (Grey)
IMG00571,P00145,images/P00145/img80.jpg,Home,640,480,Validation,Lite Cushion (Beige)
IMG00572,P00433,images/P00433/img28.jpg,Electronics,480,640,Validation,Premium Charger (Black)
IMG00573,P00791,images/P00791/img78.jpg,Home,1024,360,Validation,Pro Curtain (Grey)
IMG00574,P00020,images/P00020/img33.jpg,Home,720,240,Train,Compact Wall Clock (Red)
IMG00575,P00250,images/P00250/img02.jpg,Electronics,480,640,Train,Premium Tablet Stand (White)
IMG00576,P00012,images/P00012/img35.jpg,Home,1024,240,Test,Compact Table Lamp (Grey)
IMG00577,P00101,images/P00101/img95.jpg,Home,720,768,Test,Max Cushion (Silver)
IMG00578,P00480,images/P00480/img03.jpg,Footwear,640,640,Test,Deluxe Hiking Boots (Green)
IMG00579,P00691,images/P00691/img58.jpg,Accessories,480,240,Train,Deluxe Travel Pouch (White)
IMG00580,P00517,images/P00517/img07.jpg,Stationery,480,640,Train,Premium Stapler (Black)
IMG00581,P00234,images/P00234/img55.jpg,Stationery,480,360,Train,Pro File Folder (Red)
IMG00582,P00377,images/P00377/img63.jpg,Home,1024,480,Train,Max Curtain (Green)
IMG00583,P00578,images/P00578/img02.jpg,Accessories,480,360,Train,Standard Backpack (Grey)
IMG00584,P00138,images/P00138/img10.jpg,Footwear,320,360,Validation,Max Sandals (Beige)
IMG00585,P00521,images/P00521/img55.jpg,Electronics,1024,240,Validation,Premium Router (Blue)
IMG00586,P00415,images/P00415/img56.jpg,Home,320,640,Train,Premium Storage Box (Silver)
IMG00587,P00631,images/P00631/img40.jpg,Footwear,320,768,Train,Max Running Shoes (Silver)
IMG00588,P00508,images/P00508/img21.jpg,Electronics,640,240,Train,Plus Keyboard (Green)
IMG00589,P00571,images/P00571/img44.jpg,Electronics,1024,480,Train,Compact Tablet Stand (Red)
IMG00590,P00715,images/P00715/img27.jpg,Stationery,720,768,Validation,Deluxe File Folder (White)
IMG00591,P00677,images/P00677/img10.jpg,Accessories,320,480,Train,Plus Umbrella (Beige)
IMG00592,P00748,images/P00748/img40.jpg,Electronics,320,480,Train,Compact Keyboard (Grey)
IMG00593,P00301,images/P00301/img64.jpg,Footwear,640,768,Train,Classic Hiking Boots (Black)
IMG00594,P00656,images/P00656/img28.jpg,Home,320,768,Train,Plus Cushion (Beige)
IMG00595,P00788,images/P00788/img07.jpg,Electronics,720,768,Test,Compact Monitor (Blue)
IMG00596,P00238,images/P00238/img35.jpg,Home,640,640,Train,Mini Bed Sheet Set (Beige)
IMG00597,P00074,images/P00074/img29.jpg,Stationery,1024,240,Validation,Classic Desk Organizer (White)
IMG00598,P00684,images/P00684/img22.jpg,Stationery,720,640,Train,Mini Calculator (Black)
IMG00599,P00680,images/P00680/img42.jpg,Footwear,480,360,Test,Plus Sports Shoes (Grey)
IMG00600,P00385,images/P00385/img17.jpg,Stationery,640,768,Test,Lite File Folder (Grey)
IMG00601,P00579,images/P00579/img11.jpg,Electronics,720,768,Train,Max Charger (White)
IMG00602,P00670,images/P00670/img92.jpg,Footwear,480,640,Train,Lite Sandals (Grey)
IMG00603,P00325,images/P00325/img24.jpg,Accessories,480,640,Train,Mini Handbag (Silver)
IMG00604,P00494,images/P00494/img90.jpg,Stationery,480,360,Train,Max File Folder (Blue)
IMG00605,P00205,images/P00205/img98.jpg,Footwear,1024,640,Train,Mini Sneakers (White)
IMG00606,P00480,images/P00480/img15.jpg,Footwear,720,768,Train,Deluxe Hiking Boots (Green)
IMG00607,P00198,images/P00198/img97.jpg,Footwear,1024,360,Train,Deluxe Sandals (Grey)
IMG00608,P00539,images/P00539/img14.jpg,Stationery,720,768,Train,Compact Stapler (Grey)
IMG00609,P00030,images/P00030/img46.jpg,Home,480,480,Train,Deluxe Candle Holder (Silver)
IMG00610,P00013,images/P00013/img25.jpg,Stationery,640,640,Validation,Deluxe Scissors (Red)
IMG00611,P00217,images/P00217/img47.jpg,Home,640,360,Train,Deluxe Photo Frame (Grey)
IMG00612,P00769,images/P00769/img15.jpg,Footwear,480,480,Validation,Mini Sports Shoes (Blue)
IMG00613,P00634,images/P00634/img51.jpg,Electronics,320,480,Train,Compact Wireless Mouse (Grey)
IMG00614,P00304,images/P00304/img03.jpg,Stationery,320,480,Validation,Max Marker Pack (Green)
IMG00615,P00599,images/P00599/img73.jpg,Home,720,768,Validation,Lite Wall Clock (Black)
IMG00616,P00311,images/P00311/img29.jpg,Electronics,320,480,Train,Premium Laptop Stand (Green)
IMG00617,P00167,images/P00167/img63.jpg,Electronics,1024,240,Train,Standard Tablet Stand (Silver)
IMG00618,P00014,images/P00014/img87.jpg,Electronics,720,480,Train,Max Wireless Mouse (Grey)
IMG00619,P00360,images/P00360/img44.jpg,Electronics,320,640,Train,Pro Keyboard (Red)
IMG00620,P00782,images/P00782/img31.jpg,Accessories,320,360,Train,Mini Handbag (Beige)
IMG00621,P00027,images/P00027/img55.jpg,Accessories,1024,640,Train,Mini Belt (Silver)
IMG00622,P00668,images/P00668/img21.jpg,Home,480,360,Train,Compact Table Lamp (Red)
IMG00623,P00311,images/P00311/img18.jpg,Electronics,320,480,Train,Premium Laptop Stand (Green)
IMG00624,P00152,images/P00152/img36.jpg,Footwear,720,240,Train,Plus Slippers (Green)
IMG00625,P00161,images/P00161/img67.jpg,Accessories,640,768,Train,Deluxe Wallet (Black)
IMG00626,P00050,images/P00050/img10.jpg,Accessories,480,640,Validation,Compact Wallet (Red)
IMG00627,P00142,images/P00142/img38.jpg,Home,640,240,Validation,Classic Curtain (Beige)
IMG00628,P00631,images/P00631/img31.jpg,Footwear,480,240,Train,Max Running Shoes (Silver)
IMG00629,P00541,images/P00541/img41.jpg,Footwear,1024,640,Train,Compact Running Shoes (Red)
IMG00630,P00149,images/P00149/img09.jpg,Stationery,1024,360,Train,Classic Desk Organizer (White)
IMG00631,P00393,images/P00393/img78.jpg,Home,640,480,Train,Max Cushion (Blue)
IMG00632,P00314,images/P00314/img29.jpg,Stationery,320,240,Train,Premium Stapler (Black)
IMG00633,P00603,images/P00603/img15.jpg,Home,480,240,Test,Lite Storage Box (Beige)
IMG00634,P00502,images/P00502/img56.jpg,Electronics,640,768,Train,Mini Keyboard (Grey)
IMG00635,P00646,images/P00646/img46.jpg,Accessories,720,240,Validation,Pro Backpack (Grey)
IMG00636,P00534,images/P00534/img98.jpg,Stationery,720,360,Train,Lite Stapler (White)
IMG00637,P00534,images/P00534/img95.jpg,Stationery,1024,360,Validation,Lite Stapler (White)
IMG00638,P00593,images/P00593/img74.jpg,Stationery,720,768,Train,Premium Notebook (Black)
IMG00639,P00257,images/P00257/img72.jpg,Footwear,480,360,Test,Standard Formal Shoes (White)
IMG00640,P00259,images/P00259/img67.jpg,Electronics,320,640,Train,Plus Wireless Mouse (Black)
IMG00641,P00145,images/P00145/img52.jpg,Home,1024,768,Train,Lite Cushion (Beige)
IMG00642,P00123,images/P00123/img58.jpg,Electronics,640,240,Train,Max Tablet Stand (Grey)
IMG00643,P00478,images/P00478/img62.jpg,Accessories,640,480,Validation,Compact Keychain (White)
IMG00644,P00357,images/P00357/img05.jpg,Stationery,480,240,Train,Standard File Folder (Grey)
IMG00645,P00648,images/P00648/img89.jpg,Accessories,1024,240,Train,Max Backpack (Blue)
IMG00646,P00469,images/P00469/img25.jpg,Stationery,720,640,Train,Standard File Folder (White)
IMG00647,P00744,images/P00744/img02.jpg,Electronics,1024,640,Validation,Mini Power Bank (Blue)
IMG00648,P00007,images/P00007/img15.jpg,Electronics,480,240,Train,Mini Earbuds (Beige)
IMG00649,P00216,images/P00216/img73.jpg,Home,320,768,Train,Deluxe Table Lamp (Black)
IMG00650,P00719,images/P00719/img77.jpg,Accessories,720,240,Train,Mini Wallet (Green)
IMG00651,P00454,images/P00454/img52.jpg,Electronics,640,768,Train,Mini Router (Green)
IMG00652,P00304,images/P00304/img37.jpg,Stationery,320,768,Validation,Max Marker Pack (Green)
IMG00653,P00570,images/P00570/img65.jpg,Stationery,640,240,Train,Pro Scissors (White)
IMG00654,P00503,images/P00503/img21.jpg,Accessories,320,768,Train,Plus Watch Strap (Black)
IMG00655,P00028,images/P00028/img40.jpg,Electronics,320,768,Train,Classic Earbuds (White)
IMG00656,P00533,images/P00533/img84.jpg,Home,640,768,Train,Premium Photo Frame (Green)
IMG00657,P00601,images/P00601/img99.jpg,Stationery,720,240,Train,Classic Highlighter Set (Green)
IMG00658,P00430,images/P00430/img21.jpg,Stationery,320,768,Validation,Mini Scissors (Black)
IMG00659,P00238,images/P00238/img71.jpg,Home,640,360,Train,Mini Bed Sheet Set (Beige)
IMG00660,P00172,images/P00172/img13.jpg,Footwear,640,640,Train,Lite Formal Shoes (Silver)
IMG00661,P00304,images/P00304/img26.jpg,Stationery,1024,640,Train,Max Marker Pack (Green)
IMG00662,P00516,images/P00516/img19.jpg,Stationery,640,360,Train,Compact Calculator (Silver)
IMG00663,P00520,images/P00520/img13.jpg,Accessories,640,480,Validation,Deluxe Keychain (Red)
IMG00664,P00315,images/P00315/img27.jpg,Electronics,480,768,Test,Standard Laptop Stand (Beige)
IMG00665,P00365,images/P00365/img42.jpg,Accessories,720,480,Train,Max Sunglasses (White)
IMG00666,P00244,images/P00244/img68.jpg,Accessories,480,480,Train,Compact Handbag (Beige)
IMG00667,P00447,images/P00447/img45.jpg,Accessories,640,240,Train,Standard Keychain (Grey)
IMG00668,P00589,images/P00589/img04.jpg,Footwear,720,480,Train,Premium Sneakers (Green)
IMG00669,P00255,images/P00255/img17.jpg,Accessories,1024,640,Test,Compact Umbrella (Black)
IMG00670,P00136,images/P00136/img89.jpg,Home,320,360,Train,Lite Table Lamp (Red)
IMG00671,P00191,images/P00191/img16.jpg,Electronics,480,360,Validation,Compact Charger (Blue)
IMG00672,P00673,images/P00673/img02.jpg,Accessories,480,360,Train,Pro Umbrella (Green)
IMG00673,P00538,images/P00538/img65.jpg,Accessories,1024,768,Validation,Max Umbrella (Red)
IMG00674,P00061,images/P00061/img87.jpg,Electronics,480,640,Train,Compact Monitor (Black)
IMG00675,P00060,images/P00060/img82.jpg,Electronics,640,360,Train,Compact Laptop Stand (White)
IMG00676,P00434,images/P00434/img98.jpg,Accessories,320,240,Validation,Classic Belt (Red)
IMG00677,P00295,images/P00295/img14.jpg,Home,320,640,Test,Standard Curtain (Grey)
IMG00678,P00675,images/P00675/img89.jpg,Home,720,640,Validation,Mini Table Lamp (Grey)
IMG00679,P00346,images/P00346/img25.jpg,Accessories,480,360,Validation,Compact Belt (White)
IMG00680,P00403,images/P00403/img25.jpg,Home,720,640,Train,Compact Bed Sheet Set (Beige)
IMG00681,P00413,images/P00413/img94.jpg,Electronics,640,360,Train,Pro Webcam (Green)
IMG00682,P00453,images/P00453/img70.jpg,Home,640,640,Train,Plus Photo Frame (Silver)
IMG00683,P00174,images/P00174/img66.jpg,Accessories,320,480,Train,Premium Backpack (Green)
IMG00684,P00406,images/P00406/img78.jpg,Stationery,320,640,Train,Compact Pen Set (White)
IMG00685,P00192,images/P00192/img95.jpg,Accessories,480,768,Train,Classic Backpack (Grey)
IMG00686,P00777,images/P00777/img84.jpg,Electronics,1024,640,Test,Lite Tablet Stand (Red)
IMG00687,P00091,images/P00091/img75.jpg,Stationery,320,768,Train,Compact File Folder (Black)
IMG00688,P00588,images/P00588/img69.jpg,Home,320,640,Train,Standard Bed Sheet Set (Beige)
IMG00689,P00327,images/P00327/img43.jpg,Home,480,640,Train,Plus Table Lamp (Blue)
IMG00690,P00654,images/P00654/img26.jpg,Accessories,720,240,Train,Deluxe Keychain (Beige)
IMG00691,P00258,images/P00258/img15.jpg,Electronics,320,360,Train,Mini Laptop Stand (Grey)
IMG00692,P00225,images/P00225/img50.jpg,Home,480,768,Train,Classic Bed Sheet Set (Silver)
IMG00693,P00294,images/P00294/img11.jpg,Stationery,320,640,Test,Standard Sticky Notes (White)
IMG00694,P00129,images/P00129/img63.jpg,Footwear,720,240,Train,Compact Sandals (Silver)
IMG00695,P00566,images/P00566/img77.jpg,Footwear,480,240,Train,Premium Sandals (Blue)
IMG00696,P00714,images/P00714/img85.jpg,Home,720,480,Test,Plus Bed Sheet Set (Beige)
IMG00697,P00022,images/P00022/img32.jpg,Accessories,720,480,Validation,Lite Watch Strap (White)
IMG00698,P00078,images/P00078/img55.jpg,Home,1024,768,Test,Pro Photo Frame (Black)
IMG00699,P00502,images/P00502/img19.jpg,Electronics,1024,360,Train,Mini Keyboard (Grey)
IMG00700,P00616,images/P00616/img04.jpg,Home,320,240,Train,Compact Cushion (Green)
IMG00701,P00556,images/P00556/img45.jpg,Footwear,640,480,Train,Standard Hiking Boots (Beige)
IMG00702,P00384,images/P00384/img97.jpg,Accessories,720,480,Train,Plus Wallet (White)
IMG00703,P00529,images/P00529/img63.jpg,Accessories,320,360,Validation,Premium Sunglasses (Green)
IMG00704,P00088,images/P00088/img89.jpg,Accessories,720,240,Validation,Pro Backpack (Beige)
IMG00705,P00275,images/P00275/img62.jpg,Footwear,640,768,Train,Deluxe Sneakers (Grey)
IMG00706,P00789,images/P00789/img61.jpg,Accessories,1024,360,Train,Lite Wallet (White)
IMG00707,P00146,images/P00146/img68.jpg,Home,640,360,Train,Standard Water Bottle (Green)
IMG00708,P00496,images/P00496/img32.jpg,Footwear,720,360,Train,Compact Slippers (Silver)
IMG00709,P00026,images/P00026/img89.jpg,Stationery,640,640,Train,Deluxe File Folder (Beige)
IMG00710,P00155,images/P00155/img89.jpg,Accessories,320,640,Train,Pro Belt (Black)
IMG00711,P00396,images/P00396/img53.jpg,Accessories,1024,360,Train,Mini Keychain (Beige)
IMG00712,P00546,images/P00546/img92.jpg,Accessories,640,768,Train,Classic Cap (White)
IMG00713,P00178,images/P00178/img91.jpg,Electronics,320,768,Train,Standard USB-C Cable (Silver)
IMG00714,P00146,images/P00146/img48.jpg,Home,480,768,Train,Standard Water Bottle (Green)
IMG00715,P00400,images/P00400/img28.jpg,Home,1024,480,Validation,Compact Cushion (Red)
IMG00716,P00504,images/P00504/img37.jpg,Home,480,360,Train,Deluxe Water Bottle (Red)
IMG00717,P00209,images/P00209/img94.jpg,Electronics,640,768,Train,Max Monitor (Grey)
IMG00718,P00605,images/P00605/img26.jpg,Footwear,640,360,Train,Mini Boots (Silver)
IMG00719,P00774,images/P00774/img99.jpg,Electronics,1024,360,Train,Standard Router (Green)
IMG00720,P00227,images/P00227/img40.jpg,Electronics,640,480,Validation,Standard Earbuds (Black)
IMG00721,P00216,images/P00216/img01.jpg,Home,640,240,Train,Deluxe Table Lamp (Black)
IMG00722,P00380,images/P00380/img40.jpg,Electronics,640,768,Test,Mini Smart Watch (Black)
IMG00723,P00400,images/P00400/img02.jpg,Home,320,768,Train,Compact Cushion (Red)
IMG00724,P00653,images/P00653/img59.jpg,Electronics,720,360,Validation,Max Keyboard (White)
IMG00725,P00399,images/P00399/img64.jpg,Footwear,640,640,Train,Deluxe Slippers (Grey)
IMG00726,P00758,images/P00758/img69.jpg,Footwear,320,640,Train,Lite Sandals (Blue)
IMG00727,P00318,images/P00318/img44.jpg,Electronics,720,240,Train,Lite Bluetooth Speaker (Green)
IMG00728,P00476,images/P00476/img14.jpg,Stationery,720,768,Train,Pro Stapler (Grey)
IMG00729,P00419,images/P00419/img46.jpg,Accessories,640,240,Train,Classic Wallet (Red)
IMG00730,P00438,images/P00438/img39.jpg,Accessories,720,360,Train,Pro Cap (Green)
IMG00731,P00207,images/P00207/img10.jpg,Stationery,640,640,Train,Lite Highlighter Set (Black)
IMG00732,P00158,images/P00158/img06.jpg,Home,480,240,Validation,Deluxe Table Lamp (Red)
IMG00733,P00405,images/P00405/img46.jpg,Accessories,720,768,Train,Premium Backpack (Green)
IMG00734,P00405,images/P00405/img97.jpg,Accessories,720,480,Validation,Premium Backpack (Green)
IMG00735,P00083,images/P00083/img89.jpg,Stationery,480,480,Train,Deluxe Stapler (Black)
IMG00736,P00785,images/P00785/img38.jpg,Electronics,640,640,Validation,Max Power Bank (Black)
IMG00737,P00759,images/P00759/img49.jpg,Accessories,480,360,Train,Plus Wallet (Grey)
IMG00738,P00724,images/P00724/img90.jpg,Footwear,1024,640,Train,Plus Sandals (Silver)
IMG00739,P00690,images/P00690/img32.jpg,Stationery,720,768,Train,Standard Calculator (Black)
IMG00740,P00123,images/P00123/img24.jpg,Electronics,320,480,Train,Max Tablet Stand (Grey)
IMG00741,P00638,images/P00638/img64.jpg,Accessories,720,640,Validation,Standard Cap (White)
IMG00742,P00739,images/P00739/img83.jpg,Footwear,640,240,Train,Mini Hiking Boots (Red)
IMG00743,P00635,images/P00635/img45.jpg,Stationery,320,640,Test,Classic Stapler (Beige)
IMG00744,P00171,images/P00171/img45.jpg,Home,320,768,Train,Lite Curtain (Green)
IMG00745,P00089,images/P00089/img45.jpg,Accessories,640,640,Train,Classic Backpack (Green)
IMG00746,P00182,images/P00182/img79.jpg,Stationery,480,640,Validation,Premium Scissors (Green)
IMG00747,P00128,images/P00128/img81.jpg,Footwear,480,640,Train,Pro Running Shoes (Beige)
IMG00748,P00265,images/P00265/img88.jpg,Home,1024,240,Train,Premium Wall Clock (Grey)
IMG00749,P00444,images/P00444/img62.jpg,Electronics,720,768,Train,Lite Webcam (Grey)
IMG00750,P00204,images/P00204/img72.jpg,Footwear,480,768,Train,Lite Sneakers (White)
IMG00751,P00748,images/P00748/img07.jpg,Electronics,480,640,Validation,Compact Keyboard (Grey)
IMG00752,P00396,images/P00396/img85.jpg,Accessories,480,640,Train,Mini Keychain (Beige)
IMG00753,P00693,images/P00693/img14.jpg,Footwear,640,240,Train,Classic Hiking Boots (Beige)
IMG00754,P00325,images/P00325/img96.jpg,Accessories,320,360,Test,Mini Handbag (Silver)
IMG00755,P00462,images/P00462/img68.jpg,Accessories,640,240,Train,Compact Wallet (Grey)
IMG00756,P00073,images/P00073/img23.jpg,Electronics,320,240,Train,Deluxe HDMI Cable (Red)
IMG00757,P00785,images/P00785/img75.jpg,Electronics,320,640,Validation,Max Power Bank (Black)
IMG00758,P00499,images/P00499/img30.jpg,Footwear,720,768,Train,Deluxe Sneakers (Green)
IMG00759,P00180,images/P00180/img87.jpg,Home,480,640,Train,Pro Water Bottle (Grey)
IMG00760,P00476,images/P00476/img54.jpg,Stationery,320,240,Train,Pro Stapler (Grey)
IMG00761,P00351,images/P00351/img69.jpg,Footwear,640,768,Validation,Lite Boots (Green)
IMG00762,P00787,images/P00787/img25.jpg,Stationery,1024,480,Train,Standard File Folder (Beige)
IMG00763,P00004,images/P00004/img67.jpg,Electronics,320,240,Train,Max USB-C Cable (Black)
IMG00764,P00366,images/P00366/img19.jpg,Footwear,320,360,Train,Max Boots (Blue)
IMG00765,P00022,images/P00022/img86.jpg,Accessories,720,640,Train,Lite Watch Strap (White)
IMG00766,P00494,images/P00494/img67.jpg,Stationery,720,240,Test,Max File Folder (Blue)
IMG00767,P00545,images/P00545/img50.jpg,Home,720,480,Train,Max Door Mat (Grey)
IMG00768,P00207,images/P00207/img32.jpg,Stationery,1024,360,Validation,Lite Highlighter Set (Black)
IMG00769,P00233,images/P00233/img27.jpg,Footwear,320,240,Validation,Compact Boots (Black)
IMG00770,P00645,images/P00645/img39.jpg,Footwear,720,640,Train,Deluxe Sneakers (Silver)
IMG00771,P00198,images/P00198/img12.jpg,Footwear,320,640,Validation,Deluxe Sandals (Grey)
IMG00772,P00469,images/P00469/img25.jpg,Stationery,640,360,Train,Standard File Folder (White)
IMG00773,P00592,images/P00592/img53.jpg,Footwear,640,240,Train,Pro Sneakers (White)
IMG00774,P00317,images/P00317/img12.jpg,Electronics,480,640,Train,Deluxe Webcam (Blue)
IMG00775,P00492,images/P00492/img73.jpg,Accessories,1024,768,Train,Max Umbrella (Blue)
IMG00776,P00180,images/P00180/img59.jpg,Home,480,240,Test,Pro Water Bottle (Grey)
IMG00777,P00624,images/P00624/img88.jpg,Footwear,480,480,Train,Deluxe Sports Shoes (Red)
IMG00778,P00374,images/P00374/img10.jpg,Accessories,480,240,Test,Pro Cap (White)
IMG00779,P00544,images/P00544/img59.jpg,Electronics,640,480,Train,Mini Smart Watch (Beige)
IMG00780,P00765,images/P00765/img52.jpg,Electronics,720,240,Train,Plus Wireless Mouse (White)
IMG00781,P00294,images/P00294/img61.jpg,Stationery,640,768,Validation,Standard Sticky Notes (White)
IMG00782,P00045,images/P00045/img13.jpg,Home,480,768,Train,Premium Photo Frame (Silver)
IMG00783,P00576,images/P00576/img59.jpg,Footwear,320,360,Train,Standard Flip Flops (Silver)
IMG00784,P00103,images/P00103/img16.jpg,Electronics,720,360,Validation,Max Monitor (Beige)
IMG00785,P00429,images/P00429/img10.jpg,Electronics,320,240,Train,Max Webcam (White)
IMG00786,P00543,images/P00543/img26.jpg,Accessories,320,240,Train,Pro Umbrella (Blue)
IMG00787,P00199,images/P00199/img44.jpg,Electronics,480,640,Validation,Pro USB-C Cable (Beige)
IMG00788,P00023,images/P00023/img06.jpg,Footwear,640,640,Train,Plus Hiking Boots (Red)
IMG00789,P00522,images/P00522/img69.jpg,Stationery,720,360,Validation,Standard Desk Organizer (Blue)
IMG00790,P00676,images/P00676/img37.jpg,Electronics,320,768,Train,Plus Keyboard (Beige)
IMG00791,P00144,images/P00144/img70.jpg,Home,640,240,Test,Compact Candle Holder (Red)
IMG00792,P00268,images/P00268/img34.jpg,Accessories,720,480,Train,Lite Keychain (Beige)
IMG00793,P00636,images/P00636/img04.jpg,Footwear,640,640,Test,Pro Formal Shoes (Blue)
IMG00794,P00171,images/P00171/img32.jpg,Home,480,240,Validation,Lite Curtain (Green)
IMG00795,P00203,images/P00203/img74.jpg,Stationery,640,640,Train,Classic Desk Organizer (White)
IMG00796,P00722,images/P00722/img70.jpg,Home,640,360,Validation,Premium Storage Box (Blue)
IMG00797,P00621,images/P00621/img30.jpg,Electronics,480,480,Train,Max Router (Blue)
IMG00798,P00130,images/P00130/img90.jpg,Electronics,640,240,Test,Max Smart Watch (White)
IMG00799,P00356,images/P00356/img11.jpg,Home,720,768,Train,Plus Table Lamp (Beige)
IMG00800,P00241,images/P00241/img13.jpg,Stationery,1024,768,Train,Classic Stapler (Grey)
IMG00801,P00475,images/P00475/img67.jpg,Footwear,720,768,Validation,Max Loafers (Green)
IMG00802,P00661,images/P00661/img47.jpg,Accessories,720,768,Validation,Pro Handbag (White)
IMG00803,P00740,images/P00740/img73.jpg,Footwear,720,640,Train,Deluxe Running Shoes (Green)
IMG00804,P00477,images/P00477/img89.jpg,Footwear,1024,768,Train,Lite Flip Flops (Blue)
IMG00805,P00393,images/P00393/img69.jpg,Home,1024,240,Validation,Max Cushion (Blue)
IMG00806,P00331,images/P00331/img95.jpg,Accessories,1024,640,Train,Deluxe Wallet (Red)
IMG00807,P00358,images/P00358/img19.jpg,Electronics,320,640,Train,Classic Keyboard (Green)
IMG00808,P00705,images/P00705/img82.jpg,Footwear,640,768,Validation,Compact Sneakers (Blue)
IMG00809,P00566,images/P00566/img49.jpg,Footwear,640,768,Train,Premium Sandals (Blue)
IMG00810,P00128,images/P00128/img07.jpg,Footwear,640,240,Train,Pro Running Shoes (Beige)
IMG00811,P00518,images/P00518/img37.jpg,Accessories,480,640,Train,Pro Handbag (Beige)
IMG00812,P00127,images/P00127/img95.jpg,Home,320,360,Train,Standard Door Mat (Red)
IMG00813,P00052,images/P00052/img47.jpg,Stationery,1024,360,Train,Premium Desk Organizer (Red)
IMG00814,P00593,images/P00593/img42.jpg,Stationery,720,768,Validation,Premium Notebook (Black)
IMG00815,P00022,images/P00022/img90.jpg,Accessories,1024,360,Train,Lite Watch Strap (White)
IMG00816,P00138,images/P00138/img49.jpg,Footwear,480,640,Train,Max Sandals (Beige)
IMG00817,P00681,images/P00681/img69.jpg,Home,480,640,Train,Max Curtain (Green)
IMG00818,P00017,images/P00017/img56.jpg,Footwear,720,240,Train,Plus Loafers (Red)
IMG00819,P00149,images/P00149/img47.jpg,Stationery,320,768,Train,Classic Desk Organizer (White)
IMG00820,P00687,images/P00687/img61.jpg,Footwear,1024,360,Train,Max Boots (Grey)
IMG00821,P00101,images/P00101/img13.jpg,Home,1024,768,Train,Max Cushion (Silver)
IMG00822,P00624,images/P00624/img42.jpg,Footwear,720,240,Train,Deluxe Sports Shoes (Red)
IMG00823,P00664,images/P00664/img74.jpg,Footwear,1024,360,Train,Premium Sports Shoes (Beige)
IMG00824,P00251,images/P00251/img18.jpg,Stationery,480,640,Validation,Classic Highlighter Set (Blue)
IMG00825,P00710,images/P00710/img31.jpg,Home,720,480,Train,Max Water Bottle (Red)
IMG00826,P00739,images/P00739/img07.jpg,Footwear,320,768,Validation,Mini Hiking Boots (Red)
IMG00827,P00220,images/P00220/img16.jpg,Home,320,240,Train,Premium Bed Sheet Set (Grey)
IMG00828,P00024,images/P00024/img94.jpg,Home,480,640,Train,Premium Candle Holder (Blue)
IMG00829,P00183,images/P00183/img15.jpg,Home,720,360,Train,Plus Bed Sheet Set (Green)
IMG00830,P00501,images/P00501/img38.jpg,Stationery,320,768,Test,Lite Highlighter Set (Black)
IMG00831,P00229,images/P00229/img71.jpg,Footwear,1024,360,Validation,Plus Flip Flops (Silver)
IMG00832,P00249,images/P00249/img29.jpg,Footwear,640,240,Test,Deluxe Flip Flops (Green)
IMG00833,P00729,images/P00729/img43.jpg,Footwear,1024,640,Train,Deluxe Formal Shoes (Black)
IMG00834,P00328,images/P00328/img38.jpg,Stationery,720,768,Train,Deluxe Notebook (Green)
IMG00835,P00256,images/P00256/img18.jpg,Stationery,720,640,Train,Max Pen Set (Grey)
IMG00836,P00264,images/P00264/img20.jpg,Home,1024,768,Train,Mini Curtain (Red)
IMG00837,P00386,images/P00386/img29.jpg,Stationery,1024,240,Validation,Plus Sticky Notes (White)
IMG00838,P00284,images/P00284/img17.jpg,Electronics,720,640,Train,Standard Earbuds (Black)
IMG00839,P00216,images/P00216/img65.jpg,Home,1024,240,Train,Deluxe Table Lamp (Black)
IMG00840,P00152,images/P00152/img68.jpg,Footwear,320,240,Train,Plus Slippers (Green)
IMG00841,P00228,images/P00228/img83.jpg,Stationery,720,240,Train,Standard Highlighter Set (Black)
IMG00842,P00022,images/P00022/img80.jpg,Accessories,480,240,Train,Lite Watch Strap (White)
IMG00843,P00068,images/P00068/img59.jpg,Electronics,480,360,Train,Compact Router (Black)
IMG00844,P00116,images/P00116/img21.jpg,Stationery,480,768,Train,Max Sticky Notes (Beige)
IMG00845,P00207,images/P00207/img71.jpg,Stationery,320,768,Test,Lite Highlighter Set (Black)
IMG00846,P00264,images/P00264/img44.jpg,Home,640,768,Validation,Mini Curtain (Red)
IMG00847,P00360,images/P00360/img11.jpg,Electronics,640,360,Train,Pro Keyboard (Red)
IMG00848,P00792,images/P00792/img68.jpg,Home,640,768,Test,Classic Cushion (Red)
IMG00849,P00450,images/P00450/img20.jpg,Stationery,640,240,Train,Classic Highlighter Set (Blue)
IMG00850,P00468,images/P00468/img92.jpg,Electronics,320,360,Train,Standard Power Bank (Silver)
IMG00851,P00137,images/P00137/img88.jpg,Accessories,480,640,Train,Plus Handbag (White)
IMG00852,P00594,images/P00594/img03.jpg,Footwear,480,240,Train,Standard Running Shoes (Silver)
IMG00853,P00317,images/P00317/img51.jpg,Electronics,640,480,Train,Deluxe Webcam (Blue)
IMG00854,P00619,images/P00619/img02.jpg,Home,320,480,Train,Premium Table Lamp (Green)
IMG00855,P00227,images/P00227/img74.jpg,Electronics,640,768,Train,Standard Earbuds (Black)
IMG00856,P00194,images/P00194/img89.jpg,Stationery,480,640,Train,Premium Stapler (Silver)
IMG00857,P00041,images/P00041/img79.jpg,Electronics,320,240,Train,Premium Charger (White)
IMG00858,P00541,images/P00541/img10.jpg,Footwear,1024,480,Validation,Compact Running Shoes (Red)
IMG00859,P00628,images/P00628/img29.jpg,Footwear,720,480,Train,Classic Flip Flops (Black)
IMG00860,P00616,images/P00616/img08.jpg,Home,480,240,Train,Compact Cushion (Green)
IMG00861,P00397,images/P00397/img60.jpg,Footwear,1024,768,Train,Mini Sandals (Blue)
IMG00862,P00669,images/P00669/img26.jpg,Stationery,640,640,Validation,Mini Calculator (Beige)
IMG00863,P00756,images/P00756/img06.jpg,Home,720,240,Train,Pro Water Bottle (Blue)
IMG00864,P00356,images/P00356/img51.jpg,Home,320,360,Train,Plus Table Lamp (Beige)
IMG00865,P00689,images/P00689/img64.jpg,Home,640,640,Train,Premium Curtain (Beige)
IMG00866,P00423,images/P00423/img63.jpg,Accessories,480,360,Train,Classic Watch Strap (Green)
IMG00867,P00040,images/P00040/img56.jpg,Footwear,1024,768,Validation,Max Running Shoes (White)
IMG00868,P00509,images/P00509/img20.jpg,Stationery,720,480,Train,Mini Scissors (Red)
IMG00869,P00562,images/P00562/img54.jpg,Accessories,720,768,Test,Max Handbag (Black)
IMG00870,P00707,images/P00707/img63.jpg,Home,320,640,Train,Standard Cushion (Blue)
IMG00871,P00747,images/P00747/img39.jpg,Home,480,240,Validation,Premium Candle Holder (White)
IMG00872,P00017,images/P00017/img94.jpg,Footwear,1024,768,Train,Plus Loafers (Red)
IMG00873,P00112,images/P00112/img51.jpg,Stationery,1024,768,Train,Max Calculator (Green)
IMG00874,P00205,images/P00205/img93.jpg,Footwear,720,768,Test,Mini Sneakers (White)
IMG00875,P00761,images/P00761/img48.jpg,Home,480,480,Train,Max Wall Clock (Beige)
IMG00876,P00697,images/P00697/img82.jpg,Stationery,320,480,Train,Mini Calculator (Green)
IMG00877,P00416,images/P00416/img65.jpg,Stationery,320,640,Train,Pro Notebook (Black)
IMG00878,P00368,images/P00368/img22.jpg,Home,720,640,Train,Deluxe Door Mat (Silver)
IMG00879,P00398,images/P00398/img46.jpg,Home,480,768,Validation,Standard Water Bottle (Green)
IMG00880,P00008,images/P00008/img48.jpg,Accessories,480,240,Train,Mini Cap (Red)
IMG00881,P00407,images/P00407/img16.jpg,Accessories,320,240,Train,Mini Wallet (Grey)
IMG00882,P00642,images/P00642/img56.jpg,Stationery,320,480,Train,Classic Highlighter Set (Black)
IMG00883,P00003,images/P00003/img03.jpg,Stationery,320,768,Test,Classic File Folder (Black)
IMG00884,P00350,images/P00350/img01.jpg,Electronics,320,768,Validation,Lite USB-C Cable (Red)
IMG00885,P00764,images/P00764/img61.jpg,Stationery,480,640,Train,Compact Marker Pack (Silver)
IMG00886,P00429,images/P00429/img19.jpg,Electronics,720,240,Train,Max Webcam (White)
IMG00887,P00467,images/P00467/img45.jpg,Home,480,240,Train,Mini Bed Sheet Set (White)
IMG00888,P00588,images/P00588/img32.jpg,Home,640,480,Train,Standard Bed Sheet Set (Beige)
IMG00889,P00379,images/P00379/img64.jpg,Electronics,480,360,Test,Pro Laptop Stand (Green)
IMG00890,P00508,images/P00508/img34.jpg,Electronics,480,480,Validation,Plus Keyboard (Green)
IMG00891,P00290,images/P00290/img20.jpg,Accessories,640,768,Test,Pro Watch Strap (Blue)
IMG00892,P00099,images/P00099/img80.jpg,Accessories,1024,480,Test,Max Watch Strap (Grey)
IMG00893,P00504,images/P00504/img97.jpg,Home,640,640,Train,Deluxe Water Bottle (Red)
IMG00894,P00092,images/P00092/img74.jpg,Electronics,1024,480,Train,Mini Headphones (Black)
IMG00895,P00698,images/P00698/img48.jpg,Electronics,720,360,Train,Pro Laptop Stand (Grey)
IMG00896,P00406,images/P00406/img04.jpg,Stationery,480,360,Validation,Compact Pen Set (White)
IMG00897,P00678,images/P00678/img71.jpg,Stationery,1024,768,Train,Lite Sticky Notes (Green)
IMG00898,P00688,images/P00688/img69.jpg,Footwear,1024,640,Validation,Standard Sports Shoes (White)
IMG00899,P00627,images/P00627/img39.jpg,Accessories,320,640,Train,Mini Sunglasses (Silver)
IMG00900,P00441,images/P00441/img98.jpg,Accessories,480,480,Train,Lite Travel Pouch (White)
IMG00901,P00532,images/P00532/img71.jpg,Footwear,480,768,Train,Lite Boots (Red)
IMG00902,P00696,images/P00696/img88.jpg,Home,1024,360,Train,Standard Photo Frame (Silver)
IMG00903,P00100,images/P00100/img40.jpg,Footwear,480,240,Train,Standard Formal Shoes (Black)
IMG00904,P00358,images/P00358/img20.jpg,Electronics,320,240,Train,Classic Keyboard (Green)
IMG00905,P00795,images/P00795/img74.jpg,Accessories,1024,768,Train,Pro Sunglasses (Black)
IMG00906,P00297,images/P00297/img21.jpg,Home,720,768,Validation,Max Door Mat (Green)
IMG00907,P00047,images/P00047/img70.jpg,Accessories,720,768,Train,Deluxe Backpack (Red)
IMG00908,P00324,images/P00324/img31.jpg,Electronics,640,640,Validation,Standard Webcam (Green)
IMG00909,P00673,images/P00673/img01.jpg,Accessories,1024,768,Validation,Pro Umbrella (Green)
IMG00910,P00677,images/P00677/img65.jpg,Accessories,640,240,Train,Plus Umbrella (Beige)
IMG00911,P00073,images/P00073/img50.jpg,Electronics,320,360,Train,Deluxe HDMI Cable (Red)
IMG00912,P00667,images/P00667/img20.jpg,Home,320,640,Validation,Lite Water Bottle (Beige)
IMG00913,P00547,images/P00547/img85.jpg,Stationery,1024,768,Train,Compact Marker Pack (Black)
IMG00914,P00445,images/P00445/img83.jpg,Home,480,640,Train,Standard Curtain (Blue)
IMG00915,P00413,images/P00413/img79.jpg,Electronics,1024,640,Train,Pro Webcam (Green)
IMG00916,P00775,images/P00775/img18.jpg,Home,480,360,Train,Mini Photo Frame (Red)
IMG00917,P00543,images/P00543/img37.jpg,Accessories,640,480,Train,Pro Umbrella (Blue)
IMG00918,P00071,images/P00071/img12.jpg,Stationery,720,768,Train,Mini Pen Set (White)
IMG00919,P00310,images/P00310/img77.jpg,Footwear,640,640,Train,Compact Sports Shoes (White)
IMG00920,P00697,images/P00697/img11.jpg,Stationery,720,240,Train,Mini Calculator (Green)
IMG00921,P00631,images/P00631/img33.jpg,Footwear,640,240,Train,Max Running Shoes (Silver)
IMG00922,P00198,images/P00198/img50.jpg,Footwear,320,480,Train,Deluxe Sandals (Grey)
IMG00923,P00074,images/P00074/img88.jpg,Stationery,1024,360,Train,Classic Desk Organizer (White)
IMG00924,P00235,images/P00235/img20.jpg,Electronics,320,768,Train,Pro Laptop Stand (Blue)
IMG00925,P00717,images/P00717/img49.jpg,Accessories,720,240,Train,Deluxe Keychain (White)
IMG00926,P00598,images/P00598/img14.jpg,Footwear,640,640,Train,Mini Boots (Red)
IMG00927,P00012,images/P00012/img08.jpg,Home,720,360,Train,Compact Table Lamp (Grey)
IMG00928,P00064,images/P00064/img60.jpg,Home,720,768,Train,Mini Water Bottle (Beige)
IMG00929,P00073,images/P00073/img54.jpg,Electronics,640,240,Train,Deluxe HDMI Cable (Red)
IMG00930,P00295,images/P00295/img05.jpg,Home,320,480,Validation,Standard Curtain (Grey)
IMG00931,P00783,images/P00783/img96.jpg,Stationery,640,480,Train,Plus File Folder (Blue)
IMG00932,P00106,images/P00106/img93.jpg,Electronics,480,768,Train,Lite Headphones (Blue)
IMG00933,P00494,images/P00494/img18.jpg,Stationery,1024,480,Train,Max File Folder (Blue)
IMG00934,P00549,images/P00549/img80.jpg,Home,1024,240,Train,Mini Door Mat (Grey)
IMG00935,P00433,images/P00433/img56.jpg,Electronics,640,768,Validation,Premium Charger (Black)
IMG00936,P00167,images/P00167/img86.jpg,Electronics,640,768,Train,Standard Tablet Stand (Silver)
IMG00937,P00159,images/P00159/img41.jpg,Home,1024,480,Validation,Plus Wall Clock (Blue)
IMG00938,P00308,images/P00308/img90.jpg,Electronics,1024,480,Test,Max Webcam (Green)
IMG00939,P00112,images/P00112/img97.jpg,Stationery,480,360,Validation,Max Calculator (Green)
IMG00940,P00361,images/P00361/img75.jpg,Home,1024,360,Train,Standard Curtain (White)
IMG00941,P00262,images/P00262/img47.jpg,Stationery,1024,360,Train,Mini Sticky Notes (Blue)
IMG00942,P00562,images/P00562/img69.jpg,Accessories,320,768,Validation,Max Handbag (Black)
IMG00943,P00115,images/P00115/img51.jpg,Home,1024,480,Train,Standard Photo Frame (Grey)
IMG00944,P00764,images/P00764/img57.jpg,Stationery,640,640,Validation,Compact Marker Pack (Silver)
IMG00945,P00799,images/P00799/img79.jpg,Electronics,480,768,Train,Classic Earbuds (Green)
IMG00946,P00318,images/P00318/img83.jpg,Electronics,720,640,Validation,Lite Bluetooth Speaker (Green)
IMG00947,P00033,images/P00033/img61.jpg,Accessories,480,480,Validation,Lite Wallet (Beige)
IMG00948,P00679,images/P00679/img74.jpg,Stationery,720,480,Train,Premium Marker Pack (Green)
IMG00949,P00195,images/P00195/img12.jpg,Home,640,480,Train,Mini Photo Frame (Black)
IMG00950,P00193,images/P00193/img55.jpg,Footwear,720,640,Train,Pro Slippers (Black)
IMG00951,P00107,images/P00107/img28.jpg,Stationery,720,240,Train,Classic Stapler (White)
IMG00952,P00152,images/P00152/img79.jpg,Footwear,640,768,Train,Plus Slippers (Green)
IMG00953,P00273,images/P00273/img60.jpg,Electronics,480,640,Train,Classic Router (Silver)
IMG00954,P00319,images/P00319/img46.jpg,Home,640,640,Train,Compact Curtain (Grey)
IMG00955,P00614,images/P00614/img76.jpg,Electronics,1024,768,Validation,Max USB-C Cable (White)
IMG00956,P00321,images/P00321/img09.jpg,Electronics,320,768,Train,Pro Earbuds (Red)
IMG00957,P00542,images/P00542/img76.jpg,Footwear,480,360,Train,Pro Running Shoes (Beige)
IMG00958,P00408,images/P00408/img97.jpg,Home,480,768,Test,Mini Bed Sheet Set (Beige)
IMG00959,P00442,images/P00442/img04.jpg,Home,320,480,Train,Standard Table Lamp (Blue)
IMG00960,P00505,images/P00505/img15.jpg,Accessories,640,768,Test,Lite Travel Pouch (White)
IMG00961,P00704,images/P00704/img59.jpg,Electronics,720,240,Test,Plus Wireless Mouse (White)
IMG00962,P00265,images/P00265/img81.jpg,Home,640,480,Test,Premium Wall Clock (Grey)
IMG00963,P00373,images/P00373/img90.jpg,Home,1024,640,Train,Classic Door Mat (Black)
IMG00964,P00270,images/P00270/img05.jpg,Home,1024,640,Validation,Pro Door Mat (Red)
IMG00965,P00317,images/P00317/img11.jpg,Electronics,1024,480,Train,Deluxe Webcam (Blue)
IMG00966,P00146,images/P00146/img49.jpg,Home,640,240,Train,Standard Water Bottle (Green)
IMG00967,P00253,images/P00253/img47.jpg,Accessories,480,768,Train,Deluxe Handbag (Beige)
IMG00968,P00179,images/P00179/img18.jpg,Stationery,720,640,Test,Premium Marker Pack (Silver)
IMG00969,P00717,images/P00717/img63.jpg,Accessories,480,240,Train,Deluxe Keychain (White)
IMG00970,P00466,images/P00466/img24.jpg,Accessories,320,768,Train,Deluxe Travel Pouch (Green)
IMG00971,P00286,images/P00286/img44.jpg,Accessories,480,360,Train,Deluxe Cap (Beige)
IMG00972,P00095,images/P00095/img52.jpg,Accessories,1024,240,Validation,Plus Backpack (Red)
IMG00973,P00264,images/P00264/img74.jpg,Home,1024,360,Test,Mini Curtain (Red)
IMG00974,P00285,images/P00285/img45.jpg,Accessories,480,360,Validation,Pro Travel Pouch (Silver)
IMG00975,P00727,images/P00727/img76.jpg,Stationery,320,768,Train,Premium Calculator (Beige)
IMG00976,P00363,images/P00363/img41.jpg,Accessories,640,640,Train,Pro Sunglasses (White)
IMG00977,P00057,images/P00057/img91.jpg,Electronics,720,768,Validation,Max USB-C Cable (Red)
IMG00978,P00497,images/P00497/img31.jpg,Home,320,360,Test,Premium Wall Clock (Black)
IMG00979,P00428,images/P00428/img84.jpg,Accessories,480,240,Train,Classic Cap (Green)
IMG00980,P00755,images/P00755/img53.jpg,Accessories,480,360,Train,Classic Backpack (White)
IMG00981,P00266,images/P00266/img07.jpg,Electronics,1024,640,Train,Premium HDMI Cable (Grey)
IMG00982,P00151,images/P00151/img97.jpg,Electronics,1024,360,Validation,Standard Power Bank (Green)
IMG00983,P00088,images/P00088/img85.jpg,Accessories,480,768,Validation,Pro Backpack (Beige)
IMG00984,P00181,images/P00181/img97.jpg,Footwear,720,360,Train,Max Sports Shoes (Grey)
IMG00985,P00021,images/P00021/img94.jpg,Accessories,1024,640,Validation,Max Backpack (Black)
IMG00986,P00467,images/P00467/img23.jpg,Home,640,480,Train,Mini Bed Sheet Set (White)
IMG00987,P00451,images/P00451/img64.jpg,Electronics,640,768,Validation,Plus USB-C Cable (Green)
IMG00988,P00740,images/P00740/img97.jpg,Footwear,320,640,Validation,Deluxe Running Shoes (Green)
IMG00989,P00156,images/P00156/img02.jpg,Electronics,640,360,Train,Max USB-C Cable (Black)
IMG00990,P00532,images/P00532/img12.jpg,Footwear,480,640,Validation,Lite Boots (Red)
IMG00991,P00224,images/P00224/img15.jpg,Accessories,720,640,Train,Premium Watch Strap (Grey)
IMG00992,P00696,images/P00696/img22.jpg,Home,720,768,Test,Standard Photo Frame (Silver)
IMG00993,P00657,images/P00657/img99.jpg,Home,640,360,Validation,Deluxe Storage Box (Beige)
IMG00994,P00558,images/P00558/img88.jpg,Electronics,1024,640,Train,Mini Bluetooth Speaker (Silver)
IMG00995,P00277,images/P00277/img18.jpg,Home,720,480,Validation,Deluxe Water Bottle (Green)
IMG00996,P00083,images/P00083/img35.jpg,Stationery,320,640,Train,Deluxe Stapler (Black)
IMG00997,P00059,images/P00059/img93.jpg,Footwear,640,768,Train,Premium Boots (Red)
IMG00998,P00739,images/P00739/img74.jpg,Footwear,640,360,Train,Mini Hiking Boots (Red)
IMG00999,P00438,images/P00438/img39.jpg,Accessories,720,240,Train,Pro Cap (Green)
IMG01000,P00626,images/P00626/img82.jpg,Home,640,768,Validation,Premium Door Mat (Blue)
IMG01001,P00478,images/P00478/img44.jpg,Accessories,480,480,Train,Compact Keychain (White)
IMG01002,P00495,images/P00495/img83.jpg,Accessories,480,360,Validation,Plus Keychain (Red)
IMG01003,P00651,images/P00651/img38.jpg,Stationery,640,640,Validation,Standard Scissors (Blue)
IMG01004,P00524,images/P00524/img87.jpg,Footwear,1024,360,Train,Premium Running Shoes (Green)
IMG01005,P00142,images/P00142/img68.jpg,Home,320,640,Train,Classic Curtain (Beige)
IMG01006,P00037,images/P00037/img71.jpg,Footwear,480,360,Validation,Mini Loafers (Black)
IMG01007,P00123,images/P00123/img73.jpg,Electronics,640,240,Train,Max Tablet Stand (Grey)
IMG01008,P00208,images/P00208/img33.jpg,Footwear,1024,640,Validation,Lite Boots (Silver)
IMG01009,P00368,images/P00368/img82.jpg,Home,1024,360,Train,Deluxe Door Mat (Silver)
IMG01010,P00394,images/P00394/img57.jpg,Footwear,1024,360,Train,Lite Formal Shoes (White)
IMG01011,P00527,images/P00527/img71.jpg,Electronics,640,480,Train,Mini Charger (Red)
IMG01012,P00596,images/P00596/img05.jpg,Footwear,1024,640,Validation,Lite Flip Flops (Red)
IMG01013,P00649,images/P00649/img68.jpg,Home,320,360,Validation,Lite Table Lamp (Blue)
IMG01014,P00692,images/P00692/img19.jpg,Electronics,480,240,Train,Max Earbuds (Green)
IMG01015,P00627,images/P00627/img53.jpg,Accessories,720,640,Train,Mini Sunglasses (Silver)
IMG01016,P00463,images/P00463/img41.jpg,Accessories,1024,360,Train,Mini Sunglasses (Green)
IMG01017,P00365,images/P00365/img49.jpg,Accessories,720,360,Validation,Max Sunglasses (White)
IMG01018,P00529,images/P00529/img86.jpg,Accessories,480,768,Train,Premium Sunglasses (Green)
IMG01019,P00186,images/P00186/img58.jpg,Electronics,320,640,Test,Compact Charger (Blue)
IMG01020,P00484,images/P00484/img64.jpg,Home,720,640,Train,Lite Bed Sheet Set (Grey)
IMG01021,P00034,images/P00034/img69.jpg,Footwear,640,360,Test,Classic Slippers (Grey)
IMG01022,P00518,images/P00518/img41.jpg,Accessories,320,640,Validation,Pro Handbag (Beige)
IMG01023,P00040,images/P00040/img82.jpg,Footwear,480,360,Train,Max Running Shoes (White)
IMG01024,P00553,images/P00553/img12.jpg,Footwear,320,480,Train,Plus Formal Shoes (Blue)
IMG01025,P00237,images/P00237/img50.jpg,Home,480,360,Train,Premium Door Mat (Red)
IMG01026,P00090,images/P00090/img45.jpg,Footwear,640,640,Train,Mini Boots (Silver)
IMG01027,P00134,images/P00134/img10.jpg,Home,640,768,Train,Max Wall Clock (Grey)
IMG01028,P00752,images/P00752/img23.jpg,Footwear,480,768,Train,Max Sports Shoes (Silver)
IMG01029,P00694,images/P00694/img58.jpg,Accessories,480,240,Test,Pro Watch Strap (Black)
IMG01030,P00267,images/P00267/img94.jpg,Stationery,320,768,Train,Pro Sticky Notes (Silver)
IMG01031,P00588,images/P00588/img20.jpg,Home,720,480,Train,Standard Bed Sheet Set (Beige)
IMG01032,P00121,images/P00121/img69.jpg,Stationery,640,768,Train,Mini Highlighter Set (White)
IMG01033,P00182,images/P00182/img01.jpg,Stationery,480,360,Train,Premium Scissors (Green)
IMG01034,P00332,images/P00332/img81.jpg,Footwear,480,240,Validation,Max Slippers (White)
IMG01035,P00014,images/P00014/img73.jpg,Electronics,720,240,Train,Max Wireless Mouse (Grey)
IMG01036,P00318,images/P00318/img79.jpg,Electronics,480,240,Train,Lite Bluetooth Speaker (Green)
IMG01037,P00563,images/P00563/img93.jpg,Electronics,640,360,Train,Lite Laptop Stand (Blue)
IMG01038,P00752,images/P00752/img93.jpg,Footwear,1024,640,Train,Max Sports Shoes (Silver)
IMG01039,P00013,images/P00013/img99.jpg,Stationery,1024,768,Train,Deluxe Scissors (Red)
IMG01040,P00420,images/P00420/img41.jpg,Home,720,360,Validation,Premium Curtain (White)
IMG01041,P00194,images/P00194/img67.jpg,Stationery,320,240,Train,Premium Stapler (Silver)
IMG01042,P00715,images/P00715/img44.jpg,Stationery,1024,480,Train,Deluxe File Folder (White)
IMG01043,P00429,images/P00429/img25.jpg,Electronics,480,480,Train,Max Webcam (White)
IMG01044,P00296,images/P00296/img96.jpg,Electronics,320,480,Train,Plus Charger (Red)
IMG01045,P00443,images/P00443/img01.jpg,Stationery,720,480,Train,Plus Stapler (White)
IMG01046,P00519,images/P00519/img13.jpg,Stationery,640,480,Train,Classic Stapler (Silver)
IMG01047,P00616,images/P00616/img67.jpg,Home,640,360,Train,Compact Cushion (Green)
IMG01048,P00462,images/P00462/img91.jpg,Accessories,720,360,Test,Compact Wallet (Grey)
IMG01049,P00448,images/P00448/img17.jpg,Electronics,480,768,Train,Standard Headphones (Green)
IMG01050,P00233,images/P00233/img93.jpg,Footwear,640,640,Validation,Compact Boots (Black)
IMG01051,P00110,images/P00110/img70.jpg,Home,640,480,Train,Max Curtain (Grey)
IMG01052,P00077,images/P00077/img85.jpg,Accessories,720,360,Train,Mini Watch Strap (Grey)
IMG01053,P00464,images/P00464/img39.jpg,Stationery,480,240,Validation,Pro Marker Pack (Red)
IMG01054,P00404,images/P00404/img93.jpg,Footwear,720,640,Train,Deluxe Sneakers (Blue)
IMG01055,P00646,images/P00646/img01.jpg,Accessories,320,240,Validation,Pro Backpack (Grey)
IMG01056,P00738,images/P00738/img92.jpg,Footwear,640,640,Train,Plus Hiking Boots (Beige)
IMG01057,P00395,images/P00395/img75.jpg,Stationery,1024,480,Train,Compact Calculator (Black)
IMG01058,P00353,images/P00353/img74.jpg,Footwear,720,240,Validation,Standard Sandals (Red)
IMG01059,P00090,images/P00090/img19.jpg,Footwear,640,240,Validation,Mini Boots (Silver)
IMG01060,P00258,images/P00258/img86.jpg,Electronics,720,640,Train,Mini Laptop Stand (Grey)
IMG01061,P00718,images/P00718/img20.jpg,Footwear,320,480,Train,Pro Loafers (Red)
IMG01062,P00179,images/P00179/img24.jpg,Stationery,640,640,Train,Premium Marker Pack (Silver)
IMG01063,P00546,images/P00546/img08.jpg,Accessories,480,768,Validation,Classic Cap (White)
IMG01064,P00073,images/P00073/img81.jpg,Electronics,640,360,Validation,Deluxe HDMI Cable (Red)
IMG01065,P00106,images/P00106/img08.jpg,Electronics,640,480,Validation,Lite Headphones (Blue)
IMG01066,P00192,images/P00192/img49.jpg,Accessories,320,768,Train,Classic Backpack (Grey)
IMG01067,P00763,images/P00763/img05.jpg,Footwear,320,640,Train,Pro Slippers (Blue)
IMG01068,P00057,images/P00057/img59.jpg,Electronics,1024,640,Train,Max USB-C Cable (Red)
IMG01069,P00797,images/P00797/img19.jpg,Accessories,480,240,Validation,Compact Travel Pouch (Grey)
IMG01070,P00519,images/P00519/img02.jpg,Stationery,720,640,Validation,Classic Stapler (Silver)
IMG01071,P00455,images/P00455/img39.jpg,Home,1024,240,Validation,Lite Photo Frame (Red)
IMG01072,P00593,images/P00593/img26.jpg,Stationery,320,240,Train,Premium Notebook (Black)
IMG01073,P00208,images/P00208/img89.jpg,Footwear,720,768,Train,Lite Boots (Silver)
IMG01074,P00129,images/P00129/img55.jpg,Footwear,480,360,Train,Compact Sandals (Silver)
IMG01075,P00084,images/P00084/img71.jpg,Stationery,1024,240,Train,Pro Stapler (Blue)
IMG01076,P00325,images/P00325/img44.jpg,Accessories,1024,640,Train,Mini Handbag (Silver)
IMG01077,P00469,images/P00469/img21.jpg,Stationery,720,360,Validation,Standard File Folder (White)
IMG01078,P00505,images/P00505/img71.jpg,Accessories,320,768,Train,Lite Travel Pouch (White)
IMG01079,P00691,images/P00691/img15.jpg,Accessories,640,640,Train,Deluxe Travel Pouch (White)
IMG01080,P00190,images/P00190/img87.jpg,Footwear,480,768,Train,Mini Loafers (Grey)
IMG01081,P00162,images/P00162/img51.jpg,Accessories,720,240,Test,Standard Keychain (Beige)
IMG01082,P00297,images/P00297/img53.jpg,Home,320,768,Train,Max Door Mat (Green)
IMG01083,P00474,images/P00474/img87.jpg,Stationery,720,240,Train,Lite Sticky Notes (Blue)
IMG01084,P00784,images/P00784/img36.jpg,Home,320,768,Train,Classic Table Lamp (White)
IMG01085,P00270,images/P00270/img54.jpg,Home,320,480,Test,Pro Door Mat (Red)
IMG01086,P00593,images/P00593/img12.jpg,Stationery,480,768,Train,Premium Notebook (Black)
IMG01087,P00440,images/P00440/img26.jpg,Accessories,480,360,Validation,Premium Sunglasses (Silver)
IMG01088,P00031,images/P00031/img95.jpg,Stationery,480,768,Validation,Compact Stapler (Black)
IMG01089,P00616,images/P00616/img66.jpg,Home,320,240,Train,Compact Cushion (Green)
IMG01090,P00781,images/P00781/img39.jpg,Home,720,360,Train,Pro Curtain (Black)
IMG01091,P00579,images/P00579/img56.jpg,Electronics,720,360,Validation,Max Charger (White)
IMG01092,P00744,images/P00744/img55.jpg,Electronics,720,640,Train,Mini Power Bank (Blue)
IMG01093,P00070,images/P00070/img80.jpg,Stationery,720,480,Train,Mini Calculator (Black)
IMG01094,P00455,images/P00455/img50.jpg,Home,720,240,Train,Lite Photo Frame (Red)
IMG01095,P00640,images/P00640/img93.jpg,Footwear,480,640,Train,Pro Boots (Black)
IMG01096,P00636,images/P00636/img77.jpg,Footwear,320,480,Train,Pro Formal Shoes (Blue)
IMG01097,P00558,images/P00558/img31.jpg,Electronics,1024,640,Train,Mini Bluetooth Speaker (Silver)
IMG01098,P00001,images/P00001/img44.jpg,Electronics,480,240,Validation,Lite Wireless Mouse (Red)
IMG01099,P00641,images/P00641/img25.jpg,Electronics,480,640,Train,Standard Keyboard (Beige)
IMG01100,P00106,images/P00106/img38.jpg,Electronics,720,640,Train,Lite Headphones (Blue)
IMG01101,P00359,images/P00359/img10.jpg,Footwear,320,768,Validation,Premium Hiking Boots (Green)
IMG01102,P00529,images/P00529/img72.jpg,Accessories,480,640,Train,Premium Sunglasses (Green)
IMG01103,P00247,images/P00247/img21.jpg,Electronics,480,480,Validation,Premium Webcam (Beige)
IMG01104,P00627,images/P00627/img09.jpg,Accessories,480,640,Train,Mini Sunglasses (Silver)
IMG01105,P00314,images/P00314/img25.jpg,Stationery,720,480,Train,Premium Stapler (Black)
IMG01106,P00379,images/P00379/img58.jpg,Electronics,720,640,Train,Pro Laptop Stand (Green)
IMG01107,P00584,images/P00584/img39.jpg,Home,320,768,Train,Standard Candle Holder (White)
IMG01108,P00585,images/P00585/img17.jpg,Stationery,720,480,Validation,Plus Sticky Notes (White)
IMG01109,P00281,images/P00281/img91.jpg,Footwear,1024,360,Validation,Premium Boots (Grey)
IMG01110,P00452,images/P00452/img48.jpg,Home,1024,480,Validation,Classic Curtain (Blue)
IMG01111,P00619,images/P00619/img24.jpg,Home,480,640,Train,Premium Table Lamp (Green)
IMG01112,P00086,images/P00086/img76.jpg,Accessories,480,480,Train,Deluxe Cap (Red)
IMG01113,P00475,images/P00475/img46.jpg,Footwear,1024,480,Validation,Max Loafers (Green)
IMG01114,P00631,images/P00631/img81.jpg,Footwear,720,360,Train,Max Running Shoes (Silver)
IMG01115,P00486,images/P00486/img16.jpg,Home,320,768,Train,Classic Table Lamp (Blue)
IMG01116,P00327,images/P00327/img16.jpg,Home,720,240,Validation,Plus Table Lamp (Blue)
IMG01117,P00467,images/P00467/img15.jpg,Home,720,480,Train,Mini Bed Sheet Set (White)
IMG01118,P00541,images/P00541/img15.jpg,Footwear,720,240,Train,Compact Running Shoes (Red)
IMG01119,P00697,images/P00697/img57.jpg,Stationery,720,240,Train,Mini Calculator (Green)
IMG01120,P00336,images/P00336/img21.jpg,Stationery,640,360,Validation,Classic Stapler (Blue)
IMG01121,P00106,images/P00106/img55.jpg,Electronics,1024,480,Train,Lite Headphones (Blue)
IMG01122,P00247,images/P00247/img90.jpg,Electronics,1024,480,Train,Premium Webcam (Beige)
IMG01123,P00352,images/P00352/img39.jpg,Electronics,480,640,Train,Premium Wireless Mouse (Beige)
IMG01124,P00286,images/P00286/img35.jpg,Accessories,720,480,Train,Deluxe Cap (Beige)
IMG01125,P00635,images/P00635/img81.jpg,Stationery,1024,640,Test,Classic Stapler (Beige)
IMG01126,P00706,images/P00706/img96.jpg,Stationery,480,240,Train,Plus Sticky Notes (Beige)
IMG01127,P00290,images/P00290/img67.jpg,Accessories,480,768,Train,Pro Watch Strap (Blue)
IMG01128,P00204,images/P00204/img62.jpg,Footwear,1024,360,Train,Lite Sneakers (White)
IMG01129,P00694,images/P00694/img74.jpg,Accessories,1024,640,Validation,Pro Watch Strap (Black)
IMG01130,P00421,images/P00421/img86.jpg,Electronics,640,240,Train,Premium Tablet Stand (Black)
IMG01131,P00428,images/P00428/img04.jpg,Accessories,320,240,Train,Classic Cap (Green)
IMG01132,P00354,images/P00354/img44.jpg,Stationery,1024,640,Train,Plus Calculator (White)
IMG01133,P00097,images/P00097/img11.jpg,Stationery,640,240,Train,Max Sticky Notes (Blue)
IMG01134,P00332,images/P00332/img47.jpg,Footwear,640,768,Train,Max Slippers (White)
IMG01135,P00557,images/P00557/img87.jpg,Stationery,320,240,Train,Pro Scissors (Beige)
IMG01136,P00410,images/P00410/img84.jpg,Accessories,320,480,Train,Standard Backpack (Black)
IMG01137,P00701,images/P00701/img98.jpg,Footwear,720,640,Train,Premium Flip Flops (Green)
IMG01138,P00655,images/P00655/img14.jpg,Accessories,480,640,Train,Lite Backpack (Silver)
IMG01139,P00042,images/P00042/img69.jpg,Stationery,640,360,Validation,Mini Sticky Notes (Silver)
IMG01140,P00036,images/P00036/img04.jpg,Accessories,720,360,Test,Deluxe Travel Pouch (Red)
IMG01141,P00618,images/P00618/img30.jpg,Accessories,720,768,Train,Plus Cap (Silver)
IMG01142,P00798,images/P00798/img32.jpg,Footwear,720,768,Train,Mini Loafers (Grey)
IMG01143,P00014,images/P00014/img78.jpg,Electronics,1024,640,Validation,Max Wireless Mouse (Grey)
IMG01144,P00464,images/P00464/img22.jpg,Stationery,320,768,Train,Pro Marker Pack (Red)
IMG01145,P00393,images/P00393/img26.jpg,Home,320,768,Train,Max Cushion (Blue)
IMG01146,P00443,images/P00443/img43.jpg,Stationery,320,640,Validation,Plus Stapler (White)
IMG01147,P00043,images/P00043/img04.jpg,Stationery,640,640,Train,Lite Sticky Notes (Beige)
IMG01148,P00105,images/P00105/img42.jpg,Accessories,480,480,Validation,Standard Travel Pouch (Green)
IMG01149,P00682,images/P00682/img05.jpg,Home,320,768,Train,Standard Wall Clock (Green)
IMG01150,P00339,images/P00339/img66.jpg,Electronics,720,240,Validation,Classic Bluetooth Speaker (White)
IMG01151,P00061,images/P00061/img24.jpg,Electronics,320,240,Train,Compact Monitor (Black)
IMG01152,P00336,images/P00336/img85.jpg,Stationery,640,240,Train,Classic Stapler (Blue)
IMG01153,P00768,images/P00768/img70.jpg,Electronics,720,768,Test,Plus Webcam (Grey)
IMG01154,P00013,images/P00013/img08.jpg,Stationery,640,360,Test,Deluxe Scissors (Red)
IMG01155,P00621,images/P00621/img99.jpg,Electronics,640,360,Train,Max Router (Blue)
IMG01156,P00135,images/P00135/img46.jpg,Stationery,640,480,Train,Max Highlighter Set (Grey)
IMG01157,P00662,images/P00662/img26.jpg,Electronics,640,768,Train,Premium Power Bank (Green)
IMG01158,P00703,images/P00703/img27.jpg,Accessories,480,240,Train,Lite Wallet (Black)
IMG01159,P00694,images/P00694/img39.jpg,Accessories,480,240,Train,Pro Watch Strap (Black)
IMG01160,P00339,images/P00339/img66.jpg,Electronics,480,360,Train,Classic Bluetooth Speaker (White)
IMG01161,P00224,images/P00224/img52.jpg,Accessories,320,360,Train,Premium Watch Strap (Grey)
IMG01162,P00144,images/P00144/img63.jpg,Home,720,768,Train,Compact Candle Holder (Red)
IMG01163,P00262,images/P00262/img84.jpg,Stationery,720,480,Train,Mini Sticky Notes (Blue)
IMG01164,P00509,images/P00509/img84.jpg,Stationery,480,240,Test,Mini Scissors (Red)
IMG01165,P00649,images/P00649/img93.jpg,Home,1024,240,Train,Lite Table Lamp (Blue)
IMG01166,P00032,images/P00032/img95.jpg,Electronics,720,768,Train,Compact Monitor (Grey)
IMG01167,P00746,images/P00746/img72.jpg,Home,720,640,Train,Mini Door Mat (Grey)
IMG01168,P00493,images/P00493/img68.jpg,Electronics,640,480,Train,Lite Wireless Mouse (Beige)
IMG01169,P00203,images/P00203/img38.jpg,Stationery,480,360,Train,Classic Desk Organizer (White)
IMG01170,P00695,images/P00695/img59.jpg,Electronics,1024,480,Train,Max Power Bank (Red)
IMG01171,P00467,images/P00467/img06.jpg,Home,320,240,Validation,Mini Bed Sheet Set (White)
IMG01172,P00779,images/P00779/img88.jpg,Home,320,360,Train,Classic Wall Clock (Red)
IMG01173,P00760,images/P00760/img52.jpg,Electronics,320,360,Train,Mini Webcam (Black)
IMG01174,P00218,images/P00218/img62.jpg,Electronics,640,240,Train,Max Headphones (Black)
IMG01175,P00023,images/P00023/img41.jpg,Footwear,320,360,Train,Plus Hiking Boots (Red)
IMG01176,P00739,images/P00739/img48.jpg,Footwear,320,240,Train,Mini Hiking Boots (Red)
IMG01177,P00242,images/P00242/img94.jpg,Accessories,720,768,Train,Deluxe Keychain (Silver)
IMG01178,P00363,images/P00363/img88.jpg,Accessories,720,360,Train,Pro Sunglasses (White)
IMG01179,P00173,images/P00173/img45.jpg,Footwear,480,240,Train,Deluxe Slippers (Beige)
IMG01180,P00274,images/P00274/img85.jpg,Accessories,480,640,Train,Deluxe Belt (Green)
IMG01181,P00173,images/P00173/img57.jpg,Footwear,480,360,Train,Deluxe Slippers (Beige)
IMG01182,P00412,images/P00412/img79.jpg,Home,1024,360,Validation,Plus Table Lamp (Red)
IMG01183,P00139,images/P00139/img82.jpg,Footwear,1024,640,Train,Pro Sneakers (Beige)
IMG01184,P00134,images/P00134/img24.jpg,Home,1024,480,Train,Max Wall Clock (Grey)
IMG01185,P00017,images/P00017/img76.jpg,Footwear,720,480,Train,Plus Loafers (Red)
IMG01186,P00072,images/P00072/img01.jpg,Stationery,480,768,Train,Max Pen Set (Beige)
IMG01187,P00620,images/P00620/img81.jpg,Footwear,640,240,Test,Plus Loafers (Beige)
IMG01188,P00798,images/P00798/img74.jpg,Footwear,720,480,Train,Mini Loafers (Grey)
IMG01189,P00480,images/P00480/img72.jpg,Footwear,1024,480,Train,Deluxe Hiking Boots (Green)
IMG01190,P00282,images/P00282/img95.jpg,Accessories,640,768,Validation,Premium Wallet (White)
IMG01191,P00676,images/P00676/img12.jpg,Electronics,720,240,Train,Plus Keyboard (Beige)
IMG01192,P00039,images/P00039/img29.jpg,Electronics,480,768,Train,Plus HDMI Cable (Grey)
IMG01193,P00575,images/P00575/img38.jpg,Stationery,640,360,Train,Classic Highlighter Set (Silver)
IMG01194,P00110,images/P00110/img28.jpg,Home,1024,480,Train,Max Curtain (Grey)
IMG01195,P00223,images/P00223/img17.jpg,Accessories,320,360,Train,Pro Handbag (Blue)
IMG01196,P00784,images/P00784/img05.jpg,Home,320,240,Train,Classic Table Lamp (White)
IMG01197,P00750,images/P00750/img22.jpg,Stationery,1024,480,Train,Pro Notebook (Silver)
IMG01198,P00002,images/P00002/img25.jpg,Footwear,320,360,Test,Pro Sandals (White)
IMG01199,P00204,images/P00204/img88.jpg,Footwear,320,768,Train,Lite Sneakers (White)
IMG01200,P00516,images/P00516/img63.jpg,Stationery,480,240,Train,Compact Calculator (Silver)
IMG01201,P00025,images/P00025/img99.jpg,Accessories,720,480,Train,Max Sunglasses (Grey)
IMG01202,P00052,images/P00052/img03.jpg,Stationery,480,480,Train,Premium Desk Organizer (Red)
IMG01203,P00403,images/P00403/img77.jpg,Home,480,240,Validation,Compact Bed Sheet Set (Beige)
IMG01204,P00443,images/P00443/img01.jpg,Stationery,720,360,Train,Plus Stapler (White)
IMG01205,P00654,images/P00654/img15.jpg,Accessories,640,360,Validation,Deluxe Keychain (Beige)
IMG01206,P00492,images/P00492/img37.jpg,Accessories,640,360,Validation,Max Umbrella (Blue)
IMG01207,P00252,images/P00252/img01.jpg,Home,640,360,Train,Pro Storage Box (Silver)
IMG01208,P00631,images/P00631/img54.jpg,Footwear,480,640,Train,Max Running Shoes (Silver)
IMG01209,P00242,images/P00242/img02.jpg,Accessories,320,768,Validation,Deluxe Keychain (Silver)
IMG01210,P00392,images/P00392/img98.jpg,Accessories,480,360,Train,Max Sunglasses (Green)
IMG01211,P00141,images/P00141/img59.jpg,Home,480,768,Validation,Max Water Bottle (Beige)
IMG01212,P00396,images/P00396/img63.jpg,Accessories,640,768,Validation,Mini Keychain (Beige)
IMG01213,P00091,images/P00091/img30.jpg,Stationery,1024,240,Train,Compact File Folder (Black)
IMG01214,P00150,images/P00150/img02.jpg,Home,480,640,Train,Premium Storage Box (Blue)
IMG01215,P00795,images/P00795/img51.jpg,Accessories,1024,480,Train,Pro Sunglasses (Black)
IMG01216,P00317,images/P00317/img32.jpg,Electronics,320,480,Train,Deluxe Webcam (Blue)
IMG01217,P00105,images/P00105/img31.jpg,Accessories,1024,768,Validation,Standard Travel Pouch (Green)
IMG01218,P00483,images/P00483/img90.jpg,Footwear,1024,480,Train,Standard Hiking Boots (Black)
IMG01219,P00627,images/P00627/img48.jpg,Accessories,480,360,Validation,Mini Sunglasses (Silver)
IMG01220,P00106,images/P00106/img66.jpg,Electronics,1024,480,Train,Lite Headphones (Blue)
IMG01221,P00549,images/P00549/img37.jpg,Home,320,768,Validation,Mini Door Mat (Grey)
IMG01222,P00782,images/P00782/img65.jpg,Accessories,640,640,Train,Mini Handbag (Beige)
IMG01223,P00514,images/P00514/img02.jpg,Stationery,480,768,Train,Mini Scissors (Beige)
IMG01224,P00153,images/P00153/img09.jpg,Home,480,240,Train,Standard Wall Clock (Grey)
IMG01225,P00294,images/P00294/img83.jpg,Stationery,320,640,Train,Standard Sticky Notes (White)
IMG01226,P00568,images/P00568/img90.jpg,Stationery,640,240,Train,Compact Highlighter Set (Red)
IMG01227,P00361,images/P00361/img73.jpg,Home,720,480,Validation,Standard Curtain (White)
IMG01228,P00489,images/P00489/img05.jpg,Accessories,480,360,Train,Plus Handbag (Beige)
IMG01229,P00531,images/P00531/img60.jpg,Footwear,320,360,Test,Lite Sneakers (Grey)
IMG01230,P00376,images/P00376/img94.jpg,Home,320,768,Validation,Compact Curtain (Black)
IMG01231,P00561,images/P00561/img67.jpg,Accessories,640,360,Train,Deluxe Cap (Black)
IMG01232,P00684,images/P00684/img47.jpg,Stationery,1024,480,Train,Mini Calculator (Black)
IMG01233,P00139,images/P00139/img94.jpg,Footwear,320,640,Test,Pro Sneakers (Beige)
IMG01234,P00554,images/P00554/img89.jpg,Home,320,640,Validation,Mini Wall Clock (Black)
IMG01235,P00072,images/P00072/img30.jpg,Stationery,640,640,Train,Max Pen Set (Beige)
IMG01236,P00702,images/P00702/img92.jpg,Home,720,360,Train,Premium Table Lamp (Silver)
IMG01237,P00277,images/P00277/img88.jpg,Home,640,640,Train,Deluxe Water Bottle (Green)
IMG01238,P00440,images/P00440/img43.jpg,Accessories,640,640,Train,Premium Sunglasses (Silver)
IMG01239,P00374,images/P00374/img86.jpg,Accessories,720,640,Train,Pro Cap (White)
IMG01240,P00235,images/P00235/img44.jpg,Electronics,640,240,Validation,Pro Laptop Stand (Blue)
IMG01241,P00136,images/P00136/img60.jpg,Home,640,768,Train,Lite Table Lamp (Red)
IMG01242,P00467,images/P00467/img77.jpg,Home,480,640,Train,Mini Bed Sheet Set (White)
IMG01243,P00362,images/P00362/img75.jpg,Home,1024,480,Train,Plus Wall Clock (Red)
IMG01244,P00387,images/P00387/img13.jpg,Stationery,720,360,Train,Plus Sticky Notes (Grey)
IMG01245,P00232,images/P00232/img52.jpg,Home,320,640,Validation,Classic Table Lamp (Red)
IMG01246,P00294,images/P00294/img38.jpg,Stationery,720,240,Train,Standard Sticky Notes (White)
IMG01247,P00741,images/P00741/img90.jpg,Stationery,720,480,Train,Deluxe Stapler (Blue)
IMG01248,P00624,images/P00624/img95.jpg,Footwear,320,360,Train,Deluxe Sports Shoes (Red)
IMG01249,P00031,images/P00031/img20.jpg,Stationery,1024,640,Train,Compact Stapler (Black)
IMG01250,P00024,images/P00024/img93.jpg,Home,720,240,Train,Premium Candle Holder (Blue)
IMG01251,P00027,images/P00027/img55.jpg,Accessories,640,768,Train,Mini Belt (Silver)
IMG01252,P00783,images/P00783/img19.jpg,Stationery,480,360,Train,Plus File Folder (Blue)
IMG01253,P00690,images/P00690/img97.jpg,Stationery,1024,640,Test,Standard Calculator (Black)
IMG01254,P00637,images/P00637/img81.jpg,Footwear,1024,240,Train,Deluxe Sneakers (Grey)
IMG01255,P00793,images/P00793/img70.jpg,Electronics,1024,240,Train,Standard HDMI Cable (White)
IMG01256,P00538,images/P00538/img39.jpg,Accessories,1024,768,Train,Max Umbrella (Red)
IMG01257,P00397,images/P00397/img88.jpg,Footwear,640,480,Train,Mini Sandals (Blue)
IMG01258,P00717,images/P00717/img09.jpg,Accessories,480,480,Train,Deluxe Keychain (White)
IMG01259,P00148,images/P00148/img77.jpg,Stationery,720,240,Train,Classic Calculator (Beige)
IMG01260,P00785,images/P00785/img80.jpg,Electronics,320,360,Validation,Max Power Bank (Black)
IMG01261,P00186,images/P00186/img94.jpg,Electronics,320,640,Train,Compact Charger (Blue)
IMG01262,P00760,images/P00760/img99.jpg,Electronics,1024,480,Train,Mini Webcam (Black)
IMG01263,P00705,images/P00705/img10.jpg,Footwear,1024,640,Train,Compact Sneakers (Blue)
IMG01264,P00455,images/P00455/img67.jpg,Home,480,360,Test,Lite Photo Frame (Red)
IMG01265,P00417,images/P00417/img62.jpg,Accessories,640,640,Validation,Mini Belt (Beige)
IMG01266,P00422,images/P00422/img91.jpg,Stationery,640,768,Train,Max Desk Organizer (Blue)
IMG01267,P00702,images/P00702/img72.jpg,Home,720,360,Validation,Premium Table Lamp (Silver)
IMG01268,P00571,images/P00571/img61.jpg,Electronics,1024,480,Train,Compact Tablet Stand (Red)
IMG01269,P00604,images/P00604/img93.jpg,Footwear,720,240,Train,Premium Flip Flops (Red)
IMG01270,P00789,images/P00789/img67.jpg,Accessories,1024,640,Train,Lite Wallet (White)
IMG01271,P00290,images/P00290/img92.jpg,Accessories,1024,240,Validation,Pro Watch Strap (Blue)
IMG01272,P00750,images/P00750/img57.jpg,Stationery,320,640,Train,Pro Notebook (Silver)
IMG01273,P00223,images/P00223/img62.jpg,Accessories,1024,640,Train,Pro Handbag (Blue)
IMG01274,P00456,images/P00456/img20.jpg,Electronics,720,640,Train,Mini Wireless Mouse (Silver)
IMG01275,P00169,images/P00169/img50.jpg,Footwear,1024,240,Train,Mini Sports Shoes (Grey)
IMG01276,P00427,images/P00427/img09.jpg,Home,640,768,Train,Classic Door Mat (Beige)
IMG01277,P00409,images/P00409/img40.jpg,Electronics,320,640,Train,Max HDMI Cable (Silver)
IMG01278,P00137,images/P00137/img06.jpg,Accessories,480,768,Train,Plus Handbag (White)
IMG01279,P00730,images/P00730/img04.jpg,Footwear,720,480,Test,Classic Boots (Grey)
IMG01280,P00330,images/P00330/img91.jpg,Electronics,1024,640,Train,Deluxe Power Bank (Grey)
IMG01281,P00759,images/P00759/img36.jpg,Accessories,320,360,Train,Plus Wallet (Grey)
IMG01282,P00287,images/P00287/img44.jpg,Accessories,1024,240,Train,Max Wallet (Silver)
IMG01283,P00246,images/P00246/img87.jpg,Stationery,320,480,Train,Max File Folder (Beige)
IMG01284,P00277,images/P00277/img22.jpg,Home,320,480,Validation,Deluxe Water Bottle (Green)
IMG01285,P00152,images/P00152/img44.jpg,Footwear,640,480,Train,Plus Slippers (Green)
IMG01286,P00258,images/P00258/img29.jpg,Electronics,640,360,Validation,Mini Laptop Stand (Grey)
IMG01287,P00152,images/P00152/img45.jpg,Footwear,320,240,Validation,Plus Slippers (Green)
IMG01288,P00745,images/P00745/img49.jpg,Footwear,1024,768,Train,Plus Sandals (Red)
IMG01289,P00037,images/P00037/img45.jpg,Footwear,320,240,Train,Mini Loafers (Black)
IMG01290,P00258,images/P00258/img89.jpg,Electronics,320,480,Test,Mini Laptop Stand (Grey)
IMG01291,P00311,images/P00311/img97.jpg,Electronics,1024,360,Validation,Premium Laptop Stand (Green)
IMG01292,P00193,images/P00193/img37.jpg,Footwear,1024,480,Train,Pro Slippers (Black)
IMG01293,P00530,images/P00530/img32.jpg,Stationery,640,360,Validation,Lite Scissors (Silver)
IMG01294,P00063,images/P00063/img54.jpg,Home,320,640,Validation,Premium Door Mat (Red)
IMG01295,P00663,images/P00663/img94.jpg,Accessories,320,480,Test,Mini Wallet (White)
IMG01296,P00491,images/P00491/img51.jpg,Accessories,640,360,Train,Premium Belt (White)
IMG01297,P00406,images/P00406/img79.jpg,Stationery,320,640,Train,Compact Pen Set (White)
IMG01298,P00241,images/P00241/img17.jpg,Stationery,640,360,Train,Classic Stapler (Grey)
IMG01299,P00233,images/P00233/img37.jpg,Footwear,320,640,Validation,Compact Boots (Black)
IMG01300,P00602,images/P00602/img92.jpg,Home,480,240,Train,Plus Bed Sheet Set (Beige)
IMG01301,P00469,images/P00469/img08.jpg,Stationery,320,480,Train,Standard File Folder (White)
IMG01302,P00295,images/P00295/img41.jpg,Home,1024,640,Train,Standard Curtain (Grey)
IMG01303,P00637,images/P00637/img04.jpg,Footwear,320,360,Validation,Deluxe Sneakers (Grey)
IMG01304,P00124,images/P00124/img62.jpg,Footwear,480,240,Test,Mini Sneakers (Black)
IMG01305,P00689,images/P00689/img69.jpg,Home,640,240,Train,Premium Curtain (Beige)
IMG01306,P00456,images/P00456/img05.jpg,Electronics,1024,480,Train,Mini Wireless Mouse (Silver)
IMG01307,P00094,images/P00094/img45.jpg,Home,480,240,Train,Classic Storage Box (Grey)
IMG01308,P00776,images/P00776/img78.jpg,Accessories,1024,640,Train,Max Wallet (Grey)
IMG01309,P00484,images/P00484/img67.jpg,Home,720,360,Train,Lite Bed Sheet Set (Grey)
IMG01310,P00669,images/P00669/img52.jpg,Stationery,320,480,Train,Mini Calculator (Beige)
IMG01311,P00247,images/P00247/img55.jpg,Electronics,1024,768,Train,Premium Webcam (Beige)
IMG01312,P00280,images/P00280/img86.jpg,Stationery,720,480,Train,Compact Scissors (Grey)
IMG01313,P00292,images/P00292/img98.jpg,Electronics,640,640,Test,Max Headphones (Blue)
IMG01314,P00397,images/P00397/img01.jpg,Footwear,720,360,Validation,Mini Sandals (Blue)
IMG01315,P00359,images/P00359/img30.jpg,Footwear,720,640,Train,Premium Hiking Boots (Green)
IMG01316,P00620,images/P00620/img22.jpg,Footwear,1024,240,Validation,Plus Loafers (Beige)
IMG01317,P00482,images/P00482/img10.jpg,Electronics,320,360,Train,Deluxe Monitor (Grey)
IMG01318,P00240,images/P00240/img45.jpg,Electronics,640,360,Train,Standard Power Bank (Green)
IMG01319,P00239,images/P00239/img32.jpg,Footwear,320,240,Train,Compact Hiking Boots (Blue)
IMG01320,P00704,images/P00704/img63.jpg,Electronics,320,640,Train,Plus Wireless Mouse (White)
IMG01321,P00328,images/P00328/img40.jpg,Stationery,720,768,Train,Deluxe Notebook (Green)
IMG01322,P00585,images/P00585/img96.jpg,Stationery,1024,240,Train,Plus Sticky Notes (White)
IMG01323,P00593,images/P00593/img61.jpg,Stationery,1024,240,Train,Premium Notebook (Black)
IMG01324,P00245,images/P00245/img06.jpg,Home,480,360,Validation,Max Photo Frame (Red)
IMG01325,P00602,images/P00602/img78.jpg,Home,320,640,Train,Plus Bed Sheet Set (Beige)
IMG01326,P00526,images/P00526/img43.jpg,Home,320,360,Test,Deluxe Bed Sheet Set (Silver)
IMG01327,P00474,images/P00474/img52.jpg,Stationery,720,240,Train,Lite Sticky Notes (Blue)
IMG01328,P00264,images/P00264/img37.jpg,Home,320,768,Train,Mini Curtain (Red)
IMG01329,P00778,images/P00778/img04.jpg,Stationery,640,640,Validation,Compact Desk Organizer (Red)
IMG01330,P00436,images/P00436/img92.jpg,Stationery,320,480,Train,Lite Highlighter Set (Black)
IMG01331,P00393,images/P00393/img75.jpg,Home,480,640,Train,Max Cushion (Blue)
IMG01332,P00045,images/P00045/img45.jpg,Home,640,360,Validation,Premium Photo Frame (Silver)
IMG01333,P00425,images/P00425/img28.jpg,Electronics,640,640,Train,Plus Smart Watch (White)
IMG01334,P00040,images/P00040/img72.jpg,Footwear,1024,480,Train,Max Running Shoes (White)
IMG01335,P00454,images/P00454/img40.jpg,Electronics,640,480,Train,Mini Router (Green)
IMG01336,P00077,images/P00077/img32.jpg,Accessories,1024,768,Train,Mini Watch Strap (Grey)
IMG01337,P00324,images/P00324/img70.jpg,Electronics,480,360,Train,Standard Webcam (Green)
IMG01338,P00352,images/P00352/img19.jpg,Electronics,720,360,Validation,Premium Wireless Mouse (Beige)
IMG01339,P00211,images/P00211/img32.jpg,Stationery,1024,240,Train,Mini Marker Pack (Grey)
IMG01340,P00783,images/P00783/img13.jpg,Stationery,720,640,Test,Plus File Folder (Blue)
IMG01341,P00616,images/P00616/img66.jpg,Home,1024,240,Train,Compact Cushion (Green)
IMG01342,P00779,images/P00779/img27.jpg,Home,1024,240,Train,Classic Wall Clock (Red)
IMG01343,P00011,images/P00011/img51.jpg,Electronics,480,240,Train,Premium Charger (White)
IMG01344,P00323,images/P00323/img77.jpg,Accessories,640,240,Validation,Standard Umbrella (Beige)
IMG01345,P00413,images/P00413/img16.jpg,Electronics,640,240,Train,Pro Webcam (Green)
IMG01346,P00527,images/P00527/img55.jpg,Electronics,1024,640,Train,Mini Charger (Red)
IMG01347,P00676,images/P00676/img56.jpg,Electronics,1024,240,Validation,Plus Keyboard (Beige)
IMG01348,P00248,images/P00248/img29.jpg,Home,1024,360,Train,Premium Storage Box (Black)
IMG01349,P00059,images/P00059/img77.jpg,Footwear,480,240,Train,Premium Boots (Red)
IMG01350,P00637,images/P00637/img14.jpg,Footwear,320,480,Test,Deluxe Sneakers (Grey)
IMG01351,P00739,images/P00739/img68.jpg,Footwear,1024,360,Train,Mini Hiking Boots (Red)
IMG01352,P00703,images/P00703/img49.jpg,Accessories,1024,480,Train,Lite Wallet (Black)
IMG01353,P00588,images/P00588/img66.jpg,Home,1024,480,Validation,Standard Bed Sheet Set (Beige)
IMG01354,P00638,images/P00638/img25.jpg,Accessories,1024,768,Train,Standard Cap (White)
IMG01355,P00688,images/P00688/img50.jpg,Footwear,640,640,Test,Standard Sports Shoes (White)
IMG01356,P00012,images/P00012/img81.jpg,Home,720,240,Train,Compact Table Lamp (Grey)
IMG01357,P00628,images/P00628/img55.jpg,Footwear,320,360,Train,Classic Flip Flops (Black)
IMG01358,P00533,images/P00533/img94.jpg,Home,480,360,Train,Premium Photo Frame (Green)
IMG01359,P00566,images/P00566/img81.jpg,Footwear,480,360,Train,Premium Sandals (Blue)
IMG01360,P00383,images/P00383/img28.jpg,Home,720,480,Train,Deluxe Photo Frame (Black)
IMG01361,P00696,images/P00696/img64.jpg,Home,480,640,Train,Standard Photo Frame (Silver)
IMG01362,P00342,images/P00342/img79.jpg,Accessories,480,480,Train,Deluxe Handbag (White)
IMG01363,P00667,images/P00667/img09.jpg,Home,1024,768,Validation,Lite Water Bottle (Beige)
IMG01364,P00156,images/P00156/img06.jpg,Electronics,720,768,Train,Max USB-C Cable (Black)
IMG01365,P00369,images/P00369/img99.jpg,Stationery,720,640,Train,Plus Desk Organizer (Green)
IMG01366,P00499,images/P00499/img94.jpg,Footwear,720,768,Validation,Deluxe Sneakers (Green)
IMG01367,P00483,images/P00483/img16.jpg,Footwear,480,240,Validation,Standard Hiking Boots (Black)
IMG01368,P00642,images/P00642/img33.jpg,Stationery,1024,360,Test,Classic Highlighter Set (Black)
IMG01369,P00509,images/P00509/img17.jpg,Stationery,320,240,Train,Mini Scissors (Red)
IMG01370,P00721,images/P00721/img55.jpg,Stationery,480,360,Test,Deluxe Sticky Notes (Beige)
IMG01371,P00343,images/P00343/img55.jpg,Electronics,1024,768,Validation,Mini Bluetooth Speaker (Black)
IMG01372,P00385,images/P00385/img46.jpg,Stationery,720,480,Validation,Lite File Folder (Grey)
IMG01373,P00792,images/P00792/img76.jpg,Home,480,640,Validation,Classic Cushion (Red)
IMG01374,P00655,images/P00655/img03.jpg,Accessories,720,240,Test,Lite Backpack (Silver)
IMG01375,P00718,images/P00718/img96.jpg,Footwear,720,480,Train,Pro Loafers (Red)
IMG01376,P00003,images/P00003/img28.jpg,Stationery,1024,240,Train,Classic File Folder (Black)
IMG01377,P00664,images/P00664/img08.jpg,Footwear,640,360,Validation,Premium Sports Shoes (Beige)
IMG01378,P00554,images/P00554/img01.jpg,Home,320,480,Train,Mini Wall Clock (Black)
IMG01379,P00072,images/P00072/img46.jpg,Stationery,320,240,Train,Max Pen Set (Beige)
IMG01380,P00711,images/P00711/img69.jpg,Accessories,480,480,Train,Deluxe Wallet (White)
IMG01381,P00310,images/P00310/img89.jpg,Footwear,1024,480,Validation,Compact Sports Shoes (White)
IMG01382,P00301,images/P00301/img24.jpg,Footwear,640,480,Train,Classic Hiking Boots (Black)
IMG01383,P00071,images/P00071/img36.jpg,Stationery,320,640,Validation,Mini Pen Set (White)
IMG01384,P00309,images/P00309/img28.jpg,Electronics,720,640,Train,Lite Bluetooth Speaker (Black)
IMG01385,P00101,images/P00101/img67.jpg,Home,480,360,Train,Max Cushion (Silver)
IMG01386,P00490,images/P00490/img87.jpg,Footwear,1024,768,Train,Compact Loafers (White)
IMG01387,P00718,images/P00718/img50.jpg,Footwear,1024,480,Train,Pro Loafers (Red)
IMG01388,P00661,images/P00661/img47.jpg,Accessories,480,480,Train,Pro Handbag (White)
IMG01389,P00779,images/P00779/img76.jpg,Home,480,640,Train,Classic Wall Clock (Red)
IMG01390,P00267,images/P00267/img98.jpg,Stationery,480,480,Test,Pro Sticky Notes (Silver)
IMG01391,P00596,images/P00596/img03.jpg,Footwear,640,240,Train,Lite Flip Flops (Red)
IMG01392,P00630,images/P00630/img31.jpg,Home,1024,480,Validation,Max Storage Box (White)
IMG01393,P00589,images/P00589/img66.jpg,Footwear,320,768,Train,Premium Sneakers (Green)
IMG01394,P00242,images/P00242/img92.jpg,Accessories,480,480,Train,Deluxe Keychain (Silver)
IMG01395,P00371,images/P00371/img64.jpg,Home,640,360,Train,Lite Wall Clock (Black)
IMG01396,P00665,images/P00665/img24.jpg,Electronics,640,768,Train,Pro Wireless Mouse (Green)
IMG01397,P00646,images/P00646/img10.jpg,Accessories,480,360,Validation,Pro Backpack (Grey)
IMG01398,P00413,images/P00413/img98.jpg,Electronics,1024,480,Train,Pro Webcam (Green)
IMG01399,P00599,images/P00599/img98.jpg,Home,480,768,Train,Lite Wall Clock (Black)
IMG01400,P00106,images/P00106/img07.jpg,Electronics,720,360,Validation,Lite Headphones (Blue)
IMG01401,P00391,images/P00391/img71.jpg,Stationery,640,360,Train,Classic Scissors (Green)
IMG01402,P00700,images/P00700/img06.jpg,Accessories,320,640,Train,Plus Cap (Silver)
IMG01403,P00345,images/P00345/img77.jpg,Home,320,240,Train,Premium Curtain (Beige)
IMG01404,P00188,images/P00188/img94.jpg,Stationery,640,640,Train,Deluxe Calculator (Grey)
IMG01405,P00662,images/P00662/img98.jpg,Electronics,640,480,Train,Premium Power Bank (Green)
IMG01406,P00266,images/P00266/img66.jpg,Electronics,480,360,Train,Premium HDMI Cable (Grey)
IMG01407,P00774,images/P00774/img27.jpg,Electronics,320,360,Train,Standard Router (Green)
IMG01408,P00630,images/P00630/img42.jpg,Home,1024,768,Validation,Max Storage Box (White)
IMG01409,P00374,images/P00374/img42.jpg,Accessories,720,360,Test,Pro Cap (White)
IMG01410,P00226,images/P00226/img78.jpg,Electronics,720,480,Train,Lite Webcam (Green)
IMG01411,P00656,images/P00656/img52.jpg,Home,320,768,Train,Plus Cushion (Beige)
IMG01412,P00364,images/P00364/img06.jpg,Stationery,480,640,Train,Max Calculator (Green)
IMG01413,P00780,images/P00780/img48.jpg,Home,1024,768,Train,Pro Candle Holder (Red)
IMG01414,P00273,images/P00273/img98.jpg,Electronics,480,480,Train,Classic Router (Silver)
IMG01415,P00586,images/P00586/img47.jpg,Footwear,1024,480,Train,Standard Flip Flops (Blue)
IMG01416,P00617,images/P00617/img16.jpg,Accessories,720,360,Train,Premium Watch Strap (Green)
IMG01417,P00483,images/P00483/img08.jpg,Footwear,480,640,Validation,Standard Hiking Boots (Black)
IMG01418,P00634,images/P00634/img72.jpg,Electronics,1024,768,Train,Compact Wireless Mouse (Grey)
IMG01419,P00486,images/P00486/img25.jpg,Home,720,360,Train,Classic Table Lamp (Blue)
IMG01420,P00099,images/P00099/img45.jpg,Accessories,480,640,Validation,Max Watch Strap (Grey)
IMG01421,P00206,images/P00206/img60.jpg,Footwear,640,768,Train,Standard Running Shoes (Silver)
IMG01422,P00126,images/P00126/img69.jpg,Home,640,480,Validation,Deluxe Candle Holder (Red)
IMG01423,P00507,images/P00507/img69.jpg,Stationery,1024,240,Train,Pro Desk Organizer (Blue)
IMG01424,P00154,images/P00154/img74.jpg,Electronics,320,768,Train,Classic Laptop Stand (Black)
IMG01425,P00297,images/P00297/img07.jpg,Home,1024,240,Train,Max Door Mat (Green)
IMG01426,P00172,images/P00172/img44.jpg,Footwear,640,768,Validation,Lite Formal Shoes (Silver)
IMG01427,P00523,images/P00523/img20.jpg,Footwear,640,640,Train,Deluxe Running Shoes (White)
IMG01428,P00113,images/P00113/img28.jpg,Home,320,360,Train,Plus Table Lamp (Green)
IMG01429,P00032,images/P00032/img30.jpg,Electronics,720,360,Train,Compact Monitor (Grey)
IMG01430,P00309,images/P00309/img06.jpg,Electronics,640,360,Train,Lite Bluetooth Speaker (Black)
IMG01431,P00703,images/P00703/img88.jpg,Accessories,640,240,Train,Lite Wallet (Black)
IMG01432,P00428,images/P00428/img36.jpg,Accessories,720,768,Train,Classic Cap (Green)
IMG01433,P00681,images/P00681/img08.jpg,Home,720,240,Test,Max Curtain (Green)
IMG01434,P00738,images/P00738/img30.jpg,Footwear,480,640,Train,Plus Hiking Boots (Beige)
IMG01435,P00636,images/P00636/img69.jpg,Footwear,720,480,Validation,Pro Formal Shoes (Blue)
IMG01436,P00328,images/P00328/img10.jpg,Stationery,320,360,Train,Deluxe Notebook (Green)
IMG01437,P00751,images/P00751/img37.jpg,Accessories,720,480,Train,Compact Wallet (Beige)
IMG01438,P00551,images/P00551/img14.jpg,Accessories,1024,360,Train,Premium Cap (Silver)
IMG01439,P00171,images/P00171/img03.jpg,Home,720,240,Train,Lite Curtain (Green)
IMG01440,P00175,images/P00175/img88.jpg,Footwear,640,240,Train,Max Slippers (Green)
IMG01441,P00615,images/P00615/img11.jpg,Home,720,640,Test,Deluxe Cushion (Red)
IMG01442,P00523,images/P00523/img92.jpg,Footwear,720,768,Train,Deluxe Running Shoes (White)
IMG01443,P00022,images/P00022/img39.jpg,Accessories,720,240,Train,Lite Watch Strap (White)
IMG01444,P00410,images/P00410/img24.jpg,Accessories,480,480,Train,Standard Backpack (Black)
IMG01445,P00078,images/P00078/img58.jpg,Home,720,480,Test,Pro Photo Frame (Black)
IMG01446,P00080,images/P00080/img60.jpg,Electronics,640,768,Test,Max Smart Watch (Grey)
IMG01447,P00039,images/P00039/img77.jpg,Electronics,480,360,Test,Plus HDMI Cable (Grey)
IMG01448,P00227,images/P00227/img53.jpg,Electronics,320,480,Train,Standard Earbuds (Black)
IMG01449,P00497,images/P00497/img03.jpg,Home,720,240,Train,Premium Wall Clock (Black)
IMG01450,P00444,images/P00444/img07.jpg,Electronics,640,640,Test,Lite Webcam (Grey)
IMG01451,P00390,images/P00390/img42.jpg,Footwear,480,640,Train,Pro Flip Flops (Beige)
IMG01452,P00592,images/P00592/img72.jpg,Footwear,480,240,Train,Pro Sneakers (White)
IMG01453,P00164,images/P00164/img94.jpg,Electronics,640,768,Validation,Lite Charger (White)
IMG01454,P00163,images/P00163/img18.jpg,Footwear,320,768,Test,Deluxe Formal Shoes (Red)
IMG01455,P00549,images/P00549/img58.jpg,Home,320,240,Train,Mini Door Mat (Grey)
IMG01456,P00160,images/P00160/img88.jpg,Stationery,640,480,Train,Pro Desk Organizer (Blue)
IMG01457,P00353,images/P00353/img10.jpg,Footwear,720,768,Train,Standard Sandals (Red)
IMG01458,P00085,images/P00085/img28.jpg,Accessories,720,240,Train,Pro Wallet (Blue)
IMG01459,P00268,images/P00268/img04.jpg,Accessories,1024,480,Test,Lite Keychain (Beige)
IMG01460,P00487,images/P00487/img67.jpg,Home,640,360,Train,Premium Candle Holder (Silver)
IMG01461,P00326,images/P00326/img92.jpg,Electronics,320,360,Validation,Pro Headphones (White)
IMG01462,P00652,images/P00652/img38.jpg,Electronics,480,768,Train,Plus Smart Watch (Black)
IMG01463,P00621,images/P00621/img92.jpg,Electronics,320,768,Train,Max Router (Blue)
IMG01464,P00701,images/P00701/img95.jpg,Footwear,720,480,Train,Premium Flip Flops (Green)
IMG01465,P00323,images/P00323/img76.jpg,Accessories,640,768,Train,Standard Umbrella (Beige)
IMG01466,P00421,images/P00421/img18.jpg,Electronics,320,768,Train,Premium Tablet Stand (Black)
IMG01467,P00135,images/P00135/img95.jpg,Stationery,720,768,Train,Max Highlighter Set (Grey)
IMG01468,P00513,images/P00513/img82.jpg,Stationery,720,240,Validation,Mini Calculator (Green)
IMG01469,P00161,images/P00161/img46.jpg,Accessories,320,768,Train,Deluxe Wallet (Black)
IMG01470,P00195,images/P00195/img82.jpg,Home,480,240,Train,Mini Photo Frame (Black)
IMG01471,P00052,images/P00052/img54.jpg,Stationery,1024,360,Train,Premium Desk Organizer (Red)
IMG01472,P00014,images/P00014/img42.jpg,Electronics,480,768,Train,Max Wireless Mouse (Grey)
IMG01473,P00345,images/P00345/img21.jpg,Home,1024,240,Train,Premium Curtain (Beige)
IMG01474,P00257,images/P00257/img74.jpg,Footwear,720,768,Train,Standard Formal Shoes (White)
IMG01475,P00458,images/P00458/img41.jpg,Accessories,480,360,Train,Premium Cap (Red)
IMG01476,P00387,images/P00387/img49.jpg,Stationery,320,240,Train,Plus Sticky Notes (Grey)
IMG01477,P00564,images/P00564/img20.jpg,Home,320,240,Validation,Lite Bed Sheet Set (White)
IMG01478,P00423,images/P00423/img23.jpg,Accessories,320,480,Train,Classic Watch Strap (Green)
IMG01479,P00689,images/P00689/img17.jpg,Home,640,480,Train,Premium Curtain (Beige)
IMG01480,P00249,images/P00249/img07.jpg,Footwear,1024,768,Test,Deluxe Flip Flops (Green)
IMG01481,P00402,images/P00402/img23.jpg,Stationery,1024,480,Train,Premium Highlighter Set (Grey)
IMG01482,P00682,images/P00682/img53.jpg,Home,640,768,Validation,Standard Wall Clock (Green)
IMG01483,P00782,images/P00782/img63.jpg,Accessories,320,640,Train,Mini Handbag (Beige)
IMG01484,P00224,images/P00224/img38.jpg,Accessories,640,640,Train,Premium Watch Strap (Grey)
IMG01485,P00074,images/P00074/img46.jpg,Stationery,640,480,Train,Classic Desk Organizer (White)
IMG01486,P00497,images/P00497/img33.jpg,Home,480,240,Train,Premium Wall Clock (Black)
IMG01487,P00584,images/P00584/img14.jpg,Home,1024,480,Validation,Standard Candle Holder (White)
IMG01488,P00364,images/P00364/img73.jpg,Stationery,640,240,Test,Max Calculator (Green)
IMG01489,P00748,images/P00748/img02.jpg,Electronics,640,480,Train,Compact Keyboard (Grey)
IMG01490,P00589,images/P00589/img07.jpg,Footwear,720,480,Train,Premium Sneakers (Green)
IMG01491,P00737,images/P00737/img64.jpg,Electronics,1024,360,Test,Pro Laptop Stand (Red)
IMG01492,P00151,images/P00151/img39.jpg,Electronics,320,768,Validation,Standard Power Bank (Green)
IMG01493,P00536,images/P00536/img50.jpg,Accessories,720,640,Train,Lite Sunglasses (Black)
IMG01494,P00676,images/P00676/img14.jpg,Electronics,1024,640,Train,Plus Keyboard (Beige)
IMG01495,P00014,images/P00014/img57.jpg,Electronics,640,768,Validation,Max Wireless Mouse (Grey)
IMG01496,P00622,images/P00622/img02.jpg,Electronics,320,640,Train,Compact Power Bank (Beige)
IMG01497,P00564,images/P00564/img06.jpg,Home,480,240,Train,Lite Bed Sheet Set (White)
IMG01498,P00118,images/P00118/img48.jpg,Home,640,640,Validation,Classic Bed Sheet Set (Grey)
IMG01499,P00473,images/P00473/img41.jpg,Home,480,240,Train,Classic Bed Sheet Set (White)
IMG01500,P00201,images/P00201/img48.jpg,Stationery,1024,360,Train,Premium File Folder (Silver)
IMG01501,P00752,images/P00752/img36.jpg,Footwear,640,480,Train,Max Sports Shoes (Silver)
IMG01502,P00462,images/P00462/img56.jpg,Accessories,640,480,Validation,Compact Wallet (Grey)
IMG01503,P00541,images/P00541/img66.jpg,Footwear,1024,240,Train,Compact Running Shoes (Red)
IMG01504,P00381,images/P00381/img80.jpg,Footwear,480,768,Validation,Premium Slippers (Blue)
IMG01505,P00599,images/P00599/img60.jpg,Home,720,480,Train,Lite Wall Clock (Black)
IMG01506,P00315,images/P00315/img18.jpg,Electronics,640,768,Train,Standard Laptop Stand (Beige)
IMG01507,P00510,images/P00510/img96.jpg,Stationery,640,360,Train,Standard Calculator (Black)
IMG01508,P00117,images/P00117/img21.jpg,Home,320,360,Validation,Deluxe Storage Box (Grey)
IMG01509,P00762,images/P00762/img28.jpg,Electronics,720,240,Train,Pro Charger (Black)
IMG01510,P00109,images/P00109/img39.jpg,Home,640,360,Train,Compact Curtain (White)
IMG01511,P00182,images/P00182/img32.jpg,Stationery,480,768,Train,Premium Scissors (Green)
IMG01512,P00777,images/P00777/img37.jpg,Electronics,480,240,Train,Lite Tablet Stand (Red)
IMG01513,P00771,images/P00771/img13.jpg,Stationery,720,768,Train,Premium Sticky Notes (Green)
IMG01514,P00736,images/P00736/img74.jpg,Electronics,640,360,Validation,Lite Laptop Stand (Green)
IMG01515,P00299,images/P00299/img25.jpg,Electronics,320,640,Train,Lite Keyboard (Red)
IMG01516,P00707,images/P00707/img66.jpg,Home,640,640,Train,Standard Cushion (Blue)
IMG01517,P00012,images/P00012/img78.jpg,Home,320,360,Train,Compact Table Lamp (Grey)
IMG01518,P00113,images/P00113/img84.jpg,Home,640,768,Train,Plus Table Lamp (Green)
IMG01519,P00670,images/P00670/img27.jpg,Footwear,480,360,Train,Lite Sandals (Grey)
IMG01520,P00254,images/P00254/img73.jpg,Electronics,480,640,Train,Plus Tablet Stand (Beige)
IMG01521,P00365,images/P00365/img90.jpg,Accessories,720,360,Train,Max Sunglasses (White)
IMG01522,P00696,images/P00696/img58.jpg,Home,480,240,Train,Standard Photo Frame (Silver)
IMG01523,P00370,images/P00370/img87.jpg,Footwear,720,640,Train,Pro Slippers (Silver)
IMG01524,P00701,images/P00701/img23.jpg,Footwear,480,768,Train,Premium Flip Flops (Green)
IMG01525,P00368,images/P00368/img69.jpg,Home,480,640,Train,Deluxe Door Mat (Silver)
IMG01526,P00027,images/P00027/img13.jpg,Accessories,720,240,Validation,Mini Belt (Silver)
IMG01527,P00058,images/P00058/img25.jpg,Stationery,320,360,Validation,Mini Highlighter Set (Beige)
IMG01528,P00449,images/P00449/img75.jpg,Stationery,640,360,Train,Classic Sticky Notes (Blue)
IMG01529,P00217,images/P00217/img87.jpg,Home,640,240,Train,Deluxe Photo Frame (Grey)
IMG01530,P00302,images/P00302/img97.jpg,Accessories,720,480,Train,Mini Belt (Red)
IMG01531,P00075,images/P00075/img43.jpg,Home,720,768,Validation,Deluxe Curtain (Green)
IMG01532,P00231,images/P00231/img21.jpg,Stationery,480,768,Test,Lite Sticky Notes (Silver)
IMG01533,P00074,images/P00074/img90.jpg,Stationery,1024,240,Train,Classic Desk Organizer (White)
IMG01534,P00520,images/P00520/img81.jpg,Accessories,320,768,Train,Deluxe Keychain (Red)
IMG01535,P00578,images/P00578/img11.jpg,Accessories,720,640,Train,Standard Backpack (Grey)
IMG01536,P00083,images/P00083/img74.jpg,Stationery,1024,360,Validation,Deluxe Stapler (Black)
IMG01537,P00475,images/P00475/img83.jpg,Footwear,320,640,Test,Max Loafers (Green)
IMG01538,P00345,images/P00345/img52.jpg,Home,720,768,Train,Premium Curtain (Beige)
IMG01539,P00649,images/P00649/img72.jpg,Home,720,640,Train,Lite Table Lamp (Blue)
IMG01540,P00126,images/P00126/img20.jpg,Home,320,640,Validation,Deluxe Candle Holder (Red)
IMG01541,P00732,images/P00732/img95.jpg,Home,640,480,Train,Premium Curtain (White)
IMG01542,P00111,images/P00111/img45.jpg,Electronics,720,480,Validation,Standard Charger (Black)
IMG01543,P00293,images/P00293/img28.jpg,Home,720,480,Test,Plus Door Mat (Beige)
IMG01544,P00541,images/P00541/img24.jpg,Footwear,640,768,Train,Compact Running Shoes (Red)
IMG01545,P00221,images/P00221/img19.jpg,Footwear,1024,240,Validation,Standard Hiking Boots (Silver)
IMG01546,P00015,images/P00015/img13.jpg,Electronics,480,768,Train,Max Tablet Stand (White)
IMG01547,P00361,images/P00361/img65.jpg,Home,640,480,Train,Standard Curtain (White)
IMG01548,P00459,images/P00459/img25.jpg,Stationery,640,360,Train,Premium Stapler (Red)
IMG01549,P00270,images/P00270/img05.jpg,Home,720,240,Train,Pro Door Mat (Red)
IMG01550,P00643,images/P00643/img74.jpg,Footwear,320,360,Train,Premium Formal Shoes (Beige)
IMG01551,P00043,images/P00043/img34.jpg,Stationery,720,480,Train,Lite Sticky Notes (Beige)
IMG01552,P00511,images/P00511/img40.jpg,Electronics,320,480,Train,Mini Wireless Mouse (Green)
IMG01553,P00443,images/P00443/img33.jpg,Stationery,640,480,Train,Plus Stapler (White)
IMG01554,P00069,images/P00069/img82.jpg,Accessories,480,768,Train,Classic Backpack (Silver)
IMG01555,P00244,images/P00244/img68.jpg,Accessories,480,640,Train,Compact Handbag (Beige)
IMG01556,P00102,images/P00102/img20.jpg,Accessories,1024,480,Validation,Max Cap (Red)
IMG01557,P00190,images/P00190/img74.jpg,Footwear,1024,360,Train,Mini Loafers (Grey)
IMG01558,P00790,images/P00790/img29.jpg,Stationery,480,640,Train,Mini Marker Pack (Green)
IMG01559,P00671,images/P00671/img05.jpg,Accessories,1024,480,Train,Mini Umbrella (White)
IMG01560,P00072,images/P00072/img28.jpg,Stationery,1024,240,Train,Max Pen Set (Beige)
IMG01561,P00150,images/P00150/img20.jpg,Home,720,640,Train,Premium Storage Box (Blue)
IMG01562,P00360,images/P00360/img71.jpg,Electronics,640,360,Train,Pro Keyboard (Red)
IMG01563,P00715,images/P00715/img11.jpg,Stationery,320,768,Validation,Deluxe File Folder (White)
IMG01564,P00710,images/P00710/img38.jpg,Home,480,360,Train,Max Water Bottle (Red)
IMG01565,P00123,images/P00123/img72.jpg,Electronics,640,768,Train,Max Tablet Stand (Grey)
IMG01566,P00090,images/P00090/img90.jpg,Footwear,480,360,Test,Mini Boots (Silver)
IMG01567,P00495,images/P00495/img45.jpg,Accessories,720,240,Train,Plus Keychain (Red)
IMG01568,P00299,images/P00299/img04.jpg,Electronics,1024,640,Train,Lite Keyboard (Red)
IMG01569,P00747,images/P00747/img69.jpg,Home,320,480,Validation,Premium Candle Holder (White)
IMG01570,P00379,images/P00379/img40.jpg,Electronics,480,640,Train,Pro Laptop Stand (Green)
IMG01571,P00654,images/P00654/img57.jpg,Accessories,640,768,Train,Deluxe Keychain (Beige)
IMG01572,P00575,images/P00575/img60.jpg,Stationery,480,240,Validation,Classic Highlighter Set (Silver)
IMG01573,P00743,images/P00743/img71.jpg,Stationery,640,360,Test,Mini Pen Set (Beige)
IMG01574,P00491,images/P00491/img56.jpg,Accessories,640,360,Validation,Premium Belt (White)
IMG01575,P00260,images/P00260/img84.jpg,Accessories,720,768,Train,Plus Handbag (Beige)
IMG01576,P00128,images/P00128/img76.jpg,Footwear,480,640,Train,Pro Running Shoes (Beige)
IMG01577,P00500,images/P00500/img89.jpg,Electronics,640,768,Train,Lite Wireless Mouse (Silver)
IMG01578,P00615,images/P00615/img20.jpg,Home,720,480,Train,Deluxe Cushion (Red)
IMG01579,P00674,images/P00674/img79.jpg,Accessories,320,240,Train,Premium Belt (Red)
IMG01580,P00635,images/P00635/img16.jpg,Stationery,720,240,Train,Classic Stapler (Beige)
IMG01581,P00142,images/P00142/img66.jpg,Home,320,240,Train,Classic Curtain (Beige)
IMG01582,P00104,images/P00104/img63.jpg,Accessories,320,480,Train,Pro Cap (Grey)
IMG01583,P00297,images/P00297/img92.jpg,Home,720,768,Validation,Max Door Mat (Green)
IMG01584,P00236,images/P00236/img61.jpg,Home,640,768,Train,Compact Wall Clock (Grey)
IMG01585,P00383,images/P00383/img18.jpg,Home,320,640,Train,Deluxe Photo Frame (Black)
IMG01586,P00132,images/P00132/img06.jpg,Home,720,360,Test,Compact Curtain (Beige)
IMG01587,P00495,images/P00495/img99.jpg,Accessories,320,240,Train,Plus Keychain (Red)
IMG01588,P00696,images/P00696/img30.jpg,Home,320,640,Train,Standard Photo Frame (Silver)
IMG01589,P00593,images/P00593/img41.jpg,Stationery,1024,240,Train,Premium Notebook (Black)
IMG01590,P00463,images/P00463/img62.jpg,Accessories,320,768,Train,Mini Sunglasses (Green)
IMG01591,P00673,images/P00673/img64.jpg,Accessories,720,640,Train,Pro Umbrella (Green)
IMG01592,P00068,images/P00068/img88.jpg,Electronics,720,640,Train,Compact Router (Black)
IMG01593,P00415,images/P00415/img35.jpg,Home,1024,480,Validation,Premium Storage Box (Silver)
IMG01594,P00697,images/P00697/img96.jpg,Stationery,1024,768,Train,Mini Calculator (Green)
IMG01595,P00647,images/P00647/img40.jpg,Stationery,640,360,Train,Classic Desk Organizer (Blue)
IMG01596,P00350,images/P00350/img08.jpg,Electronics,640,768,Validation,Lite USB-C Cable (Red)
IMG01597,P00524,images/P00524/img52.jpg,Footwear,640,480,Train,Premium Running Shoes (Green)
IMG01598,P00515,images/P00515/img55.jpg,Stationery,1024,480,Train,Deluxe Stapler (Green)
IMG01599,P00110,images/P00110/img23.jpg,Home,720,480,Train,Max Curtain (Grey)
IMG01600,P00506,images/P00506/img54.jpg,Home,720,640,Train,Premium Bed Sheet Set (Grey)
IMG01601,P00112,images/P00112/img44.jpg,Stationery,640,360,Train,Max Calculator (Green)
IMG01602,P00277,images/P00277/img12.jpg,Home,720,768,Train,Deluxe Water Bottle (Green)
IMG01603,P00187,images/P00187/img12.jpg,Footwear,320,360,Train,Premium Sneakers (Grey)
IMG01604,P00552,images/P00552/img14.jpg,Footwear,1024,640,Validation,Premium Flip Flops (Grey)
IMG01605,P00380,images/P00380/img04.jpg,Electronics,720,360,Train,Mini Smart Watch (Black)
IMG01606,P00334,images/P00334/img68.jpg,Accessories,640,640,Test,Max Keychain (Beige)
IMG01607,P00504,images/P00504/img63.jpg,Home,320,240,Train,Deluxe Water Bottle (Red)
IMG01608,P00377,images/P00377/img84.jpg,Home,720,768,Validation,Max Curtain (Green)
IMG01609,P00188,images/P00188/img56.jpg,Stationery,480,480,Train,Deluxe Calculator (Grey)
IMG01610,P00312,images/P00312/img24.jpg,Stationery,480,480,Test,Pro Desk Organizer (Silver)
IMG01611,P00190,images/P00190/img68.jpg,Footwear,1024,640,Train,Mini Loafers (Grey)
IMG01612,P00017,images/P00017/img43.jpg,Footwear,480,480,Train,Plus Loafers (Red)
IMG01613,P00215,images/P00215/img51.jpg,Home,480,640,Train,Compact Wall Clock (Silver)
IMG01614,P00336,images/P00336/img69.jpg,Stationery,720,240,Validation,Classic Stapler (Blue)
IMG01615,P00189,images/P00189/img13.jpg,Electronics,320,480,Train,Max Tablet Stand (Grey)
IMG01616,P00727,images/P00727/img71.jpg,Stationery,640,768,Validation,Premium Calculator (Beige)
IMG01617,P00265,images/P00265/img20.jpg,Home,720,240,Train,Premium Wall Clock (Grey)
IMG01618,P00648,images/P00648/img40.jpg,Accessories,720,240,Train,Max Backpack (Blue)
IMG01619,P00071,images/P00071/img99.jpg,Stationery,720,360,Validation,Mini Pen Set (White)
IMG01620,P00384,images/P00384/img59.jpg,Accessories,480,360,Train,Plus Wallet (White)
IMG01621,P00034,images/P00034/img04.jpg,Footwear,720,240,Train,Classic Slippers (Grey)
IMG01622,P00661,images/P00661/img87.jpg,Accessories,1024,360,Train,Pro Handbag (White)
IMG01623,P00567,images/P00567/img79.jpg,Home,640,360,Test,Plus Curtain (Beige)
IMG01624,P00712,images/P00712/img86.jpg,Stationery,720,480,Validation,Plus Sticky Notes (Green)
IMG01625,P00011,images/P00011/img22.jpg,Electronics,480,360,Train,Premium Charger (White)
IMG01626,P00164,images/P00164/img31.jpg,Electronics,640,768,Train,Lite Charger (White)
IMG01627,P00698,images/P00698/img48.jpg,Electronics,1024,640,Train,Pro Laptop Stand (Grey)
IMG01628,P00572,images/P00572/img28.jpg,Stationery,1024,480,Train,Mini Calculator (Blue)
IMG01629,P00064,images/P00064/img58.jpg,Home,640,768,Train,Mini Water Bottle (Beige)
IMG01630,P00403,images/P00403/img96.jpg,Home,1024,768,Train,Compact Bed Sheet Set (Beige)
IMG01631,P00325,images/P00325/img42.jpg,Accessories,640,640,Train,Mini Handbag (Silver)
IMG01632,P00199,images/P00199/img78.jpg,Electronics,720,240,Train,Pro USB-C Cable (Beige)
IMG01633,P00484,images/P00484/img83.jpg,Home,640,240,Train,Lite Bed Sheet Set (Grey)
IMG01634,P00298,images/P00298/img24.jpg,Electronics,640,360,Train,Plus Monitor (Green)
IMG01635,P00570,images/P00570/img34.jpg,Stationery,720,480,Validation,Pro Scissors (White)
IMG01636,P00607,images/P00607/img75.jpg,Stationery,480,360,Train,Mini Calculator (Beige)
IMG01637,P00347,images/P00347/img62.jpg,Accessories,320,640,Train,Pro Watch Strap (Grey)
IMG01638,P00561,images/P00561/img92.jpg,Accessories,640,360,Validation,Deluxe Cap (Black)
IMG01639,P00278,images/P00278/img76.jpg,Footwear,1024,480,Train,Lite Formal Shoes (Green)
IMG01640,P00536,images/P00536/img95.jpg,Accessories,640,640,Validation,Lite Sunglasses (Black)
IMG01641,P00152,images/P00152/img61.jpg,Footwear,1024,640,Train,Plus Slippers (Green)
IMG01642,P00524,images/P00524/img04.jpg,Footwear,1024,360,Validation,Premium Running Shoes (Green)
IMG01643,P00469,images/P00469/img96.jpg,Stationery,320,480,Train,Standard File Folder (White)
IMG01644,P00025,images/P00025/img88.jpg,Accessories,640,640,Train,Max Sunglasses (Grey)
IMG01645,P00054,images/P00054/img68.jpg,Electronics,720,768,Validation,Standard Monitor (Green)
IMG01646,P00103,images/P00103/img61.jpg,Electronics,480,640,Train,Max Monitor (Beige)
IMG01647,P00522,images/P00522/img68.jpg,Stationery,640,640,Train,Standard Desk Organizer (Blue)
IMG01648,P00153,images/P00153/img35.jpg,Home,640,360,Train,Standard Wall Clock (Grey)
IMG01649,P00400,images/P00400/img38.jpg,Home,480,240,Train,Compact Cushion (Red)
IMG01650,P00114,images/P00114/img95.jpg,Electronics,1024,240,Validation,Lite Charger (Grey)
IMG01651,P00173,images/P00173/img88.jpg,Footwear,1024,480,Train,Deluxe Slippers (Beige)
IMG01652,P00646,images/P00646/img72.jpg,Accessories,640,360,Train,Pro Backpack (Grey)
IMG01653,P00750,images/P00750/img11.jpg,Stationery,480,240,Train,Pro Notebook (Silver)
IMG01654,P00591,images/P00591/img40.jpg,Electronics,720,360,Train,Standard Earbuds (Black)
IMG01655,P00254,images/P00254/img72.jpg,Electronics,320,640,Test,Plus Tablet Stand (Beige)
IMG01656,P00687,images/P00687/img69.jpg,Footwear,640,360,Validation,Max Boots (Grey)
IMG01657,P00431,images/P00431/img76.jpg,Accessories,320,240,Validation,Plus Travel Pouch (Blue)
IMG01658,P00479,images/P00479/img04.jpg,Stationery,720,768,Train,Deluxe Sticky Notes (Blue)
IMG01659,P00708,images/P00708/img43.jpg,Footwear,480,360,Validation,Standard Sports Shoes (Black)
IMG01660,P00063,images/P00063/img88.jpg,Home,320,768,Train,Premium Door Mat (Red)
IMG01661,P00389,images/P00389/img30.jpg,Accessories,1024,768,Validation,Standard Travel Pouch (Green)
IMG01662,P00708,images/P00708/img53.jpg,Footwear,640,240,Train,Standard Sports Shoes (Black)
IMG01663,P00656,images/P00656/img28.jpg,Home,720,480,Train,Plus Cushion (Beige)
IMG01664,P00189,images/P00189/img73.jpg,Electronics,720,768,Train,Max Tablet Stand (Grey)
IMG01665,P00354,images/P00354/img40.jpg,Stationery,640,360,Train,Plus Calculator (White)
IMG01666,P00604,images/P00604/img06.jpg,Footwear,1024,360,Train,Premium Flip Flops (Red)
IMG01667,P00486,images/P00486/img16.jpg,Home,480,480,Validation,Classic Table Lamp (Blue)
IMG01668,P00282,images/P00282/img02.jpg,Accessories,640,640,Train,Premium Wallet (White)
IMG01669,P00060,images/P00060/img65.jpg,Electronics,480,240,Validation,Compact Laptop Stand (White)
IMG01670,P00253,images/P00253/img43.jpg,Accessories,640,640,Train,Deluxe Handbag (Beige)
IMG01671,P00016,images/P00016/img96.jpg,Home,720,768,Validation,Premium Wall Clock (Green)
IMG01672,P00723,images/P00723/img33.jpg,Stationery,320,640,Train,Premium Sticky Notes (Grey)
IMG01673,P00529,images/P00529/img45.jpg,Accessories,720,480,Train,Premium Sunglasses (Green)
IMG01674,P00775,images/P00775/img77.jpg,Home,480,480,Train,Mini Photo Frame (Red)
IMG01675,P00591,images/P00591/img30.jpg,Electronics,480,480,Validation,Standard Earbuds (Black)
IMG01676,P00516,images/P00516/img49.jpg,Stationery,1024,480,Train,Compact Calculator (Silver)
IMG01677,P00417,images/P00417/img70.jpg,Accessories,320,240,Train,Mini Belt (Beige)
IMG01678,P00182,images/P00182/img02.jpg,Stationery,1024,640,Train,Premium Scissors (Green)
IMG01679,P00282,images/P00282/img50.jpg,Accessories,640,360,Train,Premium Wallet (White)
IMG01680,P00726,images/P00726/img94.jpg,Home,720,480,Test,Max Storage Box (Beige)
IMG01681,P00347,images/P00347/img73.jpg,Accessories,720,360,Validation,Pro Watch Strap (Grey)
IMG01682,P00271,images/P00271/img17.jpg,Home,480,360,Train,Plus Curtain (Grey)
IMG01683,P00675,images/P00675/img16.jpg,Home,480,768,Train,Mini Table Lamp (Grey)
IMG01684,P00295,images/P00295/img31.jpg,Home,720,240,Train,Standard Curtain (Grey)
IMG01685,P00473,images/P00473/img44.jpg,Home,480,640,Test,Classic Bed Sheet Set (White)
IMG01686,P00427,images/P00427/img66.jpg,Home,640,640,Train,Classic Door Mat (Beige)
IMG01687,P00234,images/P00234/img77.jpg,Stationery,320,640,Test,Pro File Folder (Red)
IMG01688,P00107,images/P00107/img25.jpg,Stationery,1024,480,Train,Classic Stapler (White)
IMG01689,P00565,images/P00565/img78.jpg,Accessories,480,360,Train,Deluxe Handbag (Red)
IMG01690,P00496,images/P00496/img51.jpg,Footwear,720,240,Train,Compact Slippers (Silver)
IMG01691,P00223,images/P00223/img80.jpg,Accessories,1024,480,Validation,Pro Handbag (Blue)
IMG01692,P00107,images/P00107/img16.jpg,Stationery,720,360,Train,Classic Stapler (White)
IMG01693,P00347,images/P00347/img16.jpg,Accessories,480,480,Validation,Pro Watch Strap (Grey)
IMG01694,P00313,images/P00313/img67.jpg,Stationery,320,480,Train,Deluxe Marker Pack (Black)
IMG01695,P00184,images/P00184/img40.jpg,Home,720,240,Train,Lite Wall Clock (Grey)
IMG01696,P00233,images/P00233/img78.jpg,Footwear,1024,240,Validation,Compact Boots (Black)
IMG01697,P00006,images/P00006/img68.jpg,Footwear,640,480,Train,Deluxe Slippers (Grey)
IMG01698,P00177,images/P00177/img05.jpg,Stationery,720,240,Test,Compact Notebook (Red)
IMG01699,P00643,images/P00643/img78.jpg,Footwear,480,768,Train,Premium Formal Shoes (Beige)
IMG01700,P00055,images/P00055/img08.jpg,Home,720,768,Test,Premium Candle Holder (Black)
IMG01701,P00763,images/P00763/img34.jpg,Footwear,1024,360,Train,Pro Slippers (Blue)
IMG01702,P00787,images/P00787/img01.jpg,Stationery,720,240,Validation,Standard File Folder (Beige)
IMG01703,P00465,images/P00465/img24.jpg,Footwear,480,768,Train,Premium Sneakers (Black)
IMG01704,P00033,images/P00033/img59.jpg,Accessories,640,240,Train,Lite Wallet (Beige)
IMG01705,P00246,images/P00246/img39.jpg,Stationery,1024,640,Train,Max File Folder (Beige)
IMG01706,P00462,images/P00462/img76.jpg,Accessories,720,768,Train,Compact Wallet (Grey)
IMG01707,P00013,images/P00013/img32.jpg,Stationery,480,240,Train,Deluxe Scissors (Red)
IMG01708,P00168,images/P00168/img34.jpg,Electronics,320,240,Validation,Plus Keyboard (Silver)
IMG01709,P00228,images/P00228/img87.jpg,Stationery,480,768,Train,Standard Highlighter Set (Black)
IMG01710,P00327,images/P00327/img79.jpg,Home,640,480,Train,Plus Table Lamp (Blue)
IMG01711,P00067,images/P00067/img19.jpg,Footwear,640,640,Validation,Lite Sneakers (Red)
IMG01712,P00257,images/P00257/img02.jpg,Footwear,320,768,Train,Standard Formal Shoes (White)
IMG01713,P00007,images/P00007/img39.jpg,Electronics,480,640,Validation,Mini Earbuds (Beige)
IMG01714,P00104,images/P00104/img37.jpg,Accessories,320,240,Test,Pro Cap (Grey)
IMG01715,P00384,images/P00384/img68.jpg,Accessories,720,360,Train,Plus Wallet (White)
IMG01716,P00052,images/P00052/img53.jpg,Stationery,480,480,Train,Premium Desk Organizer (Red)
IMG01717,P00381,images/P00381/img11.jpg,Footwear,480,240,Train,Premium Slippers (Blue)
IMG01718,P00358,images/P00358/img60.jpg,Electronics,480,360,Test,Classic Keyboard (Green)
IMG01719,P00383,images/P00383/img27.jpg,Home,480,640,Test,Deluxe Photo Frame (Black)
IMG01720,P00117,images/P00117/img65.jpg,Home,480,360,Train,Deluxe Storage Box (Grey)
IMG01721,P00127,images/P00127/img53.jpg,Home,720,240,Train,Standard Door Mat (Red)
IMG01722,P00141,images/P00141/img77.jpg,Home,1024,640,Validation,Max Water Bottle (Beige)
IMG01723,P00068,images/P00068/img85.jpg,Electronics,720,480,Train,Compact Router (Black)
IMG01724,P00570,images/P00570/img12.jpg,Stationery,640,480,Train,Pro Scissors (White)
IMG01725,P00666,images/P00666/img92.jpg,Stationery,480,360,Train,Deluxe Pen Set (Green)
IMG01726,P00160,images/P00160/img86.jpg,Stationery,320,480,Train,Pro Desk Organizer (Blue)
IMG01727,P00051,images/P00051/img19.jpg,Accessories,480,360,Train,Max Umbrella (Blue)
IMG01728,P00508,images/P00508/img40.jpg,Electronics,720,768,Validation,Plus Keyboard (Green)
IMG01729,P00582,images/P00582/img17.jpg,Electronics,720,240,Validation,Standard Power Bank (Blue)
IMG01730,P00359,images/P00359/img46.jpg,Footwear,320,360,Validation,Premium Hiking Boots (Green)
IMG01731,P00056,images/P00056/img27.jpg,Electronics,640,768,Validation,Standard Wireless Mouse (Green)
IMG01732,P00614,images/P00614/img59.jpg,Electronics,1024,240,Validation,Max USB-C Cable (White)
IMG01733,P00507,images/P00507/img65.jpg,Stationery,640,240,Validation,Pro Desk Organizer (Blue)
IMG01734,P00525,images/P00525/img54.jpg,Home,720,768,Train,Standard Storage Box (Red)
IMG01735,P00631,images/P00631/img99.jpg,Footwear,480,640,Test,Max Running Shoes (Silver)
IMG01736,P00226,images/P00226/img74.jpg,Electronics,640,768,Test,Lite Webcam (Green)
IMG01737,P00680,images/P00680/img43.jpg,Footwear,720,360,Train,Plus Sports Shoes (Grey)
IMG01738,P00135,images/P00135/img07.jpg,Stationery,480,480,Train,Max Highlighter Set (Grey)
IMG01739,P00125,images/P00125/img08.jpg,Electronics,640,768,Train,Premium USB-C Cable (White)
IMG01740,P00122,images/P00122/img34.jpg,Accessories,720,768,Train,Deluxe Travel Pouch (Green)
IMG01741,P00249,images/P00249/img69.jpg,Footwear,1024,360,Train,Deluxe Flip Flops (Green)
IMG01742,P00076,images/P00076/img28.jpg,Accessories,1024,640,Train,Plus Belt (Red)
IMG01743,P00702,images/P00702/img85.jpg,Home,640,768,Train,Premium Table Lamp (Silver)
IMG01744,P00221,images/P00221/img42.jpg,Footwear,480,480,Test,Standard Hiking Boots (Silver)
IMG01745,P00202,images/P00202/img63.jpg,Accessories,320,240,Train,Standard Keychain (Grey)
IMG01746,P00102,images/P00102/img60.jpg,Accessories,720,360,Validation,Max Cap (Red)
IMG01747,P00341,images/P00341/img90.jpg,Home,320,240,Train,Mini Photo Frame (Green)
IMG01748,P00666,images/P00666/img01.jpg,Stationery,320,640,Train,Deluxe Pen Set (Green)
IMG01749,P00043,images/P00043/img95.jpg,Stationery,640,240,Train,Lite Sticky Notes (Beige)
IMG01750,P00629,images/P00629/img90.jpg,Electronics,720,640,Train,Classic Tablet Stand (Black)
IMG01751,P00119,images/P00119/img15.jpg,Accessories,1024,768,Train,Standard Belt (Green)
IMG01752,P00448,images/P00448/img79.jpg,Electronics,320,480,Train,Standard Headphones (Green)
IMG01753,P00516,images/P00516/img76.jpg,Stationery,320,240,Train,Compact Calculator (Silver)
IMG01754,P00663,images/P00663/img66.jpg,Accessories,480,240,Test,Mini Wallet (White)
IMG01755,P00591,images/P00591/img15.jpg,Electronics,480,240,Train,Standard Earbuds (Black)
IMG01756,P00151,images/P00151/img33.jpg,Electronics,640,240,Validation,Standard Power Bank (Green)
IMG01757,P00324,images/P00324/img97.jpg,Electronics,320,240,Train,Standard Webcam (Green)
IMG01758,P00799,images/P00799/img54.jpg,Electronics,640,240,Train,Classic Earbuds (Green)
IMG01759,P00019,images/P00019/img78.jpg,Stationery,1024,480,Validation,Mini Marker Pack (Silver)
IMG01760,P00760,images/P00760/img43.jpg,Electronics,720,768,Train,Mini Webcam (Black)
IMG01761,P00076,images/P00076/img83.jpg,Accessories,480,480,Train,Plus Belt (Red)
IMG01762,P00079,images/P00079/img44.jpg,Home,480,360,Test,Deluxe Curtain (White)
IMG01763,P00228,images/P00228/img13.jpg,Stationery,640,768,Train,Standard Highlighter Set (Black)
IMG01764,P00620,images/P00620/img18.jpg,Footwear,1024,360,Train,Plus Loafers (Beige)
IMG01765,P00213,images/P00213/img47.jpg,Accessories,1024,640,Train,Deluxe Keychain (Grey)
IMG01766,P00284,images/P00284/img92.jpg,Electronics,720,360,Train,Standard Earbuds (Black)
IMG01767,P00171,images/P00171/img94.jpg,Home,640,640,Train,Lite Curtain (Green)
IMG01768,P00609,images/P00609/img98.jpg,Electronics,480,768,Train,Premium HDMI Cable (Green)
IMG01769,P00431,images/P00431/img41.jpg,Accessories,480,640,Validation,Plus Travel Pouch (Blue)
IMG01770,P00765,images/P00765/img26.jpg,Electronics,320,768,Validation,Plus Wireless Mouse (White)
IMG01771,P00719,images/P00719/img18.jpg,Accessories,640,240,Train,Mini Wallet (Green)
IMG01772,P00406,images/P00406/img37.jpg,Stationery,1024,240,Train,Compact Pen Set (White)
IMG01773,P00705,images/P00705/img22.jpg,Footwear,640,480,Train,Compact Sneakers (Blue)
IMG01774,P00442,images/P00442/img91.jpg,Home,640,640,Validation,Standard Table Lamp (Blue)
IMG01775,P00433,images/P00433/img47.jpg,Electronics,320,640,Train,Premium Charger (Black)
IMG01776,P00496,images/P00496/img96.jpg,Footwear,720,480,Train,Compact Slippers (Silver)
IMG01777,P00161,images/P00161/img74.jpg,Accessories,320,360,Train,Deluxe Wallet (Black)
IMG01778,P00652,images/P00652/img50.jpg,Electronics,640,480,Train,Plus Smart Watch (Black)
IMG01779,P00300,images/P00300/img34.jpg,Electronics,320,480,Test,Premium Tablet Stand (White)
IMG01780,P00201,images/P00201/img01.jpg,Stationery,320,240,Train,Premium File Folder (Silver)
IMG01781,P00632,images/P00632/img01.jpg,Accessories,480,768,Train,Deluxe Backpack (Silver)
IMG01782,P00261,images/P00261/img02.jpg,Footwear,480,240,Test,Compact Sneakers (Beige)
IMG01783,P00169,images/P00169/img18.jpg,Footwear,1024,360,Train,Mini Sports Shoes (Grey)
IMG01784,P00207,images/P00207/img50.jpg,Stationery,640,480,Train,Lite Highlighter Set (Black)
IMG01785,P00393,images/P00393/img55.jpg,Home,480,240,Test,Max Cushion (Blue)
IMG01786,P00666,images/P00666/img06.jpg,Stationery,720,640,Test,Deluxe Pen Set (Green)
IMG01787,P00321,images/P00321/img71.jpg,Electronics,320,480,Test,Pro Earbuds (Red)
IMG01788,P00278,images/P00278/img03.jpg,Footwear,720,640,Train,Lite Formal Shoes (Green)
IMG01789,P00319,images/P00319/img53.jpg,Home,640,240,Train,Compact Curtain (Grey)
IMG01790,P00475,images/P00475/img13.jpg,Footwear,720,768,Train,Max Loafers (Green)
IMG01791,P00712,images/P00712/img30.jpg,Stationery,320,240,Train,Plus Sticky Notes (Green)
IMG01792,P00539,images/P00539/img65.jpg,Stationery,480,480,Test,Compact Stapler (Grey)
IMG01793,P00674,images/P00674/img17.jpg,Accessories,1024,480,Train,Premium Belt (Red)
IMG01794,P00340,images/P00340/img42.jpg,Stationery,320,640,Train,Standard Marker Pack (Beige)
IMG01795,P00661,images/P00661/img22.jpg,Accessories,1024,768,Train,Pro Handbag (White)
IMG01796,P00558,images/P00558/img03.jpg,Electronics,480,640,Test,Mini Bluetooth Speaker (Silver)
IMG01797,P00701,images/P00701/img36.jpg,Footwear,640,240,Train,Premium Flip Flops (Green)
IMG01798,P00011,images/P00011/img09.jpg,Electronics,320,480,Train,Premium Charger (White)
IMG01799,P00544,images/P00544/img74.jpg,Electronics,720,640,Test,Mini Smart Watch (Beige)
IMG01800,P00052,images/P00052/img29.jpg,Stationery,720,480,Test,Premium Desk Organizer (Red)
IMG01801,P00386,images/P00386/img39.jpg,Stationery,640,360,Train,Plus Sticky Notes (White)
IMG01802,P00118,images/P00118/img52.jpg,Home,1024,640,Validation,Classic Bed Sheet Set (Grey)
IMG01803,P00622,images/P00622/img22.jpg,Electronics,1024,640,Test,Compact Power Bank (Beige)
IMG01804,P00499,images/P00499/img75.jpg,Footwear,720,768,Train,Deluxe Sneakers (Green)
IMG01805,P00301,images/P00301/img65.jpg,Footwear,640,768,Train,Classic Hiking Boots (Black)
IMG01806,P00193,images/P00193/img47.jpg,Footwear,720,360,Train,Pro Slippers (Black)
IMG01807,P00682,images/P00682/img26.jpg,Home,320,480,Train,Standard Wall Clock (Green)
IMG01808,P00793,images/P00793/img87.jpg,Electronics,720,240,Train,Standard HDMI Cable (White)
IMG01809,P00705,images/P00705/img59.jpg,Footwear,1024,480,Validation,Compact Sneakers (Blue)
IMG01810,P00071,images/P00071/img41.jpg,Stationery,720,480,Validation,Mini Pen Set (White)
IMG01811,P00123,images/P00123/img04.jpg,Electronics,320,240,Train,Max Tablet Stand (Grey)
IMG01812,P00315,images/P00315/img40.jpg,Electronics,720,480,Train,Standard Laptop Stand (Beige)
IMG01813,P00184,images/P00184/img34.jpg,Home,640,640,Train,Lite Wall Clock (Grey)
IMG01814,P00489,images/P00489/img87.jpg,Accessories,1024,768,Train,Plus Handbag (Beige)
IMG01815,P00524,images/P00524/img05.jpg,Footwear,320,360,Train,Premium Running Shoes (Green)
IMG01816,P00700,images/P00700/img29.jpg,Accessories,480,768,Validation,Plus Cap (Silver)
IMG01817,P00659,images/P00659/img98.jpg,Footwear,320,640,Validation,Pro Formal Shoes (Grey)
IMG01818,P00793,images/P00793/img74.jpg,Electronics,720,240,Validation,Standard HDMI Cable (White)
IMG01819,P00540,images/P00540/img93.jpg,Footwear,480,360,Train,Deluxe Formal Shoes (Red)
IMG01820,P00383,images/P00383/img86.jpg,Home,320,768,Train,Deluxe Photo Frame (Black)
IMG01821,P00378,images/P00378/img93.jpg,Stationery,640,640,Train,Compact Highlighter Set (Blue)
IMG01822,P00163,images/P00163/img23.jpg,Footwear,480,360,Train,Deluxe Formal Shoes (Red)
IMG01823,P00720,images/P00720/img18.jpg,Footwear,720,240,Train,Standard Flip Flops (Beige)
IMG01824,P00465,images/P00465/img46.jpg,Footwear,640,360,Train,Premium Sneakers (Black)
IMG01825,P00639,images/P00639/img94.jpg,Accessories,1024,768,Train,Premium Watch Strap (Red)
IMG01826,P00172,images/P00172/img08.jpg,Footwear,1024,768,Train,Lite Formal Shoes (Silver)
IMG01827,P00140,images/P00140/img35.jpg,Home,480,360,Train,Compact Photo Frame (Silver)
IMG01828,P00566,images/P00566/img25.jpg,Footwear,1024,240,Train,Premium Sandals (Blue)
IMG01829,P00081,images/P00081/img91.jpg,Footwear,1024,480,Train,Pro Loafers (Red)
IMG01830,P00416,images/P00416/img90.jpg,Stationery,720,360,Validation,Pro Notebook (Black)
IMG01831,P00524,images/P00524/img45.jpg,Footwear,720,360,Train,Premium Running Shoes (Green)
IMG01832,P00138,images/P00138/img91.jpg,Footwear,480,768,Train,Max Sandals (Beige)
IMG01833,P00571,images/P00571/img38.jpg,Electronics,720,640,Train,Compact Tablet Stand (Red)
IMG01834,P00276,images/P00276/img51.jpg,Footwear,720,360,Train,Classic Formal Shoes (Grey)
IMG01835,P00661,images/P00661/img76.jpg,Accessories,320,768,Train,Pro Handbag (White)
IMG01836,P00126,images/P00126/img32.jpg,Home,720,240,Train,Deluxe Candle Holder (Red)
IMG01837,P00535,images/P00535/img28.jpg,Stationery,480,640,Train,Standard Calculator (Beige)
IMG01838,P00012,images/P00012/img25.jpg,Home,320,640,Test,Compact Table Lamp (Grey)
IMG01839,P00296,images/P00296/img82.jpg,Electronics,720,480,Train,Plus Charger (Red)
IMG01840,P00267,images/P00267/img11.jpg,Stationery,1024,768,Train,Pro Sticky Notes (Silver)
IMG01841,P00780,images/P00780/img97.jpg,Home,640,640,Train,Pro Candle Holder (Red)
IMG01842,P00692,images/P00692/img98.jpg,Electronics,640,240,Train,Max Earbuds (Green)
IMG01843,P00063,images/P00063/img19.jpg,Home,320,768,Train,Premium Door Mat (Red)
IMG01844,P00267,images/P00267/img44.jpg,Stationery,1024,768,Train,Pro Sticky Notes (Silver)
IMG01845,P00089,images/P00089/img74.jpg,Accessories,640,240,Train,Classic Backpack (Green)
IMG01846,P00087,images/P00087/img61.jpg,Accessories,720,360,Validation,Lite Belt (Silver)
IMG01847,P00419,images/P00419/img12.jpg,Accessories,1024,768,Train,Classic Wallet (Red)
IMG01848,P00562,images/P00562/img45.jpg,Accessories,640,240,Train,Max Handbag (Black)
IMG01849,P00064,images/P00064/img25.jpg,Home,480,480,Train,Mini Water Bottle (Beige)
IMG01850,P00379,images/P00379/img42.jpg,Electronics,640,768,Test,Pro Laptop Stand (Green)
IMG01851,P00742,images/P00742/img47.jpg,Accessories,480,768,Validation,Lite Cap (Grey)
IMG01852,P00186,images/P00186/img02.jpg,Electronics,640,640,Train,Compact Charger (Blue)
IMG01853,P00004,images/P00004/img82.jpg,Electronics,720,480,Train,Max USB-C Cable (Black)
IMG01854,P00003,images/P00003/img78.jpg,Stationery,480,360,Train,Classic File Folder (Black)
IMG01855,P00582,images/P00582/img63.jpg,Electronics,480,768,Train,Standard Power Bank (Blue)
IMG01856,P00475,images/P00475/img07.jpg,Footwear,720,240,Train,Max Loafers (Green)
IMG01857,P00399,images/P00399/img91.jpg,Footwear,320,240,Train,Deluxe Slippers (Grey)
IMG01858,P00721,images/P00721/img30.jpg,Stationery,320,360,Train,Deluxe Sticky Notes (Beige)
IMG01859,P00167,images/P00167/img28.jpg,Electronics,480,360,Train,Standard Tablet Stand (Silver)
IMG01860,P00727,images/P00727/img40.jpg,Stationery,480,360,Validation,Premium Calculator (Beige)
IMG01861,P00739,images/P00739/img34.jpg,Footwear,640,360,Train,Mini Hiking Boots (Red)
IMG01862,P00719,images/P00719/img43.jpg,Accessories,720,240,Train,Mini Wallet (Green)
IMG01863,P00400,images/P00400/img61.jpg,Home,640,240,Train,Compact Cushion (Red)
IMG01864,P00083,images/P00083/img51.jpg,Stationery,480,768,Train,Deluxe Stapler (Black)
IMG01865,P00257,images/P00257/img41.jpg,Footwear,1024,640,Train,Standard Formal Shoes (White)
IMG01866,P00172,images/P00172/img30.jpg,Footwear,1024,640,Train,Lite Formal Shoes (Silver)
IMG01867,P00286,images/P00286/img89.jpg,Accessories,1024,480,Train,Deluxe Cap (Beige)
IMG01868,P00586,images/P00586/img55.jpg,Footwear,320,768,Test,Standard Flip Flops (Blue)
IMG01869,P00390,images/P00390/img90.jpg,Footwear,320,640,Test,Pro Flip Flops (Beige)
IMG01870,P00195,images/P00195/img75.jpg,Home,320,240,Train,Mini Photo Frame (Black)
IMG01871,P00098,images/P00098/img46.jpg,Footwear,320,640,Train,Classic Sports Shoes (Blue)
IMG01872,P00643,images/P00643/img08.jpg,Footwear,1024,240,Train,Premium Formal Shoes (Beige)
IMG01873,P00776,images/P00776/img48.jpg,Accessories,480,480,Test,Max Wallet (Grey)
IMG01874,P00723,images/P00723/img85.jpg,Stationery,1024,480,Train,Premium Sticky Notes (Grey)
IMG01875,P00793,images/P00793/img47.jpg,Electronics,480,360,Train,Standard HDMI Cable (White)
IMG01876,P00732,images/P00732/img79.jpg,Home,480,768,Train,Premium Curtain (White)
IMG01877,P00670,images/P00670/img48.jpg,Footwear,480,480,Train,Lite Sandals (Grey)
IMG01878,P00667,images/P00667/img36.jpg,Home,1024,480,Train,Lite Water Bottle (Beige)
IMG01879,P00722,images/P00722/img11.jpg,Home,640,360,Validation,Premium Storage Box (Blue)
IMG01880,P00015,images/P00015/img07.jpg,Electronics,720,480,Validation,Max Tablet Stand (White)
IMG01881,P00419,images/P00419/img16.jpg,Accessories,640,640,Validation,Classic Wallet (Red)
IMG01882,P00604,images/P00604/img75.jpg,Footwear,480,360,Train,Premium Flip Flops (Red)
IMG01883,P00413,images/P00413/img91.jpg,Electronics,1024,640,Train,Pro Webcam (Green)
IMG01884,P00620,images/P00620/img22.jpg,Footwear,1024,768,Train,Plus Loafers (Beige)
IMG01885,P00206,images/P00206/img99.jpg,Footwear,1024,768,Test,Standard Running Shoes (Silver)
IMG01886,P00592,images/P00592/img53.jpg,Footwear,1024,240,Train,Pro Sneakers (White)
IMG01887,P00190,images/P00190/img91.jpg,Footwear,720,640,Test,Mini Loafers (Grey)
IMG01888,P00740,images/P00740/img79.jpg,Footwear,480,240,Train,Deluxe Running Shoes (Green)
IMG01889,P00328,images/P00328/img40.jpg,Stationery,720,640,Train,Deluxe Notebook (Green)
IMG01890,P00173,images/P00173/img95.jpg,Footwear,640,768,Train,Deluxe Slippers (Beige)
IMG01891,P00315,images/P00315/img19.jpg,Electronics,1024,360,Validation,Standard Laptop Stand (Beige)
IMG01892,P00093,images/P00093/img66.jpg,Accessories,480,360,Train,Compact Keychain (Blue)
IMG01893,P00373,images/P00373/img11.jpg,Home,480,640,Train,Classic Door Mat (Black)
IMG01894,P00750,images/P00750/img77.jpg,Stationery,320,640,Validation,Pro Notebook (Silver)
IMG01895,P00187,images/P00187/img57.jpg,Footwear,480,768,Validation,Premium Sneakers (Grey)
IMG01896,P00190,images/P00190/img15.jpg,Footwear,480,640,Test,Mini Loafers (Grey)
IMG01897,P00708,images/P00708/img03.jpg,Footwear,1024,640,Train,Standard Sports Shoes (Black)
IMG01898,P00020,images/P00020/img22.jpg,Home,480,768,Train,Compact Wall Clock (Red)
IMG01899,P00235,images/P00235/img10.jpg,Electronics,720,480,Train,Pro Laptop Stand (Blue)
IMG01900,P00120,images/P00120/img92.jpg,Home,480,480,Train,Premium Door Mat (Red)
IMG01901,P00303,images/P00303/img86.jpg,Electronics,320,360,Train,Compact Tablet Stand (Red)
IMG01902,P00100,images/P00100/img62.jpg,Footwear,720,240,Test,Standard Formal Shoes (Black)
IMG01903,P00500,images/P00500/img15.jpg,Electronics,480,640,Validation,Lite Wireless Mouse (Silver)
IMG01904,P00492,images/P00492/img80.jpg,Accessories,480,768,Train,Max Umbrella (Blue)
IMG01905,P00305,images/P00305/img03.jpg,Footwear,640,640,Train,Classic Hiking Boots (Grey)
IMG01906,P00279,images/P00279/img20.jpg,Home,320,768,Train,Max Storage Box (Blue)
IMG01907,P00414,images/P00414/img93.jpg,Footwear,640,640,Validation,Classic Sandals (Grey)
IMG01908,P00429,images/P00429/img25.jpg,Electronics,640,768,Train,Max Webcam (White)
IMG01909,P00256,images/P00256/img02.jpg,Stationery,320,360,Train,Max Pen Set (Grey)
IMG01910,P00397,images/P00397/img78.jpg,Footwear,640,240,Train,Mini Sandals (Blue)
IMG01911,P00250,images/P00250/img85.jpg,Electronics,640,480,Train,Premium Tablet Stand (White)
IMG01912,P00125,images/P00125/img65.jpg,Electronics,720,240,Train,Premium USB-C Cable (White)
IMG01913,P00771,images/P00771/img06.jpg,Stationery,1024,768,Train,Premium Sticky Notes (Green)
IMG01914,P00151,images/P00151/img09.jpg,Electronics,720,360,Train,Standard Power Bank (Green)
IMG01915,P00636,images/P00636/img29.jpg,Footwear,480,360,Train,Pro Formal Shoes (Blue)
IMG01916,P00009,images/P00009/img91.jpg,Accessories,1024,480,Train,Pro Wallet (Beige)
IMG01917,P00665,images/P00665/img64.jpg,Electronics,640,768,Train,Pro Wireless Mouse (Green)
IMG01918,P00544,images/P00544/img32.jpg,Electronics,640,240,Train,Mini Smart Watch (Beige)
IMG01919,P00144,images/P00144/img32.jpg,Home,480,480,Train,Compact Candle Holder (Red)
IMG01920,P00523,images/P00523/img64.jpg,Footwear,640,480,Train,Deluxe Running Shoes (White)
IMG01921,P00144,images/P00144/img73.jpg,Home,320,360,Train,Compact Candle Holder (Red)
IMG01922,P00140,images/P00140/img20.jpg,Home,720,640,Train,Compact Photo Frame (Silver)
IMG01923,P00212,images/P00212/img76.jpg,Footwear,480,240,Test,Classic Formal Shoes (Blue)
IMG01924,P00106,images/P00106/img53.jpg,Electronics,640,768,Train,Lite Headphones (Blue)
IMG01925,P00398,images/P00398/img34.jpg,Home,480,768,Train,Standard Water Bottle (Green)
IMG01926,P00340,images/P00340/img95.jpg,Stationery,320,360,Test,Standard Marker Pack (Beige)
IMG01927,P00596,images/P00596/img65.jpg,Footwear,720,640,Train,Lite Flip Flops (Red)
IMG01928,P00116,images/P00116/img67.jpg,Stationery,320,480,Validation,Max Sticky Notes (Beige)
IMG01929,P00251,images/P00251/img02.jpg,Stationery,1024,640,Train,Classic Highlighter Set (Blue)
IMG01930,P00599,images/P00599/img04.jpg,Home,640,640,Train,Lite Wall Clock (Black)
IMG01931,P00324,images/P00324/img03.jpg,Electronics,720,640,Train,Standard Webcam (Green)
IMG01932,P00768,images/P00768/img14.jpg,Electronics,1024,768,Train,Plus Webcam (Grey)
IMG01933,P00637,images/P00637/img31.jpg,Footwear,720,640,Train,Deluxe Sneakers (Grey)
IMG01934,P00246,images/P00246/img28.jpg,Stationery,640,768,Train,Max File Folder (Beige)
IMG01935,P00653,images/P00653/img06.jpg,Electronics,1024,480,Train,Max Keyboard (White)
IMG01936,P00198,images/P00198/img22.jpg,Footwear,640,360,Train,Deluxe Sandals (Grey)
IMG01937,P00737,images/P00737/img42.jpg,Electronics,320,640,Test,Pro Laptop Stand (Red)
IMG01938,P00769,images/P00769/img68.jpg,Footwear,640,480,Train,Mini Sports Shoes (Blue)
IMG01939,P00224,images/P00224/img94.jpg,Accessories,1024,768,Train,Premium Watch Strap (Grey)
IMG01940,P00165,images/P00165/img42.jpg,Stationery,640,640,Train,Plus Notebook (Beige)
IMG01941,P00680,images/P00680/img23.jpg,Footwear,720,768,Train,Plus Sports Shoes (Grey)
IMG01942,P00404,images/P00404/img49.jpg,Footwear,640,480,Validation,Deluxe Sneakers (Blue)
IMG01943,P00374,images/P00374/img83.jpg,Accessories,720,640,Validation,Pro Cap (White)
IMG01944,P00707,images/P00707/img49.jpg,Home,1024,768,Train,Standard Cushion (Blue)
IMG01945,P00408,images/P00408/img96.jpg,Home,1024,480,Train,Mini Bed Sheet Set (Beige)
IMG01946,P00113,images/P00113/img19.jpg,Home,720,240,Train,Plus Table Lamp (Green)
IMG01947,P00106,images/P00106/img68.jpg,Electronics,480,640,Train,Lite Headphones (Blue)
IMG01948,P00405,images/P00405/img29.jpg,Accessories,720,240,Train,Premium Backpack (Green)
IMG01949,P00345,images/P00345/img40.jpg,Home,640,640,Train,Premium Curtain (Beige)
IMG01950,P00107,images/P00107/img43.jpg,Stationery,640,240,Train,Classic Stapler (White)
IMG01951,P00181,images/P00181/img29.jpg,Footwear,1024,640,Train,Max Sports Shoes (Grey)
IMG01952,P00314,images/P00314/img41.jpg,Stationery,320,768,Train,Premium Stapler (Black)
IMG01953,P00128,images/P00128/img29.jpg,Footwear,1024,360,Train,Pro Running Shoes (Beige)
IMG01954,P00364,images/P00364/img99.jpg,Stationery,1024,240,Train,Max Calculator (Green)
IMG01955,P00729,images/P00729/img05.jpg,Footwear,320,240,Train,Deluxe Formal Shoes (Black)
IMG01956,P00688,images/P00688/img16.jpg,Footwear,1024,240,Train,Standard Sports Shoes (White)
IMG01957,P00036,images/P00036/img85.jpg,Accessories,640,480,Train,Deluxe Travel Pouch (Red)
IMG01958,P00685,images/P00685/img70.jpg,Home,320,640,Train,Premium Cushion (Grey)
IMG01959,P00325,images/P00325/img65.jpg,Accessories,320,768,Train,Mini Handbag (Silver)
IMG01960,P00036,images/P00036/img82.jpg,Accessories,720,360,Train,Deluxe Travel Pouch (Red)
IMG01961,P00366,images/P00366/img13.jpg,Footwear,1024,640,Train,Max Boots (Blue)
IMG01962,P00409,images/P00409/img25.jpg,Electronics,640,480,Train,Max HDMI Cable (Silver)
IMG01963,P00327,images/P00327/img54.jpg,Home,640,768,Train,Plus Table Lamp (Blue)
IMG01964,P00298,images/P00298/img64.jpg,Electronics,720,768,Train,Plus Monitor (Green)
IMG01965,P00707,images/P00707/img93.jpg,Home,640,768,Train,Standard Cushion (Blue)
IMG01966,P00366,images/P00366/img76.jpg,Footwear,720,360,Train,Max Boots (Blue)
IMG01967,P00050,images/P00050/img48.jpg,Accessories,320,240,Train,Compact Wallet (Red)
IMG01968,P00393,images/P00393/img03.jpg,Home,320,360,Train,Max Cushion (Blue)
IMG01969,P00531,images/P00531/img39.jpg,Footwear,1024,640,Validation,Lite Sneakers (Grey)
IMG01970,P00470,images/P00470/img64.jpg,Footwear,720,240,Test,Pro Loafers (Silver)
IMG01971,P00182,images/P00182/img07.jpg,Stationery,480,768,Validation,Premium Scissors (Green)
IMG01972,P00412,images/P00412/img32.jpg,Home,720,640,Train,Plus Table Lamp (Red)
IMG01973,P00356,images/P00356/img47.jpg,Home,720,768,Train,Plus Table Lamp (Beige)
IMG01974,P00741,images/P00741/img30.jpg,Stationery,320,768,Train,Deluxe Stapler (Blue)
IMG01975,P00393,images/P00393/img49.jpg,Home,720,240,Train,Max Cushion (Blue)
IMG01976,P00410,images/P00410/img22.jpg,Accessories,640,360,Train,Standard Backpack (Black)
IMG01977,P00184,images/P00184/img18.jpg,Home,1024,360,Validation,Lite Wall Clock (Grey)
IMG01978,P00408,images/P00408/img22.jpg,Home,1024,240,Validation,Mini Bed Sheet Set (Beige)
IMG01979,P00488,images/P00488/img82.jpg,Footwear,1024,360,Validation,Deluxe Loafers (Blue)
IMG01980,P00349,images/P00349/img78.jpg,Electronics,480,640,Train,Standard USB-C Cable (Black)
IMG01981,P00490,images/P00490/img46.jpg,Footwear,320,360,Train,Compact Loafers (White)
IMG01982,P00799,images/P00799/img42.jpg,Electronics,1024,640,Train,Classic Earbuds (Green)
IMG01983,P00024,images/P00024/img61.jpg,Home,320,360,Validation,Premium Candle Holder (Blue)
IMG01984,P00586,images/P00586/img33.jpg,Footwear,720,640,Validation,Standard Flip Flops (Blue)
IMG01985,P00345,images/P00345/img39.jpg,Home,320,640,Test,Premium Curtain (Beige)
IMG01986,P00267,images/P00267/img45.jpg,Stationery,480,768,Train,Pro Sticky Notes (Silver)
IMG01987,P00281,images/P00281/img11.jpg,Footwear,320,360,Train,Premium Boots (Grey)
IMG01988,P00418,images/P00418/img39.jpg,Electronics,720,360,Validation,Lite Earbuds (Red)
IMG01989,P00332,images/P00332/img07.jpg,Footwear,720,768,Train,Max Slippers (White)
IMG01990,P00468,images/P00468/img89.jpg,Electronics,480,240,Train,Standard Power Bank (Silver)
IMG01991,P00778,images/P00778/img35.jpg,Stationery,720,480,Train,Compact Desk Organizer (Red)
IMG01992,P00729,images/P00729/img44.jpg,Footwear,640,240,Train,Deluxe Formal Shoes (Black)
IMG01993,P00488,images/P00488/img41.jpg,Footwear,320,240,Train,Deluxe Loafers (Blue)
IMG01994,P00001,images/P00001/img42.jpg,Electronics,640,640,Train,Lite Wireless Mouse (Red)
IMG01995,P00285,images/P00285/img62.jpg,Accessories,1024,640,Train,Pro Travel Pouch (Silver)
IMG01996,P00136,images/P00136/img30.jpg,Home,720,360,Validation,Lite Table Lamp (Red)
IMG01997,P00481,images/P00481/img91.jpg,Stationery,480,480,Validation,Classic Notebook (White)
IMG01998,P00411,images/P00411/img67.jpg,Home,640,640,Train,Plus Bed Sheet Set (Red)
IMG01999,P00156,images/P00156/img80.jpg,Electronics,720,480,Train,Max USB-C Cable (Black)
IMG02000,P00776,images/P00776/img80.jpg,Accessories,1024,768,Train,Max Wallet (Grey)
IMG02001,P00635,images/P00635/img41.jpg,Stationery,640,640,Train,Classic Stapler (Beige)
IMG02002,P00509,images/P00509/img89.jpg,Stationery,720,480,Train,Mini Scissors (Red)
IMG02003,P00433,images/P00433/img68.jpg,Electronics,720,640,Train,Premium Charger (Black)
IMG02004,P00706,images/P00706/img36.jpg,Stationery,1024,768,Test,Plus Sticky Notes (Beige)
IMG02005,P00404,images/P00404/img16.jpg,Footwear,640,240,Train,Deluxe Sneakers (Blue)
IMG02006,P00015,images/P00015/img03.jpg,Electronics,1024,240,Train,Max Tablet Stand (White)
IMG02007,P00291,images/P00291/img27.jpg,Electronics,640,768,Train,Lite Wireless Mouse (Silver)
IMG02008,P00352,images/P00352/img93.jpg,Electronics,320,240,Train,Premium Wireless Mouse (Beige)
IMG02009,P00427,images/P00427/img86.jpg,Home,720,240,Validation,Classic Door Mat (Beige)
IMG02010,P00643,images/P00643/img56.jpg,Footwear,320,360,Train,Premium Formal Shoes (Beige)
IMG02011,P00777,images/P00777/img47.jpg,Electronics,480,240,Train,Lite Tablet Stand (Red)
IMG02012,P00671,images/P00671/img90.jpg,Accessories,720,360,Train,Mini Umbrella (White)
IMG02013,P00090,images/P00090/img47.jpg,Footwear,480,640,Train,Mini Boots (Silver)
IMG02014,P00776,images/P00776/img85.jpg,Accessories,480,240,Train,Max Wallet (Grey)
IMG02015,P00551,images/P00551/img16.jpg,Accessories,480,360,Train,Premium Cap (Silver)
IMG02016,P00624,images/P00624/img38.jpg,Footwear,480,768,Train,Deluxe Sports Shoes (Red)
IMG02017,P00123,images/P00123/img97.jpg,Electronics,1024,240,Validation,Max Tablet Stand (Grey)
IMG02018,P00504,images/P00504/img91.jpg,Home,640,360,Validation,Deluxe Water Bottle (Red)
IMG02019,P00305,images/P00305/img14.jpg,Footwear,480,640,Train,Classic Hiking Boots (Grey)
IMG02020,P00026,images/P00026/img21.jpg,Stationery,720,640,Train,Deluxe File Folder (Beige)
IMG02021,P00351,images/P00351/img88.jpg,Footwear,1024,640,Train,Lite Boots (Green)
IMG02022,P00535,images/P00535/img73.jpg,Stationery,640,360,Train,Standard Calculator (Beige)
IMG02023,P00393,images/P00393/img20.jpg,Home,640,768,Validation,Max Cushion (Blue)
IMG02024,P00468,images/P00468/img65.jpg,Electronics,480,240,Train,Standard Power Bank (Silver)
IMG02025,P00769,images/P00769/img72.jpg,Footwear,480,480,Train,Mini Sports Shoes (Blue)
IMG02026,P00797,images/P00797/img97.jpg,Accessories,720,480,Train,Compact Travel Pouch (Grey)
IMG02027,P00153,images/P00153/img20.jpg,Home,320,480,Train,Standard Wall Clock (Grey)
IMG02028,P00552,images/P00552/img37.jpg,Footwear,1024,240,Train,Premium Flip Flops (Grey)
IMG02029,P00009,images/P00009/img23.jpg,Accessories,640,240,Train,Pro Wallet (Beige)
IMG02030,P00478,images/P00478/img15.jpg,Accessories,720,240,Test,Compact Keychain (White)
IMG02031,P00348,images/P00348/img92.jpg,Stationery,640,640,Validation,Compact Highlighter Set (Grey)
IMG02032,P00156,images/P00156/img25.jpg,Electronics,1024,240,Train,Max USB-C Cable (Black)
IMG02033,P00312,images/P00312/img14.jpg,Stationery,1024,480,Train,Pro Desk Organizer (Silver)
IMG02034,P00455,images/P00455/img09.jpg,Home,320,360,Validation,Lite Photo Frame (Red)
IMG02035,P00205,images/P00205/img84.jpg,Footwear,640,240,Train,Mini Sneakers (White)
IMG02036,P00447,images/P00447/img32.jpg,Accessories,640,480,Validation,Standard Keychain (Grey)
IMG02037,P00410,images/P00410/img48.jpg,Accessories,1024,480,Validation,Standard Backpack (Black)
IMG02038,P00712,images/P00712/img93.jpg,Stationery,1024,480,Train,Plus Sticky Notes (Green)
IMG02039,P00790,images/P00790/img91.jpg,Stationery,720,640,Train,Mini Marker Pack (Green)
IMG02040,P00002,images/P00002/img55.jpg,Footwear,1024,360,Train,Pro Sandals (White)
IMG02041,P00799,images/P00799/img66.jpg,Electronics,720,640,Train,Classic Earbuds (Green)
IMG02042,P00467,images/P00467/img03.jpg,Home,480,240,Test,Mini Bed Sheet Set (White)
IMG02043,P00489,images/P00489/img51.jpg,Accessories,320,640,Train,Plus Handbag (Beige)
IMG02044,P00206,images/P00206/img18.jpg,Footwear,720,480,Train,Standard Running Shoes (Silver)
IMG02045,P00493,images/P00493/img21.jpg,Electronics,480,480,Train,Lite Wireless Mouse (Beige)
IMG02046,P00123,images/P00123/img38.jpg,Electronics,640,768,Validation,Max Tablet Stand (Grey)
IMG02047,P00337,images/P00337/img03.jpg,Accessories,320,768,Train,Plus Cap (Green)
IMG02048,P00600,images/P00600/img75.jpg,Stationery,1024,240,Test,Mini Desk Organizer (Beige)
IMG02049,P00096,images/P00096/img02.jpg,Footwear,320,240,Train,Plus Formal Shoes (Beige)
IMG02050,P00388,images/P00388/img32.jpg,Home,1024,240,Train,Deluxe Storage Box (White)
IMG02051,P00684,images/P00684/img14.jpg,Stationery,1024,768,Train,Mini Calculator (Black)
IMG02052,P00459,images/P00459/img93.jpg,Stationery,480,768,Train,Premium Stapler (Red)
IMG02053,P00575,images/P00575/img97.jpg,Stationery,1024,360,Train,Classic Highlighter Set (Silver)
IMG02054,P00001,images/P00001/img28.jpg,Electronics,1024,240,Train,Lite Wireless Mouse (Red)
IMG02055,P00694,images/P00694/img01.jpg,Accessories,720,640,Train,Pro Watch Strap (Black)
IMG02056,P00546,images/P00546/img60.jpg,Accessories,480,768,Validation,Classic Cap (White)
IMG02057,P00049,images/P00049/img25.jpg,Electronics,640,480,Train,Pro USB-C Cable (Black)
IMG02058,P00693,images/P00693/img48.jpg,Footwear,1024,768,Train,Classic Hiking Boots (Beige)
IMG02059,P00682,images/P00682/img06.jpg,Home,480,480,Train,Standard Wall Clock (Green)
IMG02060,P00410,images/P00410/img86.jpg,Accessories,1024,480,Train,Standard Backpack (Black)
IMG02061,P00629,images/P00629/img81.jpg,Electronics,720,480,Train,Classic Tablet Stand (Black)
IMG02062,P00153,images/P00153/img42.jpg,Home,720,640,Test,Standard Wall Clock (Grey)
IMG02063,P00746,images/P00746/img66.jpg,Home,480,240,Train,Mini Door Mat (Grey)
IMG02064,P00660,images/P00660/img17.jpg,Footwear,320,480,Train,Mini Sports Shoes (Beige)
IMG02065,P00210,images/P00210/img66.jpg,Stationery,480,360,Train,Standard Marker Pack (White)
IMG02066,P00173,images/P00173/img12.jpg,Footwear,480,240,Train,Deluxe Slippers (Beige)
IMG02067,P00608,images/P00608/img28.jpg,Footwear,1024,640,Validation,Max Boots (Green)
IMG02068,P00794,images/P00794/img21.jpg,Home,480,640,Validation,Deluxe Curtain (Black)
IMG02069,P00178,images/P00178/img32.jpg,Electronics,640,640,Train,Standard USB-C Cable (Silver)
IMG02070,P00066,images/P00066/img77.jpg,Accessories,640,360,Train,Compact Watch Strap (Silver)
IMG02071,P00101,images/P00101/img37.jpg,Home,720,480,Train,Max Cushion (Silver)
IMG02072,P00142,images/P00142/img76.jpg,Home,720,768,Validation,Classic Curtain (Beige)
IMG02073,P00154,images/P00154/img32.jpg,Electronics,640,480,Train,Classic Laptop Stand (Black)
IMG02074,P00073,images/P00073/img69.jpg,Electronics,640,480,Train,Deluxe HDMI Cable (Red)
IMG02075,P00724,images/P00724/img50.jpg,Footwear,1024,240,Train,Plus Sandals (Silver)
IMG02076,P00527,images/P00527/img68.jpg,Electronics,480,480,Train,Mini Charger (Red)
IMG02077,P00205,images/P00205/img37.jpg,Footwear,720,240,Train,Mini Sneakers (White)
IMG02078,P00567,images/P00567/img83.jpg,Home,1024,240,Train,Plus Curtain (Beige)
IMG02079,P00484,images/P00484/img59.jpg,Home,320,240,Validation,Lite Bed Sheet Set (Grey)
IMG02080,P00755,images/P00755/img56.jpg,Accessories,1024,640,Train,Classic Backpack (White)
IMG02081,P00267,images/P00267/img06.jpg,Stationery,720,480,Train,Pro Sticky Notes (Silver)
IMG02082,P00053,images/P00053/img19.jpg,Home,480,480,Train,Max Candle Holder (White)
IMG02083,P00742,images/P00742/img39.jpg,Accessories,320,480,Train,Lite Cap (Grey)
IMG02084,P00483,images/P00483/img59.jpg,Footwear,320,480,Train,Standard Hiking Boots (Black)
IMG02085,P00084,images/P00084/img91.jpg,Stationery,320,480,Train,Pro Stapler (Blue)
IMG02086,P00251,images/P00251/img43.jpg,Stationery,320,360,Validation,Classic Highlighter Set (Blue)
IMG02087,P00103,images/P00103/img65.jpg,Electronics,480,480,Test,Max Monitor (Beige)
IMG02088,P00645,images/P00645/img63.jpg,Footwear,1024,768,Train,Deluxe Sneakers (Silver)
IMG02089,P00158,images/P00158/img79.jpg,Home,320,240,Validation,Deluxe Table Lamp (Red)
IMG02090,P00044,images/P00044/img57.jpg,Footwear,720,768,Train,Max Flip Flops (Grey)
IMG02091,P00688,images/P00688/img65.jpg,Footwear,640,768,Test,Standard Sports Shoes (White)
IMG02092,P00088,images/P00088/img87.jpg,Accessories,1024,360,Validation,Pro Backpack (Beige)
IMG02093,P00604,images/P00604/img87.jpg,Footwear,480,240,Validation,Premium Flip Flops (Red)
IMG02094,P00445,images/P00445/img76.jpg,Home,720,240,Train,Standard Curtain (Blue)
IMG02095,P00545,images/P00545/img31.jpg,Home,640,640,Validation,Max Door Mat (Grey)
IMG02096,P00441,images/P00441/img20.jpg,Accessories,720,480,Train,Lite Travel Pouch (White)
IMG02097,P00086,images/P00086/img93.jpg,Accessories,720,240,Train,Deluxe Cap (Red)
IMG02098,P00668,images/P00668/img83.jpg,Home,320,240,Validation,Compact Table Lamp (Red)
IMG02099,P00422,images/P00422/img03.jpg,Stationery,640,240,Train,Max Desk Organizer (Blue)
IMG02100,P00335,images/P00335/img05.jpg,Stationery,1024,240,Validation,Deluxe Desk Organizer (Black)
IMG02101,P00548,images/P00548/img52.jpg,Footwear,320,240,Train,Mini Sports Shoes (Black)
IMG02102,P00023,images/P00023/img88.jpg,Footwear,720,640,Validation,Plus Hiking Boots (Red)
IMG02103,P00021,images/P00021/img30.jpg,Accessories,640,640,Train,Max Backpack (Black)
IMG02104,P00035,images/P00035/img65.jpg,Stationery,480,640,Train,Compact Sticky Notes (White)
IMG02105,P00495,images/P00495/img39.jpg,Accessories,720,480,Train,Plus Keychain (Red)
IMG02106,P00156,images/P00156/img18.jpg,Electronics,640,240,Validation,Max USB-C Cable (Black)
IMG02107,P00267,images/P00267/img59.jpg,Stationery,720,360,Train,Pro Sticky Notes (Silver)
IMG02108,P00578,images/P00578/img71.jpg,Accessories,1024,360,Validation,Standard Backpack (Grey)
IMG02109,P00759,images/P00759/img28.jpg,Accessories,640,768,Train,Plus Wallet (Grey)
IMG02110,P00014,images/P00014/img10.jpg,Electronics,720,768,Train,Max Wireless Mouse (Grey)
IMG02111,P00579,images/P00579/img57.jpg,Electronics,320,640,Train,Max Charger (White)
IMG02112,P00605,images/P00605/img76.jpg,Footwear,480,480,Validation,Mini Boots (Silver)
IMG02113,P00335,images/P00335/img16.jpg,Stationery,320,640,Train,Deluxe Desk Organizer (Black)
IMG02114,P00259,images/P00259/img38.jpg,Electronics,320,360,Train,Plus Wireless Mouse (Black)
IMG02115,P00183,images/P00183/img69.jpg,Home,720,480,Train,Plus Bed Sheet Set (Green)
IMG02116,P00453,images/P00453/img26.jpg,Home,320,240,Train,Plus Photo Frame (Silver)
IMG02117,P00128,images/P00128/img60.jpg,Footwear,720,640,Train,Pro Running Shoes (Beige)
IMG02118,P00187,images/P00187/img57.jpg,Footwear,1024,240,Train,Premium Sneakers (Grey)
IMG02119,P00425,images/P00425/img10.jpg,Electronics,640,480,Train,Plus Smart Watch (White)
IMG02120,P00635,images/P00635/img66.jpg,Stationery,640,640,Test,Classic Stapler (Beige)
IMG02121,P00085,images/P00085/img01.jpg,Accessories,480,768,Train,Pro Wallet (Blue)
IMG02122,P00306,images/P00306/img72.jpg,Footwear,320,240,Train,Compact Sandals (Grey)
IMG02123,P00249,images/P00249/img25.jpg,Footwear,640,480,Train,Deluxe Flip Flops (Green)
IMG02124,P00788,images/P00788/img74.jpg,Electronics,480,240,Validation,Compact Monitor (Blue)
IMG02125,P00318,images/P00318/img93.jpg,Electronics,480,360,Train,Lite Bluetooth Speaker (Green)
IMG02126,P00444,images/P00444/img47.jpg,Electronics,1024,768,Train,Lite Webcam (Grey)
IMG02127,P00087,images/P00087/img47.jpg,Accessories,720,768,Train,Lite Belt (Silver)
IMG02128,P00204,images/P00204/img50.jpg,Footwear,720,768,Test,Lite Sneakers (White)
IMG02129,P00350,images/P00350/img32.jpg,Electronics,720,768,Train,Lite USB-C Cable (Red)
IMG02130,P00554,images/P00554/img08.jpg,Home,720,360,Test,Mini Wall Clock (Black)
IMG02131,P00392,images/P00392/img86.jpg,Accessories,1024,360,Train,Max Sunglasses (Green)
IMG02132,P00535,images/P00535/img10.jpg,Stationery,720,360,Test,Standard Calculator (Beige)
IMG02133,P00505,images/P00505/img14.jpg,Accessories,480,240,Train,Lite Travel Pouch (White)
IMG02134,P00697,images/P00697/img42.jpg,Stationery,1024,360,Train,Mini Calculator (Green)
IMG02135,P00052,images/P00052/img69.jpg,Stationery,640,360,Train,Premium Desk Organizer (Red)
IMG02136,P00682,images/P00682/img24.jpg,Home,320,240,Train,Standard Wall Clock (Green)
IMG02137,P00098,images/P00098/img89.jpg,Footwear,1024,360,Validation,Classic Sports Shoes (Blue)
IMG02138,P00538,images/P00538/img96.jpg,Accessories,480,768,Train,Max Umbrella (Red)
IMG02139,P00266,images/P00266/img45.jpg,Electronics,640,640,Train,Premium HDMI Cable (Grey)
IMG02140,P00661,images/P00661/img85.jpg,Accessories,640,480,Train,Pro Handbag (White)
IMG02141,P00215,images/P00215/img23.jpg,Home,320,360,Train,Compact Wall Clock (Silver)
IMG02142,P00604,images/P00604/img90.jpg,Footwear,640,480,Train,Premium Flip Flops (Red)
IMG02143,P00145,images/P00145/img90.jpg,Home,640,480,Train,Lite Cushion (Beige)
IMG02144,P00758,images/P00758/img79.jpg,Footwear,480,360,Train,Lite Sandals (Blue)
IMG02145,P00478,images/P00478/img66.jpg,Accessories,320,240,Train,Compact Keychain (White)
IMG02146,P00742,images/P00742/img04.jpg,Accessories,1024,768,Validation,Lite Cap (Grey)
IMG02147,P00710,images/P00710/img85.jpg,Home,1024,480,Train,Max Water Bottle (Red)
IMG02148,P00763,images/P00763/img70.jpg,Footwear,320,640,Validation,Pro Slippers (Blue)
IMG02149,P00165,images/P00165/img32.jpg,Stationery,480,640,Test,Plus Notebook (Beige)
IMG02150,P00251,images/P00251/img48.jpg,Stationery,320,240,Validation,Classic Highlighter Set (Blue)
IMG02151,P00223,images/P00223/img66.jpg,Accessories,640,240,Train,Pro Handbag (Blue)
IMG02152,P00224,images/P00224/img37.jpg,Accessories,480,480,Train,Premium Watch Strap (Grey)
IMG02153,P00489,images/P00489/img76.jpg,Accessories,640,240,Train,Plus Handbag (Beige)
IMG02154,P00295,images/P00295/img86.jpg,Home,320,768,Train,Standard Curtain (Grey)
IMG02155,P00429,images/P00429/img13.jpg,Electronics,720,480,Train,Max Webcam (White)
IMG02156,P00327,images/P00327/img53.jpg,Home,480,640,Validation,Plus Table Lamp (Blue)
IMG02157,P00782,images/P00782/img05.jpg,Accessories,320,768,Validation,Mini Handbag (Beige)
IMG02158,P00100,images/P00100/img92.jpg,Footwear,640,240,Train,Standard Formal Shoes (Black)
IMG02159,P00009,images/P00009/img01.jpg,Accessories,720,360,Train,Pro Wallet (Beige)
IMG02160,P00037,images/P00037/img76.jpg,Footwear,720,240,Train,Mini Loafers (Black)
IMG02161,P00661,images/P00661/img76.jpg,Accessories,1024,360,Train,Pro Handbag (White)
IMG02162,P00153,images/P00153/img88.jpg,Home,480,640,Train,Standard Wall Clock (Grey)
IMG02163,P00557,images/P00557/img99.jpg,Stationery,320,480,Validation,Pro Scissors (Beige)
IMG02164,P00608,images/P00608/img60.jpg,Footwear,720,640,Train,Max Boots (Green)
IMG02165,P00135,images/P00135/img26.jpg,Stationery,720,768,Validation,Max Highlighter Set (Grey)
IMG02166,P00324,images/P00324/img05.jpg,Electronics,720,768,Train,Standard Webcam (Green)
IMG02167,P00657,images/P00657/img82.jpg,Home,640,640,Train,Deluxe Storage Box (Beige)
IMG02168,P00357,images/P00357/img21.jpg,Stationery,480,240,Train,Standard File Folder (Grey)
IMG02169,P00214,images/P00214/img89.jpg,Home,640,240,Train,Premium Table Lamp (Grey)
IMG02170,P00183,images/P00183/img30.jpg,Home,480,768,Train,Plus Bed Sheet Set (Green)
IMG02171,P00052,images/P00052/img14.jpg,Stationery,320,360,Train,Premium Desk Organizer (Red)
IMG02172,P00630,images/P00630/img31.jpg,Home,640,240,Train,Max Storage Box (White)
IMG02173,P00703,images/P00703/img65.jpg,Accessories,480,360,Train,Lite Wallet (Black)
IMG02174,P00171,images/P00171/img11.jpg,Home,640,240,Train,Lite Curtain (Green)
IMG02175,P00045,images/P00045/img71.jpg,Home,1024,240,Test,Premium Photo Frame (Silver)
IMG02176,P00556,images/P00556/img73.jpg,Footwear,640,240,Train,Standard Hiking Boots (Beige)
IMG02177,P00417,images/P00417/img48.jpg,Accessories,1024,360,Train,Mini Belt (Beige)
IMG02178,P00406,images/P00406/img13.jpg,Stationery,640,240,Train,Compact Pen Set (White)
IMG02179,P00562,images/P00562/img93.jpg,Accessories,320,480,Train,Max Handbag (Black)
IMG02180,P00133,images/P00133/img83.jpg,Stationery,1024,640,Train,Mini Highlighter Set (Silver)
IMG02181,P00413,images/P00413/img69.jpg,Electronics,1024,360,Train,Pro Webcam (Green)
IMG02182,P00496,images/P00496/img95.jpg,Footwear,640,480,Validation,Compact Slippers (Silver)
IMG02183,P00741,images/P00741/img03.jpg,Stationery,720,480,Test,Deluxe Stapler (Blue)
IMG02184,P00685,images/P00685/img94.jpg,Home,640,360,Train,Premium Cushion (Grey)
IMG02185,P00304,images/P00304/img78.jpg,Stationery,1024,480,Test,Max Marker Pack (Green)
IMG02186,P00663,images/P00663/img70.jpg,Accessories,1024,640,Train,Mini Wallet (White)
IMG02187,P00235,images/P00235/img73.jpg,Electronics,320,640,Train,Pro Laptop Stand (Blue)
IMG02188,P00049,images/P00049/img58.jpg,Electronics,720,768,Train,Pro USB-C Cable (Black)
IMG02189,P00085,images/P00085/img89.jpg,Accessories,720,480,Validation,Pro Wallet (Blue)
IMG02190,P00476,images/P00476/img04.jpg,Stationery,320,480,Train,Pro Stapler (Grey)
IMG02191,P00636,images/P00636/img45.jpg,Footwear,320,640,Train,Pro Formal Shoes (Blue)
IMG02192,P00776,images/P00776/img44.jpg,Accessories,640,240,Train,Max Wallet (Grey)
IMG02193,P00455,images/P00455/img68.jpg,Home,640,360,Train,Lite Photo Frame (Red)
IMG02194,P00284,images/P00284/img39.jpg,Electronics,640,640,Validation,Standard Earbuds (Black)
IMG02195,P00797,images/P00797/img45.jpg,Accessories,1024,768,Train,Compact Travel Pouch (Grey)
IMG02196,P00569,images/P00569/img81.jpg,Footwear,720,360,Train,Pro Hiking Boots (Silver)
IMG02197,P00656,images/P00656/img39.jpg,Home,480,360,Train,Plus Cushion (Beige)
IMG02198,P00009,images/P00009/img69.jpg,Accessories,640,240,Train,Pro Wallet (Beige)
IMG02199,P00131,images/P00131/img60.jpg,Home,640,768,Train,Premium Storage Box (Green)
IMG02200,P00393,images/P00393/img19.jpg,Home,720,768,Validation,Max Cushion (Blue)
IMG02201,P00377,images/P00377/img23.jpg,Home,320,480,Train,Max Curtain (Green)
IMG02202,P00682,images/P00682/img53.jpg,Home,320,480,Test,Standard Wall Clock (Green)
IMG02203,P00578,images/P00578/img74.jpg,Accessories,480,360,Train,Standard Backpack (Grey)
IMG02204,P00591,images/P00591/img60.jpg,Electronics,640,640,Train,Standard Earbuds (Black)
IMG02205,P00404,images/P00404/img27.jpg,Footwear,1024,360,Train,Deluxe Sneakers (Blue)
IMG02206,P00419,images/P00419/img77.jpg,Accessories,320,360,Validation,Classic Wallet (Red)
IMG02207,P00455,images/P00455/img82.jpg,Home,720,240,Test,Lite Photo Frame (Red)
IMG02208,P00450,images/P00450/img92.jpg,Stationery,720,768,Train,Classic Highlighter Set (Blue)
IMG02209,P00227,images/P00227/img65.jpg,Electronics,1024,240,Train,Standard Earbuds (Black)
IMG02210,P00134,images/P00134/img83.jpg,Home,320,768,Validation,Max Wall Clock (Grey)
IMG02211,P00733,images/P00733/img40.jpg,Stationery,320,360,Validation,Lite Pen Set (Green)
IMG02212,P00604,images/P00604/img75.jpg,Footwear,480,640,Train,Premium Flip Flops (Red)
IMG02213,P00661,images/P00661/img93.jpg,Accessories,320,240,Train,Pro Handbag (White)
IMG02214,P00066,images/P00066/img79.jpg,Accessories,320,768,Train,Compact Watch Strap (Silver)
IMG02215,P00468,images/P00468/img72.jpg,Electronics,1024,360,Train,Standard Power Bank (Silver)
IMG02216,P00537,images/P00537/img35.jpg,Accessories,480,360,Train,Plus Wallet (Silver)
IMG02217,P00525,images/P00525/img82.jpg,Home,720,480,Train,Standard Storage Box (Red)
IMG02218,P00055,images/P00055/img59.jpg,Home,720,480,Validation,Premium Candle Holder (Black)
IMG02219,P00399,images/P00399/img07.jpg,Footwear,480,480,Train,Deluxe Slippers (Grey)
IMG02220,P00238,images/P00238/img61.jpg,Home,1024,240,Train,Mini Bed Sheet Set (Beige)
IMG02221,P00708,images/P00708/img85.jpg,Footwear,720,768,Train,Standard Sports Shoes (Black)
IMG02222,P00701,images/P00701/img78.jpg,Footwear,720,360,Validation,Premium Flip Flops (Green)
IMG02223,P00249,images/P00249/img23.jpg,Footwear,1024,480,Train,Deluxe Flip Flops (Green)
IMG02224,P00794,images/P00794/img64.jpg,Home,720,768,Validation,Deluxe Curtain (Black)
IMG02225,P00274,images/P00274/img72.jpg,Accessories,640,240,Validation,Deluxe Belt (Green)
IMG02226,P00370,images/P00370/img22.jpg,Footwear,480,768,Train,Pro Slippers (Silver)
IMG02227,P00089,images/P00089/img77.jpg,Accessories,1024,360,Validation,Classic Backpack (Green)
IMG02228,P00151,images/P00151/img53.jpg,Electronics,320,640,Train,Standard Power Bank (Green)
IMG02229,P00490,images/P00490/img56.jpg,Footwear,1024,360,Test,Compact Loafers (White)
IMG02230,P00616,images/P00616/img99.jpg,Home,720,640,Train,Compact Cushion (Green)
IMG02231,P00536,images/P00536/img23.jpg,Accessories,640,240,Test,Lite Sunglasses (Black)
IMG02232,P00473,images/P00473/img65.jpg,Home,720,768,Train,Classic Bed Sheet Set (White)
IMG02233,P00270,images/P00270/img22.jpg,Home,1024,768,Validation,Pro Door Mat (Red)
IMG02234,P00524,images/P00524/img88.jpg,Footwear,1024,360,Train,Premium Running Shoes (Green)
IMG02235,P00584,images/P00584/img68.jpg,Home,720,640,Train,Standard Candle Holder (White)
IMG02236,P00711,images/P00711/img38.jpg,Accessories,320,768,Train,Deluxe Wallet (White)
IMG02237,P00296,images/P00296/img16.jpg,Electronics,640,640,Train,Plus Charger (Red)
IMG02238,P00487,images/P00487/img56.jpg,Home,480,640,Test,Premium Candle Holder (Silver)
IMG02239,P00390,images/P00390/img60.jpg,Footwear,480,768,Test,Pro Flip Flops (Beige)
IMG02240,P00141,images/P00141/img47.jpg,Home,720,640,Train,Max Water Bottle (Beige)
IMG02241,P00341,images/P00341/img44.jpg,Home,320,480,Train,Mini Photo Frame (Green)
IMG02242,P00370,images/P00370/img78.jpg,Footwear,1024,768,Train,Pro Slippers (Silver)
IMG02243,P00067,images/P00067/img35.jpg,Footwear,480,240,Test,Lite Sneakers (Red)
IMG02244,P00609,images/P00609/img45.jpg,Electronics,480,360,Train,Premium HDMI Cable (Green)
IMG02245,P00555,images/P00555/img74.jpg,Accessories,480,240,Train,Deluxe Cap (Red)
IMG02246,P00703,images/P00703/img32.jpg,Accessories,320,480,Validation,Lite Wallet (Black)
IMG02247,P00740,images/P00740/img49.jpg,Footwear,640,480,Validation,Deluxe Running Shoes (Green)
IMG02248,P00214,images/P00214/img30.jpg,Home,1024,768,Train,Premium Table Lamp (Grey)
IMG02249,P00436,images/P00436/img64.jpg,Stationery,320,768,Train,Lite Highlighter Set (Black)
IMG02250,P00505,images/P00505/img37.jpg,Accessories,480,480,Train,Lite Travel Pouch (White)
IMG02251,P00526,images/P00526/img85.jpg,Home,720,768,Validation,Deluxe Bed Sheet Set (Silver)
IMG02252,P00764,images/P00764/img43.jpg,Stationery,720,640,Validation,Compact Marker Pack (Silver)
IMG02253,P00104,images/P00104/img58.jpg,Accessories,640,360,Train,Pro Cap (Grey)
IMG02254,P00690,images/P00690/img06.jpg,Stationery,1024,640,Train,Standard Calculator (Black)
IMG02255,P00530,images/P00530/img49.jpg,Stationery,320,360,Test,Lite Scissors (Silver)
IMG02256,P00236,images/P00236/img36.jpg,Home,720,480,Test,Compact Wall Clock (Grey)
IMG02257,P00373,images/P00373/img06.jpg,Home,320,480,Train,Classic Door Mat (Black)
IMG02258,P00066,images/P00066/img70.jpg,Accessories,640,240,Train,Compact Watch Strap (Silver)
IMG02259,P00757,images/P00757/img97.jpg,Home,720,240,Train,Classic Door Mat (Beige)
IMG02260,P00009,images/P00009/img64.jpg,Accessories,1024,768,Train,Pro Wallet (Beige)
IMG02261,P00245,images/P00245/img97.jpg,Home,720,360,Train,Max Photo Frame (Red)
IMG02262,P00539,images/P00539/img52.jpg,Stationery,320,480,Train,Compact Stapler (Grey)
IMG02263,P00328,images/P00328/img70.jpg,Stationery,1024,640,Test,Deluxe Notebook (Green)
IMG02264,P00198,images/P00198/img38.jpg,Footwear,320,480,Validation,Deluxe Sandals (Grey)
IMG02265,P00403,images/P00403/img78.jpg,Home,480,768,Train,Compact Bed Sheet Set (Beige)
IMG02266,P00074,images/P00074/img26.jpg,Stationery,720,240,Validation,Classic Desk Organizer (White)
IMG02267,P00535,images/P00535/img61.jpg,Stationery,320,360,Train,Standard Calculator (Beige)
IMG02268,P00053,images/P00053/img98.jpg,Home,320,480,Train,Max Candle Holder (White)
IMG02269,P00115,images/P00115/img65.jpg,Home,480,640,Train,Standard Photo Frame (Grey)
IMG02270,P00442,images/P00442/img89.jpg,Home,320,640,Validation,Standard Table Lamp (Blue)
IMG02271,P00172,images/P00172/img92.jpg,Footwear,320,640,Test,Lite Formal Shoes (Silver)
IMG02272,P00452,images/P00452/img54.jpg,Home,640,640,Validation,Classic Curtain (Blue)
IMG02273,P00021,images/P00021/img44.jpg,Accessories,720,480,Train,Max Backpack (Black)
IMG02274,P00001,images/P00001/img45.jpg,Electronics,320,240,Validation,Lite Wireless Mouse (Red)
IMG02275,P00039,images/P00039/img02.jpg,Electronics,320,240,Validation,Plus HDMI Cable (Grey)
IMG02276,P00670,images/P00670/img20.jpg,Footwear,720,240,Train,Lite Sandals (Grey)
IMG02277,P00190,images/P00190/img08.jpg,Footwear,320,240,Test,Mini Loafers (Grey)
IMG02278,P00618,images/P00618/img02.jpg,Accessories,720,768,Validation,Plus Cap (Silver)
IMG02279,P00492,images/P00492/img01.jpg,Accessories,1024,240,Test,Max Umbrella (Blue)
IMG02280,P00056,images/P00056/img40.jpg,Electronics,480,360,Train,Standard Wireless Mouse (Green)
IMG02281,P00419,images/P00419/img95.jpg,Accessories,720,360,Train,Classic Wallet (Red)
IMG02282,P00358,images/P00358/img52.jpg,Electronics,640,480,Train,Classic Keyboard (Green)
IMG02283,P00650,images/P00650/img81.jpg,Stationery,640,240,Validation,Deluxe Marker Pack (Beige)
IMG02284,P00607,images/P00607/img88.jpg,Stationery,640,360,Train,Mini Calculator (Beige)
IMG02285,P00613,images/P00613/img19.jpg,Home,480,240,Train,Plus Cushion (Grey)
IMG02286,P00065,images/P00065/img30.jpg,Electronics,1024,480,Train,Lite Keyboard (Silver)
IMG02287,P00027,images/P00027/img61.jpg,Accessories,720,480,Train,Mini Belt (Silver)
IMG02288,P00352,images/P00352/img73.jpg,Electronics,480,360,Train,Premium Wireless Mouse (Beige)
IMG02289,P00431,images/P00431/img16.jpg,Accessories,1024,360,Validation,Plus Travel Pouch (Blue)
IMG02290,P00041,images/P00041/img16.jpg,Electronics,640,640,Validation,Premium Charger (White)
IMG02291,P00314,images/P00314/img40.jpg,Stationery,320,640,Train,Premium Stapler (Black)
IMG02292,P00156,images/P00156/img15.jpg,Electronics,640,480,Test,Max USB-C Cable (Black)
IMG02293,P00527,images/P00527/img40.jpg,Electronics,1024,480,Validation,Mini Charger (Red)
IMG02294,P00662,images/P00662/img11.jpg,Electronics,720,768,Train,Premium Power Bank (Green)
IMG02295,P00432,images/P00432/img94.jpg,Home,320,640,Train,Mini Door Mat (Blue)
IMG02296,P00385,images/P00385/img71.jpg,Stationery,480,640,Validation,Lite File Folder (Grey)
IMG02297,P00785,images/P00785/img09.jpg,Electronics,640,240,Train,Max Power Bank (Black)
IMG02298,P00337,images/P00337/img85.jpg,Accessories,320,240,Train,Plus Cap (Green)
IMG02299,P00344,images/P00344/img59.jpg,Electronics,320,240,Train,Premium Power Bank (Beige)
IMG02300,P00691,images/P00691/img03.jpg,Accessories,320,640,Train,Deluxe Travel Pouch (White)
IMG02301,P00657,images/P00657/img30.jpg,Home,720,480,Test,Deluxe Storage Box (Beige)
IMG02302,P00093,images/P00093/img14.jpg,Accessories,480,768,Train,Compact Keychain (Blue)
IMG02303,P00717,images/P00717/img10.jpg,Accessories,480,240,Validation,Deluxe Keychain (White)
IMG02304,P00529,images/P00529/img27.jpg,Accessories,1024,480,Train,Premium Sunglasses (Green)
IMG02305,P00459,images/P00459/img05.jpg,Stationery,320,640,Train,Premium Stapler (Red)
IMG02306,P00100,images/P00100/img55.jpg,Footwear,320,768,Test,Standard Formal Shoes (Black)
IMG02307,P00763,images/P00763/img92.jpg,Footwear,640,768,Train,Pro Slippers (Blue)
IMG02308,P00174,images/P00174/img45.jpg,Accessories,480,480,Train,Premium Backpack (Green)
IMG02309,P00370,images/P00370/img31.jpg,Footwear,720,240,Test,Pro Slippers (Silver)
IMG02310,P00308,images/P00308/img20.jpg,Electronics,320,640,Train,Max Webcam (Green)
IMG02311,P00639,images/P00639/img75.jpg,Accessories,1024,480,Train,Premium Watch Strap (Red)
IMG02312,P00282,images/P00282/img01.jpg,Accessories,1024,240,Test,Premium Wallet (White)
IMG02313,P00596,images/P00596/img41.jpg,Footwear,1024,768,Train,Lite Flip Flops (Red)
IMG02314,P00671,images/P00671/img85.jpg,Accessories,1024,360,Train,Mini Umbrella (White)
IMG02315,P00661,images/P00661/img43.jpg,Accessories,640,768,Train,Pro Handbag (White)
IMG02316,P00194,images/P00194/img02.jpg,Stationery,1024,360,Test,Premium Stapler (Silver)
IMG02317,P00714,images/P00714/img89.jpg,Home,720,640,Train,Plus Bed Sheet Set (Beige)
IMG02318,P00673,images/P00673/img44.jpg,Accessories,320,768,Validation,Pro Umbrella (Green)
IMG02319,P00235,images/P00235/img25.jpg,Electronics,1024,768,Train,Pro Laptop Stand (Blue)
IMG02320,P00250,images/P00250/img39.jpg,Electronics,1024,240,Train,Premium Tablet Stand (White)
IMG02321,P00183,images/P00183/img50.jpg,Home,480,768,Validation,Plus Bed Sheet Set (Green)
IMG02322,P00756,images/P00756/img54.jpg,Home,640,768,Train,Pro Water Bottle (Blue)
IMG02323,P00377,images/P00377/img38.jpg,Home,640,768,Test,Max Curtain (Green)
IMG02324,P00663,images/P00663/img63.jpg,Accessories,320,640,Train,Mini Wallet (White)
IMG02325,P00327,images/P00327/img38.jpg,Home,640,360,Validation,Plus Table Lamp (Blue)
IMG02326,P00560,images/P00560/img22.jpg,Home,480,360,Train,Premium Cushion (Grey)
IMG02327,P00031,images/P00031/img73.jpg,Stationery,320,640,Train,Compact Stapler (Black)
IMG02328,P00794,images/P00794/img65.jpg,Home,1024,480,Validation,Deluxe Curtain (Black)
IMG02329,P00313,images/P00313/img28.jpg,Stationery,1024,360,Train,Deluxe Marker Pack (Black)
IMG02330,P00510,images/P00510/img68.jpg,Stationery,480,768,Train,Standard Calculator (Black)
IMG02331,P00452,images/P00452/img46.jpg,Home,1024,768,Validation,Classic Curtain (Blue)
IMG02332,P00386,images/P00386/img68.jpg,Stationery,320,640,Test,Plus Sticky Notes (White)
IMG02333,P00568,images/P00568/img98.jpg,Stationery,320,240,Train,Compact Highlighter Set (Red)
IMG02334,P00125,images/P00125/img89.jpg,Electronics,480,240,Train,Premium USB-C Cable (White)
IMG02335,P00448,images/P00448/img75.jpg,Electronics,480,768,Test,Standard Headphones (Green)
IMG02336,P00225,images/P00225/img27.jpg,Home,1024,640,Train,Classic Bed Sheet Set (Silver)
IMG02337,P00272,images/P00272/img46.jpg,Accessories,1024,640,Train,Standard Backpack (Grey)
IMG02338,P00230,images/P00230/img50.jpg,Home,480,640,Train,Max Water Bottle (Grey)
IMG02339,P00538,images/P00538/img43.jpg,Accessories,1024,480,Test,Max Umbrella (Red)
IMG02340,P00558,images/P00558/img10.jpg,Electronics,320,480,Train,Mini Bluetooth Speaker (Silver)
IMG02341,P00499,images/P00499/img47.jpg,Footwear,1024,640,Train,Deluxe Sneakers (Green)
IMG02342,P00545,images/P00545/img53.jpg,Home,1024,768,Train,Max Door Mat (Grey)
IMG02343,P00376,images/P00376/img07.jpg,Home,720,480,Train,Compact Curtain (Black)
IMG02344,P00099,images/P00099/img16.jpg,Accessories,640,360,Train,Max Watch Strap (Grey)
IMG02345,P00474,images/P00474/img10.jpg,Stationery,1024,640,Train,Lite Sticky Notes (Blue)
IMG02346,P00020,images/P00020/img84.jpg,Home,320,240,Train,Compact Wall Clock (Red)
IMG02347,P00002,images/P00002/img07.jpg,Footwear,480,480,Train,Pro Sandals (White)
IMG02348,P00675,images/P00675/img61.jpg,Home,640,240,Validation,Mini Table Lamp (Grey)
IMG02349,P00651,images/P00651/img23.jpg,Stationery,1024,640,Train,Standard Scissors (Blue)
IMG02350,P00132,images/P00132/img36.jpg,Home,1024,480,Validation,Compact Curtain (Beige)
IMG02351,P00505,images/P00505/img90.jpg,Accessories,1024,360,Train,Lite Travel Pouch (White)
IMG02352,P00776,images/P00776/img05.jpg,Accessories,320,360,Test,Max Wallet (Grey)
IMG02353,P00518,images/P00518/img39.jpg,Accessories,640,480,Validation,Pro Handbag (Beige)
IMG02354,P00189,images/P00189/img65.jpg,Electronics,320,480,Train,Max Tablet Stand (Grey)
IMG02355,P00645,images/P00645/img13.jpg,Footwear,720,360,Validation,Deluxe Sneakers (Silver)
IMG02356,P00032,images/P00032/img11.jpg,Electronics,1024,768,Train,Compact Monitor (Grey)
IMG02357,P00215,images/P00215/img66.jpg,Home,1024,640,Train,Compact Wall Clock (Silver)
IMG02358,P00117,images/P00117/img63.jpg,Home,480,768,Train,Deluxe Storage Box (Grey)
IMG02359,P00413,images/P00413/img01.jpg,Electronics,720,768,Train,Pro Webcam (Green)
IMG02360,P00433,images/P00433/img69.jpg,Electronics,1024,480,Train,Premium Charger (Black)
IMG02361,P00559,images/P00559/img64.jpg,Accessories,1024,480,Test,Classic Belt (Grey)
IMG02362,P00249,images/P00249/img12.jpg,Footwear,720,360,Train,Deluxe Flip Flops (Green)
IMG02363,P00138,images/P00138/img17.jpg,Footwear,320,640,Train,Max Sandals (Beige)
IMG02364,P00286,images/P00286/img91.jpg,Accessories,1024,240,Validation,Deluxe Cap (Beige)
IMG02365,P00165,images/P00165/img59.jpg,Stationery,640,360,Train,Plus Notebook (Beige)
IMG02366,P00523,images/P00523/img87.jpg,Footwear,640,640,Test,Deluxe Running Shoes (White)
IMG02367,P00217,images/P00217/img17.jpg,Home,1024,640,Train,Deluxe Photo Frame (Grey)
IMG02368,P00720,images/P00720/img32.jpg,Footwear,640,360,Train,Standard Flip Flops (Beige)
IMG02369,P00339,images/P00339/img03.jpg,Electronics,480,480,Train,Classic Bluetooth Speaker (White)
IMG02370,P00598,images/P00598/img01.jpg,Footwear,640,240,Validation,Mini Boots (Red)
IMG02371,P00646,images/P00646/img27.jpg,Accessories,640,480,Train,Pro Backpack (Grey)
IMG02372,P00201,images/P00201/img58.jpg,Stationery,480,480,Train,Premium File Folder (Silver)
IMG02373,P00623,images/P00623/img23.jpg,Accessories,720,768,Train,Max Sunglasses (Green)
IMG02374,P00352,images/P00352/img90.jpg,Electronics,480,640,Train,Premium Wireless Mouse (Beige)
IMG02375,P00484,images/P00484/img48.jpg,Home,320,480,Train,Lite Bed Sheet Set (Grey)
IMG02376,P00089,images/P00089/img67.jpg,Accessories,1024,360,Train,Classic Backpack (Green)
IMG02377,P00704,images/P00704/img65.jpg,Electronics,720,240,Train,Plus Wireless Mouse (White)
IMG02378,P00147,images/P00147/img09.jpg,Home,480,640,Train,Premium Storage Box (Blue)
IMG02379,P00222,images/P00222/img78.jpg,Electronics,1024,768,Train,Plus Laptop Stand (Beige)
IMG02380,P00214,images/P00214/img20.jpg,Home,480,768,Validation,Premium Table Lamp (Grey)
IMG02381,P00732,images/P00732/img57.jpg,Home,640,480,Train,Premium Curtain (White)
IMG02382,P00098,images/P00098/img21.jpg,Footwear,480,640,Train,Classic Sports Shoes (Blue)
IMG02383,P00667,images/P00667/img88.jpg,Home,320,640,Validation,Lite Water Bottle (Beige)
IMG02384,P00430,images/P00430/img55.jpg,Stationery,320,640,Train,Mini Scissors (Black)
IMG02385,P00298,images/P00298/img37.jpg,Electronics,480,240,Validation,Plus Monitor (Green)
IMG02386,P00039,images/P00039/img64.jpg,Electronics,720,240,Train,Plus HDMI Cable (Grey)
IMG02387,P00662,images/P00662/img48.jpg,Electronics,1024,768,Train,Premium Power Bank (Green)
IMG02388,P00738,images/P00738/img31.jpg,Footwear,480,240,Train,Plus Hiking Boots (Beige)
IMG02389,P00561,images/P00561/img80.jpg,Accessories,1024,768,Train,Deluxe Cap (Black)
IMG02390,P00120,images/P00120/img12.jpg,Home,1024,640,Train,Premium Door Mat (Red)
IMG02391,P00356,images/P00356/img35.jpg,Home,480,360,Train,Plus Table Lamp (Beige)
IMG02392,P00104,images/P00104/img84.jpg,Accessories,480,640,Train,Pro Cap (Grey)
IMG02393,P00362,images/P00362/img58.jpg,Home,640,768,Test,Plus Wall Clock (Red)
IMG02394,P00288,images/P00288/img51.jpg,Electronics,720,640,Train,Compact Router (Green)
IMG02395,P00396,images/P00396/img92.jpg,Accessories,640,480,Train,Mini Keychain (Beige)
IMG02396,P00372,images/P00372/img58.jpg,Accessories,640,240,Test,Pro Travel Pouch (Grey)
IMG02397,P00274,images/P00274/img30.jpg,Accessories,640,360,Train,Deluxe Belt (Green)
IMG02398,P00284,images/P00284/img65.jpg,Electronics,480,480,Train,Standard Earbuds (Black)
IMG02399,P00549,images/P00549/img47.jpg,Home,320,240,Train,Mini Door Mat (Grey)
IMG02400,P00314,images/P00314/img74.jpg,Stationery,640,640,Train,Premium Stapler (Black)
IMG02401,P00765,images/P00765/img02.jpg,Electronics,640,640,Train,Plus Wireless Mouse (White)
IMG02402,P00221,images/P00221/img33.jpg,Footwear,480,480,Train,Standard Hiking Boots (Silver)
IMG02403,P00670,images/P00670/img20.jpg,Footwear,480,768,Validation,Lite Sandals (Grey)
IMG02404,P00024,images/P00024/img84.jpg,Home,480,360,Train,Premium Candle Holder (Blue)
IMG02405,P00003,images/P00003/img22.jpg,Stationery,1024,640,Train,Classic File Folder (Black)
IMG02406,P00794,images/P00794/img72.jpg,Home,320,480,Validation,Deluxe Curtain (Black)
IMG02407,P00609,images/P00609/img55.jpg,Electronics,1024,640,Train,Premium HDMI Cable (Green)
IMG02408,P00213,images/P00213/img98.jpg,Accessories,640,360,Train,Deluxe Keychain (Grey)
IMG02409,P00103,images/P00103/img67.jpg,Electronics,1024,768,Validation,Max Monitor (Beige)
IMG02410,P00405,images/P00405/img12.jpg,Accessories,320,240,Test,Premium Backpack (Green)
IMG02411,P00458,images/P00458/img56.jpg,Accessories,480,240,Train,Premium Cap (Red)
IMG02412,P00531,images/P00531/img55.jpg,Footwear,720,480,Train,Lite Sneakers (Grey)
IMG02413,P00374,images/P00374/img90.jpg,Accessories,1024,240,Validation,Pro Cap (White)
IMG02414,P00593,images/P00593/img71.jpg,Stationery,640,640,Test,Premium Notebook (Black)
IMG02415,P00110,images/P00110/img85.jpg,Home,720,360,Train,Max Curtain (Grey)
IMG02416,P00272,images/P00272/img67.jpg,Accessories,720,768,Validation,Standard Backpack (Grey)
IMG02417,P00169,images/P00169/img82.jpg,Footwear,480,768,Train,Mini Sports Shoes (Grey)
IMG02418,P00354,images/P00354/img16.jpg,Stationery,640,240,Train,Plus Calculator (White)
IMG02419,P00796,images/P00796/img86.jpg,Footwear,1024,360,Train,Mini Running Shoes (Silver)
IMG02420,P00414,images/P00414/img55.jpg,Footwear,720,360,Train,Classic Sandals (Grey)
IMG02421,P00519,images/P00519/img70.jpg,Stationery,320,480,Validation,Classic Stapler (Silver)
IMG02422,P00680,images/P00680/img01.jpg,Footwear,1024,240,Train,Plus Sports Shoes (Grey)
IMG02423,P00749,images/P00749/img63.jpg,Accessories,480,640,Train,Premium Umbrella (Green)
IMG02424,P00441,images/P00441/img02.jpg,Accessories,320,240,Train,Lite Travel Pouch (White)
IMG02425,P00092,images/P00092/img47.jpg,Electronics,720,640,Train,Mini Headphones (Black)
IMG02426,P00647,images/P00647/img16.jpg,Stationery,320,240,Validation,Classic Desk Organizer (Blue)
IMG02427,P00274,images/P00274/img70.jpg,Accessories,640,480,Validation,Deluxe Belt (Green)
IMG02428,P00720,images/P00720/img78.jpg,Footwear,480,768,Train,Standard Flip Flops (Beige)
IMG02429,P00531,images/P00531/img13.jpg,Footwear,480,480,Train,Lite Sneakers (Grey)
IMG02430,P00107,images/P00107/img37.jpg,Stationery,720,640,Train,Classic Stapler (White)
IMG02431,P00597,images/P00597/img51.jpg,Stationery,640,768,Train,Deluxe Scissors (Green)
IMG02432,P00442,images/P00442/img12.jpg,Home,640,768,Train,Standard Table Lamp (Blue)
IMG02433,P00028,images/P00028/img15.jpg,Electronics,640,480,Train,Classic Earbuds (White)
IMG02434,P00588,images/P00588/img57.jpg,Home,320,640,Train,Standard Bed Sheet Set (Beige)
IMG02435,P00757,images/P00757/img02.jpg,Home,640,360,Train,Classic Door Mat (Beige)
IMG02436,P00786,images/P00786/img09.jpg,Electronics,480,768,Validation,Standard Earbuds (Grey)
IMG02437,P00332,images/P00332/img01.jpg,Footwear,1024,360,Train,Max Slippers (White)
IMG02438,P00652,images/P00652/img01.jpg,Electronics,720,240,Validation,Plus Smart Watch (Black)
IMG02439,P00232,images/P00232/img44.jpg,Home,640,768,Test,Classic Table Lamp (Red)
IMG02440,P00502,images/P00502/img16.jpg,Electronics,720,640,Validation,Mini Keyboard (Grey)
IMG02441,P00161,images/P00161/img15.jpg,Accessories,720,640,Train,Deluxe Wallet (Black)
IMG02442,P00061,images/P00061/img11.jpg,Electronics,720,360,Train,Compact Monitor (Black)
IMG02443,P00578,images/P00578/img44.jpg,Accessories,480,480,Train,Standard Backpack (Grey)
IMG02444,P00276,images/P00276/img59.jpg,Footwear,1024,640,Train,Classic Formal Shoes (Grey)
IMG02445,P00547,images/P00547/img96.jpg,Stationery,320,768,Test,Compact Marker Pack (Black)
IMG02446,P00775,images/P00775/img25.jpg,Home,720,360,Train,Mini Photo Frame (Red)
IMG02447,P00590,images/P00590/img45.jpg,Footwear,720,240,Train,Max Boots (White)
IMG02448,P00739,images/P00739/img69.jpg,Footwear,1024,768,Train,Mini Hiking Boots (Red)
IMG02449,P00509,images/P00509/img86.jpg,Stationery,640,240,Train,Mini Scissors (Red)
IMG02450,P00314,images/P00314/img71.jpg,Stationery,320,240,Train,Premium Stapler (Black)
IMG02451,P00510,images/P00510/img04.jpg,Stationery,480,640,Train,Standard Calculator (Black)
IMG02452,P00733,images/P00733/img52.jpg,Stationery,640,640,Train,Lite Pen Set (Green)
IMG02453,P00070,images/P00070/img95.jpg,Stationery,320,480,Train,Mini Calculator (Black)
IMG02454,P00511,images/P00511/img23.jpg,Electronics,480,640,Train,Mini Wireless Mouse (Green)
IMG02455,P00318,images/P00318/img26.jpg,Electronics,640,480,Validation,Lite Bluetooth Speaker (Green)
IMG02456,P00494,images/P00494/img72.jpg,Stationery,320,240,Train,Max File Folder (Blue)
IMG02457,P00177,images/P00177/img56.jpg,Stationery,320,640,Train,Compact Notebook (Red)
IMG02458,P00547,images/P00547/img50.jpg,Stationery,1024,768,Train,Compact Marker Pack (Black)
IMG02459,P00345,images/P00345/img66.jpg,Home,1024,360,Test,Premium Curtain (Beige)
IMG02460,P00497,images/P00497/img93.jpg,Home,1024,480,Validation,Premium Wall Clock (Black)
IMG02461,P00614,images/P00614/img15.jpg,Electronics,720,640,Train,Max USB-C Cable (White)
IMG02462,P00585,images/P00585/img83.jpg,Stationery,320,480,Train,Plus Sticky Notes (White)
IMG02463,P00266,images/P00266/img46.jpg,Electronics,320,360,Train,Premium HDMI Cable (Grey)
IMG02464,P00728,images/P00728/img26.jpg,Home,320,360,Train,Premium Candle Holder (Silver)
IMG02465,P00650,images/P00650/img66.jpg,Stationery,1024,240,Train,Deluxe Marker Pack (Beige)
IMG02466,P00163,images/P00163/img63.jpg,Footwear,640,360,Train,Deluxe Formal Shoes (Red)
IMG02467,P00518,images/P00518/img73.jpg,Accessories,320,480,Test,Pro Handbag (Beige)
IMG02468,P00390,images/P00390/img42.jpg,Footwear,640,480,Validation,Pro Flip Flops (Beige)
IMG02469,P00155,images/P00155/img62.jpg,Accessories,480,640,Train,Pro Belt (Black)
IMG02470,P00024,images/P00024/img34.jpg,Home,320,640,Validation,Premium Candle Holder (Blue)
IMG02471,P00601,images/P00601/img26.jpg,Stationery,1024,480,Train,Classic Highlighter Set (Green)
IMG02472,P00273,images/P00273/img16.jpg,Electronics,1024,480,Train,Classic Router (Silver)
IMG02473,P00297,images/P00297/img68.jpg,Home,1024,240,Train,Max Door Mat (Green)
IMG02474,P00397,images/P00397/img03.jpg,Footwear,720,640,Train,Mini Sandals (Blue)
IMG02475,P00539,images/P00539/img91.jpg,Stationery,720,640,Train,Compact Stapler (Grey)
IMG02476,P00275,images/P00275/img04.jpg,Footwear,1024,360,Validation,Deluxe Sneakers (Grey)
IMG02477,P00221,images/P00221/img28.jpg,Footwear,320,240,Test,Standard Hiking Boots (Silver)
IMG02478,P00188,images/P00188/img61.jpg,Stationery,480,360,Validation,Deluxe Calculator (Grey)
IMG02479,P00330,images/P00330/img20.jpg,Electronics,1024,768,Train,Deluxe Power Bank (Grey)
IMG02480,P00325,images/P00325/img64.jpg,Accessories,320,360,Train,Mini Handbag (Silver)
IMG02481,P00694,images/P00694/img64.jpg,Accessories,480,240,Validation,Pro Watch Strap (Black)
IMG02482,P00172,images/P00172/img46.jpg,Footwear,720,240,Train,Lite Formal Shoes (Silver)
IMG02483,P00464,images/P00464/img63.jpg,Stationery,480,240,Validation,Pro Marker Pack (Red)
IMG02484,P00337,images/P00337/img31.jpg,Accessories,720,360,Test,Plus Cap (Green)
IMG02485,P00456,images/P00456/img69.jpg,Electronics,720,768,Train,Mini Wireless Mouse (Silver)
IMG02486,P00226,images/P00226/img51.jpg,Electronics,320,768,Train,Lite Webcam (Green)
IMG02487,P00246,images/P00246/img79.jpg,Stationery,720,768,Train,Max File Folder (Beige)
IMG02488,P00164,images/P00164/img75.jpg,Electronics,1024,360,Train,Lite Charger (White)
IMG02489,P00422,images/P00422/img75.jpg,Stationery,320,768,Train,Max Desk Organizer (Blue)
IMG02490,P00452,images/P00452/img14.jpg,Home,720,768,Train,Classic Curtain (Blue)
IMG02491,P00011,images/P00011/img07.jpg,Electronics,480,240,Train,Premium Charger (White)
IMG02492,P00389,images/P00389/img40.jpg,Accessories,640,240,Train,Standard Travel Pouch (Green)
IMG02493,P00567,images/P00567/img77.jpg,Home,720,768,Test,Plus Curtain (Beige)
IMG02494,P00704,images/P00704/img63.jpg,Electronics,640,768,Train,Plus Wireless Mouse (White)
IMG02495,P00673,images/P00673/img70.jpg,Accessories,720,480,Validation,Pro Umbrella (Green)
IMG02496,P00755,images/P00755/img27.jpg,Accessories,480,240,Validation,Classic Backpack (White)
IMG02497,P00671,images/P00671/img32.jpg,Accessories,1024,240,Train,Mini Umbrella (White)
IMG02498,P00089,images/P00089/img42.jpg,Accessories,720,360,Train,Classic Backpack (Green)
IMG02499,P00007,images/P00007/img69.jpg,Electronics,480,640,Train,Mini Earbuds (Beige)
IMG02500,P00738,images/P00738/img49.jpg,Footwear,480,360,Validation,Plus Hiking Boots (Beige)
IMG02501,P00481,images/P00481/img76.jpg,Stationery,640,640,Train,Classic Notebook (White)
IMG02502,P00090,images/P00090/img09.jpg,Footwear,320,768,Validation,Mini Boots (Silver)
IMG02503,P00132,images/P00132/img08.jpg,Home,640,768,Train,Compact Curtain (Beige)
IMG02504,P00417,images/P00417/img13.jpg,Accessories,320,360,Train,Mini Belt (Beige)
IMG02505,P00440,images/P00440/img23.jpg,Accessories,1024,768,Train,Premium Sunglasses (Silver)
IMG02506,P00490,images/P00490/img83.jpg,Footwear,320,240,Train,Compact Loafers (White)
IMG02507,P00557,images/P00557/img96.jpg,Stationery,1024,640,Validation,Pro Scissors (Beige)
IMG02508,P00111,images/P00111/img73.jpg,Electronics,720,480,Train,Standard Charger (Black)
IMG02509,P00660,images/P00660/img56.jpg,Footwear,480,240,Train,Mini Sports Shoes (Beige)
IMG02510,P00687,images/P00687/img53.jpg,Footwear,720,768,Validation,Max Boots (Grey)
IMG02511,P00048,images/P00048/img27.jpg,Stationery,480,640,Train,Classic Marker Pack (White)
IMG02512,P00577,images/P00577/img96.jpg,Stationery,1024,640,Train,Compact Notebook (Silver)
IMG02513,P00394,images/P00394/img23.jpg,Footwear,1024,240,Test,Lite Formal Shoes (White)
IMG02514,P00070,images/P00070/img27.jpg,Stationery,720,480,Train,Mini Calculator (Black)
IMG02515,P00163,images/P00163/img70.jpg,Footwear,480,768,Train,Deluxe Formal Shoes (Red)
IMG02516,P00673,images/P00673/img57.jpg,Accessories,640,640,Validation,Pro Umbrella (Green)
IMG02517,P00219,images/P00219/img97.jpg,Accessories,640,240,Validation,Classic Keychain (Blue)
IMG02518,P00180,images/P00180/img17.jpg,Home,320,480,Validation,Pro Water Bottle (Grey)
IMG02519,P00674,images/P00674/img87.jpg,Accessories,480,240,Train,Premium Belt (Red)
IMG02520,P00608,images/P00608/img17.jpg,Footwear,640,768,Train,Max Boots (Green)
IMG02521,P00458,images/P00458/img36.jpg,Accessories,1024,768,Train,Premium Cap (Red)
IMG02522,P00285,images/P00285/img13.jpg,Accessories,1024,360,Train,Pro Travel Pouch (Silver)
IMG02523,P00362,images/P00362/img54.jpg,Home,720,360,Train,Plus Wall Clock (Red)
IMG02524,P00486,images/P00486/img87.jpg,Home,320,768,Train,Classic Table Lamp (Blue)
IMG02525,P00112,images/P00112/img35.jpg,Stationery,720,360,Train,Max Calculator (Green)
IMG02526,P00760,images/P00760/img18.jpg,Electronics,720,360,Train,Mini Webcam (Black)
IMG02527,P00051,images/P00051/img67.jpg,Accessories,1024,480,Validation,Max Umbrella (Blue)
IMG02528,P00703,images/P00703/img02.jpg,Accessories,1024,240,Train,Lite Wallet (Black)
IMG02529,P00370,images/P00370/img10.jpg,Footwear,720,480,Validation,Pro Slippers (Silver)
IMG02530,P00608,images/P00608/img65.jpg,Footwear,720,360,Train,Max Boots (Green)
IMG02531,P00020,images/P00020/img53.jpg,Home,1024,640,Validation,Compact Wall Clock (Red)
IMG02532,P00251,images/P00251/img53.jpg,Stationery,640,360,Validation,Classic Highlighter Set (Blue)
IMG02533,P00611,images/P00611/img35.jpg,Accessories,320,480,Train,Deluxe Watch Strap (Black)
IMG02534,P00255,images/P00255/img46.jpg,Accessories,1024,768,Train,Compact Umbrella (Black)
IMG02535,P00661,images/P00661/img08.jpg,Accessories,480,768,Train,Pro Handbag (White)
IMG02536,P00072,images/P00072/img51.jpg,Stationery,720,480,Train,Max Pen Set (Beige)
IMG02537,P00372,images/P00372/img09.jpg,Accessories,720,480,Validation,Pro Travel Pouch (Grey)
IMG02538,P00452,images/P00452/img97.jpg,Home,480,360,Train,Classic Curtain (Blue)
IMG02539,P00215,images/P00215/img88.jpg,Home,720,640,Train,Compact Wall Clock (Silver)
IMG02540,P00290,images/P00290/img57.jpg,Accessories,1024,768,Train,Pro Watch Strap (Blue)
IMG02541,P00648,images/P00648/img56.jpg,Accessories,640,240,Train,Max Backpack (Blue)
IMG02542,P00247,images/P00247/img46.jpg,Electronics,320,480,Train,Premium Webcam (Beige)
IMG02543,P00518,images/P00518/img90.jpg,Accessories,320,240,Train,Pro Handbag (Beige)
IMG02544,P00709,images/P00709/img18.jpg,Stationery,720,640,Train,Premium Marker Pack (Beige)
IMG02545,P00039,images/P00039/img80.jpg,Electronics,720,240,Train,Plus HDMI Cable (Grey)
IMG02546,P00038,images/P00038/img59.jpg,Stationery,640,768,Train,Premium Scissors (Black)
IMG02547,P00419,images/P00419/img78.jpg,Accessories,480,768,Train,Classic Wallet (Red)
IMG02548,P00239,images/P00239/img17.jpg,Footwear,480,768,Test,Compact Hiking Boots (Blue)
IMG02549,P00126,images/P00126/img78.jpg,Home,640,480,Validation,Deluxe Candle Holder (Red)
IMG02550,P00386,images/P00386/img31.jpg,Stationery,640,360,Train,Plus Sticky Notes (White)
IMG02551,P00613,images/P00613/img75.jpg,Home,720,240,Train,Plus Cushion (Grey)
IMG02552,P00251,images/P00251/img53.jpg,Stationery,480,240,Train,Classic Highlighter Set (Blue)
IMG02553,P00121,images/P00121/img78.jpg,Stationery,480,640,Validation,Mini Highlighter Set (White)
IMG02554,P00661,images/P00661/img08.jpg,Accessories,720,240,Test,Pro Handbag (White)
IMG02555,P00518,images/P00518/img61.jpg,Accessories,1024,240,Train,Pro Handbag (Beige)
IMG02556,P00563,images/P00563/img60.jpg,Electronics,320,640,Train,Lite Laptop Stand (Blue)
IMG02557,P00671,images/P00671/img75.jpg,Accessories,1024,360,Train,Mini Umbrella (White)
IMG02558,P00666,images/P00666/img12.jpg,Stationery,320,480,Train,Deluxe Pen Set (Green)
IMG02559,P00392,images/P00392/img63.jpg,Accessories,480,480,Train,Max Sunglasses (Green)
IMG02560,P00462,images/P00462/img36.jpg,Accessories,480,240,Validation,Compact Wallet (Grey)
IMG02561,P00769,images/P00769/img66.jpg,Footwear,640,360,Validation,Mini Sports Shoes (Blue)
IMG02562,P00122,images/P00122/img98.jpg,Accessories,720,240,Train,Deluxe Travel Pouch (Green)
IMG02563,P00450,images/P00450/img44.jpg,Stationery,720,480,Validation,Classic Highlighter Set (Blue)
IMG02564,P00429,images/P00429/img57.jpg,Electronics,320,480,Train,Max Webcam (White)
IMG02565,P00423,images/P00423/img36.jpg,Accessories,1024,768,Train,Classic Watch Strap (Green)
IMG02566,P00385,images/P00385/img11.jpg,Stationery,720,480,Test,Lite File Folder (Grey)
IMG02567,P00012,images/P00012/img65.jpg,Home,1024,640,Train,Compact Table Lamp (Grey)
IMG02568,P00061,images/P00061/img20.jpg,Electronics,640,240,Validation,Compact Monitor (Black)
IMG02569,P00570,images/P00570/img22.jpg,Stationery,1024,240,Train,Pro Scissors (White)
IMG02570,P00047,images/P00047/img22.jpg,Accessories,640,360,Train,Deluxe Backpack (Red)
IMG02571,P00269,images/P00269/img38.jpg,Accessories,320,240,Train,Lite Umbrella (Red)
IMG02572,P00176,images/P00176/img23.jpg,Accessories,320,240,Train,Lite Handbag (Grey)
IMG02573,P00577,images/P00577/img18.jpg,Stationery,320,640,Train,Compact Notebook (Silver)
IMG02574,P00648,images/P00648/img74.jpg,Accessories,480,360,Validation,Max Backpack (Blue)
IMG02575,P00627,images/P00627/img25.jpg,Accessories,720,240,Test,Mini Sunglasses (Silver)
IMG02576,P00749,images/P00749/img80.jpg,Accessories,720,360,Train,Premium Umbrella (Green)
IMG02577,P00251,images/P00251/img31.jpg,Stationery,480,768,Train,Classic Highlighter Set (Blue)
IMG02578,P00228,images/P00228/img86.jpg,Stationery,320,240,Train,Standard Highlighter Set (Black)
IMG02579,P00209,images/P00209/img22.jpg,Electronics,1024,480,Train,Max Monitor (Grey)
IMG02580,P00123,images/P00123/img19.jpg,Electronics,640,240,Train,Max Tablet Stand (Grey)
IMG02581,P00399,images/P00399/img18.jpg,Footwear,480,480,Train,Deluxe Slippers (Grey)
IMG02582,P00495,images/P00495/img39.jpg,Accessories,1024,640,Train,Plus Keychain (Red)
IMG02583,P00023,images/P00023/img52.jpg,Footwear,640,768,Validation,Plus Hiking Boots (Red)
IMG02584,P00516,images/P00516/img95.jpg,Stationery,480,480,Validation,Compact Calculator (Silver)
IMG02585,P00708,images/P00708/img56.jpg,Footwear,1024,240,Train,Standard Sports Shoes (Black)
IMG02586,P00607,images/P00607/img02.jpg,Stationery,480,640,Train,Mini Calculator (Beige)
IMG02587,P00600,images/P00600/img91.jpg,Stationery,1024,768,Train,Mini Desk Organizer (Beige)
IMG02588,P00275,images/P00275/img41.jpg,Footwear,320,768,Train,Deluxe Sneakers (Grey)
IMG02589,P00017,images/P00017/img82.jpg,Footwear,480,640,Test,Plus Loafers (Red)
IMG02590,P00136,images/P00136/img59.jpg,Home,1024,360,Test,Lite Table Lamp (Red)
IMG02591,P00503,images/P00503/img21.jpg,Accessories,640,360,Test,Plus Watch Strap (Black)
IMG02592,P00539,images/P00539/img25.jpg,Stationery,720,480,Train,Compact Stapler (Grey)
IMG02593,P00232,images/P00232/img57.jpg,Home,640,240,Train,Classic Table Lamp (Red)
IMG02594,P00765,images/P00765/img24.jpg,Electronics,720,768,Train,Plus Wireless Mouse (White)
IMG02595,P00772,images/P00772/img79.jpg,Footwear,320,768,Train,Standard Sandals (Silver)
IMG02596,P00427,images/P00427/img38.jpg,Home,480,360,Train,Classic Door Mat (Beige)
IMG02597,P00422,images/P00422/img43.jpg,Stationery,1024,360,Train,Max Desk Organizer (Blue)
IMG02598,P00150,images/P00150/img34.jpg,Home,1024,360,Validation,Premium Storage Box (Blue)
IMG02599,P00182,images/P00182/img58.jpg,Stationery,1024,240,Train,Premium Scissors (Green)
IMG02600,P00646,images/P00646/img41.jpg,Accessories,640,480,Validation,Pro Backpack (Grey)
IMG02601,P00244,images/P00244/img34.jpg,Accessories,1024,480,Train,Compact Handbag (Beige)
IMG02602,P00121,images/P00121/img28.jpg,Stationery,480,360,Train,Mini Highlighter Set (White)
IMG02603,P00391,images/P00391/img10.jpg,Stationery,720,360,Train,Classic Scissors (Green)
IMG02604,P00187,images/P00187/img29.jpg,Footwear,320,768,Train,Premium Sneakers (Grey)
IMG02605,P00612,images/P00612/img86.jpg,Electronics,720,360,Train,Deluxe USB-C Cable (Red)
IMG02606,P00722,images/P00722/img82.jpg,Home,640,768,Train,Premium Storage Box (Blue)
IMG02607,P00342,images/P00342/img19.jpg,Accessories,320,480,Train,Deluxe Handbag (White)
IMG02608,P00797,images/P00797/img19.jpg,Accessories,640,360,Train,Compact Travel Pouch (Grey)
IMG02609,P00363,images/P00363/img22.jpg,Accessories,720,640,Train,Pro Sunglasses (White)
IMG02610,P00531,images/P00531/img83.jpg,Footwear,1024,768,Train,Lite Sneakers (Grey)
IMG02611,P00661,images/P00661/img58.jpg,Accessories,720,240,Train,Pro Handbag (White)
IMG02612,P00124,images/P00124/img81.jpg,Footwear,1024,640,Train,Mini Sneakers (Black)
IMG02613,P00234,images/P00234/img85.jpg,Stationery,1024,480,Train,Pro File Folder (Red)
IMG02614,P00735,images/P00735/img06.jpg,Home,320,360,Train,Max Table Lamp (Grey)
IMG02615,P00009,images/P00009/img91.jpg,Accessories,480,640,Validation,Pro Wallet (Beige)
IMG02616,P00573,images/P00573/img72.jpg,Accessories,720,768,Train,Premium Travel Pouch (White)
IMG02617,P00106,images/P00106/img21.jpg,Electronics,720,240,Train,Lite Headphones (Blue)
IMG02618,P00501,images/P00501/img04.jpg,Stationery,480,640,Train,Lite Highlighter Set (Black)
IMG02619,P00649,images/P00649/img03.jpg,Home,480,768,Train,Lite Table Lamp (Blue)
IMG02620,P00061,images/P00061/img07.jpg,Electronics,320,240,Train,Compact Monitor (Black)
IMG02621,P00602,images/P00602/img02.jpg,Home,320,240,Train,Plus Bed Sheet Set (Beige)
IMG02622,P00573,images/P00573/img07.jpg,Accessories,320,768,Train,Premium Travel Pouch (White)
IMG02623,P00573,images/P00573/img22.jpg,Accessories,320,240,Train,Premium Travel Pouch (White)
IMG02624,P00557,images/P00557/img68.jpg,Stationery,720,768,Train,Pro Scissors (Beige)
IMG02625,P00343,images/P00343/img15.jpg,Electronics,640,240,Validation,Mini Bluetooth Speaker (Black)
IMG02626,P00516,images/P00516/img75.jpg,Stationery,480,640,Train,Compact Calculator (Silver)
IMG02627,P00293,images/P00293/img08.jpg,Home,320,640,Train,Plus Door Mat (Beige)
IMG02628,P00754,images/P00754/img37.jpg,Stationery,480,768,Train,Mini Desk Organizer (Silver)
IMG02629,P00693,images/P00693/img47.jpg,Footwear,640,360,Validation,Classic Hiking Boots (Beige)
IMG02630,P00494,images/P00494/img07.jpg,Stationery,1024,640,Test,Max File Folder (Blue)
IMG02631,P00092,images/P00092/img41.jpg,Electronics,640,360,Train,Mini Headphones (Black)
IMG02632,P00727,images/P00727/img96.jpg,Stationery,320,480,Validation,Premium Calculator (Beige)
IMG02633,P00678,images/P00678/img26.jpg,Stationery,480,768,Train,Lite Sticky Notes (Green)
IMG02634,P00481,images/P00481/img09.jpg,Stationery,640,768,Validation,Classic Notebook (White)
IMG02635,P00338,images/P00338/img40.jpg,Electronics,640,768,Train,Mini Bluetooth Speaker (Beige)
IMG02636,P00220,images/P00220/img24.jpg,Home,640,360,Train,Premium Bed Sheet Set (Grey)
IMG02637,P00402,images/P00402/img52.jpg,Stationery,320,480,Validation,Premium Highlighter Set (Grey)
IMG02638,P00186,images/P00186/img77.jpg,Electronics,640,768,Train,Compact Charger (Blue)
IMG02639,P00158,images/P00158/img24.jpg,Home,320,768,Train,Deluxe Table Lamp (Red)
IMG02640,P00015,images/P00015/img14.jpg,Electronics,640,360,Train,Max Tablet Stand (White)
IMG02641,P00041,images/P00041/img09.jpg,Electronics,720,240,Test,Premium Charger (White)
IMG02642,P00453,images/P00453/img94.jpg,Home,320,640,Validation,Plus Photo Frame (Silver)
IMG02643,P00665,images/P00665/img06.jpg,Electronics,640,360,Train,Pro Wireless Mouse (Green)
IMG02644,P00165,images/P00165/img35.jpg,Stationery,320,768,Train,Plus Notebook (Beige)
IMG02645,P00357,images/P00357/img05.jpg,Stationery,1024,240,Train,Standard File Folder (Grey)
IMG02646,P00274,images/P00274/img23.jpg,Accessories,480,360,Train,Deluxe Belt (Green)
IMG02647,P00512,images/P00512/img37.jpg,Home,320,480,Train,Premium Bed Sheet Set (Blue)
IMG02648,P00564,images/P00564/img98.jpg,Home,320,360,Train,Lite Bed Sheet Set (White)
IMG02649,P00182,images/P00182/img88.jpg,Stationery,1024,768,Train,Premium Scissors (Green)
IMG02650,P00371,images/P00371/img11.jpg,Home,640,640,Train,Lite Wall Clock (Black)
IMG02651,P00581,images/P00581/img95.jpg,Stationery,1024,240,Train,Pro Notebook (Silver)
IMG02652,P00229,images/P00229/img60.jpg,Footwear,1024,768,Test,Plus Flip Flops (Silver)
IMG02653,P00109,images/P00109/img92.jpg,Home,640,480,Validation,Compact Curtain (White)
IMG02654,P00154,images/P00154/img71.jpg,Electronics,720,640,Validation,Classic Laptop Stand (Black)
IMG02655,P00310,images/P00310/img83.jpg,Footwear,320,768,Train,Compact Sports Shoes (White)
IMG02656,P00434,images/P00434/img17.jpg,Accessories,1024,360,Train,Classic Belt (Red)
IMG02657,P00118,images/P00118/img91.jpg,Home,480,640,Train,Classic Bed Sheet Set (Grey)
IMG02658,P00267,images/P00267/img30.jpg,Stationery,640,240,Test,Pro Sticky Notes (Silver)
IMG02659,P00087,images/P00087/img60.jpg,Accessories,480,768,Train,Lite Belt (Silver)
IMG02660,P00579,images/P00579/img30.jpg,Electronics,480,768,Train,Max Charger (White)
IMG02661,P00313,images/P00313/img35.jpg,Stationery,320,480,Train,Deluxe Marker Pack (Black)
IMG02662,P00275,images/P00275/img81.jpg,Footwear,720,360,Train,Deluxe Sneakers (Grey)
IMG02663,P00089,images/P00089/img71.jpg,Accessories,480,640,Train,Classic Backpack (Green)
IMG02664,P00011,images/P00011/img98.jpg,Electronics,720,360,Train,Premium Charger (White)
IMG02665,P00567,images/P00567/img54.jpg,Home,320,240,Validation,Plus Curtain (Beige)
IMG02666,P00798,images/P00798/img39.jpg,Footwear,640,640,Train,Mini Loafers (Grey)
IMG02667,P00039,images/P00039/img82.jpg,Electronics,720,640,Test,Plus HDMI Cable (Grey)
IMG02668,P00521,images/P00521/img75.jpg,Electronics,1024,768,Train,Premium Router (Blue)
IMG02669,P00701,images/P00701/img21.jpg,Footwear,1024,640,Validation,Premium Flip Flops (Green)
IMG02670,P00299,images/P00299/img28.jpg,Electronics,480,360,Test,Lite Keyboard (Red)
IMG02671,P00659,images/P00659/img71.jpg,Footwear,1024,768,Train,Pro Formal Shoes (Grey)
IMG02672,P00793,images/P00793/img20.jpg,Electronics,640,768,Validation,Standard HDMI Cable (White)
IMG02673,P00060,images/P00060/img40.jpg,Electronics,1024,640,Train,Compact Laptop Stand (White)
IMG02674,P00365,images/P00365/img22.jpg,Accessories,640,480,Validation,Max Sunglasses (White)
IMG02675,P00031,images/P00031/img32.jpg,Stationery,320,480,Train,Compact Stapler (Black)
IMG02676,P00619,images/P00619/img96.jpg,Home,640,360,Train,Premium Table Lamp (Green)
IMG02677,P00746,images/P00746/img25.jpg,Home,320,360,Train,Mini Door Mat (Grey)
IMG02678,P00133,images/P00133/img09.jpg,Stationery,640,768,Train,Mini Highlighter Set (Silver)
IMG02679,P00678,images/P00678/img62.jpg,Stationery,640,240,Validation,Lite Sticky Notes (Green)
IMG02680,P00274,images/P00274/img31.jpg,Accessories,320,768,Train,Deluxe Belt (Green)
IMG02681,P00646,images/P00646/img53.jpg,Accessories,480,240,Test,Pro Backpack (Grey)
IMG02682,P00459,images/P00459/img89.jpg,Stationery,480,240,Train,Premium Stapler (Red)
IMG02683,P00373,images/P00373/img58.jpg,Home,480,640,Train,Classic Door Mat (Black)
IMG02684,P00309,images/P00309/img24.jpg,Electronics,640,768,Train,Lite Bluetooth Speaker (Black)
IMG02685,P00756,images/P00756/img51.jpg,Home,320,240,Test,Pro Water Bottle (Blue)
IMG02686,P00703,images/P00703/img94.jpg,Accessories,640,640,Train,Lite Wallet (Black)
IMG02687,P00124,images/P00124/img55.jpg,Footwear,320,768,Train,Mini Sneakers (Black)
IMG02688,P00019,images/P00019/img63.jpg,Stationery,640,480,Train,Mini Marker Pack (Silver)
IMG02689,P00364,images/P00364/img39.jpg,Stationery,1024,640,Train,Max Calculator (Green)
IMG02690,P00661,images/P00661/img98.jpg,Accessories,640,240,Validation,Pro Handbag (White)
IMG02691,P00370,images/P00370/img42.jpg,Footwear,320,240,Train,Pro Slippers (Silver)
IMG02692,P00649,images/P00649/img97.jpg,Home,1024,240,Train,Lite Table Lamp (Blue)
IMG02693,P00016,images/P00016/img52.jpg,Home,320,480,Train,Premium Wall Clock (Green)
IMG02694,P00490,images/P00490/img12.jpg,Footwear,320,480,Validation,Compact Loafers (White)
IMG02695,P00551,images/P00551/img60.jpg,Accessories,320,360,Validation,Premium Cap (Silver)
IMG02696,P00108,images/P00108/img27.jpg,Stationery,320,240,Test,Plus File Folder (Green)
IMG02697,P00317,images/P00317/img82.jpg,Electronics,480,640,Train,Deluxe Webcam (Blue)
IMG02698,P00046,images/P00046/img08.jpg,Electronics,480,640,Train,Max USB-C Cable (White)
IMG02699,P00442,images/P00442/img02.jpg,Home,720,360,Train,Standard Table Lamp (Blue)
IMG02700,P00569,images/P00569/img90.jpg,Footwear,720,768,Validation,Pro Hiking Boots (Silver)
IMG02701,P00571,images/P00571/img09.jpg,Electronics,640,768,Train,Compact Tablet Stand (Red)
IMG02702,P00730,images/P00730/img86.jpg,Footwear,640,640,Train,Classic Boots (Grey)
IMG02703,P00404,images/P00404/img74.jpg,Footwear,640,480,Test,Deluxe Sneakers (Blue)
IMG02704,P00582,images/P00582/img14.jpg,Electronics,640,360,Train,Standard Power Bank (Blue)
IMG02705,P00185,images/P00185/img61.jpg,Footwear,640,240,Test,Max Formal Shoes (Green)
IMG02706,P00032,images/P00032/img14.jpg,Electronics,720,240,Train,Compact Monitor (Grey)
IMG02707,P00202,images/P00202/img81.jpg,Accessories,720,480,Train,Standard Keychain (Grey)
IMG02708,P00793,images/P00793/img29.jpg,Electronics,320,640,Train,Standard HDMI Cable (White)
IMG02709,P00227,images/P00227/img02.jpg,Electronics,320,360,Train,Standard Earbuds (Black)
IMG02710,P00031,images/P00031/img40.jpg,Stationery,640,360,Train,Compact Stapler (Black)
IMG02711,P00540,images/P00540/img97.jpg,Footwear,480,360,Train,Deluxe Formal Shoes (Red)
IMG02712,P00004,images/P00004/img80.jpg,Electronics,720,768,Validation,Max USB-C Cable (Black)
IMG02713,P00767,images/P00767/img66.jpg,Footwear,1024,360,Train,Pro Sports Shoes (White)
IMG02714,P00090,images/P00090/img38.jpg,Footwear,1024,640,Train,Mini Boots (Silver)
IMG02715,P00706,images/P00706/img66.jpg,Stationery,720,640,Train,Plus Sticky Notes (Beige)
IMG02716,P00555,images/P00555/img33.jpg,Accessories,640,480,Train,Deluxe Cap (Red)
IMG02717,P00674,images/P00674/img20.jpg,Accessories,320,768,Train,Premium Belt (Red)
IMG02718,P00495,images/P00495/img98.jpg,Accessories,320,640,Train,Plus Keychain (Red)
IMG02719,P00148,images/P00148/img81.jpg,Stationery,320,640,Validation,Classic Calculator (Beige)
IMG02720,P00599,images/P00599/img40.jpg,Home,480,640,Train,Lite Wall Clock (Black)
IMG02721,P00202,images/P00202/img20.jpg,Accessories,320,240,Train,Standard Keychain (Grey)
IMG02722,P00679,images/P00679/img74.jpg,Stationery,320,360,Test,Premium Marker Pack (Green)
IMG02723,P00117,images/P00117/img43.jpg,Home,640,360,Train,Deluxe Storage Box (Grey)
IMG02724,P00624,images/P00624/img40.jpg,Footwear,480,768,Train,Deluxe Sports Shoes (Red)
IMG02725,P00794,images/P00794/img75.jpg,Home,1024,240,Train,Deluxe Curtain (Black)
IMG02726,P00146,images/P00146/img15.jpg,Home,320,480,Test,Standard Water Bottle (Green)
IMG02727,P00505,images/P00505/img02.jpg,Accessories,320,360,Train,Lite Travel Pouch (White)
IMG02728,P00691,images/P00691/img36.jpg,Accessories,480,360,Train,Deluxe Travel Pouch (White)
IMG02729,P00008,images/P00008/img90.jpg,Accessories,480,480,Train,Mini Cap (Red)
IMG02730,P00502,images/P00502/img31.jpg,Electronics,480,360,Test,Mini Keyboard (Grey)
IMG02731,P00126,images/P00126/img58.jpg,Home,320,360,Train,Deluxe Candle Holder (Red)
IMG02732,P00747,images/P00747/img24.jpg,Home,320,768,Train,Premium Candle Holder (White)
IMG02733,P00339,images/P00339/img40.jpg,Electronics,320,768,Train,Classic Bluetooth Speaker (White)
IMG02734,P00287,images/P00287/img30.jpg,Accessories,720,768,Validation,Max Wallet (Silver)
IMG02735,P00427,images/P00427/img74.jpg,Home,320,480,Validation,Classic Door Mat (Beige)
IMG02736,P00057,images/P00057/img28.jpg,Electronics,320,640,Train,Max USB-C Cable (Red)
IMG02737,P00382,images/P00382/img51.jpg,Accessories,1024,360,Train,Lite Handbag (Beige)
IMG02738,P00745,images/P00745/img04.jpg,Footwear,1024,240,Train,Plus Sandals (Red)
IMG02739,P00521,images/P00521/img87.jpg,Electronics,720,480,Train,Premium Router (Blue)
IMG02740,P00426,images/P00426/img58.jpg,Stationery,720,240,Train,Compact Calculator (Black)
IMG02741,P00273,images/P00273/img24.jpg,Electronics,1024,360,Train,Classic Router (Silver)
IMG02742,P00198,images/P00198/img36.jpg,Footwear,640,360,Train,Deluxe Sandals (Grey)
IMG02743,P00712,images/P00712/img33.jpg,Stationery,720,240,Train,Plus Sticky Notes (Green)
IMG02744,P00177,images/P00177/img63.jpg,Stationery,480,240,Train,Compact Notebook (Red)
IMG02745,P00083,images/P00083/img95.jpg,Stationery,480,768,Train,Deluxe Stapler (Black)
IMG02746,P00292,images/P00292/img13.jpg,Electronics,640,768,Train,Max Headphones (Blue)
IMG02747,P00776,images/P00776/img55.jpg,Accessories,320,240,Train,Max Wallet (Grey)
IMG02748,P00154,images/P00154/img68.jpg,Electronics,640,360,Train,Classic Laptop Stand (Black)
IMG02749,P00422,images/P00422/img83.jpg,Stationery,320,768,Train,Max Desk Organizer (Blue)
IMG02750,P00178,images/P00178/img31.jpg,Electronics,480,640,Validation,Standard USB-C Cable (Silver)
IMG02751,P00429,images/P00429/img19.jpg,Electronics,640,240,Train,Max Webcam (White)
IMG02752,P00480,images/P00480/img62.jpg,Footwear,480,640,Train,Deluxe Hiking Boots (Green)
IMG02753,P00685,images/P00685/img77.jpg,Home,320,480,Train,Premium Cushion (Grey)
IMG02754,P00367,images/P00367/img77.jpg,Stationery,320,768,Train,Pro Sticky Notes (Blue)
IMG02755,P00676,images/P00676/img67.jpg,Electronics,480,240,Train,Plus Keyboard (Beige)
IMG02756,P00222,images/P00222/img35.jpg,Electronics,640,640,Test,Plus Laptop Stand (Beige)
IMG02757,P00274,images/P00274/img28.jpg,Accessories,320,640,Train,Deluxe Belt (Green)
IMG02758,P00610,images/P00610/img65.jpg,Electronics,480,240,Test,Max Smart Watch (Black)
IMG02759,P00486,images/P00486/img83.jpg,Home,720,768,Train,Classic Table Lamp (Blue)
IMG02760,P00149,images/P00149/img60.jpg,Stationery,1024,768,Validation,Classic Desk Organizer (White)
IMG02761,P00728,images/P00728/img80.jpg,Home,320,240,Train,Premium Candle Holder (Silver)
IMG02762,P00151,images/P00151/img52.jpg,Electronics,1024,768,Train,Standard Power Bank (Green)
IMG02763,P00091,images/P00091/img78.jpg,Stationery,320,640,Train,Compact File Folder (Black)
IMG02764,P00621,images/P00621/img97.jpg,Electronics,640,480,Train,Max Router (Blue)
IMG02765,P00027,images/P00027/img48.jpg,Accessories,480,240,Train,Mini Belt (Silver)
IMG02766,P00039,images/P00039/img55.jpg,Electronics,640,640,Train,Plus HDMI Cable (Grey)
IMG02767,P00149,images/P00149/img72.jpg,Stationery,720,480,Train,Classic Desk Organizer (White)
IMG02768,P00224,images/P00224/img86.jpg,Accessories,640,768,Train,Premium Watch Strap (Grey)
IMG02769,P00667,images/P00667/img72.jpg,Home,320,240,Train,Lite Water Bottle (Beige)
IMG02770,P00448,images/P00448/img08.jpg,Electronics,640,768,Train,Standard Headphones (Green)
IMG02771,P00508,images/P00508/img34.jpg,Electronics,480,240,Train,Plus Keyboard (Green)
IMG02772,P00181,images/P00181/img44.jpg,Footwear,640,768,Train,Max Sports Shoes (Grey)
IMG02773,P00465,images/P00465/img13.jpg,Footwear,1024,768,Validation,Premium Sneakers (Black)
IMG02774,P00032,images/P00032/img38.jpg,Electronics,640,640,Train,Compact Monitor (Grey)
IMG02775,P00598,images/P00598/img23.jpg,Footwear,480,768,Train,Mini Boots (Red)
IMG02776,P00161,images/P00161/img46.jpg,Accessories,1024,480,Validation,Deluxe Wallet (Black)
IMG02777,P00653,images/P00653/img03.jpg,Electronics,720,360,Train,Max Keyboard (White)
IMG02778,P00482,images/P00482/img55.jpg,Electronics,1024,768,Test,Deluxe Monitor (Grey)
IMG02779,P00373,images/P00373/img80.jpg,Home,320,480,Train,Classic Door Mat (Black)
IMG02780,P00047,images/P00047/img34.jpg,Accessories,640,360,Train,Deluxe Backpack (Red)
IMG02781,P00659,images/P00659/img79.jpg,Footwear,720,480,Train,Pro Formal Shoes (Grey)
IMG02782,P00403,images/P00403/img32.jpg,Home,1024,480,Test,Compact Bed Sheet Set (Beige)
IMG02783,P00052,images/P00052/img62.jpg,Stationery,320,240,Test,Premium Desk Organizer (Red)
IMG02784,P00456,images/P00456/img37.jpg,Electronics,320,640,Train,Mini Wireless Mouse (Silver)
IMG02785,P00246,images/P00246/img73.jpg,Stationery,720,360,Train,Max File Folder (Beige)
IMG02786,P00118,images/P00118/img04.jpg,Home,1024,240,Test,Classic Bed Sheet Set (Grey)
IMG02787,P00205,images/P00205/img86.jpg,Footwear,480,240,Validation,Mini Sneakers (White)
IMG02788,P00428,images/P00428/img89.jpg,Accessories,1024,360,Test,Classic Cap (Green)
IMG02789,P00537,images/P00537/img88.jpg,Accessories,640,768,Train,Plus Wallet (Silver)
IMG02790,P00262,images/P00262/img89.jpg,Stationery,720,768,Train,Mini Sticky Notes (Blue)
IMG02791,P00403,images/P00403/img49.jpg,Home,720,360,Test,Compact Bed Sheet Set (Beige)
IMG02792,P00069,images/P00069/img87.jpg,Accessories,1024,768,Train,Classic Backpack (Silver)
IMG02793,P00044,images/P00044/img75.jpg,Footwear,320,768,Train,Max Flip Flops (Grey)
IMG02794,P00489,images/P00489/img30.jpg,Accessories,480,240,Validation,Plus Handbag (Beige)
IMG02795,P00606,images/P00606/img99.jpg,Electronics,640,240,Train,Standard Smart Watch (Beige)
IMG02796,P00659,images/P00659/img09.jpg,Footwear,1024,640,Train,Pro Formal Shoes (Grey)
IMG02797,P00285,images/P00285/img68.jpg,Accessories,720,240,Validation,Pro Travel Pouch (Silver)
IMG02798,P00700,images/P00700/img12.jpg,Accessories,720,640,Train,Plus Cap (Silver)
IMG02799,P00298,images/P00298/img47.jpg,Electronics,320,640,Train,Plus Monitor (Green)
IMG02800,P00728,images/P00728/img51.jpg,Home,1024,640,Validation,Premium Candle Holder (Silver)
IMG02801,P00028,images/P00028/img38.jpg,Electronics,720,640,Test,Classic Earbuds (White)
IMG02802,P00055,images/P00055/img92.jpg,Home,320,240,Train,Premium Candle Holder (Black)
IMG02803,P00574,images/P00574/img89.jpg,Footwear,1024,480,Test,Premium Hiking Boots (White)
IMG02804,P00456,images/P00456/img87.jpg,Electronics,1024,640,Train,Mini Wireless Mouse (Silver)
IMG02805,P00593,images/P00593/img12.jpg,Stationery,480,768,Train,Premium Notebook (Black)
IMG02806,P00066,images/P00066/img16.jpg,Accessories,720,240,Train,Compact Watch Strap (Silver)
IMG02807,P00595,images/P00595/img38.jpg,Footwear,720,640,Test,Max Flip Flops (Black)
IMG02808,P00400,images/P00400/img14.jpg,Home,640,640,Test,Compact Cushion (Red)
IMG02809,P00468,images/P00468/img86.jpg,Electronics,1024,360,Validation,Standard Power Bank (Silver)
IMG02810,P00595,images/P00595/img18.jpg,Footwear,720,768,Train,Max Flip Flops (Black)
IMG02811,P00538,images/P00538/img12.jpg,Accessories,480,360,Train,Max Umbrella (Red)
IMG02812,P00132,images/P00132/img76.jpg,Home,640,480,Train,Compact Curtain (Beige)
IMG02813,P00648,images/P00648/img85.jpg,Accessories,320,480,Train,Max Backpack (Blue)
IMG02814,P00339,images/P00339/img30.jpg,Electronics,320,480,Train,Classic Bluetooth Speaker (White)
IMG02815,P00112,images/P00112/img37.jpg,Stationery,480,240,Train,Max Calculator (Green)
IMG02816,P00766,images/P00766/img53.jpg,Home,640,240,Validation,Premium Storage Box (White)
IMG02817,P00608,images/P00608/img76.jpg,Footwear,1024,480,Train,Max Boots (Green)
IMG02818,P00203,images/P00203/img51.jpg,Stationery,640,240,Train,Classic Desk Organizer (White)
IMG02819,P00593,images/P00593/img70.jpg,Stationery,320,640,Validation,Premium Notebook (Black)
IMG02820,P00500,images/P00500/img72.jpg,Electronics,480,360,Train,Lite Wireless Mouse (Silver)
IMG02821,P00389,images/P00389/img21.jpg,Accessories,320,240,Train,Standard Travel Pouch (Green)
IMG02822,P00231,images/P00231/img86.jpg,Stationery,1024,480,Validation,Lite Sticky Notes (Silver)
IMG02823,P00630,images/P00630/img35.jpg,Home,720,360,Test,Max Storage Box (White)
IMG02824,P00123,images/P00123/img43.jpg,Electronics,640,240,Train,Max Tablet Stand (Grey)
IMG02825,P00681,images/P00681/img23.jpg,Home,320,768,Validation,Max Curtain (Green)
IMG02826,P00778,images/P00778/img25.jpg,Stationery,720,360,Train,Compact Desk Organizer (Red)
IMG02827,P00721,images/P00721/img04.jpg,Stationery,1024,240,Validation,Deluxe Sticky Notes (Beige)
IMG02828,P00145,images/P00145/img91.jpg,Home,720,240,Validation,Lite Cushion (Beige)
IMG02829,P00441,images/P00441/img12.jpg,Accessories,480,480,Train,Lite Travel Pouch (White)
IMG02830,P00052,images/P00052/img40.jpg,Stationery,640,240,Train,Premium Desk Organizer (Red)
IMG02831,P00404,images/P00404/img70.jpg,Footwear,480,240,Validation,Deluxe Sneakers (Blue)
IMG02832,P00159,images/P00159/img62.jpg,Home,1024,768,Test,Plus Wall Clock (Blue)
IMG02833,P00651,images/P00651/img73.jpg,Stationery,640,768,Test,Standard Scissors (Blue)
IMG02834,P00285,images/P00285/img81.jpg,Accessories,320,240,Validation,Pro Travel Pouch (Silver)
IMG02835,P00633,images/P00633/img67.jpg,Home,1024,360,Train,Classic Water Bottle (Beige)
IMG02836,P00435,images/P00435/img24.jpg,Electronics,1024,360,Train,Lite Webcam (Beige)
IMG02837,P00461,images/P00461/img33.jpg,Footwear,320,768,Train,Pro Slippers (Green)
IMG02838,P00377,images/P00377/img53.jpg,Home,320,240,Train,Max Curtain (Green)
IMG02839,P00759,images/P00759/img23.jpg,Accessories,1024,480,Validation,Plus Wallet (Grey)
IMG02840,P00026,images/P00026/img29.jpg,Stationery,640,768,Train,Deluxe File Folder (Beige)
IMG02841,P00355,images/P00355/img96.jpg,Home,640,360,Train,Standard Water Bottle (Black)
IMG02842,P00121,images/P00121/img61.jpg,Stationery,720,240,Validation,Mini Highlighter Set (White)
IMG02843,P00614,images/P00614/img89.jpg,Electronics,1024,640,Train,Max USB-C Cable (White)
IMG02844,P00487,images/P00487/img77.jpg,Home,1024,360,Train,Premium Candle Holder (Silver)
IMG02845,P00745,images/P00745/img71.jpg,Footwear,1024,240,Test,Plus Sandals (Red)
IMG02846,P00367,images/P00367/img24.jpg,Stationery,320,768,Validation,Pro Sticky Notes (Blue)
IMG02847,P00316,images/P00316/img49.jpg,Electronics,480,480,Validation,Premium Laptop Stand (White)
IMG02848,P00456,images/P00456/img60.jpg,Electronics,640,240,Train,Mini Wireless Mouse (Silver)
IMG02849,P00307,images/P00307/img97.jpg,Footwear,720,360,Train,Classic Formal Shoes (Blue)
IMG02850,P00310,images/P00310/img88.jpg,Footwear,640,240,Test,Compact Sports Shoes (White)
IMG02851,P00038,images/P00038/img12.jpg,Stationery,480,768,Train,Premium Scissors (Black)
IMG02852,P00183,images/P00183/img75.jpg,Home,320,480,Train,Plus Bed Sheet Set (Green)
IMG02853,P00590,images/P00590/img34.jpg,Footwear,480,240,Validation,Max Boots (White)
IMG02854,P00265,images/P00265/img65.jpg,Home,320,240,Train,Premium Wall Clock (Grey)
IMG02855,P00369,images/P00369/img78.jpg,Stationery,720,360,Train,Plus Desk Organizer (Green)
IMG02856,P00356,images/P00356/img50.jpg,Home,640,360,Train,Plus Table Lamp (Beige)
IMG02857,P00467,images/P00467/img11.jpg,Home,1024,360,Train,Mini Bed Sheet Set (White)
IMG02858,P00645,images/P00645/img71.jpg,Footwear,320,640,Train,Deluxe Sneakers (Silver)
IMG02859,P00037,images/P00037/img84.jpg,Footwear,320,768,Train,Mini Loafers (Black)
IMG02860,P00469,images/P00469/img01.jpg,Stationery,1024,360,Train,Standard File Folder (White)
IMG02861,P00534,images/P00534/img68.jpg,Stationery,1024,240,Train,Lite Stapler (White)
IMG02862,P00577,images/P00577/img59.jpg,Stationery,480,360,Validation,Compact Notebook (Silver)
IMG02863,P00132,images/P00132/img65.jpg,Home,720,768,Test,Compact Curtain (Beige)
IMG02864,P00654,images/P00654/img93.jpg,Accessories,1024,240,Validation,Deluxe Keychain (Beige)
IMG02865,P00155,images/P00155/img26.jpg,Accessories,640,360,Validation,Pro Belt (Black)
IMG02866,P00761,images/P00761/img69.jpg,Home,320,480,Train,Max Wall Clock (Beige)
IMG02867,P00195,images/P00195/img56.jpg,Home,1024,768,Train,Mini Photo Frame (Black)
IMG02868,P00518,images/P00518/img64.jpg,Accessories,320,240,Train,Pro Handbag (Beige)
IMG02869,P00184,images/P00184/img27.jpg,Home,1024,640,Validation,Lite Wall Clock (Grey)
IMG02870,P00017,images/P00017/img35.jpg,Footwear,480,240,Train,Plus Loafers (Red)
IMG02871,P00299,images/P00299/img46.jpg,Electronics,640,240,Train,Lite Keyboard (Red)
IMG02872,P00211,images/P00211/img68.jpg,Stationery,1024,768,Train,Mini Marker Pack (Grey)
IMG02873,P00183,images/P00183/img65.jpg,Home,1024,768,Validation,Plus Bed Sheet Set (Green)
IMG02874,P00696,images/P00696/img93.jpg,Home,320,240,Train,Standard Photo Frame (Silver)
IMG02875,P00475,images/P00475/img42.jpg,Footwear,640,768,Validation,Max Loafers (Green)
IMG02876,P00080,images/P00080/img15.jpg,Electronics,320,768,Train,Max Smart Watch (Grey)
IMG02877,P00631,images/P00631/img72.jpg,Footwear,320,640,Train,Max Running Shoes (Silver)
IMG02878,P00702,images/P00702/img02.jpg,Home,1024,768,Validation,Premium Table Lamp (Silver)
IMG02879,P00671,images/P00671/img78.jpg,Accessories,320,240,Train,Mini Umbrella (White)
IMG02880,P00521,images/P00521/img15.jpg,Electronics,640,640,Train,Premium Router (Blue)
IMG02881,P00273,images/P00273/img31.jpg,Electronics,1024,480,Train,Classic Router (Silver)
IMG02882,P00110,images/P00110/img12.jpg,Home,640,480,Train,Max Curtain (Grey)
IMG02883,P00703,images/P00703/img99.jpg,Accessories,480,360,Train,Lite Wallet (Black)
IMG02884,P00628,images/P00628/img55.jpg,Footwear,1024,240,Train,Classic Flip Flops (Black)
IMG02885,P00471,images/P00471/img06.jpg,Home,640,480,Train,Plus Bed Sheet Set (Blue)
IMG02886,P00018,images/P00018/img80.jpg,Accessories,720,360,Validation,Deluxe Wallet (Blue)
IMG02887,P00458,images/P00458/img11.jpg,Accessories,1024,640,Test,Premium Cap (Red)
IMG02888,P00530,images/P00530/img53.jpg,Stationery,1024,360,Train,Lite Scissors (Silver)
IMG02889,P00114,images/P00114/img57.jpg,Electronics,720,640,Train,Lite Charger (Grey)
IMG02890,P00416,images/P00416/img07.jpg,Stationery,1024,480,Test,Pro Notebook (Black)
IMG02891,P00150,images/P00150/img92.jpg,Home,720,480,Train,Premium Storage Box (Blue)
IMG02892,P00252,images/P00252/img61.jpg,Home,1024,480,Train,Pro Storage Box (Silver)
IMG02893,P00633,images/P00633/img54.jpg,Home,1024,360,Train,Classic Water Bottle (Beige)
IMG02894,P00705,images/P00705/img08.jpg,Footwear,720,768,Train,Compact Sneakers (Blue)
IMG02895,P00575,images/P00575/img99.jpg,Stationery,320,480,Train,Classic Highlighter Set (Silver)
IMG02896,P00461,images/P00461/img79.jpg,Footwear,640,768,Validation,Pro Slippers (Green)
IMG02897,P00689,images/P00689/img94.jpg,Home,480,240,Train,Premium Curtain (Beige)
IMG02898,P00230,images/P00230/img44.jpg,Home,320,240,Train,Max Water Bottle (Grey)
IMG02899,P00455,images/P00455/img50.jpg,Home,720,240,Train,Lite Photo Frame (Red)
IMG02900,P00185,images/P00185/img67.jpg,Footwear,640,480,Train,Max Formal Shoes (Green)
IMG02901,P00214,images/P00214/img72.jpg,Home,640,640,Train,Premium Table Lamp (Grey)
IMG02902,P00007,images/P00007/img54.jpg,Electronics,1024,768,Validation,Mini Earbuds (Beige)
IMG02903,P00199,images/P00199/img10.jpg,Electronics,720,360,Train,Pro USB-C Cable (Beige)
IMG02904,P00459,images/P00459/img20.jpg,Stationery,480,240,Train,Premium Stapler (Red)
IMG02905,P00690,images/P00690/img16.jpg,Stationery,320,768,Train,Standard Calculator (Black)
IMG02906,P00362,images/P00362/img74.jpg,Home,720,480,Train,Plus Wall Clock (Red)
IMG02907,P00256,images/P00256/img04.jpg,Stationery,320,360,Train,Max Pen Set (Grey)
IMG02908,P00512,images/P00512/img29.jpg,Home,320,768,Train,Premium Bed Sheet Set (Blue)
IMG02909,P00385,images/P00385/img26.jpg,Stationery,640,768,Train,Lite File Folder (Grey)
IMG02910,P00085,images/P00085/img03.jpg,Accessories,640,240,Train,Pro Wallet (Blue)
IMG02911,P00791,images/P00791/img60.jpg,Home,480,480,Validation,Pro Curtain (Grey)
IMG02912,P00468,images/P00468/img23.jpg,Electronics,720,240,Test,Standard Power Bank (Silver)
IMG02913,P00326,images/P00326/img69.jpg,Electronics,640,360,Train,Pro Headphones (White)
IMG02914,P00116,images/P00116/img90.jpg,Stationery,480,640,Train,Max Sticky Notes (Beige)
IMG02915,P00359,images/P00359/img72.jpg,Footwear,640,768,Train,Premium Hiking Boots (Green)
IMG02916,P00298,images/P00298/img25.jpg,Electronics,640,768,Train,Plus Monitor (Green)
IMG02917,P00147,images/P00147/img68.jpg,Home,320,768,Train,Premium Storage Box (Blue)
IMG02918,P00459,images/P00459/img49.jpg,Stationery,480,360,Train,Premium Stapler (Red)
IMG02919,P00175,images/P00175/img31.jpg,Footwear,1024,240,Train,Max Slippers (Green)
IMG02920,P00734,images/P00734/img14.jpg,Stationery,480,480,Train,Premium Notebook (Red)
IMG02921,P00147,images/P00147/img40.jpg,Home,1024,480,Train,Premium Storage Box (Blue)
IMG02922,P00775,images/P00775/img23.jpg,Home,640,640,Validation,Mini Photo Frame (Red)
IMG02923,P00457,images/P00457/img89.jpg,Stationery,320,768,Validation,Compact File Folder (White)
IMG02924,P00042,images/P00042/img51.jpg,Stationery,480,480,Validation,Mini Sticky Notes (Silver)
IMG02925,P00146,images/P00146/img75.jpg,Home,1024,768,Validation,Standard Water Bottle (Green)
IMG02926,P00151,images/P00151/img06.jpg,Electronics,640,480,Train,Standard Power Bank (Green)
IMG02927,P00246,images/P00246/img60.jpg,Stationery,480,768,Train,Max File Folder (Beige)
IMG02928,P00630,images/P00630/img13.jpg,Home,480,640,Train,Max Storage Box (White)
IMG02929,P00410,images/P00410/img37.jpg,Accessories,480,240,Train,Standard Backpack (Black)
IMG02930,P00636,images/P00636/img43.jpg,Footwear,1024,240,Train,Pro Formal Shoes (Blue)
IMG02931,P00421,images/P00421/img67.jpg,Electronics,640,240,Train,Premium Tablet Stand (Black)
IMG02932,P00438,images/P00438/img05.jpg,Accessories,480,240,Train,Pro Cap (Green)
IMG02933,P00173,images/P00173/img19.jpg,Footwear,320,360,Train,Deluxe Slippers (Beige)
IMG02934,P00553,images/P00553/img40.jpg,Footwear,720,360,Train,Plus Formal Shoes (Blue)
IMG02935,P00537,images/P00537/img59.jpg,Accessories,640,768,Train,Plus Wallet (Silver)
IMG02936,P00519,images/P00519/img74.jpg,Stationery,480,640,Test,Classic Stapler (Silver)
IMG02937,P00519,images/P00519/img02.jpg,Stationery,480,360,Train,Classic Stapler (Silver)
IMG02938,P00048,images/P00048/img73.jpg,Stationery,320,360,Train,Classic Marker Pack (White)
IMG02939,P00677,images/P00677/img94.jpg,Accessories,720,768,Train,Plus Umbrella (Beige)
IMG02940,P00221,images/P00221/img61.jpg,Footwear,640,360,Train,Standard Hiking Boots (Silver)
IMG02941,P00312,images/P00312/img11.jpg,Stationery,640,640,Train,Pro Desk Organizer (Silver)
IMG02942,P00582,images/P00582/img78.jpg,Electronics,640,360,Train,Standard Power Bank (Blue)
IMG02943,P00063,images/P00063/img97.jpg,Home,640,640,Train,Premium Door Mat (Red)
IMG02944,P00352,images/P00352/img80.jpg,Electronics,1024,768,Test,Premium Wireless Mouse (Beige)
IMG02945,P00168,images/P00168/img52.jpg,Electronics,320,240,Train,Plus Keyboard (Silver)
IMG02946,P00690,images/P00690/img39.jpg,Stationery,640,640,Train,Standard Calculator (Black)
IMG02947,P00686,images/P00686/img90.jpg,Electronics,320,480,Test,Standard Tablet Stand (Silver)
IMG02948,P00799,images/P00799/img35.jpg,Electronics,480,480,Train,Classic Earbuds (Green)
IMG02949,P00356,images/P00356/img08.jpg,Home,320,360,Train,Plus Table Lamp (Beige)
IMG02950,P00513,images/P00513/img13.jpg,Stationery,1024,480,Train,Mini Calculator (Green)
IMG02951,P00466,images/P00466/img41.jpg,Accessories,640,480,Train,Deluxe Travel Pouch (Green)
IMG02952,P00226,images/P00226/img41.jpg,Electronics,640,768,Test,Lite Webcam (Green)
IMG02953,P00479,images/P00479/img17.jpg,Stationery,1024,480,Train,Deluxe Sticky Notes (Blue)
IMG02954,P00004,images/P00004/img45.jpg,Electronics,640,360,Train,Max USB-C Cable (Black)
IMG02955,P00071,images/P00071/img13.jpg,Stationery,320,768,Validation,Mini Pen Set (White)
IMG02956,P00659,images/P00659/img12.jpg,Footwear,640,480,Train,Pro Formal Shoes (Grey)
IMG02957,P00627,images/P00627/img73.jpg,Accessories,480,360,Test,Mini Sunglasses (Silver)
IMG02958,P00702,images/P00702/img87.jpg,Home,480,480,Train,Premium Table Lamp (Silver)
IMG02959,P00409,images/P00409/img22.jpg,Electronics,1024,640,Train,Max HDMI Cable (Silver)
IMG02960,P00376,images/P00376/img93.jpg,Home,640,768,Train,Compact Curtain (Black)
IMG02961,P00362,images/P00362/img36.jpg,Home,640,768,Test,Plus Wall Clock (Red)
IMG02962,P00325,images/P00325/img59.jpg,Accessories,480,640,Train,Mini Handbag (Silver)
IMG02963,P00308,images/P00308/img67.jpg,Electronics,640,480,Train,Max Webcam (Green)
IMG02964,P00050,images/P00050/img20.jpg,Accessories,480,240,Test,Compact Wallet (Red)
IMG02965,P00744,images/P00744/img84.jpg,Electronics,720,360,Test,Mini Power Bank (Blue)
IMG02966,P00388,images/P00388/img88.jpg,Home,720,768,Train,Deluxe Storage Box (White)
IMG02967,P00555,images/P00555/img51.jpg,Accessories,720,240,Test,Deluxe Cap (Red)
IMG02968,P00520,images/P00520/img18.jpg,Accessories,1024,480,Test,Deluxe Keychain (Red)
IMG02969,P00026,images/P00026/img35.jpg,Stationery,320,640,Train,Deluxe File Folder (Beige)
IMG02970,P00055,images/P00055/img73.jpg,Home,640,360,Train,Premium Candle Holder (Black)
IMG02971,P00118,images/P00118/img02.jpg,Home,480,360,Train,Classic Bed Sheet Set (Grey)
IMG02972,P00109,images/P00109/img85.jpg,Home,480,240,Train,Compact Curtain (White)
IMG02973,P00072,images/P00072/img32.jpg,Stationery,480,640,Train,Max Pen Set (Beige)
IMG02974,P00253,images/P00253/img77.jpg,Accessories,1024,768,Train,Deluxe Handbag (Beige)
IMG02975,P00528,images/P00528/img39.jpg,Stationery,1024,640,Train,Premium Scissors (Beige)
IMG02976,P00427,images/P00427/img68.jpg,Home,720,640,Train,Classic Door Mat (Beige)
IMG02977,P00283,images/P00283/img95.jpg,Footwear,1024,240,Train,Standard Sneakers (Green)
IMG02978,P00702,images/P00702/img31.jpg,Home,1024,240,Train,Premium Table Lamp (Silver)
IMG02979,P00173,images/P00173/img11.jpg,Footwear,1024,240,Train,Deluxe Slippers (Beige)
IMG02980,P00198,images/P00198/img90.jpg,Footwear,720,240,Train,Deluxe Sandals (Grey)
IMG02981,P00430,images/P00430/img74.jpg,Stationery,320,480,Train,Mini Scissors (Black)
IMG02982,P00423,images/P00423/img90.jpg,Accessories,640,480,Train,Classic Watch Strap (Green)
IMG02983,P00742,images/P00742/img97.jpg,Accessories,720,768,Train,Lite Cap (Grey)
IMG02984,P00310,images/P00310/img18.jpg,Footwear,320,240,Train,Compact Sports Shoes (White)
IMG02985,P00421,images/P00421/img57.jpg,Electronics,320,768,Test,Premium Tablet Stand (Black)
IMG02986,P00653,images/P00653/img06.jpg,Electronics,640,360,Train,Max Keyboard (White)
IMG02987,P00235,images/P00235/img22.jpg,Electronics,720,240,Train,Pro Laptop Stand (Blue)
IMG02988,P00097,images/P00097/img81.jpg,Stationery,1024,640,Train,Max Sticky Notes (Blue)
IMG02989,P00034,images/P00034/img33.jpg,Footwear,320,480,Train,Classic Slippers (Grey)
IMG02990,P00439,images/P00439/img34.jpg,Home,720,360,Validation,Premium Candle Holder (Beige)
IMG02991,P00591,images/P00591/img72.jpg,Electronics,1024,360,Train,Standard Earbuds (Black)
IMG02992,P00530,images/P00530/img40.jpg,Stationery,320,240,Train,Lite Scissors (Silver)
IMG02993,P00746,images/P00746/img33.jpg,Home,1024,640,Test,Mini Door Mat (Grey)
IMG02994,P00047,images/P00047/img90.jpg,Accessories,640,640,Train,Deluxe Backpack (Red)
IMG02995,P00334,images/P00334/img65.jpg,Accessories,320,480,Train,Max Keychain (Beige)
IMG02996,P00113,images/P00113/img56.jpg,Home,480,240,Validation,Plus Table Lamp (Green)
IMG02997,P00617,images/P00617/img92.jpg,Accessories,480,640,Train,Premium Watch Strap (Green)
IMG02998,P00040,images/P00040/img98.jpg,Footwear,320,640,Test,Max Running Shoes (White)
IMG02999,P00163,images/P00163/img14.jpg,Footwear,640,360,Test,Deluxe Formal Shoes (Red)
IMG03000,P00671,images/P00671/img04.jpg,Accessories,320,480,Train,Mini Umbrella (White)
IMG03001,P00725,images/P00725/img54.jpg,Stationery,720,480,Validation,Plus Notebook (Black)
IMG03002,P00643,images/P00643/img98.jpg,Footwear,320,640,Test,Premium Formal Shoes (Beige)
IMG03003,P00773,images/P00773/img69.jpg,Footwear,1024,240,Train,Pro Formal Shoes (Blue)
IMG03004,P00693,images/P00693/img81.jpg,Footwear,480,240,Train,Classic Hiking Boots (Beige)
IMG03005,P00607,images/P00607/img31.jpg,Stationery,720,480,Validation,Mini Calculator (Beige)
IMG03006,P00108,images/P00108/img28.jpg,Stationery,320,240,Train,Plus File Folder (Green)
IMG03007,P00092,images/P00092/img59.jpg,Electronics,320,768,Test,Mini Headphones (Black)
IMG03008,P00722,images/P00722/img37.jpg,Home,640,768,Train,Premium Storage Box (Blue)
IMG03009,P00474,images/P00474/img09.jpg,Stationery,1024,240,Train,Lite Sticky Notes (Blue)
IMG03010,P00261,images/P00261/img15.jpg,Footwear,320,360,Test,Compact Sneakers (Beige)
IMG03011,P00028,images/P00028/img56.jpg,Electronics,320,640,Test,Classic Earbuds (White)
IMG03012,P00101,images/P00101/img91.jpg,Home,1024,480,Train,Max Cushion (Silver)
IMG03013,P00426,images/P00426/img10.jpg,Stationery,320,640,Validation,Compact Calculator (Black)
IMG03014,P00029,images/P00029/img60.jpg,Footwear,720,768,Train,Standard Sandals (White)
IMG03015,P00493,images/P00493/img01.jpg,Electronics,480,480,Validation,Lite Wireless Mouse (Beige)
IMG03016,P00637,images/P00637/img16.jpg,Footwear,480,640,Train,Deluxe Sneakers (Grey)
IMG03017,P00482,images/P00482/img62.jpg,Electronics,480,360,Train,Deluxe Monitor (Grey)
IMG03018,P00552,images/P00552/img84.jpg,Footwear,640,640,Validation,Premium Flip Flops (Grey)
IMG03019,P00784,images/P00784/img10.jpg,Home,320,480,Train,Classic Table Lamp (White)
IMG03020,P00515,images/P00515/img76.jpg,Stationery,640,240,Train,Deluxe Stapler (Green)
IMG03021,P00678,images/P00678/img89.jpg,Stationery,1024,640,Train,Lite Sticky Notes (Green)
IMG03022,P00076,images/P00076/img65.jpg,Accessories,640,480,Train,Plus Belt (Red)
IMG03023,P00679,images/P00679/img41.jpg,Stationery,720,640,Train,Premium Marker Pack (Green)
IMG03024,P00721,images/P00721/img63.jpg,Stationery,1024,640,Test,Deluxe Sticky Notes (Beige)
IMG03025,P00677,images/P00677/img01.jpg,Accessories,640,480,Train,Plus Umbrella (Beige)
IMG03026,P00083,images/P00083/img55.jpg,Stationery,720,768,Train,Deluxe Stapler (Black)
IMG03027,P00089,images/P00089/img46.jpg,Accessories,480,480,Train,Classic Backpack (Green)
IMG03028,P00654,images/P00654/img41.jpg,Accessories,480,480,Train,Deluxe Keychain (Beige)
IMG03029,P00435,images/P00435/img78.jpg,Electronics,1024,640,Test,Lite Webcam (Beige)
IMG03030,P00442,images/P00442/img73.jpg,Home,720,640,Validation,Standard Table Lamp (Blue)
IMG03031,P00438,images/P00438/img79.jpg,Accessories,1024,240,Train,Pro Cap (Green)
IMG03032,P00479,images/P00479/img72.jpg,Stationery,480,768,Train,Deluxe Sticky Notes (Blue)
IMG03033,P00410,images/P00410/img02.jpg,Accessories,640,240,Train,Standard Backpack (Black)
IMG03034,P00508,images/P00508/img76.jpg,Electronics,720,480,Train,Plus Keyboard (Green)
IMG03035,P00298,images/P00298/img73.jpg,Electronics,720,240,Train,Plus Monitor (Green)
IMG03036,P00565,images/P00565/img31.jpg,Accessories,640,240,Train,Deluxe Handbag (Red)
IMG03037,P00245,images/P00245/img09.jpg,Home,320,240,Train,Max Photo Frame (Red)
IMG03038,P00365,images/P00365/img63.jpg,Accessories,720,240,Train,Max Sunglasses (White)
IMG03039,P00552,images/P00552/img29.jpg,Footwear,320,640,Validation,Premium Flip Flops (Grey)
IMG03040,P00314,images/P00314/img79.jpg,Stationery,320,768,Train,Premium Stapler (Black)
IMG03041,P00769,images/P00769/img33.jpg,Footwear,640,640,Train,Mini Sports Shoes (Blue)
IMG03042,P00701,images/P00701/img91.jpg,Footwear,1024,480,Train,Premium Flip Flops (Green)
IMG03043,P00156,images/P00156/img04.jpg,Electronics,320,360,Train,Max USB-C Cable (Black)
IMG03044,P00155,images/P00155/img17.jpg,Accessories,480,768,Train,Pro Belt (Black)
IMG03045,P00666,images/P00666/img45.jpg,Stationery,640,240,Train,Deluxe Pen Set (Green)
IMG03046,P00383,images/P00383/img58.jpg,Home,320,360,Train,Deluxe Photo Frame (Black)
IMG03047,P00784,images/P00784/img72.jpg,Home,640,480,Validation,Classic Table Lamp (White)
IMG03048,P00165,images/P00165/img81.jpg,Stationery,720,768,Train,Plus Notebook (Beige)
IMG03049,P00134,images/P00134/img15.jpg,Home,1024,640,Train,Max Wall Clock (Grey)
IMG03050,P00656,images/P00656/img90.jpg,Home,720,360,Train,Plus Cushion (Beige)
IMG03051,P00088,images/P00088/img42.jpg,Accessories,640,768,Train,Pro Backpack (Beige)
IMG03052,P00050,images/P00050/img87.jpg,Accessories,720,640,Train,Compact Wallet (Red)
IMG03053,P00459,images/P00459/img91.jpg,Stationery,720,640,Train,Premium Stapler (Red)
IMG03054,P00497,images/P00497/img12.jpg,Home,480,480,Train,Premium Wall Clock (Black)
IMG03055,P00297,images/P00297/img94.jpg,Home,720,768,Train,Max Door Mat (Green)
IMG03056,P00269,images/P00269/img68.jpg,Accessories,640,480,Test,Lite Umbrella (Red)
IMG03057,P00467,images/P00467/img44.jpg,Home,320,480,Validation,Mini Bed Sheet Set (White)
IMG03058,P00611,images/P00611/img67.jpg,Accessories,320,240,Train,Deluxe Watch Strap (Black)
IMG03059,P00522,images/P00522/img30.jpg,Stationery,480,640,Test,Standard Desk Organizer (Blue)
IMG03060,P00483,images/P00483/img82.jpg,Footwear,480,640,Train,Standard Hiking Boots (Black)
IMG03061,P00445,images/P00445/img30.jpg,Home,320,240,Validation,Standard Curtain (Blue)
IMG03062,P00622,images/P00622/img67.jpg,Electronics,480,240,Train,Compact Power Bank (Beige)
IMG03063,P00630,images/P00630/img44.jpg,Home,1024,360,Validation,Max Storage Box (White)
IMG03064,P00568,images/P00568/img32.jpg,Stationery,480,360,Validation,Compact Highlighter Set (Red)
IMG03065,P00341,images/P00341/img80.jpg,Home,720,768,Train,Mini Photo Frame (Green)
IMG03066,P00269,images/P00269/img41.jpg,Accessories,320,240,Train,Lite Umbrella (Red)
IMG03067,P00714,images/P00714/img10.jpg,Home,320,640,Train,Plus Bed Sheet Set (Beige)
IMG03068,P00094,images/P00094/img41.jpg,Home,320,360,Validation,Classic Storage Box (Grey)
IMG03069,P00154,images/P00154/img98.jpg,Electronics,480,360,Train,Classic Laptop Stand (Black)
IMG03070,P00158,images/P00158/img79.jpg,Home,480,640,Train,Deluxe Table Lamp (Red)
IMG03071,P00524,images/P00524/img71.jpg,Footwear,480,480,Test,Premium Running Shoes (Green)
IMG03072,P00630,images/P00630/img50.jpg,Home,320,480,Train,Max Storage Box (White)
IMG03073,P00035,images/P00035/img93.jpg,Stationery,640,768,Validation,Compact Sticky Notes (White)
IMG03074,P00145,images/P00145/img41.jpg,Home,480,640,Validation,Lite Cushion (Beige)
IMG03075,P00698,images/P00698/img77.jpg,Electronics,320,360,Validation,Pro Laptop Stand (Grey)
IMG03076,P00514,images/P00514/img48.jpg,Stationery,320,480,Validation,Mini Scissors (Beige)
IMG03077,P00411,images/P00411/img74.jpg,Home,640,240,Test,Plus Bed Sheet Set (Red)
IMG03078,P00306,images/P00306/img66.jpg,Footwear,720,240,Validation,Compact Sandals (Grey)
IMG03079,P00544,images/P00544/img18.jpg,Electronics,1024,768,Train,Mini Smart Watch (Beige)
IMG03080,P00651,images/P00651/img60.jpg,Stationery,1024,240,Validation,Standard Scissors (Blue)
IMG03081,P00402,images/P00402/img54.jpg,Stationery,320,480,Train,Premium Highlighter Set (Grey)
IMG03082,P00367,images/P00367/img91.jpg,Stationery,1024,240,Train,Pro Sticky Notes (Blue)
IMG03083,P00108,images/P00108/img67.jpg,Stationery,720,240,Train,Plus File Folder (Green)
IMG03084,P00083,images/P00083/img28.jpg,Stationery,720,480,Train,Deluxe Stapler (Black)
IMG03085,P00151,images/P00151/img24.jpg,Electronics,320,240,Train,Standard Power Bank (Green)
IMG03086,P00208,images/P00208/img47.jpg,Footwear,720,640,Test,Lite Boots (Silver)
IMG03087,P00108,images/P00108/img31.jpg,Stationery,720,480,Validation,Plus File Folder (Green)
IMG03088,P00187,images/P00187/img88.jpg,Footwear,640,768,Validation,Premium Sneakers (Grey)
IMG03089,P00365,images/P00365/img49.jpg,Accessories,1024,480,Train,Max Sunglasses (White)
IMG03090,P00104,images/P00104/img92.jpg,Accessories,480,360,Validation,Pro Cap (Grey)
IMG03091,P00617,images/P00617/img68.jpg,Accessories,640,360,Train,Premium Watch Strap (Green)
IMG03092,P00258,images/P00258/img14.jpg,Electronics,640,360,Train,Mini Laptop Stand (Grey)
IMG03093,P00097,images/P00097/img82.jpg,Stationery,1024,480,Train,Max Sticky Notes (Blue)
IMG03094,P00406,images/P00406/img60.jpg,Stationery,480,640,Train,Compact Pen Set (White)
IMG03095,P00153,images/P00153/img42.jpg,Home,320,480,Train,Standard Wall Clock (Grey)
IMG03096,P00094,images/P00094/img06.jpg,Home,640,360,Train,Classic Storage Box (Grey)
IMG03097,P00556,images/P00556/img04.jpg,Footwear,640,480,Train,Standard Hiking Boots (Beige)
IMG03098,P00092,images/P00092/img05.jpg,Electronics,320,360,Train,Mini Headphones (Black)
IMG03099,P00625,images/P00625/img06.jpg,Home,640,640,Train,Plus Bed Sheet Set (Grey)
IMG03100,P00301,images/P00301/img90.jpg,Footwear,720,640,Test,Classic Hiking Boots (Black)
IMG03101,P00090,images/P00090/img60.jpg,Footwear,320,360,Train,Mini Boots (Silver)
IMG03102,P00579,images/P00579/img42.jpg,Electronics,320,768,Train,Max Charger (White)
IMG03103,P00423,images/P00423/img75.jpg,Accessories,320,640,Train,Classic Watch Strap (Green)
IMG03104,P00521,images/P00521/img39.jpg,Electronics,720,240,Train,Premium Router (Blue)
IMG03105,P00463,images/P00463/img15.jpg,Accessories,1024,768,Train,Mini Sunglasses (Green)
IMG03106,P00501,images/P00501/img22.jpg,Stationery,640,240,Test,Lite Highlighter Set (Black)
IMG03107,P00553,images/P00553/img91.jpg,Footwear,720,768,Train,Plus Formal Shoes (Blue)
IMG03108,P00246,images/P00246/img30.jpg,Stationery,480,240,Train,Max File Folder (Beige)
IMG03109,P00373,images/P00373/img45.jpg,Home,1024,640,Train,Classic Door Mat (Black)
IMG03110,P00072,images/P00072/img31.jpg,Stationery,640,480,Train,Max Pen Set (Beige)
IMG03111,P00724,images/P00724/img18.jpg,Footwear,320,360,Train,Plus Sandals (Silver)
IMG03112,P00455,images/P00455/img80.jpg,Home,720,240,Validation,Lite Photo Frame (Red)
IMG03113,P00468,images/P00468/img86.jpg,Electronics,320,240,Train,Standard Power Bank (Silver)
IMG03114,P00177,images/P00177/img69.jpg,Stationery,320,768,Train,Compact Notebook (Red)
IMG03115,P00798,images/P00798/img93.jpg,Footwear,640,240,Validation,Mini Loafers (Grey)
IMG03116,P00187,images/P00187/img84.jpg,Footwear,1024,480,Validation,Premium Sneakers (Grey)
IMG03117,P00561,images/P00561/img92.jpg,Accessories,1024,768,Train,Deluxe Cap (Black)
IMG03118,P00227,images/P00227/img91.jpg,Electronics,320,240,Test,Standard Earbuds (Black)
IMG03119,P00523,images/P00523/img74.jpg,Footwear,720,768,Train,Deluxe Running Shoes (White)
IMG03120,P00372,images/P00372/img39.jpg,Accessories,320,480,Train,Pro Travel Pouch (Grey)
IMG03121,P00694,images/P00694/img42.jpg,Accessories,720,480,Train,Pro Watch Strap (Black)
IMG03122,P00760,images/P00760/img50.jpg,Electronics,320,480,Train,Mini Webcam (Black)
IMG03123,P00315,images/P00315/img27.jpg,Electronics,480,768,Train,Standard Laptop Stand (Beige)
IMG03124,P00051,images/P00051/img66.jpg,Accessories,1024,768,Train,Max Umbrella (Blue)
IMG03125,P00011,images/P00011/img74.jpg,Electronics,320,480,Validation,Premium Charger (White)
IMG03126,P00701,images/P00701/img23.jpg,Footwear,720,480,Train,Premium Flip Flops (Green)
IMG03127,P00784,images/P00784/img99.jpg,Home,720,360,Train,Classic Table Lamp (White)
IMG03128,P00175,images/P00175/img20.jpg,Footwear,1024,768,Train,Max Slippers (Green)
IMG03129,P00787,images/P00787/img21.jpg,Stationery,640,240,Train,Standard File Folder (Beige)
IMG03130,P00251,images/P00251/img66.jpg,Stationery,720,480,Train,Classic Highlighter Set (Blue)
IMG03131,P00096,images/P00096/img17.jpg,Footwear,480,480,Validation,Plus Formal Shoes (Beige)
IMG03132,P00273,images/P00273/img67.jpg,Electronics,640,360,Train,Classic Router (Silver)
IMG03133,P00586,images/P00586/img34.jpg,Footwear,320,768,Train,Standard Flip Flops (Blue)
IMG03134,P00303,images/P00303/img36.jpg,Electronics,720,360,Train,Compact Tablet Stand (Red)
IMG03135,P00275,images/P00275/img24.jpg,Footwear,640,480,Validation,Deluxe Sneakers (Grey)
IMG03136,P00651,images/P00651/img75.jpg,Stationery,720,360,Validation,Standard Scissors (Blue)
IMG03137,P00197,images/P00197/img99.jpg,Home,320,360,Test,Pro Door Mat (Black)
IMG03138,P00167,images/P00167/img91.jpg,Electronics,320,240,Validation,Standard Tablet Stand (Silver)
IMG03139,P00035,images/P00035/img66.jpg,Stationery,480,768,Train,Compact Sticky Notes (White)
IMG03140,P00556,images/P00556/img05.jpg,Footwear,720,480,Train,Standard Hiking Boots (Beige)
IMG03141,P00542,images/P00542/img44.jpg,Footwear,720,360,Test,Pro Running Shoes (Beige)
IMG03142,P00047,images/P00047/img30.jpg,Accessories,480,240,Train,Deluxe Backpack (Red)
IMG03143,P00343,images/P00343/img16.jpg,Electronics,640,480,Train,Mini Bluetooth Speaker (Black)
IMG03144,P00656,images/P00656/img59.jpg,Home,480,360,Validation,Plus Cushion (Beige)
IMG03145,P00385,images/P00385/img10.jpg,Stationery,320,640,Train,Lite File Folder (Grey)
IMG03146,P00450,images/P00450/img60.jpg,Stationery,1024,640,Train,Classic Highlighter Set (Blue)
IMG03147,P00646,images/P00646/img43.jpg,Accessories,1024,640,Train,Pro Backpack (Grey)
IMG03148,P00156,images/P00156/img38.jpg,Electronics,720,240,Train,Max USB-C Cable (Black)
IMG03149,P00680,images/P00680/img61.jpg,Footwear,320,480,Train,Plus Sports Shoes (Grey)
IMG03150,P00140,images/P00140/img89.jpg,Home,320,240,Test,Compact Photo Frame (Silver)
IMG03151,P00141,images/P00141/img43.jpg,Home,320,480,Validation,Max Water Bottle (Beige)
IMG03152,P00678,images/P00678/img99.jpg,Stationery,480,640,Validation,Lite Sticky Notes (Green)
IMG03153,P00173,images/P00173/img43.jpg,Footwear,320,640,Train,Deluxe Slippers (Beige)
IMG03154,P00654,images/P00654/img19.jpg,Accessories,640,480,Train,Deluxe Keychain (Beige)
IMG03155,P00665,images/P00665/img19.jpg,Electronics,720,640,Train,Pro Wireless Mouse (Green)
IMG03156,P00446,images/P00446/img73.jpg,Home,480,480,Train,Premium Photo Frame (Black)
IMG03157,P00195,images/P00195/img23.jpg,Home,480,360,Validation,Mini Photo Frame (Black)
IMG03158,P00197,images/P00197/img58.jpg,Home,480,240,Train,Pro Door Mat (Black)
IMG03159,P00009,images/P00009/img24.jpg,Accessories,720,360,Train,Pro Wallet (Beige)
IMG03160,P00129,images/P00129/img04.jpg,Footwear,640,480,Validation,Compact Sandals (Silver)
IMG03161,P00296,images/P00296/img02.jpg,Electronics,320,240,Train,Plus Charger (Red)
IMG03162,P00364,images/P00364/img28.jpg,Stationery,640,480,Train,Max Calculator (Green)
IMG03163,P00403,images/P00403/img24.jpg,Home,480,640,Test,Compact Bed Sheet Set (Beige)
IMG03164,P00137,images/P00137/img65.jpg,Accessories,320,640,Train,Plus Handbag (White)
IMG03165,P00496,images/P00496/img23.jpg,Footwear,640,360,Train,Compact Slippers (Silver)
IMG03166,P00269,images/P00269/img60.jpg,Accessories,720,360,Train,Lite Umbrella (Red)
IMG03167,P00272,images/P00272/img69.jpg,Accessories,640,480,Train,Standard Backpack (Grey)
IMG03168,P00501,images/P00501/img50.jpg,Stationery,480,768,Train,Lite Highlighter Set (Black)
IMG03169,P00345,images/P00345/img87.jpg,Home,640,768,Test,Premium Curtain (Beige)
IMG03170,P00315,images/P00315/img72.jpg,Electronics,640,768,Train,Standard Laptop Stand (Beige)
IMG03171,P00766,images/P00766/img64.jpg,Home,640,768,Train,Premium Storage Box (White)
IMG03172,P00374,images/P00374/img48.jpg,Accessories,1024,768,Validation,Pro Cap (White)
IMG03173,P00445,images/P00445/img99.jpg,Home,1024,480,Train,Standard Curtain (Blue)
IMG03174,P00244,images/P00244/img04.jpg,Accessories,320,768,Validation,Compact Handbag (Beige)
IMG03175,P00096,images/P00096/img07.jpg,Footwear,720,360,Train,Plus Formal Shoes (Beige)
IMG03176,P00344,images/P00344/img99.jpg,Electronics,1024,240,Train,Premium Power Bank (Beige)
IMG03177,P00578,images/P00578/img28.jpg,Accessories,320,768,Train,Standard Backpack (Grey)
IMG03178,P00688,images/P00688/img34.jpg,Footwear,640,640,Train,Standard Sports Shoes (White)
IMG03179,P00595,images/P00595/img42.jpg,Footwear,720,640,Train,Max Flip Flops (Black)
IMG03180,P00412,images/P00412/img90.jpg,Home,720,240,Train,Plus Table Lamp (Red)
IMG03181,P00681,images/P00681/img04.jpg,Home,720,640,Train,Max Curtain (Green)
IMG03182,P00287,images/P00287/img94.jpg,Accessories,640,240,Train,Max Wallet (Silver)
IMG03183,P00748,images/P00748/img08.jpg,Electronics,1024,640,Train,Compact Keyboard (Grey)
IMG03184,P00772,images/P00772/img19.jpg,Footwear,720,360,Train,Standard Sandals (Silver)
IMG03185,P00724,images/P00724/img67.jpg,Footwear,640,640,Test,Plus Sandals (Silver)
IMG03186,P00787,images/P00787/img85.jpg,Stationery,640,768,Train,Standard File Folder (Beige)
IMG03187,P00077,images/P00077/img99.jpg,Accessories,1024,480,Train,Mini Watch Strap (Grey)
IMG03188,P00170,images/P00170/img56.jpg,Stationery,640,480,Test,Premium Calculator (Silver)
IMG03189,P00653,images/P00653/img41.jpg,Electronics,480,640,Train,Max Keyboard (White)
IMG03190,P00377,images/P00377/img61.jpg,Home,640,480,Test,Max Curtain (Green)
IMG03191,P00303,images/P00303/img11.jpg,Electronics,640,768,Validation,Compact Tablet Stand (Red)
IMG03192,P00315,images/P00315/img35.jpg,Electronics,1024,240,Train,Standard Laptop Stand (Beige)
IMG03193,P00683,images/P00683/img02.jpg,Electronics,480,360,Train,Deluxe HDMI Cable (Red)
IMG03194,P00749,images/P00749/img77.jpg,Accessories,640,240,Validation,Premium Umbrella (Green)
IMG03195,P00757,images/P00757/img48.jpg,Home,1024,768,Validation,Classic Door Mat (Beige)
IMG03196,P00386,images/P00386/img66.jpg,Stationery,320,240,Train,Plus Sticky Notes (White)
IMG03197,P00720,images/P00720/img41.jpg,Footwear,640,240,Validation,Standard Flip Flops (Beige)
IMG03198,P00623,images/P00623/img15.jpg,Accessories,640,768,Train,Max Sunglasses (Green)
IMG03199,P00537,images/P00537/img57.jpg,Accessories,720,768,Test,Plus Wallet (Silver)
IMG03200,P00121,images/P00121/img48.jpg,Stationery,720,480,Validation,Mini Highlighter Set (White)
IMG03201,P00774,images/P00774/img04.jpg,Electronics,320,480,Validation,Standard Router (Green)
IMG03202,P00688,images/P00688/img55.jpg,Footwear,1024,240,Validation,Standard Sports Shoes (White)
IMG03203,P00680,images/P00680/img02.jpg,Footwear,480,640,Validation,Plus Sports Shoes (Grey)
IMG03204,P00746,images/P00746/img66.jpg,Home,480,360,Train,Mini Door Mat (Grey)
IMG03205,P00587,images/P00587/img02.jpg,Footwear,1024,360,Train,Classic Running Shoes (Grey)
IMG03206,P00135,images/P00135/img64.jpg,Stationery,640,768,Validation,Max Highlighter Set (Grey)
IMG03207,P00517,images/P00517/img38.jpg,Stationery,720,480,Train,Premium Stapler (Black)
IMG03208,P00169,images/P00169/img65.jpg,Footwear,320,480,Train,Mini Sports Shoes (Grey)
IMG03209,P00080,images/P00080/img41.jpg,Electronics,720,360,Train,Max Smart Watch (Grey)
IMG03210,P00629,images/P00629/img79.jpg,Electronics,480,640,Train,Classic Tablet Stand (Black)
IMG03211,P00607,images/P00607/img77.jpg,Stationery,640,360,Train,Mini Calculator (Beige)
IMG03212,P00280,images/P00280/img27.jpg,Stationery,320,240,Train,Compact Scissors (Grey)
IMG03213,P00059,images/P00059/img37.jpg,Footwear,480,640,Train,Premium Boots (Red)
IMG03214,P00767,images/P00767/img64.jpg,Footwear,640,768,Test,Pro Sports Shoes (White)
IMG03215,P00655,images/P00655/img98.jpg,Accessories,720,360,Test,Lite Backpack (Silver)
IMG03216,P00519,images/P00519/img40.jpg,Stationery,720,768,Train,Classic Stapler (Silver)
IMG03217,P00521,images/P00521/img44.jpg,Electronics,720,640,Train,Premium Router (Blue)
IMG03218,P00380,images/P00380/img03.jpg,Electronics,640,640,Train,Mini Smart Watch (Black)
IMG03219,P00611,images/P00611/img98.jpg,Accessories,1024,640,Train,Deluxe Watch Strap (Black)
IMG03220,P00729,images/P00729/img26.jpg,Footwear,1024,360,Test,Deluxe Formal Shoes (Black)
IMG03221,P00692,images/P00692/img11.jpg,Electronics,1024,768,Train,Max Earbuds (Green)
IMG03222,P00637,images/P00637/img33.jpg,Footwear,320,480,Train,Deluxe Sneakers (Grey)
IMG03223,P00513,images/P00513/img33.jpg,Stationery,720,480,Train,Mini Calculator (Green)
IMG03224,P00595,images/P00595/img11.jpg,Footwear,1024,768,Train,Max Flip Flops (Black)
IMG03225,P00370,images/P00370/img67.jpg,Footwear,320,480,Validation,Pro Slippers (Silver)
IMG03226,P00203,images/P00203/img07.jpg,Stationery,720,640,Validation,Classic Desk Organizer (White)
IMG03227,P00141,images/P00141/img87.jpg,Home,320,480,Train,Max Water Bottle (Beige)
IMG03228,P00140,images/P00140/img52.jpg,Home,320,360,Train,Compact Photo Frame (Silver)
IMG03229,P00283,images/P00283/img17.jpg,Footwear,320,240,Validation,Standard Sneakers (Green)
IMG03230,P00735,images/P00735/img30.jpg,Home,1024,480,Test,Max Table Lamp (Grey)
IMG03231,P00395,images/P00395/img20.jpg,Stationery,720,480,Train,Compact Calculator (Black)
IMG03232,P00731,images/P00731/img89.jpg,Footwear,720,768,Train,Lite Flip Flops (Blue)
IMG03233,P00555,images/P00555/img47.jpg,Accessories,320,640,Train,Deluxe Cap (Red)
IMG03234,P00069,images/P00069/img31.jpg,Accessories,640,360,Train,Classic Backpack (Silver)
IMG03235,P00234,images/P00234/img42.jpg,Stationery,640,240,Train,Pro File Folder (Red)
IMG03236,P00314,images/P00314/img90.jpg,Stationery,320,480,Validation,Premium Stapler (Black)
IMG03237,P00739,images/P00739/img91.jpg,Footwear,320,240,Train,Mini Hiking Boots (Red)
IMG03238,P00133,images/P00133/img05.jpg,Stationery,1024,240,Train,Mini Highlighter Set (Silver)
IMG03239,P00004,images/P00004/img15.jpg,Electronics,320,240,Train,Max USB-C Cable (Black)
IMG03240,P00091,images/P00091/img19.jpg,Stationery,640,768,Validation,Compact File Folder (Black)
IMG03241,P00421,images/P00421/img89.jpg,Electronics,320,480,Test,Premium Tablet Stand (Black)
IMG03242,P00671,images/P00671/img51.jpg,Accessories,320,360,Train,Mini Umbrella (White)
IMG03243,P00321,images/P00321/img06.jpg,Electronics,1024,360,Train,Pro Earbuds (Red)
IMG03244,P00128,images/P00128/img14.jpg,Footwear,1024,768,Validation,Pro Running Shoes (Beige)
IMG03245,P00333,images/P00333/img44.jpg,Accessories,480,640,Train,Plus Travel Pouch (White)
IMG03246,P00502,images/P00502/img18.jpg,Electronics,1024,360,Validation,Mini Keyboard (Grey)
IMG03247,P00042,images/P00042/img17.jpg,Stationery,720,240,Train,Mini Sticky Notes (Silver)
IMG03248,P00383,images/P00383/img73.jpg,Home,480,640,Test,Deluxe Photo Frame (Black)
IMG03249,P00504,images/P00504/img52.jpg,Home,320,480,Train,Deluxe Water Bottle (Red)
IMG03250,P00187,images/P00187/img58.jpg,Footwear,320,768,Train,Premium Sneakers (Grey)
IMG03251,P00798,images/P00798/img02.jpg,Footwear,320,240,Train,Mini Loafers (Grey)
IMG03252,P00528,images/P00528/img86.jpg,Stationery,640,768,Train,Premium Scissors (Beige)
IMG03253,P00151,images/P00151/img44.jpg,Electronics,640,240,Train,Standard Power Bank (Green)
IMG03254,P00764,images/P00764/img95.jpg,Stationery,480,480,Train,Compact Marker Pack (Silver)
IMG03255,P00790,images/P00790/img85.jpg,Stationery,1024,768,Test,Mini Marker Pack (Green)
IMG03256,P00218,images/P00218/img36.jpg,Electronics,640,640,Train,Max Headphones (Black)
IMG03257,P00291,images/P00291/img73.jpg,Electronics,640,640,Validation,Lite Wireless Mouse (Silver)
IMG03258,P00678,images/P00678/img76.jpg,Stationery,720,768,Train,Lite Sticky Notes (Green)
IMG03259,P00396,images/P00396/img90.jpg,Accessories,1024,240,Train,Mini Keychain (Beige)
IMG03260,P00415,images/P00415/img84.jpg,Home,320,640,Train,Premium Storage Box (Silver)
IMG03261,P00399,images/P00399/img49.jpg,Footwear,720,360,Train,Deluxe Slippers (Grey)
IMG03262,P00446,images/P00446/img56.jpg,Home,480,240,Validation,Premium Photo Frame (Black)
IMG03263,P00556,images/P00556/img18.jpg,Footwear,1024,640,Validation,Standard Hiking Boots (Beige)
IMG03264,P00657,images/P00657/img59.jpg,Home,720,768,Train,Deluxe Storage Box (Beige)
IMG03265,P00300,images/P00300/img48.jpg,Electronics,1024,480,Validation,Premium Tablet Stand (White)
IMG03266,P00327,images/P00327/img12.jpg,Home,720,640,Train,Plus Table Lamp (Blue)
IMG03267,P00437,images/P00437/img29.jpg,Footwear,640,640,Train,Plus Boots (Black)
IMG03268,P00304,images/P00304/img89.jpg,Stationery,1024,480,Train,Max Marker Pack (Green)
IMG03269,P00178,images/P00178/img39.jpg,Electronics,320,480,Train,Standard USB-C Cable (Silver)
IMG03270,P00116,images/P00116/img53.jpg,Stationery,1024,360,Train,Max Sticky Notes (Beige)
IMG03271,P00124,images/P00124/img34.jpg,Footwear,480,240,Train,Mini Sneakers (Black)
IMG03272,P00479,images/P00479/img23.jpg,Stationery,480,768,Train,Deluxe Sticky Notes (Blue)
IMG03273,P00195,images/P00195/img21.jpg,Home,720,240,Train,Mini Photo Frame (Black)
IMG03274,P00341,images/P00341/img39.jpg,Home,640,240,Train,Mini Photo Frame (Green)
IMG03275,P00497,images/P00497/img38.jpg,Home,320,360,Train,Premium Wall Clock (Black)
IMG03276,P00230,images/P00230/img20.jpg,Home,320,480,Validation,Max Water Bottle (Grey)
IMG03277,P00607,images/P00607/img81.jpg,Stationery,480,240,Validation,Mini Calculator (Beige)
IMG03278,P00625,images/P00625/img02.jpg,Home,640,360,Train,Plus Bed Sheet Set (Grey)
IMG03279,P00693,images/P00693/img56.jpg,Footwear,320,360,Train,Classic Hiking Boots (Beige)
IMG03280,P00665,images/P00665/img60.jpg,Electronics,720,360,Train,Pro Wireless Mouse (Green)
IMG03281,P00641,images/P00641/img67.jpg,Electronics,640,360,Validation,Standard Keyboard (Beige)
IMG03282,P00334,images/P00334/img88.jpg,Accessories,480,768,Train,Max Keychain (Beige)
IMG03283,P00526,images/P00526/img01.jpg,Home,480,240,Train,Deluxe Bed Sheet Set (Silver)
IMG03284,P00027,images/P00027/img15.jpg,Accessories,480,360,Validation,Mini Belt (Silver)
IMG03285,P00754,images/P00754/img78.jpg,Stationery,720,768,Train,Mini Desk Organizer (Silver)
IMG03286,P00378,images/P00378/img99.jpg,Stationery,1024,640,Train,Compact Highlighter Set (Blue)
IMG03287,P00647,images/P00647/img21.jpg,Stationery,320,240,Validation,Classic Desk Organizer (Blue)
IMG03288,P00502,images/P00502/img93.jpg,Electronics,1024,240,Train,Mini Keyboard (Grey)
IMG03289,P00172,images/P00172/img65.jpg,Footwear,320,240,Train,Lite Formal Shoes (Silver)
IMG03290,P00577,images/P00577/img28.jpg,Stationery,1024,240,Train,Compact Notebook (Silver)
IMG03291,P00056,images/P00056/img49.jpg,Electronics,640,240,Train,Standard Wireless Mouse (Green)
IMG03292,P00512,images/P00512/img86.jpg,Home,320,360,Train,Premium Bed Sheet Set (Blue)
IMG03293,P00309,images/P00309/img73.jpg,Electronics,480,768,Train,Lite Bluetooth Speaker (Black)
IMG03294,P00479,images/P00479/img66.jpg,Stationery,480,480,Train,Deluxe Sticky Notes (Blue)
IMG03295,P00103,images/P00103/img03.jpg,Electronics,720,640,Train,Max Monitor (Beige)
IMG03296,P00360,images/P00360/img87.jpg,Electronics,320,360,Train,Pro Keyboard (Red)
IMG03297,P00047,images/P00047/img75.jpg,Accessories,1024,480,Test,Deluxe Backpack (Red)
IMG03298,P00223,images/P00223/img08.jpg,Accessories,720,240,Validation,Pro Handbag (Blue)
IMG03299,P00279,images/P00279/img26.jpg,Home,1024,360,Test,Max Storage Box (Blue)
IMG03300,P00093,images/P00093/img32.jpg,Accessories,640,360,Test,Compact Keychain (Blue)
IMG03301,P00800,images/P00800/img35.jpg,Home,320,240,Validation,Compact Wall Clock (White)
IMG03302,P00786,images/P00786/img62.jpg,Electronics,480,640,Train,Standard Earbuds (Grey)
IMG03303,P00179,images/P00179/img78.jpg,Stationery,480,360,Train,Premium Marker Pack (Silver)
IMG03304,P00477,images/P00477/img45.jpg,Footwear,720,240,Train,Lite Flip Flops (Blue)
IMG03305,P00443,images/P00443/img26.jpg,Stationery,320,240,Train,Plus Stapler (White)
IMG03306,P00607,images/P00607/img49.jpg,Stationery,1024,480,Train,Mini Calculator (Beige)
IMG03307,P00312,images/P00312/img77.jpg,Stationery,320,640,Validation,Pro Desk Organizer (Silver)
IMG03308,P00062,images/P00062/img70.jpg,Electronics,1024,480,Train,Max HDMI Cable (Blue)
IMG03309,P00506,images/P00506/img51.jpg,Home,480,480,Train,Premium Bed Sheet Set (Grey)
IMG03310,P00768,images/P00768/img91.jpg,Electronics,720,360,Train,Plus Webcam (Grey)
IMG03311,P00229,images/P00229/img15.jpg,Footwear,720,480,Train,Plus Flip Flops (Silver)
IMG03312,P00664,images/P00664/img23.jpg,Footwear,480,640,Train,Premium Sports Shoes (Beige)
IMG03313,P00588,images/P00588/img28.jpg,Home,320,480,Train,Standard Bed Sheet Set (Beige)
IMG03314,P00731,images/P00731/img89.jpg,Footwear,720,480,Train,Lite Flip Flops (Blue)
IMG03315,P00689,images/P00689/img17.jpg,Home,1024,768,Train,Premium Curtain (Beige)
IMG03316,P00022,images/P00022/img94.jpg,Accessories,480,640,Validation,Lite Watch Strap (White)
IMG03317,P00580,images/P00580/img97.jpg,Electronics,320,480,Train,Plus Keyboard (White)
IMG03318,P00160,images/P00160/img41.jpg,Stationery,480,240,Validation,Pro Desk Organizer (Blue)
IMG03319,P00652,images/P00652/img04.jpg,Electronics,480,640,Validation,Plus Smart Watch (Black)
IMG03320,P00497,images/P00497/img23.jpg,Home,320,640,Validation,Premium Wall Clock (Black)
IMG03321,P00576,images/P00576/img84.jpg,Footwear,720,360,Validation,Standard Flip Flops (Silver)
IMG03322,P00798,images/P00798/img59.jpg,Footwear,1024,360,Train,Mini Loafers (Grey)
IMG03323,P00349,images/P00349/img02.jpg,Electronics,320,360,Train,Standard USB-C Cable (Black)
IMG03324,P00761,images/P00761/img22.jpg,Home,480,480,Train,Max Wall Clock (Beige)
IMG03325,P00526,images/P00526/img96.jpg,Home,480,640,Train,Deluxe Bed Sheet Set (Silver)
IMG03326,P00161,images/P00161/img41.jpg,Accessories,480,768,Train,Deluxe Wallet (Black)
IMG03327,P00503,images/P00503/img15.jpg,Accessories,1024,360,Train,Plus Watch Strap (Black)
IMG03328,P00798,images/P00798/img28.jpg,Footwear,1024,480,Train,Mini Loafers (Grey)
IMG03329,P00006,images/P00006/img19.jpg,Footwear,320,480,Train,Deluxe Slippers (Grey)
IMG03330,P00584,images/P00584/img45.jpg,Home,480,360,Train,Standard Candle Holder (White)
IMG03331,P00607,images/P00607/img81.jpg,Stationery,480,240,Train,Mini Calculator (Beige)
IMG03332,P00612,images/P00612/img91.jpg,Electronics,320,240,Train,Deluxe USB-C Cable (Red)
IMG03333,P00714,images/P00714/img12.jpg,Home,1024,480,Train,Plus Bed Sheet Set (Beige)
IMG03334,P00671,images/P00671/img62.jpg,Accessories,1024,640,Train,Mini Umbrella (White)
IMG03335,P00168,images/P00168/img66.jpg,Electronics,320,240,Validation,Plus Keyboard (Silver)
IMG03336,P00593,images/P00593/img15.jpg,Stationery,1024,768,Validation,Premium Notebook (Black)
IMG03337,P00009,images/P00009/img67.jpg,Accessories,1024,768,Train,Pro Wallet (Beige)
IMG03338,P00050,images/P00050/img06.jpg,Accessories,320,360,Validation,Compact Wallet (Red)
IMG03339,P00561,images/P00561/img81.jpg,Accessories,1024,240,Train,Deluxe Cap (Black)
IMG03340,P00763,images/P00763/img29.jpg,Footwear,480,240,Train,Pro Slippers (Blue)
IMG03341,P00409,images/P00409/img03.jpg,Electronics,1024,640,Train,Max HDMI Cable (Silver)
IMG03342,P00196,images/P00196/img30.jpg,Accessories,720,480,Test,Pro Umbrella (White)
IMG03343,P00411,images/P00411/img10.jpg,Home,480,640,Test,Plus Bed Sheet Set (Red)
IMG03344,P00002,images/P00002/img58.jpg,Footwear,480,768,Train,Pro Sandals (White)
IMG03345,P00482,images/P00482/img78.jpg,Electronics,480,480,Train,Deluxe Monitor (Grey)
IMG03346,P00440,images/P00440/img78.jpg,Accessories,720,768,Train,Premium Sunglasses (Silver)
IMG03347,P00655,images/P00655/img75.jpg,Accessories,320,240,Train,Lite Backpack (Silver)
IMG03348,P00222,images/P00222/img11.jpg,Electronics,1024,360,Validation,Plus Laptop Stand (Beige)
IMG03349,P00596,images/P00596/img94.jpg,Footwear,1024,240,Train,Lite Flip Flops (Red)
IMG03350,P00275,images/P00275/img52.jpg,Footwear,320,240,Validation,Deluxe Sneakers (Grey)
IMG03351,P00589,images/P00589/img11.jpg,Footwear,1024,480,Test,Premium Sneakers (Green)
IMG03352,P00175,images/P00175/img28.jpg,Footwear,640,768,Train,Max Slippers (Green)
IMG03353,P00062,images/P00062/img23.jpg,Electronics,720,360,Train,Max HDMI Cable (Blue)
IMG03354,P00317,images/P00317/img74.jpg,Electronics,1024,640,Validation,Deluxe Webcam (Blue)
IMG03355,P00035,images/P00035/img43.jpg,Stationery,640,240,Train,Compact Sticky Notes (White)
IMG03356,P00305,images/P00305/img36.jpg,Footwear,480,240,Train,Classic Hiking Boots (Grey)
IMG03357,P00107,images/P00107/img09.jpg,Stationery,720,640,Train,Classic Stapler (White)
IMG03358,P00354,images/P00354/img14.jpg,Stationery,480,240,Train,Plus Calculator (White)
IMG03359,P00486,images/P00486/img41.jpg,Home,480,480,Train,Classic Table Lamp (Blue)
IMG03360,P00363,images/P00363/img98.jpg,Accessories,640,360,Train,Pro Sunglasses (White)
IMG03361,P00438,images/P00438/img48.jpg,Accessories,480,640,Train,Pro Cap (Green)
IMG03362,P00382,images/P00382/img69.jpg,Accessories,640,768,Train,Lite Handbag (Beige)
IMG03363,P00129,images/P00129/img82.jpg,Footwear,1024,360,Train,Compact Sandals (Silver)
IMG03364,P00318,images/P00318/img24.jpg,Electronics,640,768,Train,Lite Bluetooth Speaker (Green)
IMG03365,P00276,images/P00276/img67.jpg,Footwear,640,768,Train,Classic Formal Shoes (Grey)
IMG03366,P00118,images/P00118/img65.jpg,Home,1024,480,Train,Classic Bed Sheet Set (Grey)
IMG03367,P00331,images/P00331/img84.jpg,Accessories,1024,480,Train,Deluxe Wallet (Red)
IMG03368,P00751,images/P00751/img57.jpg,Accessories,480,768,Validation,Compact Wallet (Beige)
IMG03369,P00582,images/P00582/img31.jpg,Electronics,320,240,Train,Standard Power Bank (Blue)
IMG03370,P00122,images/P00122/img23.jpg,Accessories,720,768,Train,Deluxe Travel Pouch (Green)
IMG03371,P00306,images/P00306/img24.jpg,Footwear,720,360,Validation,Compact Sandals (Grey)
IMG03372,P00082,images/P00082/img09.jpg,Accessories,640,240,Validation,Mini Cap (Silver)
IMG03373,P00124,images/P00124/img54.jpg,Footwear,1024,768,Train,Mini Sneakers (Black)
IMG03374,P00212,images/P00212/img19.jpg,Footwear,320,640,Train,Classic Formal Shoes (Blue)
IMG03375,P00087,images/P00087/img36.jpg,Accessories,720,640,Train,Lite Belt (Silver)
IMG03376,P00215,images/P00215/img05.jpg,Home,320,480,Validation,Compact Wall Clock (Silver)
IMG03377,P00059,images/P00059/img43.jpg,Footwear,640,640,Train,Premium Boots (Red)
IMG03378,P00106,images/P00106/img36.jpg,Electronics,480,240,Train,Lite Headphones (Blue)
IMG03379,P00785,images/P00785/img57.jpg,Electronics,720,640,Test,Max Power Bank (Black)
IMG03380,P00674,images/P00674/img74.jpg,Accessories,320,768,Train,Premium Belt (Red)
IMG03381,P00281,images/P00281/img99.jpg,Footwear,640,240,Train,Premium Boots (Grey)
IMG03382,P00145,images/P00145/img93.jpg,Home,1024,360,Train,Lite Cushion (Beige)
IMG03383,P00260,images/P00260/img22.jpg,Accessories,320,240,Test,Plus Handbag (Beige)
IMG03384,P00339,images/P00339/img35.jpg,Electronics,320,240,Validation,Classic Bluetooth Speaker (White)
IMG03385,P00302,images/P00302/img17.jpg,Accessories,1024,640,Test,Mini Belt (Red)
IMG03386,P00708,images/P00708/img53.jpg,Footwear,720,640,Train,Standard Sports Shoes (Black)
IMG03387,P00143,images/P00143/img53.jpg,Home,480,360,Train,Plus Water Bottle (Grey)
IMG03388,P00126,images/P00126/img26.jpg,Home,480,480,Train,Deluxe Candle Holder (Red)
IMG03389,P00186,images/P00186/img11.jpg,Electronics,480,640,Train,Compact Charger (Blue)
IMG03390,P00085,images/P00085/img93.jpg,Accessories,640,240,Train,Pro Wallet (Blue)
IMG03391,P00378,images/P00378/img13.jpg,Stationery,720,360,Test,Compact Highlighter Set (Blue)
IMG03392,P00480,images/P00480/img60.jpg,Footwear,480,768,Train,Deluxe Hiking Boots (Green)
IMG03393,P00415,images/P00415/img16.jpg,Home,720,768,Train,Premium Storage Box (Silver)
IMG03394,P00286,images/P00286/img74.jpg,Accessories,720,240,Validation,Deluxe Cap (Beige)
IMG03395,P00317,images/P00317/img51.jpg,Electronics,640,768,Validation,Deluxe Webcam (Blue)
IMG03396,P00641,images/P00641/img92.jpg,Electronics,1024,360,Train,Standard Keyboard (Beige)
IMG03397,P00484,images/P00484/img85.jpg,Home,1024,480,Train,Lite Bed Sheet Set (Grey)
IMG03398,P00061,images/P00061/img64.jpg,Electronics,640,640,Train,Compact Monitor (Black)
IMG03399,P00273,images/P00273/img81.jpg,Electronics,720,480,Validation,Classic Router (Silver)
IMG03400,P00694,images/P00694/img26.jpg,Accessories,720,240,Train,Pro Watch Strap (Black)
IMG03401,P00216,images/P00216/img98.jpg,Home,320,360,Validation,Deluxe Table Lamp (Black)
IMG03402,P00428,images/P00428/img25.jpg,Accessories,320,640,Train,Classic Cap (Green)
IMG03403,P00518,images/P00518/img14.jpg,Accessories,720,640,Train,Pro Handbag (Beige)
IMG03404,P00232,images/P00232/img14.jpg,Home,480,240,Validation,Classic Table Lamp (Red)
IMG03405,P00185,images/P00185/img59.jpg,Footwear,480,480,Test,Max Formal Shoes (Green)
IMG03406,P00429,images/P00429/img59.jpg,Electronics,480,480,Validation,Max Webcam (White)
IMG03407,P00325,images/P00325/img25.jpg,Accessories,320,640,Validation,Mini Handbag (Silver)
IMG03408,P00302,images/P00302/img90.jpg,Accessories,320,640,Train,Mini Belt (Red)
IMG03409,P00473,images/P00473/img94.jpg,Home,640,640,Train,Classic Bed Sheet Set (White)
IMG03410,P00622,images/P00622/img14.jpg,Electronics,640,640,Train,Compact Power Bank (Beige)
IMG03411,P00284,images/P00284/img14.jpg,Electronics,640,640,Test,Standard Earbuds (Black)
IMG03412,P00440,images/P00440/img16.jpg,Accessories,640,360,Validation,Premium Sunglasses (Silver)
IMG03413,P00188,images/P00188/img30.jpg,Stationery,640,360,Validation,Deluxe Calculator (Grey)
IMG03414,P00174,images/P00174/img08.jpg,Accessories,1024,640,Validation,Premium Backpack (Green)
IMG03415,P00515,images/P00515/img55.jpg,Stationery,480,360,Train,Deluxe Stapler (Green)
IMG03416,P00691,images/P00691/img42.jpg,Accessories,480,480,Train,Deluxe Travel Pouch (White)
IMG03417,P00154,images/P00154/img16.jpg,Electronics,480,360,Validation,Classic Laptop Stand (Black)
IMG03418,P00430,images/P00430/img69.jpg,Stationery,720,768,Validation,Mini Scissors (Black)
IMG03419,P00224,images/P00224/img22.jpg,Accessories,640,768,Validation,Premium Watch Strap (Grey)
IMG03420,P00651,images/P00651/img76.jpg,Stationery,720,240,Test,Standard Scissors (Blue)
IMG03421,P00591,images/P00591/img91.jpg,Electronics,480,768,Train,Standard Earbuds (Black)
IMG03422,P00507,images/P00507/img46.jpg,Stationery,1024,480,Test,Pro Desk Organizer (Blue)
IMG03423,P00519,images/P00519/img78.jpg,Stationery,480,480,Train,Classic Stapler (Silver)
IMG03424,P00245,images/P00245/img20.jpg,Home,1024,240,Train,Max Photo Frame (Red)
IMG03425,P00611,images/P00611/img33.jpg,Accessories,320,768,Train,Deluxe Watch Strap (Black)
IMG03426,P00375,images/P00375/img10.jpg,Stationery,720,640,Test,Compact Desk Organizer (Beige)
IMG03427,P00024,images/P00024/img90.jpg,Home,320,640,Train,Premium Candle Holder (Blue)
IMG03428,P00356,images/P00356/img98.jpg,Home,640,768,Test,Plus Table Lamp (Beige)
IMG03429,P00269,images/P00269/img73.jpg,Accessories,640,240,Train,Lite Umbrella (Red)
IMG03430,P00256,images/P00256/img88.jpg,Stationery,720,360,Train,Max Pen Set (Grey)
IMG03431,P00442,images/P00442/img86.jpg,Home,320,640,Train,Standard Table Lamp (Blue)
IMG03432,P00569,images/P00569/img21.jpg,Footwear,720,360,Validation,Pro Hiking Boots (Silver)
IMG03433,P00291,images/P00291/img90.jpg,Electronics,320,640,Validation,Lite Wireless Mouse (Silver)
IMG03434,P00736,images/P00736/img42.jpg,Electronics,1024,640,Train,Lite Laptop Stand (Green)
IMG03435,P00424,images/P00424/img47.jpg,Footwear,480,240,Train,Standard Hiking Boots (Blue)
IMG03436,P00496,images/P00496/img19.jpg,Footwear,640,768,Test,Compact Slippers (Silver)
IMG03437,P00340,images/P00340/img49.jpg,Stationery,720,480,Train,Standard Marker Pack (Beige)
IMG03438,P00433,images/P00433/img37.jpg,Electronics,480,768,Validation,Premium Charger (Black)
IMG03439,P00579,images/P00579/img75.jpg,Electronics,720,768,Train,Max Charger (White)
IMG03440,P00005,images/P00005/img95.jpg,Stationery,720,240,Train,Compact Marker Pack (Beige)
IMG03441,P00288,images/P00288/img51.jpg,Electronics,720,640,Train,Compact Router (Green)
IMG03442,P00737,images/P00737/img99.jpg,Electronics,640,360,Train,Pro Laptop Stand (Red)
IMG03443,P00717,images/P00717/img53.jpg,Accessories,320,360,Train,Deluxe Keychain (White)
IMG03444,P00497,images/P00497/img15.jpg,Home,480,240,Train,Premium Wall Clock (Black)
IMG03445,P00165,images/P00165/img01.jpg,Stationery,720,480,Train,Plus Notebook (Beige)
IMG03446,P00739,images/P00739/img73.jpg,Footwear,320,768,Train,Mini Hiking Boots (Red)
IMG03447,P00744,images/P00744/img98.jpg,Electronics,720,240,Train,Mini Power Bank (Blue)
IMG03448,P00443,images/P00443/img73.jpg,Stationery,480,480,Train,Plus Stapler (White)
IMG03449,P00523,images/P00523/img78.jpg,Footwear,320,240,Train,Deluxe Running Shoes (White)
IMG03450,P00730,images/P00730/img12.jpg,Footwear,320,480,Train,Classic Boots (Grey)
IMG03451,P00604,images/P00604/img12.jpg,Footwear,640,480,Validation,Premium Flip Flops (Red)
IMG03452,P00106,images/P00106/img52.jpg,Electronics,720,360,Validation,Lite Headphones (Blue)
IMG03453,P00222,images/P00222/img30.jpg,Electronics,1024,768,Validation,Plus Laptop Stand (Beige)
IMG03454,P00002,images/P00002/img38.jpg,Footwear,1024,768,Train,Pro Sandals (White)
IMG03455,P00328,images/P00328/img53.jpg,Stationery,480,360,Validation,Deluxe Notebook (Green)
IMG03456,P00482,images/P00482/img07.jpg,Electronics,480,640,Train,Deluxe Monitor (Grey)
IMG03457,P00599,images/P00599/img29.jpg,Home,480,768,Validation,Lite Wall Clock (Black)
IMG03458,P00659,images/P00659/img94.jpg,Footwear,720,480,Train,Pro Formal Shoes (Grey)
IMG03459,P00325,images/P00325/img60.jpg,Accessories,720,768,Validation,Mini Handbag (Silver)
IMG03460,P00357,images/P00357/img85.jpg,Stationery,480,640,Train,Standard File Folder (Grey)
IMG03461,P00256,images/P00256/img57.jpg,Stationery,1024,640,Test,Max Pen Set (Grey)
IMG03462,P00504,images/P00504/img94.jpg,Home,640,360,Train,Deluxe Water Bottle (Red)
IMG03463,P00312,images/P00312/img17.jpg,Stationery,320,640,Train,Pro Desk Organizer (Silver)
IMG03464,P00783,images/P00783/img78.jpg,Stationery,320,640,Validation,Plus File Folder (Blue)
IMG03465,P00274,images/P00274/img92.jpg,Accessories,1024,480,Test,Deluxe Belt (Green)
IMG03466,P00571,images/P00571/img22.jpg,Electronics,720,360,Train,Compact Tablet Stand (Red)
IMG03467,P00710,images/P00710/img75.jpg,Home,640,480,Test,Max Water Bottle (Red)
IMG03468,P00044,images/P00044/img42.jpg,Footwear,480,640,Train,Max Flip Flops (Grey)
IMG03469,P00798,images/P00798/img83.jpg,Footwear,640,768,Test,Mini Loafers (Grey)
IMG03470,P00057,images/P00057/img36.jpg,Electronics,1024,480,Train,Max USB-C Cable (Red)
IMG03471,P00781,images/P00781/img09.jpg,Home,640,240,Train,Pro Curtain (Black)
IMG03472,P00081,images/P00081/img01.jpg,Footwear,1024,768,Validation,Pro Loafers (Red)
IMG03473,P00476,images/P00476/img83.jpg,Stationery,480,640,Test,Pro Stapler (Grey)
IMG03474,P00700,images/P00700/img03.jpg,Accessories,640,768,Train,Plus Cap (Silver)
IMG03475,P00461,images/P00461/img13.jpg,Footwear,480,640,Train,Pro Slippers (Green)
IMG03476,P00607,images/P00607/img17.jpg,Stationery,720,640,Train,Mini Calculator (Beige)
IMG03477,P00603,images/P00603/img48.jpg,Home,1024,768,Train,Lite Storage Box (Beige)
IMG03478,P00666,images/P00666/img68.jpg,Stationery,480,640,Train,Deluxe Pen Set (Green)
IMG03479,P00196,images/P00196/img75.jpg,Accessories,640,640,Train,Pro Umbrella (White)
IMG03480,P00723,images/P00723/img14.jpg,Stationery,480,480,Train,Premium Sticky Notes (Grey)
IMG03481,P00638,images/P00638/img64.jpg,Accessories,320,640,Train,Standard Cap (White)
IMG03482,P00098,images/P00098/img38.jpg,Footwear,1024,640,Train,Classic Sports Shoes (Blue)
IMG03483,P00508,images/P00508/img40.jpg,Electronics,320,240,Train,Plus Keyboard (Green)
IMG03484,P00546,images/P00546/img52.jpg,Accessories,720,480,Train,Classic Cap (White)
IMG03485,P00426,images/P00426/img04.jpg,Stationery,720,360,Train,Compact Calculator (Black)
IMG03486,P00598,images/P00598/img67.jpg,Footwear,640,240,Train,Mini Boots (Red)
IMG03487,P00488,images/P00488/img69.jpg,Footwear,1024,360,Train,Deluxe Loafers (Blue)
IMG03488,P00372,images/P00372/img50.jpg,Accessories,720,240,Train,Pro Travel Pouch (Grey)
IMG03489,P00554,images/P00554/img81.jpg,Home,480,480,Train,Mini Wall Clock (Black)
IMG03490,P00533,images/P00533/img20.jpg,Home,1024,640,Train,Premium Photo Frame (Green)
IMG03491,P00453,images/P00453/img82.jpg,Home,640,240,Train,Plus Photo Frame (Silver)
IMG03492,P00319,images/P00319/img64.jpg,Home,320,768,Validation,Compact Curtain (Grey)
IMG03493,P00457,images/P00457/img05.jpg,Stationery,640,480,Test,Compact File Folder (White)
IMG03494,P00084,images/P00084/img83.jpg,Stationery,720,240,Validation,Pro Stapler (Blue)
IMG03495,P00719,images/P00719/img25.jpg,Accessories,320,360,Validation,Mini Wallet (Green)
IMG03496,P00714,images/P00714/img47.jpg,Home,1024,640,Test,Plus Bed Sheet Set (Beige)
IMG03497,P00263,images/P00263/img25.jpg,Electronics,480,240,Train,Standard Router (Red)
IMG03498,P00048,images/P00048/img04.jpg,Stationery,320,768,Train,Classic Marker Pack (White)
IMG03499,P00687,images/P00687/img28.jpg,Footwear,720,480,Test,Max Boots (Grey)
IMG03500,P00439,images/P00439/img96.jpg,Home,320,640,Train,Premium Candle Holder (Beige)
IMG03501,P00286,images/P00286/img45.jpg,Accessories,640,360,Train,Deluxe Cap (Beige)
IMG03502,P00217,images/P00217/img28.jpg,Home,720,240,Train,Deluxe Photo Frame (Grey)
IMG03503,P00786,images/P00786/img90.jpg,Electronics,1024,480,Train,Standard Earbuds (Grey)
IMG03504,P00796,images/P00796/img39.jpg,Footwear,720,360,Test,Mini Running Shoes (Silver)
IMG03505,P00693,images/P00693/img55.jpg,Footwear,1024,360,Train,Classic Hiking Boots (Beige)
IMG03506,P00107,images/P00107/img43.jpg,Stationery,480,768,Test,Classic Stapler (White)
IMG03507,P00370,images/P00370/img74.jpg,Footwear,720,240,Validation,Pro Slippers (Silver)
IMG03508,P00642,images/P00642/img05.jpg,Stationery,1024,768,Train,Classic Highlighter Set (Black)
IMG03509,P00275,images/P00275/img70.jpg,Footwear,320,768,Validation,Deluxe Sneakers (Grey)
IMG03510,P00142,images/P00142/img56.jpg,Home,640,768,Train,Classic Curtain (Beige)
IMG03511,P00695,images/P00695/img76.jpg,Electronics,640,240,Train,Max Power Bank (Red)
IMG03512,P00380,images/P00380/img40.jpg,Electronics,720,360,Train,Mini Smart Watch (Black)
IMG03513,P00436,images/P00436/img27.jpg,Stationery,480,240,Train,Lite Highlighter Set (Black)
IMG03514,P00310,images/P00310/img44.jpg,Footwear,1024,480,Train,Compact Sports Shoes (White)
IMG03515,P00602,images/P00602/img85.jpg,Home,640,360,Train,Plus Bed Sheet Set (Beige)
IMG03516,P00519,images/P00519/img74.jpg,Stationery,640,360,Train,Classic Stapler (Silver)
IMG03517,P00421,images/P00421/img54.jpg,Electronics,640,640,Train,Premium Tablet Stand (Black)
IMG03518,P00341,images/P00341/img40.jpg,Home,720,240,Test,Mini Photo Frame (Green)
IMG03519,P00585,images/P00585/img52.jpg,Stationery,320,360,Train,Plus Sticky Notes (White)
IMG03520,P00448,images/P00448/img77.jpg,Electronics,640,640,Train,Standard Headphones (Green)
IMG03521,P00483,images/P00483/img16.jpg,Footwear,480,240,Validation,Standard Hiking Boots (Black)
IMG03522,P00030,images/P00030/img20.jpg,Home,1024,640,Validation,Deluxe Candle Holder (Silver)
IMG03523,P00328,images/P00328/img21.jpg,Stationery,720,360,Train,Deluxe Notebook (Green)
IMG03524,P00319,images/P00319/img04.jpg,Home,720,768,Train,Compact Curtain (Grey)
IMG03525,P00197,images/P00197/img48.jpg,Home,320,640,Train,Pro Door Mat (Black)
IMG03526,P00477,images/P00477/img16.jpg,Footwear,320,768,Validation,Lite Flip Flops (Blue)
IMG03527,P00131,images/P00131/img19.jpg,Home,320,360,Train,Premium Storage Box (Green)
IMG03528,P00455,images/P00455/img19.jpg,Home,480,640,Train,Lite Photo Frame (Red)
IMG03529,P00210,images/P00210/img17.jpg,Stationery,1024,240,Train,Standard Marker Pack (White)
IMG03530,P00047,images/P00047/img98.jpg,Accessories,320,768,Train,Deluxe Backpack (Red)
IMG03531,P00623,images/P00623/img39.jpg,Accessories,320,768,Validation,Max Sunglasses (Green)
IMG03532,P00259,images/P00259/img80.jpg,Electronics,640,240,Train,Plus Wireless Mouse (Black)
IMG03533,P00209,images/P00209/img33.jpg,Electronics,720,640,Train,Max Monitor (Grey)
IMG03534,P00377,images/P00377/img59.jpg,Home,720,360,Train,Max Curtain (Green)
IMG03535,P00687,images/P00687/img35.jpg,Footwear,320,480,Train,Max Boots (Grey)
IMG03536,P00180,images/P00180/img24.jpg,Home,720,768,Train,Pro Water Bottle (Grey)
IMG03537,P00435,images/P00435/img23.jpg,Electronics,320,768,Train,Lite Webcam (Beige)
IMG03538,P00522,images/P00522/img37.jpg,Stationery,720,240,Validation,Standard Desk Organizer (Blue)
IMG03539,P00058,images/P00058/img20.jpg,Stationery,1024,768,Train,Mini Highlighter Set (Beige)
IMG03540,P00223,images/P00223/img73.jpg,Accessories,1024,768,Train,Pro Handbag (Blue)
IMG03541,P00198,images/P00198/img61.jpg,Footwear,720,360,Train,Deluxe Sandals (Grey)
IMG03542,P00076,images/P00076/img66.jpg,Accessories,480,240,Validation,Plus Belt (Red)
IMG03543,P00711,images/P00711/img44.jpg,Accessories,320,640,Train,Deluxe Wallet (White)
IMG03544,P00670,images/P00670/img31.jpg,Footwear,320,768,Validation,Lite Sandals (Grey)
IMG03545,P00170,images/P00170/img88.jpg,Stationery,320,480,Validation,Premium Calculator (Silver)
IMG03546,P00725,images/P00725/img52.jpg,Stationery,1024,240,Validation,Plus Notebook (Black)
IMG03547,P00153,images/P00153/img07.jpg,Home,640,240,Train,Standard Wall Clock (Grey)
IMG03548,P00781,images/P00781/img77.jpg,Home,480,480,Train,Pro Curtain (Black)
IMG03549,P00426,images/P00426/img76.jpg,Stationery,1024,360,Train,Compact Calculator (Black)
IMG03550,P00066,images/P00066/img33.jpg,Accessories,640,480,Train,Compact Watch Strap (Silver)
IMG03551,P00646,images/P00646/img72.jpg,Accessories,720,360,Train,Pro Backpack (Grey)
IMG03552,P00317,images/P00317/img53.jpg,Electronics,1024,640,Train,Deluxe Webcam (Blue)
IMG03553,P00283,images/P00283/img96.jpg,Footwear,320,240,Train,Standard Sneakers (Green)
IMG03554,P00124,images/P00124/img54.jpg,Footwear,720,768,Train,Mini Sneakers (Black)
IMG03555,P00322,images/P00322/img26.jpg,Home,1024,360,Train,Max Door Mat (Beige)
IMG03556,P00549,images/P00549/img13.jpg,Home,320,360,Train,Mini Door Mat (Grey)
IMG03557,P00403,images/P00403/img33.jpg,Home,1024,768,Train,Compact Bed Sheet Set (Beige)
IMG03558,P00461,images/P00461/img69.jpg,Footwear,1024,768,Test,Pro Slippers (Green)
IMG03559,P00052,images/P00052/img64.jpg,Stationery,320,640,Validation,Premium Desk Organizer (Red)
IMG03560,P00241,images/P00241/img03.jpg,Stationery,1024,768,Train,Classic Stapler (Grey)
IMG03561,P00634,images/P00634/img22.jpg,Electronics,480,360,Validation,Compact Wireless Mouse (Grey)
IMG03562,P00149,images/P00149/img16.jpg,Stationery,320,360,Train,Classic Desk Organizer (White)
IMG03563,P00359,images/P00359/img20.jpg,Footwear,480,480,Validation,Premium Hiking Boots (Green)
IMG03564,P00313,images/P00313/img16.jpg,Stationery,720,240,Test,Deluxe Marker Pack (Black)
IMG03565,P00242,images/P00242/img17.jpg,Accessories,480,480,Validation,Deluxe Keychain (Silver)
IMG03566,P00093,images/P00093/img57.jpg,Accessories,720,768,Train,Compact Keychain (Blue)
IMG03567,P00528,images/P00528/img46.jpg,Stationery,320,640,Train,Premium Scissors (Beige)
IMG03568,P00112,images/P00112/img77.jpg,Stationery,720,640,Train,Max Calculator (Green)
IMG03569,P00134,images/P00134/img04.jpg,Home,480,640,Train,Max Wall Clock (Grey)
IMG03570,P00492,images/P00492/img15.jpg,Accessories,640,768,Validation,Max Umbrella (Blue)
IMG03571,P00465,images/P00465/img05.jpg,Footwear,480,640,Validation,Premium Sneakers (Black)
IMG03572,P00736,images/P00736/img34.jpg,Electronics,640,480,Validation,Lite Laptop Stand (Green)
IMG03573,P00652,images/P00652/img93.jpg,Electronics,720,640,Train,Plus Smart Watch (Black)
IMG03574,P00694,images/P00694/img28.jpg,Accessories,320,480,Train,Pro Watch Strap (Black)
IMG03575,P00720,images/P00720/img27.jpg,Footwear,320,768,Train,Standard Flip Flops (Beige)
IMG03576,P00633,images/P00633/img78.jpg,Home,480,360,Train,Classic Water Bottle (Beige)
IMG03577,P00749,images/P00749/img30.jpg,Accessories,1024,480,Validation,Premium Umbrella (Green)
IMG03578,P00798,images/P00798/img86.jpg,Footwear,1024,240,Train,Mini Loafers (Grey)
IMG03579,P00051,images/P00051/img46.jpg,Accessories,320,640,Validation,Max Umbrella (Blue)
IMG03580,P00118,images/P00118/img47.jpg,Home,720,640,Train,Classic Bed Sheet Set (Grey)
IMG03581,P00394,images/P00394/img69.jpg,Footwear,640,640,Validation,Lite Formal Shoes (White)
IMG03582,P00539,images/P00539/img86.jpg,Stationery,320,240,Train,Compact Stapler (Grey)
IMG03583,P00593,images/P00593/img81.jpg,Stationery,1024,768,Validation,Premium Notebook (Black)
IMG03584,P00795,images/P00795/img27.jpg,Accessories,640,768,Train,Pro Sunglasses (Black)
IMG03585,P00635,images/P00635/img07.jpg,Stationery,640,480,Train,Classic Stapler (Beige)
IMG03586,P00370,images/P00370/img64.jpg,Footwear,480,360,Train,Pro Slippers (Silver)
IMG03587,P00649,images/P00649/img51.jpg,Home,480,240,Train,Lite Table Lamp (Blue)
IMG03588,P00426,images/P00426/img20.jpg,Stationery,640,768,Validation,Compact Calculator (Black)
IMG03589,P00152,images/P00152/img17.jpg,Footwear,480,640,Train,Plus Slippers (Green)
IMG03590,P00595,images/P00595/img13.jpg,Footwear,640,480,Train,Max Flip Flops (Black)
IMG03591,P00680,images/P00680/img84.jpg,Footwear,1024,768,Train,Plus Sports Shoes (Grey)
IMG03592,P00345,images/P00345/img70.jpg,Home,480,240,Train,Premium Curtain (Beige)
IMG03593,P00008,images/P00008/img37.jpg,Accessories,1024,640,Train,Mini Cap (Red)
IMG03594,P00640,images/P00640/img14.jpg,Footwear,480,360,Train,Pro Boots (Black)
IMG03595,P00507,images/P00507/img60.jpg,Stationery,480,640,Train,Pro Desk Organizer (Blue)
IMG03596,P00610,images/P00610/img19.jpg,Electronics,1024,640,Train,Max Smart Watch (Black)
IMG03597,P00056,images/P00056/img38.jpg,Electronics,640,360,Train,Standard Wireless Mouse (Green)
IMG03598,P00711,images/P00711/img68.jpg,Accessories,480,480,Validation,Deluxe Wallet (White)
IMG03599,P00380,images/P00380/img87.jpg,Electronics,1024,240,Train,Mini Smart Watch (Black)
IMG03600,P00734,images/P00734/img42.jpg,Stationery,720,640,Test,Premium Notebook (Red)
IMG03601,P00597,images/P00597/img89.jpg,Stationery,1024,480,Validation,Deluxe Scissors (Green)
IMG03602,P00600,images/P00600/img25.jpg,Stationery,1024,640,Train,Mini Desk Organizer (Beige)
IMG03603,P00355,images/P00355/img14.jpg,Home,320,768,Test,Standard Water Bottle (Black)
IMG03604,P00432,images/P00432/img56.jpg,Home,640,240,Validation,Mini Door Mat (Blue)
IMG03605,P00174,images/P00174/img70.jpg,Accessories,1024,480,Train,Premium Backpack (Green)
IMG03606,P00094,images/P00094/img69.jpg,Home,1024,480,Train,Classic Storage Box (Grey)
IMG03607,P00236,images/P00236/img77.jpg,Home,640,480,Train,Compact Wall Clock (Grey)
IMG03608,P00284,images/P00284/img45.jpg,Electronics,480,360,Validation,Standard Earbuds (Black)
IMG03609,P00759,images/P00759/img47.jpg,Accessories,480,240,Train,Plus Wallet (Grey)
IMG03610,P00421,images/P00421/img16.jpg,Electronics,320,240,Train,Premium Tablet Stand (Black)
IMG03611,P00739,images/P00739/img48.jpg,Footwear,640,768,Validation,Mini Hiking Boots (Red)
IMG03612,P00754,images/P00754/img73.jpg,Stationery,640,360,Train,Mini Desk Organizer (Silver)
IMG03613,P00768,images/P00768/img32.jpg,Electronics,640,240,Train,Plus Webcam (Grey)
IMG03614,P00150,images/P00150/img40.jpg,Home,480,640,Train,Premium Storage Box (Blue)
IMG03615,P00521,images/P00521/img79.jpg,Electronics,1024,768,Train,Premium Router (Blue)
IMG03616,P00385,images/P00385/img41.jpg,Stationery,320,768,Train,Lite File Folder (Grey)
IMG03617,P00423,images/P00423/img42.jpg,Accessories,640,480,Train,Classic Watch Strap (Green)
IMG03618,P00008,images/P00008/img29.jpg,Accessories,640,640,Train,Mini Cap (Red)
IMG03619,P00126,images/P00126/img80.jpg,Home,720,360,Test,Deluxe Candle Holder (Red)
IMG03620,P00747,images/P00747/img80.jpg,Home,720,480,Train,Premium Candle Holder (White)
IMG03621,P00491,images/P00491/img97.jpg,Accessories,720,480,Validation,Premium Belt (White)
IMG03622,P00005,images/P00005/img62.jpg,Stationery,720,768,Train,Compact Marker Pack (Beige)
IMG03623,P00596,images/P00596/img13.jpg,Footwear,480,240,Train,Lite Flip Flops (Red)
IMG03624,P00195,images/P00195/img17.jpg,Home,640,768,Train,Mini Photo Frame (Black)
IMG03625,P00386,images/P00386/img25.jpg,Stationery,720,240,Train,Plus Sticky Notes (White)
IMG03626,P00082,images/P00082/img53.jpg,Accessories,1024,768,Validation,Mini Cap (Silver)
IMG03627,P00029,images/P00029/img73.jpg,Footwear,320,360,Train,Standard Sandals (White)
IMG03628,P00428,images/P00428/img90.jpg,Accessories,720,240,Validation,Classic Cap (Green)
IMG03629,P00223,images/P00223/img71.jpg,Accessories,480,360,Train,Pro Handbag (Blue)
IMG03630,P00483,images/P00483/img78.jpg,Footwear,720,240,Train,Standard Hiking Boots (Black)
IMG03631,P00025,images/P00025/img21.jpg,Accessories,720,240,Train,Max Sunglasses (Grey)
IMG03632,P00091,images/P00091/img28.jpg,Stationery,480,360,Train,Compact File Folder (Black)
IMG03633,P00600,images/P00600/img06.jpg,Stationery,320,768,Validation,Mini Desk Organizer (Beige)
IMG03634,P00643,images/P00643/img25.jpg,Footwear,720,360,Validation,Premium Formal Shoes (Beige)
IMG03635,P00385,images/P00385/img23.jpg,Stationery,720,480,Train,Lite File Folder (Grey)
IMG03636,P00049,images/P00049/img70.jpg,Electronics,720,240,Train,Pro USB-C Cable (Black)
IMG03637,P00183,images/P00183/img14.jpg,Home,1024,240,Train,Plus Bed Sheet Set (Green)
IMG03638,P00699,images/P00699/img39.jpg,Home,320,640,Train,Pro Table Lamp (Blue)
IMG03639,P00278,images/P00278/img83.jpg,Footwear,720,768,Train,Lite Formal Shoes (Green)
IMG03640,P00534,images/P00534/img69.jpg,Stationery,480,480,Validation,Lite Stapler (White)
IMG03641,P00615,images/P00615/img31.jpg,Home,480,360,Train,Deluxe Cushion (Red)
IMG03642,P00459,images/P00459/img81.jpg,Stationery,640,768,Train,Premium Stapler (Red)
IMG03643,P00700,images/P00700/img65.jpg,Accessories,720,480,Train,Plus Cap (Silver)
IMG03644,P00384,images/P00384/img19.jpg,Accessories,320,360,Train,Plus Wallet (White)
IMG03645,P00307,images/P00307/img60.jpg,Footwear,640,480,Validation,Classic Formal Shoes (Blue)
IMG03646,P00764,images/P00764/img67.jpg,Stationery,320,640,Train,Compact Marker Pack (Silver)
IMG03647,P00483,images/P00483/img39.jpg,Footwear,720,360,Validation,Standard Hiking Boots (Black)
IMG03648,P00245,images/P00245/img95.jpg,Home,720,640,Test,Max Photo Frame (Red)
IMG03649,P00292,images/P00292/img63.jpg,Electronics,320,768,Train,Max Headphones (Blue)
IMG03650,P00292,images/P00292/img36.jpg,Electronics,1024,768,Validation,Max Headphones (Blue)
IMG03651,P00362,images/P00362/img49.jpg,Home,640,640,Train,Plus Wall Clock (Red)
IMG03652,P00364,images/P00364/img47.jpg,Stationery,480,640,Train,Max Calculator (Green)
IMG03653,P00701,images/P00701/img92.jpg,Footwear,640,480,Train,Premium Flip Flops (Green)
IMG03654,P00006,images/P00006/img44.jpg,Footwear,1024,360,Train,Deluxe Slippers (Grey)
IMG03655,P00207,images/P00207/img67.jpg,Stationery,1024,360,Train,Lite Highlighter Set (Black)
IMG03656,P00111,images/P00111/img54.jpg,Electronics,1024,240,Train,Standard Charger (Black)
IMG03657,P00721,images/P00721/img81.jpg,Stationery,320,640,Validation,Deluxe Sticky Notes (Beige)
IMG03658,P00232,images/P00232/img14.jpg,Home,480,768,Train,Classic Table Lamp (Red)
IMG03659,P00538,images/P00538/img44.jpg,Accessories,320,360,Train,Max Umbrella (Red)
IMG03660,P00088,images/P00088/img25.jpg,Accessories,640,768,Train,Pro Backpack (Beige)
IMG03661,P00512,images/P00512/img96.jpg,Home,320,640,Validation,Premium Bed Sheet Set (Blue)
IMG03662,P00089,images/P00089/img46.jpg,Accessories,320,480,Train,Classic Backpack (Green)
IMG03663,P00374,images/P00374/img91.jpg,Accessories,1024,640,Train,Pro Cap (White)
IMG03664,P00116,images/P00116/img63.jpg,Stationery,320,240,Validation,Max Sticky Notes (Beige)
IMG03665,P00481,images/P00481/img99.jpg,Stationery,1024,240,Train,Classic Notebook (White)
IMG03666,P00756,images/P00756/img23.jpg,Home,1024,768,Train,Pro Water Bottle (Blue)
IMG03667,P00097,images/P00097/img15.jpg,Stationery,320,768,Train,Max Sticky Notes (Blue)
IMG03668,P00658,images/P00658/img59.jpg,Electronics,1024,768,Train,Deluxe Earbuds (Grey)
IMG03669,P00063,images/P00063/img48.jpg,Home,1024,360,Validation,Premium Door Mat (Red)
IMG03670,P00240,images/P00240/img36.jpg,Electronics,640,768,Test,Standard Power Bank (Green)
IMG03671,P00536,images/P00536/img50.jpg,Accessories,640,768,Validation,Lite Sunglasses (Black)
IMG03672,P00598,images/P00598/img69.jpg,Footwear,1024,360,Train,Mini Boots (Red)
IMG03673,P00561,images/P00561/img46.jpg,Accessories,1024,360,Train,Deluxe Cap (Black)
IMG03674,P00780,images/P00780/img41.jpg,Home,640,240,Train,Pro Candle Holder (Red)
IMG03675,P00642,images/P00642/img13.jpg,Stationery,720,360,Train,Classic Highlighter Set (Black)
IMG03676,P00496,images/P00496/img93.jpg,Footwear,480,360,Train,Compact Slippers (Silver)
IMG03677,P00609,images/P00609/img96.jpg,Electronics,1024,768,Train,Premium HDMI Cable (Green)
IMG03678,P00466,images/P00466/img81.jpg,Accessories,640,240,Train,Deluxe Travel Pouch (Green)
IMG03679,P00736,images/P00736/img95.jpg,Electronics,480,480,Train,Lite Laptop Stand (Green)
IMG03680,P00507,images/P00507/img54.jpg,Stationery,1024,768,Train,Pro Desk Organizer (Blue)
IMG03681,P00535,images/P00535/img19.jpg,Stationery,1024,360,Train,Standard Calculator (Beige)
IMG03682,P00093,images/P00093/img08.jpg,Accessories,640,360,Train,Compact Keychain (Blue)
IMG03683,P00676,images/P00676/img58.jpg,Electronics,320,240,Train,Plus Keyboard (Beige)
IMG03684,P00766,images/P00766/img81.jpg,Home,640,640,Train,Premium Storage Box (White)
IMG03685,P00228,images/P00228/img75.jpg,Stationery,320,768,Train,Standard Highlighter Set (Black)
IMG03686,P00647,images/P00647/img61.jpg,Stationery,640,640,Train,Classic Desk Organizer (Blue)
IMG03687,P00660,images/P00660/img36.jpg,Footwear,640,768,Train,Mini Sports Shoes (Beige)
IMG03688,P00679,images/P00679/img23.jpg,Stationery,480,768,Train,Premium Marker Pack (Green)
IMG03689,P00193,images/P00193/img05.jpg,Footwear,720,480,Train,Pro Slippers (Black)
IMG03690,P00196,images/P00196/img20.jpg,Accessories,1024,768,Train,Pro Umbrella (White)
IMG03691,P00092,images/P00092/img99.jpg,Electronics,320,480,Test,Mini Headphones (Black)
IMG03692,P00782,images/P00782/img72.jpg,Accessories,1024,240,Train,Mini Handbag (Beige)
IMG03693,P00579,images/P00579/img39.jpg,Electronics,640,240,Train,Max Charger (White)
IMG03694,P00207,images/P00207/img60.jpg,Stationery,480,240,Train,Lite Highlighter Set (Black)
IMG03695,P00443,images/P00443/img56.jpg,Stationery,320,480,Test,Plus Stapler (White)
IMG03696,P00178,images/P00178/img95.jpg,Electronics,1024,360,Train,Standard USB-C Cable (Silver)
IMG03697,P00278,images/P00278/img76.jpg,Footwear,720,360,Validation,Lite Formal Shoes (Green)
IMG03698,P00166,images/P00166/img47.jpg,Accessories,720,768,Validation,Compact Wallet (Green)
IMG03699,P00098,images/P00098/img54.jpg,Footwear,1024,768,Train,Classic Sports Shoes (Blue)
IMG03700,P00465,images/P00465/img41.jpg,Footwear,640,480,Train,Premium Sneakers (Black)
IMG03701,P00249,images/P00249/img28.jpg,Footwear,320,768,Train,Deluxe Flip Flops (Green)
IMG03702,P00378,images/P00378/img87.jpg,Stationery,320,240,Train,Compact Highlighter Set (Blue)
IMG03703,P00032,images/P00032/img05.jpg,Electronics,320,240,Train,Compact Monitor (Grey)
IMG03704,P00566,images/P00566/img81.jpg,Footwear,1024,768,Train,Premium Sandals (Blue)
IMG03705,P00111,images/P00111/img33.jpg,Electronics,640,360,Train,Standard Charger (Black)
IMG03706,P00775,images/P00775/img82.jpg,Home,480,480,Test,Mini Photo Frame (Red)
IMG03707,P00679,images/P00679/img35.jpg,Stationery,320,480,Train,Premium Marker Pack (Green)
IMG03708,P00127,images/P00127/img25.jpg,Home,640,480,Train,Standard Door Mat (Red)
IMG03709,P00386,images/P00386/img26.jpg,Stationery,1024,240,Validation,Plus Sticky Notes (White)
IMG03710,P00200,images/P00200/img66.jpg,Stationery,720,480,Train,Deluxe Desk Organizer (Red)
IMG03711,P00322,images/P00322/img87.jpg,Home,720,240,Test,Max Door Mat (Beige)
IMG03712,P00075,images/P00075/img12.jpg,Home,480,768,Train,Deluxe Curtain (Green)
IMG03713,P00664,images/P00664/img81.jpg,Footwear,1024,240,Train,Premium Sports Shoes (Beige)
IMG03714,P00767,images/P00767/img06.jpg,Footwear,320,360,Validation,Pro Sports Shoes (White)
IMG03715,P00141,images/P00141/img40.jpg,Home,320,768,Validation,Max Water Bottle (Beige)
IMG03716,P00362,images/P00362/img04.jpg,Home,480,768,Validation,Plus Wall Clock (Red)
IMG03717,P00690,images/P00690/img59.jpg,Stationery,480,360,Validation,Standard Calculator (Black)
IMG03718,P00068,images/P00068/img57.jpg,Electronics,640,480,Train,Compact Router (Black)
IMG03719,P00632,images/P00632/img69.jpg,Accessories,640,640,Train,Deluxe Backpack (Silver)
IMG03720,P00480,images/P00480/img46.jpg,Footwear,720,640,Validation,Deluxe Hiking Boots (Green)
IMG03721,P00683,images/P00683/img60.jpg,Electronics,1024,360,Train,Deluxe HDMI Cable (Red)
IMG03722,P00074,images/P00074/img82.jpg,Stationery,1024,640,Validation,Classic Desk Organizer (White)
IMG03723,P00209,images/P00209/img27.jpg,Electronics,720,360,Train,Max Monitor (Grey)
IMG03724,P00324,images/P00324/img56.jpg,Electronics,1024,360,Validation,Standard Webcam (Green)
IMG03725,P00174,images/P00174/img07.jpg,Accessories,320,480,Train,Premium Backpack (Green)
IMG03726,P00067,images/P00067/img51.jpg,Footwear,640,480,Test,Lite Sneakers (Red)
IMG03727,P00066,images/P00066/img42.jpg,Accessories,320,640,Validation,Compact Watch Strap (Silver)
IMG03728,P00783,images/P00783/img93.jpg,Stationery,480,640,Train,Plus File Folder (Blue)
IMG03729,P00225,images/P00225/img89.jpg,Home,640,240,Train,Classic Bed Sheet Set (Silver)
IMG03730,P00117,images/P00117/img40.jpg,Home,480,240,Validation,Deluxe Storage Box (Grey)
IMG03731,P00138,images/P00138/img12.jpg,Footwear,1024,768,Validation,Max Sandals (Beige)
IMG03732,P00613,images/P00613/img67.jpg,Home,480,360,Validation,Plus Cushion (Grey)
IMG03733,P00141,images/P00141/img20.jpg,Home,640,360,Validation,Max Water Bottle (Beige)
IMG03734,P00146,images/P00146/img26.jpg,Home,640,480,Train,Standard Water Bottle (Green)
IMG03735,P00637,images/P00637/img88.jpg,Footwear,320,640,Train,Deluxe Sneakers (Grey)
IMG03736,P00179,images/P00179/img19.jpg,Stationery,480,240,Train,Premium Marker Pack (Silver)
IMG03737,P00800,images/P00800/img44.jpg,Home,480,240,Train,Compact Wall Clock (White)
IMG03738,P00481,images/P00481/img20.jpg,Stationery,480,360,Train,Classic Notebook (White)
IMG03739,P00560,images/P00560/img82.jpg,Home,640,480,Train,Premium Cushion (Grey)
IMG03740,P00285,images/P00285/img08.jpg,Accessories,640,240,Train,Pro Travel Pouch (Silver)
IMG03741,P00679,images/P00679/img58.jpg,Stationery,640,768,Validation,Premium Marker Pack (Green)
IMG03742,P00459,images/P00459/img08.jpg,Stationery,640,480,Train,Premium Stapler (Red)
IMG03743,P00542,images/P00542/img02.jpg,Footwear,320,480,Validation,Pro Running Shoes (Beige)
IMG03744,P00760,images/P00760/img24.jpg,Electronics,640,360,Test,Mini Webcam (Black)
IMG03745,P00665,images/P00665/img33.jpg,Electronics,640,768,Train,Pro Wireless Mouse (Green)
IMG03746,P00054,images/P00054/img74.jpg,Electronics,1024,768,Train,Standard Monitor (Green)
IMG03747,P00204,images/P00204/img26.jpg,Footwear,480,240,Train,Lite Sneakers (White)
IMG03748,P00212,images/P00212/img86.jpg,Footwear,480,768,Train,Classic Formal Shoes (Blue)
IMG03749,P00795,images/P00795/img28.jpg,Accessories,480,360,Train,Pro Sunglasses (Black)
IMG03750,P00087,images/P00087/img65.jpg,Accessories,720,240,Train,Lite Belt (Silver)
IMG03751,P00176,images/P00176/img51.jpg,Accessories,640,480,Train,Lite Handbag (Grey)
IMG03752,P00056,images/P00056/img76.jpg,Electronics,1024,240,Validation,Standard Wireless Mouse (Green)
IMG03753,P00534,images/P00534/img57.jpg,Stationery,480,240,Train,Lite Stapler (White)
IMG03754,P00229,images/P00229/img84.jpg,Footwear,1024,480,Validation,Plus Flip Flops (Silver)
IMG03755,P00650,images/P00650/img08.jpg,Stationery,640,240,Train,Deluxe Marker Pack (Beige)
IMG03756,P00172,images/P00172/img63.jpg,Footwear,640,768,Train,Lite Formal Shoes (Silver)
IMG03757,P00010,images/P00010/img88.jpg,Electronics,320,360,Validation,Plus Webcam (Grey)
IMG03758,P00681,images/P00681/img21.jpg,Home,1024,480,Train,Max Curtain (Green)
IMG03759,P00232,images/P00232/img49.jpg,Home,480,240,Train,Classic Table Lamp (Red)
IMG03760,P00742,images/P00742/img60.jpg,Accessories,480,640,Train,Lite Cap (Grey)
IMG03761,P00228,images/P00228/img72.jpg,Stationery,1024,480,Validation,Standard Highlighter Set (Black)
IMG03762,P00453,images/P00453/img17.jpg,Home,720,240,Train,Plus Photo Frame (Silver)
IMG03763,P00220,images/P00220/img25.jpg,Home,720,240,Train,Premium Bed Sheet Set (Grey)
IMG03764,P00199,images/P00199/img45.jpg,Electronics,1024,768,Test,Pro USB-C Cable (Beige)
IMG03765,P00620,images/P00620/img04.jpg,Footwear,720,640,Train,Plus Loafers (Beige)
IMG03766,P00140,images/P00140/img29.jpg,Home,320,640,Train,Compact Photo Frame (Silver)
IMG03767,P00047,images/P00047/img68.jpg,Accessories,320,240,Train,Deluxe Backpack (Red)
IMG03768,P00251,images/P00251/img43.jpg,Stationery,480,240,Train,Classic Highlighter Set (Blue)
IMG03769,P00182,images/P00182/img17.jpg,Stationery,1024,640,Train,Premium Scissors (Green)
IMG03770,P00136,images/P00136/img21.jpg,Home,320,240,Test,Lite Table Lamp (Red)
IMG03771,P00541,images/P00541/img93.jpg,Footwear,720,480,Train,Compact Running Shoes (Red)
IMG03772,P00487,images/P00487/img11.jpg,Home,480,360,Train,Premium Candle Holder (Silver)
IMG03773,P00087,images/P00087/img67.jpg,Accessories,320,360,Test,Lite Belt (Silver)
IMG03774,P00102,images/P00102/img90.jpg,Accessories,720,768,Train,Max Cap (Red)
IMG03775,P00053,images/P00053/img49.jpg,Home,480,480,Train,Max Candle Holder (White)
IMG03776,P00428,images/P00428/img94.jpg,Accessories,320,360,Validation,Classic Cap (Green)
IMG03777,P00099,images/P00099/img67.jpg,Accessories,640,768,Validation,Max Watch Strap (Grey)
IMG03778,P00539,images/P00539/img49.jpg,Stationery,720,640,Validation,Compact Stapler (Grey)
IMG03779,P00076,images/P00076/img10.jpg,Accessories,320,768,Train,Plus Belt (Red)
IMG03780,P00697,images/P00697/img75.jpg,Stationery,480,360,Train,Mini Calculator (Green)
IMG03781,P00011,images/P00011/img58.jpg,Electronics,720,360,Train,Premium Charger (White)
IMG03782,P00494,images/P00494/img28.jpg,Stationery,320,640,Test,Max File Folder (Blue)
IMG03783,P00380,images/P00380/img56.jpg,Electronics,480,768,Train,Mini Smart Watch (Black)
IMG03784,P00577,images/P00577/img85.jpg,Stationery,320,640,Test,Compact Notebook (Silver)
IMG03785,P00071,images/P00071/img46.jpg,Stationery,1024,360,Train,Mini Pen Set (White)
IMG03786,P00636,images/P00636/img12.jpg,Footwear,320,240,Train,Pro Formal Shoes (Blue)
IMG03787,P00439,images/P00439/img56.jpg,Home,720,480,Validation,Premium Candle Holder (Beige)
IMG03788,P00042,images/P00042/img82.jpg,Stationery,1024,360,Validation,Mini Sticky Notes (Silver)
IMG03789,P00236,images/P00236/img29.jpg,Home,720,640,Test,Compact Wall Clock (Grey)
IMG03790,P00626,images/P00626/img58.jpg,Home,1024,360,Train,Premium Door Mat (Blue)
IMG03791,P00721,images/P00721/img45.jpg,Stationery,1024,768,Train,Deluxe Sticky Notes (Beige)
IMG03792,P00416,images/P00416/img42.jpg,Stationery,720,480,Validation,Pro Notebook (Black)
IMG03793,P00345,images/P00345/img66.jpg,Home,720,768,Train,Premium Curtain (Beige)
IMG03794,P00554,images/P00554/img61.jpg,Home,480,360,Train,Mini Wall Clock (Black)
IMG03795,P00488,images/P00488/img38.jpg,Footwear,640,360,Train,Deluxe Loafers (Blue)
IMG03796,P00551,images/P00551/img60.jpg,Accessories,480,360,Train,Premium Cap (Silver)
IMG03797,P00773,images/P00773/img14.jpg,Footwear,640,360,Test,Pro Formal Shoes (Blue)
IMG03798,P00221,images/P00221/img74.jpg,Footwear,1024,240,Train,Standard Hiking Boots (Silver)
IMG03799,P00587,images/P00587/img92.jpg,Footwear,720,768,Train,Classic Running Shoes (Grey)
IMG03800,P00191,images/P00191/img15.jpg,Electronics,320,360,Validation,Compact Charger (Blue)
IMG03801,P00373,images/P00373/img78.jpg,Home,720,480,Validation,Classic Door Mat (Black)
IMG03802,P00553,images/P00553/img58.jpg,Footwear,480,240,Train,Plus Formal Shoes (Blue)
IMG03803,P00509,images/P00509/img78.jpg,Stationery,720,360,Train,Mini Scissors (Red)
IMG03804,P00576,images/P00576/img37.jpg,Footwear,480,768,Train,Standard Flip Flops (Silver)
IMG03805,P00526,images/P00526/img23.jpg,Home,720,768,Train,Deluxe Bed Sheet Set (Silver)
IMG03806,P00689,images/P00689/img37.jpg,Home,1024,240,Train,Premium Curtain (Beige)
IMG03807,P00077,images/P00077/img95.jpg,Accessories,320,360,Validation,Mini Watch Strap (Grey)
IMG03808,P00015,images/P00015/img13.jpg,Electronics,480,240,Test,Max Tablet Stand (White)
IMG03809,P00139,images/P00139/img33.jpg,Footwear,640,640,Train,Pro Sneakers (Beige)
IMG03810,P00205,images/P00205/img08.jpg,Footwear,480,768,Validation,Mini Sneakers (White)
IMG03811,P00234,images/P00234/img74.jpg,Stationery,1024,480,Test,Pro File Folder (Red)
IMG03812,P00590,images/P00590/img81.jpg,Footwear,480,640,Train,Max Boots (White)
IMG03813,P00048,images/P00048/img26.jpg,Stationery,480,768,Train,Classic Marker Pack (White)
IMG03814,P00796,images/P00796/img10.jpg,Footwear,480,360,Validation,Mini Running Shoes (Silver)
IMG03815,P00214,images/P00214/img78.jpg,Home,320,640,Validation,Premium Table Lamp (Grey)
IMG03816,P00268,images/P00268/img06.jpg,Accessories,320,480,Train,Lite Keychain (Beige)
IMG03817,P00335,images/P00335/img50.jpg,Stationery,480,768,Train,Deluxe Desk Organizer (Black)
IMG03818,P00375,images/P00375/img16.jpg,Stationery,480,240,Train,Compact Desk Organizer (Beige)
IMG03819,P00623,images/P00623/img78.jpg,Accessories,640,768,Train,Max Sunglasses (Green)
IMG03820,P00752,images/P00752/img06.jpg,Footwear,320,360,Train,Max Sports Shoes (Silver)
IMG03821,P00670,images/P00670/img07.jpg,Footwear,480,480,Train,Lite Sandals (Grey)
IMG03822,P00174,images/P00174/img70.jpg,Accessories,1024,768,Train,Premium Backpack (Green)
IMG03823,P00719,images/P00719/img13.jpg,Accessories,1024,360,Train,Mini Wallet (Green)
IMG03824,P00230,images/P00230/img17.jpg,Home,640,640,Train,Max Water Bottle (Grey)
IMG03825,P00016,images/P00016/img91.jpg,Home,1024,480,Validation,Premium Wall Clock (Green)
IMG03826,P00302,images/P00302/img53.jpg,Accessories,640,480,Train,Mini Belt (Red)
IMG03827,P00432,images/P00432/img76.jpg,Home,1024,240,Train,Mini Door Mat (Blue)
IMG03828,P00200,images/P00200/img52.jpg,Stationery,640,480,Train,Deluxe Desk Organizer (Red)
IMG03829,P00252,images/P00252/img16.jpg,Home,640,640,Train,Pro Storage Box (Silver)
IMG03830,P00252,images/P00252/img39.jpg,Home,720,768,Validation,Pro Storage Box (Silver)
IMG03831,P00380,images/P00380/img54.jpg,Electronics,640,360,Train,Mini Smart Watch (Black)
IMG03832,P00487,images/P00487/img27.jpg,Home,480,360,Test,Premium Candle Holder (Silver)
IMG03833,P00632,images/P00632/img77.jpg,Accessories,720,240,Train,Deluxe Backpack (Silver)
IMG03834,P00247,images/P00247/img23.jpg,Electronics,320,640,Train,Premium Webcam (Beige)
IMG03835,P00093,images/P00093/img20.jpg,Accessories,320,640,Train,Compact Keychain (Blue)
IMG03836,P00278,images/P00278/img98.jpg,Footwear,480,640,Test,Lite Formal Shoes (Green)
IMG03837,P00432,images/P00432/img98.jpg,Home,640,240,Validation,Mini Door Mat (Blue)
IMG03838,P00289,images/P00289/img26.jpg,Stationery,480,640,Train,Pro Marker Pack (Silver)
IMG03839,P00257,images/P00257/img14.jpg,Footwear,720,480,Test,Standard Formal Shoes (White)
IMG03840,P00045,images/P00045/img79.jpg,Home,720,768,Train,Premium Photo Frame (Silver)
IMG03841,P00496,images/P00496/img53.jpg,Footwear,1024,768,Train,Compact Slippers (Silver)
IMG03842,P00493,images/P00493/img88.jpg,Electronics,320,640,Train,Lite Wireless Mouse (Beige)
IMG03843,P00149,images/P00149/img07.jpg,Stationery,720,480,Train,Classic Desk Organizer (White)
IMG03844,P00480,images/P00480/img41.jpg,Footwear,320,640,Validation,Deluxe Hiking Boots (Green)
IMG03845,P00503,images/P00503/img66.jpg,Accessories,640,360,Train,Plus Watch Strap (Black)
IMG03846,P00121,images/P00121/img06.jpg,Stationery,1024,240,Train,Mini Highlighter Set (White)
IMG03847,P00348,images/P00348/img84.jpg,Stationery,1024,768,Validation,Compact Highlighter Set (Grey)
IMG03848,P00573,images/P00573/img57.jpg,Accessories,320,240,Test,Premium Travel Pouch (White)
IMG03849,P00404,images/P00404/img62.jpg,Footwear,640,640,Validation,Deluxe Sneakers (Blue)
IMG03850,P00350,images/P00350/img28.jpg,Electronics,320,640,Train,Lite USB-C Cable (Red)
IMG03851,P00680,images/P00680/img60.jpg,Footwear,1024,640,Train,Plus Sports Shoes (Grey)
IMG03852,P00442,images/P00442/img96.jpg,Home,720,768,Test,Standard Table Lamp (Blue)
IMG03853,P00611,images/P00611/img93.jpg,Accessories,640,480,Train,Deluxe Watch Strap (Black)
IMG03854,P00346,images/P00346/img37.jpg,Accessories,320,360,Train,Compact Belt (White)
IMG03855,P00565,images/P00565/img80.jpg,Accessories,480,640,Train,Deluxe Handbag (Red)
IMG03856,P00299,images/P00299/img59.jpg,Electronics,640,360,Train,Lite Keyboard (Red)
IMG03857,P00421,images/P00421/img52.jpg,Electronics,1024,240,Train,Premium Tablet Stand (Black)
IMG03858,P00571,images/P00571/img80.jpg,Electronics,640,640,Train,Compact Tablet Stand (Red)
IMG03859,P00710,images/P00710/img37.jpg,Home,640,480,Train,Max Water Bottle (Red)
IMG03860,P00381,images/P00381/img10.jpg,Footwear,320,640,Train,Premium Slippers (Blue)
IMG03861,P00326,images/P00326/img75.jpg,Electronics,640,768,Train,Pro Headphones (White)
IMG03862,P00587,images/P00587/img86.jpg,Footwear,1024,360,Train,Classic Running Shoes (Grey)
IMG03863,P00358,images/P00358/img57.jpg,Electronics,320,768,Train,Classic Keyboard (Green)
IMG03864,P00654,images/P00654/img54.jpg,Accessories,640,640,Train,Deluxe Keychain (Beige)
IMG03865,P00723,images/P00723/img78.jpg,Stationery,640,640,Validation,Premium Sticky Notes (Grey)
IMG03866,P00189,images/P00189/img28.jpg,Electronics,320,768,Train,Max Tablet Stand (Grey)
IMG03867,P00330,images/P00330/img36.jpg,Electronics,640,360,Train,Deluxe Power Bank (Grey)
IMG03868,P00793,images/P00793/img97.jpg,Electronics,640,480,Test,Standard HDMI Cable (White)
IMG03869,P00232,images/P00232/img62.jpg,Home,640,640,Test,Classic Table Lamp (Red)
IMG03870,P00013,images/P00013/img89.jpg,Stationery,1024,768,Validation,Deluxe Scissors (Red)
IMG03871,P00762,images/P00762/img92.jpg,Electronics,720,768,Validation,Pro Charger (Black)
IMG03872,P00800,images/P00800/img27.jpg,Home,1024,480,Test,Compact Wall Clock (White)
IMG03873,P00101,images/P00101/img55.jpg,Home,1024,640,Train,Max Cushion (Silver)
IMG03874,P00761,images/P00761/img47.jpg,Home,720,640,Train,Max Wall Clock (Beige)
IMG03875,P00575,images/P00575/img76.jpg,Stationery,640,768,Train,Classic Highlighter Set (Silver)
IMG03876,P00408,images/P00408/img97.jpg,Home,480,360,Train,Mini Bed Sheet Set (Beige)
IMG03877,P00745,images/P00745/img88.jpg,Footwear,320,768,Train,Plus Sandals (Red)
IMG03878,P00145,images/P00145/img92.jpg,Home,720,480,Validation,Lite Cushion (Beige)
IMG03879,P00502,images/P00502/img72.jpg,Electronics,1024,240,Test,Mini Keyboard (Grey)
IMG03880,P00211,images/P00211/img91.jpg,Stationery,720,640,Train,Mini Marker Pack (Grey)
IMG03881,P00428,images/P00428/img14.jpg,Accessories,720,640,Train,Classic Cap (Green)
IMG03882,P00063,images/P00063/img81.jpg,Home,320,360,Train,Premium Door Mat (Red)
IMG03883,P00708,images/P00708/img15.jpg,Footwear,1024,360,Test,Standard Sports Shoes (Black)
IMG03884,P00047,images/P00047/img21.jpg,Accessories,320,240,Train,Deluxe Backpack (Red)
IMG03885,P00787,images/P00787/img36.jpg,Stationery,640,240,Train,Standard File Folder (Beige)
IMG03886,P00779,images/P00779/img56.jpg,Home,480,480,Train,Classic Wall Clock (Red)
IMG03887,P00316,images/P00316/img01.jpg,Electronics,320,768,Train,Premium Laptop Stand (White)
IMG03888,P00234,images/P00234/img60.jpg,Stationery,480,360,Train,Pro File Folder (Red)
IMG03889,P00470,images/P00470/img21.jpg,Footwear,640,360,Train,Pro Loafers (Silver)
IMG03890,P00230,images/P00230/img07.jpg,Home,640,640,Test,Max Water Bottle (Grey)
IMG03891,P00428,images/P00428/img88.jpg,Accessories,320,480,Validation,Classic Cap (Green)
IMG03892,P00064,images/P00064/img72.jpg,Home,480,360,Train,Mini Water Bottle (Beige)
IMG03893,P00030,images/P00030/img52.jpg,Home,720,768,Test,Deluxe Candle Holder (Silver)
IMG03894,P00177,images/P00177/img88.jpg,Stationery,1024,480,Train,Compact Notebook (Red)
IMG03895,P00206,images/P00206/img75.jpg,Footwear,640,480,Train,Standard Running Shoes (Silver)
IMG03896,P00392,images/P00392/img33.jpg,Accessories,480,360,Train,Max Sunglasses (Green)
IMG03897,P00002,images/P00002/img86.jpg,Footwear,1024,240,Validation,Pro Sandals (White)
IMG03898,P00380,images/P00380/img77.jpg,Electronics,720,240,Train,Mini Smart Watch (Black)
IMG03899,P00673,images/P00673/img12.jpg,Accessories,1024,240,Validation,Pro Umbrella (Green)
IMG03900,P00044,images/P00044/img36.jpg,Footwear,720,768,Train,Max Flip Flops (Grey)
IMG03901,P00595,images/P00595/img99.jpg,Footwear,320,480,Train,Max Flip Flops (Black)
IMG03902,P00382,images/P00382/img67.jpg,Accessories,640,768,Validation,Lite Handbag (Beige)
IMG03903,P00520,images/P00520/img17.jpg,Accessories,640,768,Train,Deluxe Keychain (Red)
IMG03904,P00190,images/P00190/img99.jpg,Footwear,320,360,Validation,Mini Loafers (Grey)
IMG03905,P00168,images/P00168/img42.jpg,Electronics,1024,240,Train,Plus Keyboard (Silver)
IMG03906,P00284,images/P00284/img14.jpg,Electronics,720,768,Test,Standard Earbuds (Black)
IMG03907,P00349,images/P00349/img05.jpg,Electronics,720,480,Validation,Standard USB-C Cable (Black)
IMG03908,P00195,images/P00195/img14.jpg,Home,480,360,Validation,Mini Photo Frame (Black)
IMG03909,P00348,images/P00348/img12.jpg,Stationery,640,480,Train,Compact Highlighter Set (Grey)
IMG03910,P00578,images/P00578/img60.jpg,Accessories,640,360,Validation,Standard Backpack (Grey)
IMG03911,P00401,images/P00401/img53.jpg,Accessories,720,640,Train,Max Umbrella (Green)
IMG03912,P00660,images/P00660/img78.jpg,Footwear,320,360,Train,Mini Sports Shoes (Beige)
IMG03913,P00193,images/P00193/img91.jpg,Footwear,720,768,Train,Pro Slippers (Black)
IMG03914,P00566,images/P00566/img90.jpg,Footwear,720,768,Train,Premium Sandals (Blue)
IMG03915,P00561,images/P00561/img91.jpg,Accessories,1024,640,Train,Deluxe Cap (Black)
IMG03916,P00510,images/P00510/img82.jpg,Stationery,1024,480,Validation,Standard Calculator (Black)
IMG03917,P00162,images/P00162/img07.jpg,Accessories,640,360,Test,Standard Keychain (Beige)
IMG03918,P00092,images/P00092/img94.jpg,Electronics,720,640,Train,Mini Headphones (Black)
IMG03919,P00657,images/P00657/img05.jpg,Home,1024,640,Train,Deluxe Storage Box (Beige)
IMG03920,P00635,images/P00635/img19.jpg,Stationery,720,640,Train,Classic Stapler (Beige)
IMG03921,P00605,images/P00605/img82.jpg,Footwear,1024,480,Train,Mini Boots (Silver)
IMG03922,P00128,images/P00128/img14.jpg,Footwear,480,480,Train,Pro Running Shoes (Beige)
IMG03923,P00627,images/P00627/img85.jpg,Accessories,1024,640,Train,Mini Sunglasses (Silver)
IMG03924,P00669,images/P00669/img33.jpg,Stationery,480,640,Train,Mini Calculator (Beige)
IMG03925,P00543,images/P00543/img77.jpg,Accessories,1024,480,Validation,Pro Umbrella (Blue)
IMG03926,P00020,images/P00020/img37.jpg,Home,320,240,Validation,Compact Wall Clock (Red)
IMG03927,P00377,images/P00377/img30.jpg,Home,640,640,Train,Max Curtain (Green)
IMG03928,P00129,images/P00129/img30.jpg,Footwear,320,640,Train,Compact Sandals (Silver)
IMG03929,P00182,images/P00182/img89.jpg,Stationery,320,768,Train,Premium Scissors (Green)
IMG03930,P00249,images/P00249/img99.jpg,Footwear,640,640,Train,Deluxe Flip Flops (Green)
IMG03931,P00775,images/P00775/img02.jpg,Home,1024,640,Train,Mini Photo Frame (Red)
IMG03932,P00703,images/P00703/img73.jpg,Accessories,1024,640,Train,Lite Wallet (Black)
IMG03933,P00457,images/P00457/img69.jpg,Stationery,720,360,Validation,Compact File Folder (White)
IMG03934,P00088,images/P00088/img22.jpg,Accessories,640,240,Train,Pro Backpack (Beige)
IMG03935,P00492,images/P00492/img92.jpg,Accessories,1024,360,Train,Max Umbrella (Blue)
IMG03936,P00565,images/P00565/img18.jpg,Accessories,640,768,Train,Deluxe Handbag (Red)
IMG03937,P00484,images/P00484/img43.jpg,Home,320,640,Train,Lite Bed Sheet Set (Grey)
IMG03938,P00404,images/P00404/img91.jpg,Footwear,320,480,Train,Deluxe Sneakers (Blue)
IMG03939,P00674,images/P00674/img28.jpg,Accessories,640,240,Test,Premium Belt (Red)
IMG03940,P00700,images/P00700/img45.jpg,Accessories,720,360,Train,Plus Cap (Silver)
IMG03941,P00001,images/P00001/img80.jpg,Electronics,720,480,Train,Lite Wireless Mouse (Red)
IMG03942,P00373,images/P00373/img17.jpg,Home,640,768,Train,Classic Door Mat (Black)
IMG03943,P00307,images/P00307/img70.jpg,Footwear,480,240,Train,Classic Formal Shoes (Blue)
IMG03944,P00317,images/P00317/img48.jpg,Electronics,320,640,Train,Deluxe Webcam (Blue)
IMG03945,P00323,images/P00323/img30.jpg,Accessories,480,480,Test,Standard Umbrella (Beige)
IMG03946,P00737,images/P00737/img42.jpg,Electronics,720,768,Train,Pro Laptop Stand (Red)
IMG03947,P00283,images/P00283/img02.jpg,Footwear,320,360,Validation,Standard Sneakers (Green)
IMG03948,P00708,images/P00708/img44.jpg,Footwear,1024,768,Train,Standard Sports Shoes (Black)
IMG03949,P00270,images/P00270/img54.jpg,Home,1024,480,Validation,Pro Door Mat (Red)
IMG03950,P00014,images/P00014/img90.jpg,Electronics,1024,480,Train,Max Wireless Mouse (Grey)
IMG03951,P00158,images/P00158/img70.jpg,Home,480,480,Validation,Deluxe Table Lamp (Red)
IMG03952,P00493,images/P00493/img38.jpg,Electronics,480,360,Train,Lite Wireless Mouse (Beige)
IMG03953,P00423,images/P00423/img22.jpg,Accessories,1024,768,Train,Classic Watch Strap (Green)
IMG03954,P00321,images/P00321/img77.jpg,Electronics,1024,480,Train,Pro Earbuds (Red)
IMG03955,P00087,images/P00087/img13.jpg,Accessories,640,240,Train,Lite Belt (Silver)
IMG03956,P00535,images/P00535/img93.jpg,Stationery,640,240,Train,Standard Calculator (Beige)
IMG03957,P00779,images/P00779/img87.jpg,Home,320,640,Validation,Classic Wall Clock (Red)
IMG03958,P00612,images/P00612/img37.jpg,Electronics,720,240,Test,Deluxe USB-C Cable (Red)
IMG03959,P00625,images/P00625/img10.jpg,Home,480,240,Train,Plus Bed Sheet Set (Grey)
IMG03960,P00069,images/P00069/img97.jpg,Accessories,320,640,Train,Classic Backpack (Silver)
IMG03961,P00535,images/P00535/img24.jpg,Stationery,320,480,Train,Standard Calculator (Beige)
IMG03962,P00757,images/P00757/img51.jpg,Home,640,240,Test,Classic Door Mat (Beige)
IMG03963,P00725,images/P00725/img75.jpg,Stationery,320,360,Test,Plus Notebook (Black)
IMG03964,P00672,images/P00672/img87.jpg,Footwear,720,240,Test,Lite Sports Shoes (Beige)
IMG03965,P00491,images/P00491/img96.jpg,Accessories,320,480,Test,Premium Belt (White)
IMG03966,P00145,images/P00145/img23.jpg,Home,320,240,Train,Lite Cushion (Beige)
IMG03967,P00423,images/P00423/img09.jpg,Accessories,480,240,Test,Classic Watch Strap (Green)
IMG03968,P00687,images/P00687/img82.jpg,Footwear,1024,768,Validation,Max Boots (Grey)
IMG03969,P00711,images/P00711/img45.jpg,Accessories,480,480,Train,Deluxe Wallet (White)
IMG03970,P00497,images/P00497/img86.jpg,Home,320,640,Validation,Premium Wall Clock (Black)
IMG03971,P00554,images/P00554/img27.jpg,Home,640,768,Test,Mini Wall Clock (Black)
IMG03972,P00297,images/P00297/img35.jpg,Home,720,360,Train,Max Door Mat (Green)
IMG03973,P00101,images/P00101/img17.jpg,Home,320,360,Train,Max Cushion (Silver)
IMG03974,P00564,images/P00564/img53.jpg,Home,640,480,Train,Lite Bed Sheet Set (White)
IMG03975,P00597,images/P00597/img73.jpg,Stationery,320,640,Train,Deluxe Scissors (Green)
IMG03976,P00107,images/P00107/img79.jpg,Stationery,640,360,Train,Classic Stapler (White)
IMG03977,P00377,images/P00377/img81.jpg,Home,1024,480,Validation,Max Curtain (Green)
IMG03978,P00087,images/P00087/img52.jpg,Accessories,480,480,Train,Lite Belt (Silver)
IMG03979,P00124,images/P00124/img41.jpg,Footwear,320,360,Train,Mini Sneakers (Black)
IMG03980,P00100,images/P00100/img89.jpg,Footwear,480,480,Train,Standard Formal Shoes (Black)
IMG03981,P00208,images/P00208/img55.jpg,Footwear,320,240,Train,Lite Boots (Silver)
IMG03982,P00482,images/P00482/img83.jpg,Electronics,1024,360,Validation,Deluxe Monitor (Grey)
IMG03983,P00006,images/P00006/img77.jpg,Footwear,320,640,Train,Deluxe Slippers (Grey)
IMG03984,P00047,images/P00047/img22.jpg,Accessories,640,240,Train,Deluxe Backpack (Red)
IMG03985,P00706,images/P00706/img52.jpg,Stationery,480,480,Train,Plus Sticky Notes (Beige)
IMG03986,P00563,images/P00563/img70.jpg,Electronics,720,768,Train,Lite Laptop Stand (Blue)
IMG03987,P00350,images/P00350/img21.jpg,Electronics,1024,768,Train,Lite USB-C Cable (Red)
IMG03988,P00034,images/P00034/img08.jpg,Footwear,720,360,Test,Classic Slippers (Grey)
IMG03989,P00069,images/P00069/img55.jpg,Accessories,1024,640,Validation,Classic Backpack (Silver)
IMG03990,P00043,images/P00043/img69.jpg,Stationery,480,360,Train,Lite Sticky Notes (Beige)
IMG03991,P00556,images/P00556/img59.jpg,Footwear,1024,360,Train,Standard Hiking Boots (Beige)
IMG03992,P00007,images/P00007/img71.jpg,Electronics,480,480,Train,Mini Earbuds (Beige)
IMG03993,P00793,images/P00793/img07.jpg,Electronics,320,640,Train,Standard HDMI Cable (White)
IMG03994,P00318,images/P00318/img58.jpg,Electronics,720,480,Train,Lite Bluetooth Speaker (Green)
IMG03995,P00013,images/P00013/img32.jpg,Stationery,1024,240,Train,Deluxe Scissors (Red)
IMG03996,P00050,images/P00050/img49.jpg,Accessories,320,360,Train,Compact Wallet (Red)
IMG03997,P00420,images/P00420/img12.jpg,Home,480,480,Train,Premium Curtain (White)
IMG03998,P00200,images/P00200/img29.jpg,Stationery,720,480,Test,Deluxe Desk Organizer (Red)
IMG03999,P00355,images/P00355/img54.jpg,Home,1024,768,Test,Standard Water Bottle (Black)
IMG04000,P00443,images/P00443/img65.jpg,Stationery,480,640,Train,Plus Stapler (White)
IMG04001,P00261,images/P00261/img62.jpg,Footwear,320,640,Train,Compact Sneakers (Beige)
IMG04002,P00289,images/P00289/img56.jpg,Stationery,480,480,Test,Pro Marker Pack (Silver)
IMG04003,P00617,images/P00617/img75.jpg,Accessories,720,768,Validation,Premium Watch Strap (Green)
IMG04004,P00579,images/P00579/img55.jpg,Electronics,1024,640,Train,Max Charger (White)
IMG04005,P00061,images/P00061/img44.jpg,Electronics,640,240,Train,Compact Monitor (Black)
IMG04006,P00496,images/P00496/img18.jpg,Footwear,1024,360,Train,Compact Slippers (Silver)
IMG04007,P00398,images/P00398/img02.jpg,Home,1024,360,Train,Standard Water Bottle (Green)
IMG04008,P00176,images/P00176/img25.jpg,Accessories,480,768,Train,Lite Handbag (Grey)
IMG04009,P00609,images/P00609/img78.jpg,Electronics,1024,640,Train,Premium HDMI Cable (Green)
IMG04010,P00668,images/P00668/img88.jpg,Home,720,640,Train,Compact Table Lamp (Red)
IMG04011,P00142,images/P00142/img72.jpg,Home,720,480,Validation,Classic Curtain (Beige)
IMG04012,P00787,images/P00787/img75.jpg,Stationery,480,768,Train,Standard File Folder (Beige)
IMG04013,P00249,images/P00249/img99.jpg,Footwear,320,360,Train,Deluxe Flip Flops (Green)
IMG04014,P00692,images/P00692/img75.jpg,Electronics,720,768,Test,Max Earbuds (Green)
IMG04015,P00714,images/P00714/img13.jpg,Home,480,360,Train,Plus Bed Sheet Set (Beige)
IMG04016,P00446,images/P00446/img81.jpg,Home,640,480,Train,Premium Photo Frame (Black)
IMG04017,P00203,images/P00203/img46.jpg,Stationery,320,640,Train,Classic Desk Organizer (White)
IMG04018,P00598,images/P00598/img49.jpg,Footwear,640,640,Validation,Mini Boots (Red)
IMG04019,P00317,images/P00317/img81.jpg,Electronics,720,640,Train,Deluxe Webcam (Blue)
IMG04020,P00760,images/P00760/img78.jpg,Electronics,640,640,Train,Mini Webcam (Black)
IMG04021,P00312,images/P00312/img30.jpg,Stationery,1024,480,Train,Pro Desk Organizer (Silver)
IMG04022,P00676,images/P00676/img54.jpg,Electronics,320,640,Train,Plus Keyboard (Beige)
IMG04023,P00273,images/P00273/img99.jpg,Electronics,320,480,Train,Classic Router (Silver)
IMG04024,P00591,images/P00591/img33.jpg,Electronics,720,640,Train,Standard Earbuds (Black)
IMG04025,P00653,images/P00653/img25.jpg,Electronics,320,360,Train,Max Keyboard (White)
IMG04026,P00733,images/P00733/img99.jpg,Stationery,480,640,Train,Lite Pen Set (Green)
IMG04027,P00291,images/P00291/img28.jpg,Electronics,640,480,Train,Lite Wireless Mouse (Silver)
IMG04028,P00309,images/P00309/img69.jpg,Electronics,720,640,Train,Lite Bluetooth Speaker (Black)
IMG04029,P00663,images/P00663/img12.jpg,Accessories,640,360,Test,Mini Wallet (White)
IMG04030,P00382,images/P00382/img92.jpg,Accessories,720,360,Train,Lite Handbag (Beige)
IMG04031,P00210,images/P00210/img27.jpg,Stationery,640,240,Train,Standard Marker Pack (White)
IMG04032,P00012,images/P00012/img39.jpg,Home,720,360,Test,Compact Table Lamp (Grey)
IMG04033,P00052,images/P00052/img81.jpg,Stationery,720,240,Test,Premium Desk Organizer (Red)
IMG04034,P00350,images/P00350/img05.jpg,Electronics,320,480,Train,Lite USB-C Cable (Red)
IMG04035,P00489,images/P00489/img41.jpg,Accessories,640,360,Train,Plus Handbag (Beige)
IMG04036,P00241,images/P00241/img47.jpg,Stationery,640,240,Train,Classic Stapler (Grey)
IMG04037,P00510,images/P00510/img04.jpg,Stationery,320,360,Train,Standard Calculator (Black)
IMG04038,P00255,images/P00255/img22.jpg,Accessories,640,768,Train,Compact Umbrella (Black)
IMG04039,P00553,images/P00553/img81.jpg,Footwear,640,480,Validation,Plus Formal Shoes (Blue)
IMG04040,P00089,images/P00089/img48.jpg,Accessories,1024,640,Train,Classic Backpack (Green)
IMG04041,P00707,images/P00707/img73.jpg,Home,1024,240,Train,Standard Cushion (Blue)
IMG04042,P00601,images/P00601/img71.jpg,Stationery,480,480,Train,Classic Highlighter Set (Green)
IMG04043,P00268,images/P00268/img53.jpg,Accessories,320,640,Train,Lite Keychain (Beige)
IMG04044,P00490,images/P00490/img10.jpg,Footwear,480,360,Validation,Compact Loafers (White)
IMG04045,P00116,images/P00116/img36.jpg,Stationery,720,240,Train,Max Sticky Notes (Beige)
IMG04046,P00558,images/P00558/img41.jpg,Electronics,720,360,Train,Mini Bluetooth Speaker (Silver)
IMG04047,P00430,images/P00430/img73.jpg,Stationery,320,640,Train,Mini Scissors (Black)
IMG04048,P00660,images/P00660/img11.jpg,Footwear,480,240,Train,Mini Sports Shoes (Beige)
IMG04049,P00118,images/P00118/img17.jpg,Home,1024,768,Validation,Classic Bed Sheet Set (Grey)
IMG04050,P00469,images/P00469/img33.jpg,Stationery,720,640,Validation,Standard File Folder (White)
IMG04051,P00243,images/P00243/img42.jpg,Footwear,320,640,Train,Compact Slippers (Silver)
IMG04052,P00137,images/P00137/img94.jpg,Accessories,480,480,Train,Plus Handbag (White)
IMG04053,P00731,images/P00731/img15.jpg,Footwear,320,768,Train,Lite Flip Flops (Blue)
IMG04054,P00403,images/P00403/img27.jpg,Home,480,768,Train,Compact Bed Sheet Set (Beige)
IMG04055,P00039,images/P00039/img75.jpg,Electronics,320,640,Train,Plus HDMI Cable (Grey)
IMG04056,P00533,images/P00533/img83.jpg,Home,480,360,Validation,Premium Photo Frame (Green)
IMG04057,P00235,images/P00235/img01.jpg,Electronics,320,768,Train,Pro Laptop Stand (Blue)
IMG04058,P00396,images/P00396/img29.jpg,Accessories,640,768,Train,Mini Keychain (Beige)
IMG04059,P00567,images/P00567/img54.jpg,Home,1024,480,Train,Plus Curtain (Beige)
IMG04060,P00596,images/P00596/img84.jpg,Footwear,720,240,Train,Lite Flip Flops (Red)
IMG04061,P00695,images/P00695/img97.jpg,Electronics,1024,768,Train,Max Power Bank (Red)
IMG04062,P00273,images/P00273/img94.jpg,Electronics,1024,240,Validation,Classic Router (Silver)
IMG04063,P00568,images/P00568/img77.jpg,Stationery,1024,360,Train,Compact Highlighter Set (Red)
IMG04064,P00176,images/P00176/img04.jpg,Accessories,480,240,Validation,Lite Handbag (Grey)
IMG04065,P00722,images/P00722/img23.jpg,Home,720,360,Train,Premium Storage Box (Blue)
IMG04066,P00206,images/P00206/img84.jpg,Footwear,720,480,Train,Standard Running Shoes (Silver)
IMG04067,P00483,images/P00483/img82.jpg,Footwear,640,640,Test,Standard Hiking Boots (Black)
IMG04068,P00393,images/P00393/img46.jpg,Home,640,360,Train,Max Cushion (Blue)
IMG04069,P00607,images/P00607/img42.jpg,Stationery,1024,360,Train,Mini Calculator (Beige)
IMG04070,P00461,images/P00461/img84.jpg,Footwear,640,240,Train,Pro Slippers (Green)
IMG04071,P00295,images/P00295/img54.jpg,Home,640,640,Validation,Standard Curtain (Grey)
IMG04072,P00035,images/P00035/img15.jpg,Stationery,720,360,Test,Compact Sticky Notes (White)
IMG04073,P00640,images/P00640/img71.jpg,Footwear,1024,480,Validation,Pro Boots (Black)
IMG04074,P00312,images/P00312/img79.jpg,Stationery,320,640,Train,Pro Desk Organizer (Silver)
IMG04075,P00536,images/P00536/img39.jpg,Accessories,1024,240,Train,Lite Sunglasses (Black)
IMG04076,P00298,images/P00298/img15.jpg,Electronics,720,768,Train,Plus Monitor (Green)
IMG04077,P00019,images/P00019/img45.jpg,Stationery,480,480,Validation,Mini Marker Pack (Silver)
IMG04078,P00226,images/P00226/img83.jpg,Electronics,640,768,Test,Lite Webcam (Green)
IMG04079,P00756,images/P00756/img66.jpg,Home,640,240,Train,Pro Water Bottle (Blue)
IMG04080,P00042,images/P00042/img67.jpg,Stationery,480,768,Test,Mini Sticky Notes (Silver)
IMG04081,P00145,images/P00145/img34.jpg,Home,640,768,Train,Lite Cushion (Beige)
IMG04082,P00009,images/P00009/img77.jpg,Accessories,320,480,Train,Pro Wallet (Beige)
IMG04083,P00161,images/P00161/img21.jpg,Accessories,320,768,Train,Deluxe Wallet (Black)
IMG04084,P00203,images/P00203/img89.jpg,Stationery,480,360,Train,Classic Desk Organizer (White)
IMG04085,P00483,images/P00483/img36.jpg,Footwear,1024,640,Train,Standard Hiking Boots (Black)
IMG04086,P00724,images/P00724/img45.jpg,Footwear,480,480,Train,Plus Sandals (Silver)
IMG04087,P00127,images/P00127/img08.jpg,Home,720,480,Test,Standard Door Mat (Red)
IMG04088,P00645,images/P00645/img07.jpg,Footwear,480,480,Validation,Deluxe Sneakers (Silver)
IMG04089,P00195,images/P00195/img90.jpg,Home,640,768,Validation,Mini Photo Frame (Black)
IMG04090,P00643,images/P00643/img21.jpg,Footwear,1024,240,Train,Premium Formal Shoes (Beige)
IMG04091,P00404,images/P00404/img53.jpg,Footwear,720,480,Train,Deluxe Sneakers (Blue)
IMG04092,P00303,images/P00303/img78.jpg,Electronics,480,360,Train,Compact Tablet Stand (Red)
IMG04093,P00112,images/P00112/img49.jpg,Stationery,640,768,Test,Max Calculator (Green)
IMG04094,P00524,images/P00524/img62.jpg,Footwear,640,360,Validation,Premium Running Shoes (Green)
IMG04095,P00665,images/P00665/img04.jpg,Electronics,320,768,Test,Pro Wireless Mouse (Green)
IMG04096,P00477,images/P00477/img95.jpg,Footwear,480,360,Test,Lite Flip Flops (Blue)
IMG04097,P00513,images/P00513/img88.jpg,Stationery,640,768,Validation,Mini Calculator (Green)
IMG04098,P00577,images/P00577/img66.jpg,Stationery,320,640,Train,Compact Notebook (Silver)
IMG04099,P00420,images/P00420/img46.jpg,Home,640,360,Train,Premium Curtain (White)
IMG04100,P00529,images/P00529/img72.jpg,Accessories,640,360,Train,Premium Sunglasses (Green)
IMG04101,P00253,images/P00253/img37.jpg,Accessories,720,768,Train,Deluxe Handbag (Beige)
IMG04102,P00706,images/P00706/img58.jpg,Stationery,480,240,Train,Plus Sticky Notes (Beige)
IMG04103,P00055,images/P00055/img85.jpg,Home,320,240,Test,Premium Candle Holder (Black)
IMG04104,P00380,images/P00380/img28.jpg,Electronics,720,480,Train,Mini Smart Watch (Black)
IMG04105,P00482,images/P00482/img26.jpg,Electronics,720,360,Test,Deluxe Monitor (Grey)
IMG04106,P00187,images/P00187/img53.jpg,Footwear,1024,640,Train,Premium Sneakers (Grey)
IMG04107,P00074,images/P00074/img92.jpg,Stationery,480,768,Validation,Classic Desk Organizer (White)
IMG04108,P00276,images/P00276/img35.jpg,Footwear,320,480,Train,Classic Formal Shoes (Grey)
IMG04109,P00377,images/P00377/img30.jpg,Home,480,640,Train,Max Curtain (Green)
IMG04110,P00174,images/P00174/img71.jpg,Accessories,720,768,Train,Premium Backpack (Green)
IMG04111,P00736,images/P00736/img72.jpg,Electronics,1024,640,Validation,Lite Laptop Stand (Green)
IMG04112,P00324,images/P00324/img64.jpg,Electronics,1024,640,Train,Standard Webcam (Green)
IMG04113,P00383,images/P00383/img76.jpg,Home,640,480,Train,Deluxe Photo Frame (Black)
IMG04114,P00248,images/P00248/img35.jpg,Home,480,768,Train,Premium Storage Box (Black)
IMG04115,P00236,images/P00236/img45.jpg,Home,720,480,Train,Compact Wall Clock (Grey)
IMG04116,P00160,images/P00160/img07.jpg,Stationery,720,640,Train,Pro Desk Organizer (Blue)
IMG04117,P00158,images/P00158/img63.jpg,Home,480,480,Test,Deluxe Table Lamp (Red)
IMG04118,P00665,images/P00665/img49.jpg,Electronics,640,480,Train,Pro Wireless Mouse (Green)
IMG04119,P00543,images/P00543/img73.jpg,Accessories,1024,240,Train,Pro Umbrella (Blue)
IMG04120,P00082,images/P00082/img64.jpg,Accessories,720,768,Train,Mini Cap (Silver)
IMG04121,P00404,images/P00404/img55.jpg,Footwear,720,240,Train,Deluxe Sneakers (Blue)
IMG04122,P00420,images/P00420/img86.jpg,Home,480,240,Validation,Premium Curtain (White)
IMG04123,P00757,images/P00757/img47.jpg,Home,1024,360,Train,Classic Door Mat (Beige)
IMG04124,P00461,images/P00461/img80.jpg,Footwear,720,640,Train,Pro Slippers (Green)
IMG04125,P00390,images/P00390/img72.jpg,Footwear,320,240,Train,Pro Flip Flops (Beige)
IMG04126,P00175,images/P00175/img58.jpg,Footwear,480,240,Train,Max Slippers (Green)
IMG04127,P00477,images/P00477/img18.jpg,Footwear,720,480,Train,Lite Flip Flops (Blue)
IMG04128,P00138,images/P00138/img42.jpg,Footwear,640,768,Train,Max Sandals (Beige)
IMG04129,P00481,images/P00481/img80.jpg,Stationery,1024,360,Train,Classic Notebook (White)
IMG04130,P00134,images/P00134/img32.jpg,Home,640,240,Train,Max Wall Clock (Grey)
IMG04131,P00707,images/P00707/img11.jpg,Home,320,768,Test,Standard Cushion (Blue)
IMG04132,P00062,images/P00062/img52.jpg,Electronics,640,360,Train,Max HDMI Cable (Blue)
IMG04133,P00640,images/P00640/img57.jpg,Footwear,720,768,Train,Pro Boots (Black)
IMG04134,P00264,images/P00264/img59.jpg,Home,720,480,Test,Mini Curtain (Red)
IMG04135,P00167,images/P00167/img86.jpg,Electronics,320,480,Train,Standard Tablet Stand (Silver)
IMG04136,P00220,images/P00220/img14.jpg,Home,1024,360,Validation,Premium Bed Sheet Set (Grey)
IMG04137,P00242,images/P00242/img49.jpg,Accessories,1024,360,Train,Deluxe Keychain (Silver)
IMG04138,P00623,images/P00623/img95.jpg,Accessories,320,640,Validation,Max Sunglasses (Green)
IMG04139,P00731,images/P00731/img95.jpg,Footwear,720,240,Train,Lite Flip Flops (Blue)
IMG04140,P00537,images/P00537/img51.jpg,Accessories,720,768,Train,Plus Wallet (Silver)
IMG04141,P00459,images/P00459/img78.jpg,Stationery,480,768,Train,Premium Stapler (Red)
IMG04142,P00131,images/P00131/img72.jpg,Home,480,768,Train,Premium Storage Box (Green)
IMG04143,P00475,images/P00475/img70.jpg,Footwear,320,640,Validation,Max Loafers (Green)
IMG04144,P00596,images/P00596/img46.jpg,Footwear,480,640,Validation,Lite Flip Flops (Red)
IMG04145,P00444,images/P00444/img74.jpg,Electronics,320,360,Train,Lite Webcam (Grey)
IMG04146,P00650,images/P00650/img04.jpg,Stationery,640,480,Train,Deluxe Marker Pack (Beige)
IMG04147,P00176,images/P00176/img76.jpg,Accessories,720,768,Test,Lite Handbag (Grey)
IMG04148,P00105,images/P00105/img95.jpg,Accessories,720,640,Train,Standard Travel Pouch (Green)
IMG04149,P00398,images/P00398/img10.jpg,Home,480,640,Train,Standard Water Bottle (Green)
IMG04150,P00105,images/P00105/img65.jpg,Accessories,320,240,Train,Standard Travel Pouch (Green)
IMG04151,P00723,images/P00723/img57.jpg,Stationery,480,480,Train,Premium Sticky Notes (Grey)
IMG04152,P00174,images/P00174/img64.jpg,Accessories,1024,480,Train,Premium Backpack (Green)
IMG04153,P00728,images/P00728/img16.jpg,Home,480,640,Train,Premium Candle Holder (Silver)
IMG04154,P00003,images/P00003/img48.jpg,Stationery,480,768,Validation,Classic File Folder (Black)
IMG04155,P00209,images/P00209/img40.jpg,Electronics,1024,768,Validation,Max Monitor (Grey)
IMG04156,P00689,images/P00689/img60.jpg,Home,1024,768,Train,Premium Curtain (Beige)
IMG04157,P00112,images/P00112/img45.jpg,Stationery,720,640,Test,Max Calculator (Green)
IMG04158,P00455,images/P00455/img88.jpg,Home,1024,240,Validation,Lite Photo Frame (Red)
IMG04159,P00445,images/P00445/img71.jpg,Home,640,640,Train,Standard Curtain (Blue)
IMG04160,P00129,images/P00129/img44.jpg,Footwear,1024,768,Train,Compact Sandals (Silver)
IMG04161,P00461,images/P00461/img22.jpg,Footwear,480,360,Train,Pro Slippers (Green)
IMG04162,P00396,images/P00396/img84.jpg,Accessories,320,640,Validation,Mini Keychain (Beige)
IMG04163,P00584,images/P00584/img13.jpg,Home,720,640,Train,Standard Candle Holder (White)
IMG04164,P00058,images/P00058/img87.jpg,Stationery,480,240,Train,Mini Highlighter Set (Beige)
IMG04165,P00498,images/P00498/img69.jpg,Electronics,720,480,Train,Compact Keyboard (Silver)
IMG04166,P00128,images/P00128/img70.jpg,Footwear,1024,480,Validation,Pro Running Shoes (Beige)
IMG04167,P00277,images/P00277/img61.jpg,Home,320,640,Test,Deluxe Water Bottle (Green)
IMG04168,P00586,images/P00586/img26.jpg,Footwear,1024,768,Train,Standard Flip Flops (Blue)
IMG04169,P00528,images/P00528/img33.jpg,Stationery,1024,640,Validation,Premium Scissors (Beige)
IMG04170,P00423,images/P00423/img97.jpg,Accessories,480,768,Train,Classic Watch Strap (Green)
IMG04171,P00277,images/P00277/img50.jpg,Home,1024,768,Validation,Deluxe Water Bottle (Green)
IMG04172,P00093,images/P00093/img81.jpg,Accessories,720,768,Train,Compact Keychain (Blue)
IMG04173,P00784,images/P00784/img45.jpg,Home,320,360,Train,Classic Table Lamp (White)
IMG04174,P00168,images/P00168/img63.jpg,Electronics,720,360,Train,Plus Keyboard (Silver)
IMG04175,P00338,images/P00338/img17.jpg,Electronics,1024,240,Train,Mini Bluetooth Speaker (Beige)
IMG04176,P00623,images/P00623/img01.jpg,Accessories,640,360,Train,Max Sunglasses (Green)
IMG04177,P00656,images/P00656/img13.jpg,Home,480,768,Train,Plus Cushion (Beige)
IMG04178,P00728,images/P00728/img42.jpg,Home,320,640,Train,Premium Candle Holder (Silver)
IMG04179,P00619,images/P00619/img90.jpg,Home,640,480,Train,Premium Table Lamp (Green)
IMG04180,P00696,images/P00696/img21.jpg,Home,1024,480,Validation,Standard Photo Frame (Silver)
IMG04181,P00578,images/P00578/img10.jpg,Accessories,480,240,Validation,Standard Backpack (Grey)
IMG04182,P00614,images/P00614/img67.jpg,Electronics,320,640,Test,Max USB-C Cable (White)
IMG04183,P00104,images/P00104/img16.jpg,Accessories,640,768,Validation,Pro Cap (Grey)
IMG04184,P00458,images/P00458/img19.jpg,Accessories,640,768,Train,Premium Cap (Red)
IMG04185,P00297,images/P00297/img31.jpg,Home,320,640,Validation,Max Door Mat (Green)
IMG04186,P00304,images/P00304/img09.jpg,Stationery,720,640,Train,Max Marker Pack (Green)
IMG04187,P00130,images/P00130/img31.jpg,Electronics,1024,768,Validation,Max Smart Watch (White)
IMG04188,P00627,images/P00627/img14.jpg,Accessories,480,768,Test,Mini Sunglasses (Silver)
IMG04189,P00511,images/P00511/img79.jpg,Electronics,720,768,Validation,Mini Wireless Mouse (Green)
IMG04190,P00494,images/P00494/img66.jpg,Stationery,1024,768,Validation,Max File Folder (Blue)
IMG04191,P00182,images/P00182/img36.jpg,Stationery,480,640,Train,Premium Scissors (Green)
IMG04192,P00318,images/P00318/img89.jpg,Electronics,480,640,Validation,Lite Bluetooth Speaker (Green)
IMG04193,P00345,images/P00345/img17.jpg,Home,480,480,Train,Premium Curtain (Beige)
IMG04194,P00248,images/P00248/img60.jpg,Home,320,240,Validation,Premium Storage Box (Black)
IMG04195,P00698,images/P00698/img73.jpg,Electronics,720,360,Train,Pro Laptop Stand (Grey)
IMG04196,P00351,images/P00351/img95.jpg,Footwear,720,240,Train,Lite Boots (Green)
IMG04197,P00651,images/P00651/img86.jpg,Stationery,320,768,Train,Standard Scissors (Blue)
IMG04198,P00145,images/P00145/img38.jpg,Home,720,240,Test,Lite Cushion (Beige)
IMG04199,P00384,images/P00384/img30.jpg,Accessories,640,360,Train,Plus Wallet (White)
IMG04200,P00764,images/P00764/img99.jpg,Stationery,720,640,Train,Compact Marker Pack (Silver)
IMG04201,P00123,images/P00123/img66.jpg,Electronics,720,240,Train,Max Tablet Stand (Grey)
IMG04202,P00679,images/P00679/img26.jpg,Stationery,640,480,Validation,Premium Marker Pack (Green)
IMG04203,P00526,images/P00526/img34.jpg,Home,1024,360,Test,Deluxe Bed Sheet Set (Silver)
IMG04204,P00581,images/P00581/img91.jpg,Stationery,720,480,Train,Pro Notebook (Silver)
IMG04205,P00221,images/P00221/img47.jpg,Footwear,480,240,Train,Standard Hiking Boots (Silver)
IMG04206,P00194,images/P00194/img88.jpg,Stationery,640,640,Test,Premium Stapler (Silver)
IMG04207,P00172,images/P00172/img93.jpg,Footwear,1024,640,Validation,Lite Formal Shoes (Silver)
IMG04208,P00232,images/P00232/img57.jpg,Home,320,240,Train,Classic Table Lamp (Red)
IMG04209,P00287,images/P00287/img63.jpg,Accessories,320,240,Train,Max Wallet (Silver)
IMG04210,P00049,images/P00049/img29.jpg,Electronics,1024,360,Train,Pro USB-C Cable (Black)
IMG04211,P00226,images/P00226/img11.jpg,Electronics,320,360,Test,Lite Webcam (Green)
IMG04212,P00460,images/P00460/img78.jpg,Electronics,720,480,Train,Pro Bluetooth Speaker (Silver)
IMG04213,P00348,images/P00348/img23.jpg,Stationery,720,640,Test,Compact Highlighter Set (Grey)
IMG04214,P00423,images/P00423/img49.jpg,Accessories,480,480,Train,Classic Watch Strap (Green)
IMG04215,P00521,images/P00521/img23.jpg,Electronics,480,640,Train,Premium Router (Blue)
IMG04216,P00412,images/P00412/img29.jpg,Home,720,768,Validation,Plus Table Lamp (Red)
IMG04217,P00757,images/P00757/img32.jpg,Home,320,360,Train,Classic Door Mat (Beige)
IMG04218,P00440,images/P00440/img54.jpg,Accessories,720,240,Train,Premium Sunglasses (Silver)
IMG04219,P00649,images/P00649/img27.jpg,Home,720,768,Train,Lite Table Lamp (Blue)
IMG04220,P00568,images/P00568/img73.jpg,Stationery,640,360,Train,Compact Highlighter Set (Red)
IMG04221,P00576,images/P00576/img25.jpg,Footwear,720,480,Train,Standard Flip Flops (Silver)
IMG04222,P00678,images/P00678/img40.jpg,Stationery,1024,360,Validation,Lite Sticky Notes (Green)
IMG04223,P00251,images/P00251/img81.jpg,Stationery,1024,480,Train,Classic Highlighter Set (Blue)
IMG04224,P00563,images/P00563/img86.jpg,Electronics,320,640,Train,Lite Laptop Stand (Blue)
IMG04225,P00097,images/P00097/img36.jpg,Stationery,1024,768,Validation,Max Sticky Notes (Blue)
IMG04226,P00713,images/P00713/img13.jpg,Footwear,320,768,Train,Pro Slippers (Grey)
IMG04227,P00746,images/P00746/img80.jpg,Home,720,768,Train,Mini Door Mat (Grey)
IMG04228,P00635,images/P00635/img17.jpg,Stationery,640,480,Test,Classic Stapler (Beige)
IMG04229,P00062,images/P00062/img76.jpg,Electronics,640,640,Train,Max HDMI Cable (Blue)
IMG04230,P00111,images/P00111/img44.jpg,Electronics,640,640,Train,Standard Charger (Black)
IMG04231,P00145,images/P00145/img90.jpg,Home,640,360,Train,Lite Cushion (Beige)
IMG04232,P00522,images/P00522/img92.jpg,Stationery,1024,768,Train,Standard Desk Organizer (Blue)
IMG04233,P00664,images/P00664/img66.jpg,Footwear,480,240,Train,Premium Sports Shoes (Beige)
IMG04234,P00674,images/P00674/img37.jpg,Accessories,320,360,Train,Premium Belt (Red)
IMG04235,P00514,images/P00514/img15.jpg,Stationery,640,240,Train,Mini Scissors (Beige)
IMG04236,P00634,images/P00634/img96.jpg,Electronics,320,768,Validation,Compact Wireless Mouse (Grey)
IMG04237,P00477,images/P00477/img31.jpg,Footwear,320,360,Train,Lite Flip Flops (Blue)
IMG04238,P00111,images/P00111/img85.jpg,Electronics,480,480,Train,Standard Charger (Black)
IMG04239,P00796,images/P00796/img90.jpg,Footwear,1024,240,Test,Mini Running Shoes (Silver)
IMG04240,P00394,images/P00394/img31.jpg,Footwear,640,768,Test,Lite Formal Shoes (White)
IMG04241,P00243,images/P00243/img54.jpg,Footwear,640,768,Train,Compact Slippers (Silver)
IMG04242,P00382,images/P00382/img81.jpg,Accessories,640,640,Train,Lite Handbag (Beige)
IMG04243,P00083,images/P00083/img92.jpg,Stationery,720,360,Validation,Deluxe Stapler (Black)
IMG04244,P00522,images/P00522/img46.jpg,Stationery,480,768,Validation,Standard Desk Organizer (Blue)
IMG04245,P00729,images/P00729/img94.jpg,Footwear,720,480,Train,Deluxe Formal Shoes (Black)
IMG04246,P00711,images/P00711/img64.jpg,Accessories,480,640,Train,Deluxe Wallet (White)
IMG04247,P00124,images/P00124/img33.jpg,Footwear,1024,360,Validation,Mini Sneakers (Black)
IMG04248,P00414,images/P00414/img37.jpg,Footwear,320,240,Validation,Classic Sandals (Grey)
IMG04249,P00796,images/P00796/img11.jpg,Footwear,320,240,Train,Mini Running Shoes (Silver)
IMG04250,P00598,images/P00598/img04.jpg,Footwear,320,360,Train,Mini Boots (Red)
IMG04251,P00029,images/P00029/img57.jpg,Footwear,1024,640,Train,Standard Sandals (White)
IMG04252,P00386,images/P00386/img51.jpg,Stationery,1024,240,Train,Plus Sticky Notes (White)
IMG04253,P00005,images/P00005/img43.jpg,Stationery,320,240,Test,Compact Marker Pack (Beige)
IMG04254,P00647,images/P00647/img26.jpg,Stationery,480,768,Train,Classic Desk Organizer (Blue)
IMG04255,P00107,images/P00107/img23.jpg,Stationery,640,360,Validation,Classic Stapler (White)
IMG04256,P00357,images/P00357/img46.jpg,Stationery,480,240,Train,Standard File Folder (Grey)
IMG04257,P00800,images/P00800/img76.jpg,Home,1024,240,Train,Compact Wall Clock (White)
IMG04258,P00344,images/P00344/img18.jpg,Electronics,1024,360,Train,Premium Power Bank (Beige)
IMG04259,P00532,images/P00532/img68.jpg,Footwear,480,768,Train,Lite Boots (Red)
IMG04260,P00327,images/P00327/img87.jpg,Home,720,768,Train,Plus Table Lamp (Blue)
IMG04261,P00490,images/P00490/img79.jpg,Footwear,720,360,Train,Compact Loafers (White)
IMG04262,P00164,images/P00164/img30.jpg,Electronics,640,768,Validation,Lite Charger (White)
IMG04263,P00536,images/P00536/img87.jpg,Accessories,720,240,Train,Lite Sunglasses (Black)
IMG04264,P00057,images/P00057/img01.jpg,Electronics,320,480,Train,Max USB-C Cable (Red)
IMG04265,P00529,images/P00529/img26.jpg,Accessories,640,360,Train,Premium Sunglasses (Green)
IMG04266,P00098,images/P00098/img83.jpg,Footwear,640,240,Validation,Classic Sports Shoes (Blue)
IMG04267,P00430,images/P00430/img46.jpg,Stationery,480,360,Train,Mini Scissors (Black)
IMG04268,P00325,images/P00325/img62.jpg,Accessories,320,240,Test,Mini Handbag (Silver)
IMG04269,P00105,images/P00105/img54.jpg,Accessories,640,240,Test,Standard Travel Pouch (Green)
IMG04270,P00141,images/P00141/img77.jpg,Home,1024,240,Train,Max Water Bottle (Beige)
IMG04271,P00713,images/P00713/img45.jpg,Footwear,320,480,Train,Pro Slippers (Grey)
IMG04272,P00459,images/P00459/img05.jpg,Stationery,320,360,Validation,Premium Stapler (Red)
IMG04273,P00283,images/P00283/img01.jpg,Footwear,320,360,Test,Standard Sneakers (Green)
IMG04274,P00789,images/P00789/img55.jpg,Accessories,720,640,Train,Lite Wallet (White)
IMG04275,P00138,images/P00138/img35.jpg,Footwear,1024,480,Train,Max Sandals (Beige)
IMG04276,P00504,images/P00504/img53.jpg,Home,720,240,Test,Deluxe Water Bottle (Red)
IMG04277,P00155,images/P00155/img18.jpg,Accessories,640,640,Validation,Pro Belt (Black)
IMG04278,P00788,images/P00788/img20.jpg,Electronics,480,240,Train,Compact Monitor (Blue)
IMG04279,P00703,images/P00703/img18.jpg,Accessories,640,768,Validation,Lite Wallet (Black)
IMG04280,P00796,images/P00796/img04.jpg,Footwear,720,640,Train,Mini Running Shoes (Silver)
IMG04281,P00698,images/P00698/img17.jpg,Electronics,1024,360,Validation,Pro Laptop Stand (Grey)
IMG04282,P00001,images/P00001/img55.jpg,Electronics,640,360,Train,Lite Wireless Mouse (Red)
IMG04283,P00406,images/P00406/img14.jpg,Stationery,480,240,Train,Compact Pen Set (White)
IMG04284,P00141,images/P00141/img28.jpg,Home,720,768,Train,Max Water Bottle (Beige)
IMG04285,P00515,images/P00515/img12.jpg,Stationery,640,768,Train,Deluxe Stapler (Green)
IMG04286,P00159,images/P00159/img22.jpg,Home,1024,768,Train,Plus Wall Clock (Blue)
IMG04287,P00739,images/P00739/img95.jpg,Footwear,640,768,Validation,Mini Hiking Boots (Red)
IMG04288,P00271,images/P00271/img59.jpg,Home,640,480,Train,Plus Curtain (Grey)
IMG04289,P00672,images/P00672/img17.jpg,Footwear,640,240,Train,Lite Sports Shoes (Beige)
IMG04290,P00253,images/P00253/img69.jpg,Accessories,640,360,Validation,Deluxe Handbag (Beige)
IMG04291,P00757,images/P00757/img66.jpg,Home,480,360,Train,Classic Door Mat (Beige)
IMG04292,P00765,images/P00765/img93.jpg,Electronics,320,240,Train,Plus Wireless Mouse (White)
IMG04293,P00556,images/P00556/img84.jpg,Footwear,480,640,Train,Standard Hiking Boots (Beige)
IMG04294,P00161,images/P00161/img33.jpg,Accessories,640,360,Validation,Deluxe Wallet (Black)
IMG04295,P00378,images/P00378/img73.jpg,Stationery,480,360,Train,Compact Highlighter Set (Blue)
IMG04296,P00290,images/P00290/img54.jpg,Accessories,480,360,Train,Pro Watch Strap (Blue)
IMG04297,P00094,images/P00094/img10.jpg,Home,320,768,Train,Classic Storage Box (Grey)
IMG04298,P00493,images/P00493/img05.jpg,Electronics,320,240,Validation,Lite Wireless Mouse (Beige)
IMG04299,P00152,images/P00152/img85.jpg,Footwear,480,768,Train,Plus Slippers (Green)
IMG04300,P00229,images/P00229/img82.jpg,Footwear,320,768,Train,Plus Flip Flops (Silver)
IMG04301,P00698,images/P00698/img86.jpg,Electronics,320,240,Validation,Pro Laptop Stand (Grey)
IMG04302,P00648,images/P00648/img56.jpg,Accessories,480,360,Validation,Max Backpack (Blue)
IMG04303,P00518,images/P00518/img48.jpg,Accessories,640,640,Validation,Pro Handbag (Beige)
IMG04304,P00113,images/P00113/img22.jpg,Home,480,240,Train,Plus Table Lamp (Green)
IMG04305,P00447,images/P00447/img64.jpg,Accessories,640,360,Train,Standard Keychain (Grey)
IMG04306,P00157,images/P00157/img14.jpg,Stationery,480,240,Train,Max Sticky Notes (Blue)
IMG04307,P00414,images/P00414/img31.jpg,Footwear,480,640,Validation,Classic Sandals (Grey)
IMG04308,P00240,images/P00240/img76.jpg,Electronics,640,768,Test,Standard Power Bank (Green)
IMG04309,P00295,images/P00295/img66.jpg,Home,480,360,Validation,Standard Curtain (Grey)
IMG04310,P00713,images/P00713/img49.jpg,Footwear,640,640,Train,Pro Slippers (Grey)
IMG04311,P00128,images/P00128/img17.jpg,Footwear,720,640,Train,Pro Running Shoes (Beige)
IMG04312,P00029,images/P00029/img44.jpg,Footwear,1024,640,Validation,Standard Sandals (White)
IMG04313,P00660,images/P00660/img29.jpg,Footwear,480,768,Train,Mini Sports Shoes (Beige)
IMG04314,P00240,images/P00240/img29.jpg,Electronics,320,640,Validation,Standard Power Bank (Green)
IMG04315,P00508,images/P00508/img30.jpg,Electronics,720,480,Test,Plus Keyboard (Green)
IMG04316,P00658,images/P00658/img31.jpg,Electronics,480,480,Train,Deluxe Earbuds (Grey)
IMG04317,P00405,images/P00405/img71.jpg,Accessories,320,640,Train,Premium Backpack (Green)
IMG04318,P00671,images/P00671/img44.jpg,Accessories,720,768,Train,Mini Umbrella (White)
IMG04319,P00569,images/P00569/img64.jpg,Footwear,1024,240,Train,Pro Hiking Boots (Silver)
IMG04320,P00387,images/P00387/img65.jpg,Stationery,720,640,Train,Plus Sticky Notes (Grey)
IMG04321,P00609,images/P00609/img50.jpg,Electronics,1024,480,Train,Premium HDMI Cable (Green)
IMG04322,P00496,images/P00496/img48.jpg,Footwear,720,640,Train,Compact Slippers (Silver)
IMG04323,P00549,images/P00549/img51.jpg,Home,480,360,Train,Mini Door Mat (Grey)
IMG04324,P00548,images/P00548/img71.jpg,Footwear,640,240,Train,Mini Sports Shoes (Black)
IMG04325,P00679,images/P00679/img10.jpg,Stationery,720,768,Train,Premium Marker Pack (Green)
IMG04326,P00549,images/P00549/img01.jpg,Home,640,768,Train,Mini Door Mat (Grey)
IMG04327,P00426,images/P00426/img86.jpg,Stationery,720,240,Train,Compact Calculator (Black)
IMG04328,P00324,images/P00324/img55.jpg,Electronics,480,360,Validation,Standard Webcam (Green)
IMG04329,P00026,images/P00026/img20.jpg,Stationery,640,480,Train,Deluxe File Folder (Beige)
IMG04330,P00493,images/P00493/img71.jpg,Electronics,320,640,Test,Lite Wireless Mouse (Beige)
IMG04331,P00293,images/P00293/img52.jpg,Home,480,360,Test,Plus Door Mat (Beige)
IMG04332,P00354,images/P00354/img15.jpg,Stationery,640,640,Validation,Plus Calculator (White)
IMG04333,P00317,images/P00317/img59.jpg,Electronics,320,360,Train,Deluxe Webcam (Blue)
IMG04334,P00478,images/P00478/img47.jpg,Accessories,720,240,Test,Compact Keychain (White)
IMG04335,P00042,images/P00042/img33.jpg,Stationery,480,480,Train,Mini Sticky Notes (Silver)
IMG04336,P00653,images/P00653/img84.jpg,Electronics,720,360,Train,Max Keyboard (White)
IMG04337,P00765,images/P00765/img12.jpg,Electronics,720,640,Train,Plus Wireless Mouse (White)
IMG04338,P00591,images/P00591/img60.jpg,Electronics,640,768,Test,Standard Earbuds (Black)
IMG04339,P00636,images/P00636/img46.jpg,Footwear,1024,360,Test,Pro Formal Shoes (Blue)
IMG04340,P00395,images/P00395/img06.jpg,Stationery,640,768,Train,Compact Calculator (Black)
IMG04341,P00776,images/P00776/img95.jpg,Accessories,320,768,Train,Max Wallet (Grey)
IMG04342,P00779,images/P00779/img09.jpg,Home,320,768,Train,Classic Wall Clock (Red)
IMG04343,P00306,images/P00306/img67.jpg,Footwear,640,240,Train,Compact Sandals (Grey)
IMG04344,P00108,images/P00108/img72.jpg,Stationery,720,768,Test,Plus File Folder (Green)
IMG04345,P00437,images/P00437/img32.jpg,Footwear,640,480,Train,Plus Boots (Black)
IMG04346,P00418,images/P00418/img91.jpg,Electronics,320,768,Validation,Lite Earbuds (Red)
IMG04347,P00183,images/P00183/img40.jpg,Home,720,768,Train,Plus Bed Sheet Set (Green)
IMG04348,P00669,images/P00669/img19.jpg,Stationery,480,768,Validation,Mini Calculator (Beige)
IMG04349,P00546,images/P00546/img27.jpg,Accessories,320,768,Test,Classic Cap (White)
IMG04350,P00086,images/P00086/img58.jpg,Accessories,1024,360,Train,Deluxe Cap (Red)
IMG04351,P00734,images/P00734/img79.jpg,Stationery,480,768,Validation,Premium Notebook (Red)
IMG04352,P00611,images/P00611/img92.jpg,Accessories,320,768,Train,Deluxe Watch Strap (Black)
IMG04353,P00770,images/P00770/img45.jpg,Electronics,480,360,Validation,Deluxe Smart Watch (Black)
IMG04354,P00509,images/P00509/img88.jpg,Stationery,720,640,Train,Mini Scissors (Red)
IMG04355,P00366,images/P00366/img48.jpg,Footwear,320,360,Validation,Max Boots (Blue)
IMG04356,P00094,images/P00094/img69.jpg,Home,320,768,Train,Classic Storage Box (Grey)
IMG04357,P00147,images/P00147/img40.jpg,Home,720,640,Train,Premium Storage Box (Blue)
IMG04358,P00699,images/P00699/img41.jpg,Home,1024,240,Train,Pro Table Lamp (Blue)
IMG04359,P00206,images/P00206/img35.jpg,Footwear,1024,640,Train,Standard Running Shoes (Silver)
IMG04360,P00450,images/P00450/img33.jpg,Stationery,640,480,Train,Classic Highlighter Set (Blue)
IMG04361,P00057,images/P00057/img14.jpg,Electronics,640,768,Validation,Max USB-C Cable (Red)
IMG04362,P00258,images/P00258/img44.jpg,Electronics,640,480,Train,Mini Laptop Stand (Grey)
IMG04363,P00343,images/P00343/img54.jpg,Electronics,480,360,Train,Mini Bluetooth Speaker (Black)
IMG04364,P00072,images/P00072/img59.jpg,Stationery,1024,240,Train,Max Pen Set (Beige)
IMG04365,P00709,images/P00709/img87.jpg,Stationery,320,240,Validation,Premium Marker Pack (Beige)
IMG04366,P00663,images/P00663/img50.jpg,Accessories,640,360,Train,Mini Wallet (White)
IMG04367,P00739,images/P00739/img61.jpg,Footwear,320,640,Train,Mini Hiking Boots (Red)
IMG04368,P00511,images/P00511/img02.jpg,Electronics,480,768,Validation,Mini Wireless Mouse (Green)
IMG04369,P00789,images/P00789/img23.jpg,Accessories,720,360,Train,Lite Wallet (White)
IMG04370,P00137,images/P00137/img74.jpg,Accessories,640,480,Train,Plus Handbag (White)
IMG04371,P00699,images/P00699/img37.jpg,Home,720,768,Validation,Pro Table Lamp (Blue)
IMG04372,P00177,images/P00177/img56.jpg,Stationery,320,480,Train,Compact Notebook (Red)
IMG04373,P00276,images/P00276/img40.jpg,Footwear,1024,360,Test,Classic Formal Shoes (Grey)
IMG04374,P00262,images/P00262/img13.jpg,Stationery,720,480,Validation,Mini Sticky Notes (Blue)
IMG04375,P00165,images/P00165/img28.jpg,Stationery,320,768,Test,Plus Notebook (Beige)
IMG04376,P00404,images/P00404/img09.jpg,Footwear,480,640,Test,Deluxe Sneakers (Blue)
IMG04377,P00290,images/P00290/img36.jpg,Accessories,720,480,Train,Pro Watch Strap (Blue)
IMG04378,P00095,images/P00095/img60.jpg,Accessories,480,640,Train,Plus Backpack (Red)
IMG04379,P00256,images/P00256/img37.jpg,Stationery,480,360,Validation,Max Pen Set (Grey)
IMG04380,P00151,images/P00151/img26.jpg,Electronics,1024,768,Train,Standard Power Bank (Green)
IMG04381,P00342,images/P00342/img53.jpg,Accessories,640,768,Train,Deluxe Handbag (White)
IMG04382,P00443,images/P00443/img49.jpg,Stationery,480,640,Train,Plus Stapler (White)
IMG04383,P00718,images/P00718/img65.jpg,Footwear,480,768,Validation,Pro Loafers (Red)
IMG04384,P00281,images/P00281/img83.jpg,Footwear,480,480,Test,Premium Boots (Grey)
IMG04385,P00287,images/P00287/img26.jpg,Accessories,720,360,Train,Max Wallet (Silver)
IMG04386,P00582,images/P00582/img82.jpg,Electronics,320,768,Train,Standard Power Bank (Blue)
IMG04387,P00359,images/P00359/img65.jpg,Footwear,320,768,Train,Premium Hiking Boots (Green)
IMG04388,P00604,images/P00604/img88.jpg,Footwear,1024,480,Validation,Premium Flip Flops (Red)
IMG04389,P00437,images/P00437/img81.jpg,Footwear,720,360,Validation,Plus Boots (Black)
IMG04390,P00231,images/P00231/img70.jpg,Stationery,720,360,Train,Lite Sticky Notes (Silver)
IMG04391,P00564,images/P00564/img70.jpg,Home,720,360,Train,Lite Bed Sheet Set (White)
IMG04392,P00684,images/P00684/img76.jpg,Stationery,480,360,Train,Mini Calculator (Black)
IMG04393,P00419,images/P00419/img74.jpg,Accessories,480,360,Validation,Classic Wallet (Red)
IMG04394,P00369,images/P00369/img86.jpg,Stationery,480,640,Train,Plus Desk Organizer (Green)
IMG04395,P00273,images/P00273/img27.jpg,Electronics,480,640,Test,Classic Router (Silver)
IMG04396,P00764,images/P00764/img79.jpg,Stationery,640,360,Validation,Compact Marker Pack (Silver)
IMG04397,P00433,images/P00433/img66.jpg,Electronics,1024,360,Train,Premium Charger (Black)
IMG04398,P00056,images/P00056/img79.jpg,Electronics,320,768,Train,Standard Wireless Mouse (Green)
IMG04399,P00643,images/P00643/img15.jpg,Footwear,480,360,Test,Premium Formal Shoes (Beige)
IMG04400,P00331,images/P00331/img96.jpg,Accessories,640,640,Train,Deluxe Wallet (Red)
IMG04401,P00249,images/P00249/img33.jpg,Footwear,1024,768,Test,Deluxe Flip Flops (Green)
IMG04402,P00730,images/P00730/img25.jpg,Footwear,320,768,Train,Classic Boots (Grey)
IMG04403,P00410,images/P00410/img89.jpg,Accessories,640,768,Test,Standard Backpack (Black)
IMG04404,P00735,images/P00735/img22.jpg,Home,1024,768,Validation,Max Table Lamp (Grey)
IMG04405,P00165,images/P00165/img12.jpg,Stationery,720,480,Train,Plus Notebook (Beige)
IMG04406,P00635,images/P00635/img34.jpg,Stationery,640,768,Validation,Classic Stapler (Beige)
IMG04407,P00406,images/P00406/img62.jpg,Stationery,480,768,Train,Compact Pen Set (White)
IMG04408,P00758,images/P00758/img13.jpg,Footwear,320,360,Train,Lite Sandals (Blue)
IMG04409,P00587,images/P00587/img51.jpg,Footwear,320,768,Validation,Classic Running Shoes (Grey)
IMG04410,P00192,images/P00192/img96.jpg,Accessories,320,240,Train,Classic Backpack (Grey)
IMG04411,P00014,images/P00014/img18.jpg,Electronics,1024,360,Validation,Max Wireless Mouse (Grey)
IMG04412,P00113,images/P00113/img69.jpg,Home,480,360,Test,Plus Table Lamp (Green)
IMG04413,P00015,images/P00015/img75.jpg,Electronics,640,480,Train,Max Tablet Stand (White)
IMG04414,P00767,images/P00767/img63.jpg,Footwear,640,240,Validation,Pro Sports Shoes (White)
IMG04415,P00376,images/P00376/img04.jpg,Home,640,640,Train,Compact Curtain (Black)
IMG04416,P00727,images/P00727/img18.jpg,Stationery,480,480,Validation,Premium Calculator (Beige)
IMG04417,P00112,images/P00112/img36.jpg,Stationery,320,240,Train,Max Calculator (Green)
IMG04418,P00507,images/P00507/img27.jpg,Stationery,1024,640,Train,Pro Desk Organizer (Blue)
IMG04419,P00349,images/P00349/img06.jpg,Electronics,720,640,Train,Standard USB-C Cable (Black)
IMG04420,P00083,images/P00083/img40.jpg,Stationery,720,240,Train,Deluxe Stapler (Black)
IMG04421,P00466,images/P00466/img60.jpg,Accessories,720,768,Train,Deluxe Travel Pouch (Green)
IMG04422,P00598,images/P00598/img27.jpg,Footwear,1024,240,Train,Mini Boots (Red)
IMG04423,P00031,images/P00031/img79.jpg,Stationery,1024,768,Validation,Compact Stapler (Black)
IMG04424,P00201,images/P00201/img89.jpg,Stationery,1024,640,Train,Premium File Folder (Silver)
IMG04425,P00582,images/P00582/img44.jpg,Electronics,480,640,Train,Standard Power Bank (Blue)
IMG04426,P00759,images/P00759/img53.jpg,Accessories,720,480,Train,Plus Wallet (Grey)
IMG04427,P00195,images/P00195/img06.jpg,Home,640,480,Train,Mini Photo Frame (Black)
IMG04428,P00268,images/P00268/img59.jpg,Accessories,640,480,Train,Lite Keychain (Beige)
IMG04429,P00272,images/P00272/img25.jpg,Accessories,1024,360,Validation,Standard Backpack (Grey)
IMG04430,P00245,images/P00245/img75.jpg,Home,320,240,Validation,Max Photo Frame (Red)
IMG04431,P00126,images/P00126/img85.jpg,Home,480,640,Train,Deluxe Candle Holder (Red)
IMG04432,P00793,images/P00793/img87.jpg,Electronics,1024,240,Train,Standard HDMI Cable (White)
IMG04433,P00443,images/P00443/img14.jpg,Stationery,1024,360,Train,Plus Stapler (White)
IMG04434,P00355,images/P00355/img34.jpg,Home,1024,640,Test,Standard Water Bottle (Black)
IMG04435,P00723,images/P00723/img34.jpg,Stationery,640,640,Train,Premium Sticky Notes (Grey)
IMG04436,P00004,images/P00004/img61.jpg,Electronics,1024,360,Train,Max USB-C Cable (Black)
IMG04437,P00781,images/P00781/img46.jpg,Home,1024,480,Train,Pro Curtain (Black)
IMG04438,P00122,images/P00122/img07.jpg,Accessories,720,360,Train,Deluxe Travel Pouch (Green)
IMG04439,P00728,images/P00728/img33.jpg,Home,640,640,Train,Premium Candle Holder (Silver)
IMG04440,P00171,images/P00171/img64.jpg,Home,1024,768,Train,Lite Curtain (Green)
IMG04441,P00705,images/P00705/img85.jpg,Footwear,1024,360,Train,Compact Sneakers (Blue)
IMG04442,P00316,images/P00316/img59.jpg,Electronics,720,360,Train,Premium Laptop Stand (White)
IMG04443,P00531,images/P00531/img80.jpg,Footwear,1024,768,Test,Lite Sneakers (Grey)
IMG04444,P00192,images/P00192/img89.jpg,Accessories,640,360,Validation,Classic Backpack (Grey)
IMG04445,P00016,images/P00016/img26.jpg,Home,320,240,Validation,Premium Wall Clock (Green)
IMG04446,P00296,images/P00296/img55.jpg,Electronics,320,640,Train,Plus Charger (Red)
IMG04447,P00586,images/P00586/img23.jpg,Footwear,720,480,Test,Standard Flip Flops (Blue)
IMG04448,P00602,images/P00602/img28.jpg,Home,1024,640,Validation,Plus Bed Sheet Set (Beige)
IMG04449,P00548,images/P00548/img98.jpg,Footwear,1024,480,Validation,Mini Sports Shoes (Black)
IMG04450,P00557,images/P00557/img84.jpg,Stationery,480,768,Train,Pro Scissors (Beige)
IMG04451,P00531,images/P00531/img72.jpg,Footwear,1024,640,Train,Lite Sneakers (Grey)
IMG04452,P00466,images/P00466/img20.jpg,Accessories,720,240,Validation,Deluxe Travel Pouch (Green)
IMG04453,P00334,images/P00334/img04.jpg,Accessories,1024,240,Train,Max Keychain (Beige)
IMG04454,P00434,images/P00434/img32.jpg,Accessories,640,768,Train,Classic Belt (Red)
IMG04455,P00561,images/P00561/img02.jpg,Accessories,640,640,Test,Deluxe Cap (Black)
IMG04456,P00079,images/P00079/img56.jpg,Home,480,360,Test,Deluxe Curtain (White)
IMG04457,P00185,images/P00185/img83.jpg,Footwear,1024,360,Test,Max Formal Shoes (Green)
IMG04458,P00538,images/P00538/img12.jpg,Accessories,320,768,Train,Max Umbrella (Red)
IMG04459,P00176,images/P00176/img35.jpg,Accessories,480,768,Train,Lite Handbag (Grey)
IMG04460,P00715,images/P00715/img99.jpg,Stationery,320,240,Validation,Deluxe File Folder (White)
IMG04461,P00052,images/P00052/img92.jpg,Stationery,480,768,Train,Premium Desk Organizer (Red)
IMG04462,P00344,images/P00344/img06.jpg,Electronics,480,240,Train,Premium Power Bank (Beige)
IMG04463,P00651,images/P00651/img99.jpg,Stationery,720,640,Train,Standard Scissors (Blue)
IMG04464,P00669,images/P00669/img44.jpg,Stationery,720,480,Train,Mini Calculator (Beige)
IMG04465,P00568,images/P00568/img34.jpg,Stationery,480,360,Validation,Compact Highlighter Set (Red)
IMG04466,P00786,images/P00786/img82.jpg,Electronics,320,480,Test,Standard Earbuds (Grey)
IMG04467,P00024,images/P00024/img02.jpg,Home,720,640,Train,Premium Candle Holder (Blue)
IMG04468,P00248,images/P00248/img97.jpg,Home,480,360,Train,Premium Storage Box (Black)
IMG04469,P00557,images/P00557/img15.jpg,Stationery,720,240,Train,Pro Scissors (Beige)
IMG04470,P00154,images/P00154/img27.jpg,Electronics,720,640,Test,Classic Laptop Stand (Black)
IMG04471,P00642,images/P00642/img75.jpg,Stationery,640,480,Train,Classic Highlighter Set (Black)
IMG04472,P00372,images/P00372/img33.jpg,Accessories,1024,480,Train,Pro Travel Pouch (Grey)
IMG04473,P00723,images/P00723/img20.jpg,Stationery,480,480,Test,Premium Sticky Notes (Grey)
IMG04474,P00565,images/P00565/img86.jpg,Accessories,720,640,Test,Deluxe Handbag (Red)
IMG04475,P00666,images/P00666/img40.jpg,Stationery,480,360,Train,Deluxe Pen Set (Green)
IMG04476,P00371,images/P00371/img88.jpg,Home,1024,480,Test,Lite Wall Clock (Black)
IMG04477,P00173,images/P00173/img63.jpg,Footwear,720,480,Train,Deluxe Slippers (Beige)
IMG04478,P00238,images/P00238/img01.jpg,Home,1024,360,Validation,Mini Bed Sheet Set (Beige)
IMG04479,P00236,images/P00236/img20.jpg,Home,1024,640,Train,Compact Wall Clock (Grey)
IMG04480,P00580,images/P00580/img12.jpg,Electronics,640,240,Train,Plus Keyboard (White)
IMG04481,P00684,images/P00684/img20.jpg,Stationery,720,768,Train,Mini Calculator (Black)
IMG04482,P00553,images/P00553/img16.jpg,Footwear,640,640,Train,Plus Formal Shoes (Blue)
IMG04483,P00330,images/P00330/img43.jpg,Electronics,320,640,Train,Deluxe Power Bank (Grey)
IMG04484,P00436,images/P00436/img81.jpg,Stationery,640,480,Train,Lite Highlighter Set (Black)
IMG04485,P00495,images/P00495/img76.jpg,Accessories,320,360,Validation,Plus Keychain (Red)
IMG04486,P00028,images/P00028/img43.jpg,Electronics,720,240,Train,Classic Earbuds (White)
IMG04487,P00799,images/P00799/img30.jpg,Electronics,480,640,Train,Classic Earbuds (Green)
IMG04488,P00240,images/P00240/img41.jpg,Electronics,720,640,Train,Standard Power Bank (Green)
IMG04489,P00647,images/P00647/img42.jpg,Stationery,720,768,Train,Classic Desk Organizer (Blue)
IMG04490,P00190,images/P00190/img95.jpg,Footwear,320,640,Validation,Mini Loafers (Grey)
IMG04491,P00294,images/P00294/img37.jpg,Stationery,640,640,Train,Standard Sticky Notes (White)
IMG04492,P00333,images/P00333/img20.jpg,Accessories,320,240,Train,Plus Travel Pouch (White)
IMG04493,P00204,images/P00204/img22.jpg,Footwear,320,480,Validation,Lite Sneakers (White)
IMG04494,P00789,images/P00789/img95.jpg,Accessories,480,640,Train,Lite Wallet (White)
IMG04495,P00716,images/P00716/img74.jpg,Accessories,640,240,Train,Premium Handbag (Blue)
IMG04496,P00767,images/P00767/img05.jpg,Footwear,720,240,Train,Pro Sports Shoes (White)
IMG04497,P00493,images/P00493/img61.jpg,Electronics,720,240,Test,Lite Wireless Mouse (Beige)
IMG04498,P00091,images/P00091/img08.jpg,Stationery,320,640,Train,Compact File Folder (Black)
IMG04499,P00667,images/P00667/img50.jpg,Home,320,768,Train,Lite Water Bottle (Beige)
IMG04500,P00761,images/P00761/img85.jpg,Home,1024,360,Train,Max Wall Clock (Beige)
IMG04501,P00692,images/P00692/img79.jpg,Electronics,480,640,Train,Max Earbuds (Green)
IMG04502,P00401,images/P00401/img46.jpg,Accessories,720,480,Train,Max Umbrella (Green)
IMG04503,P00178,images/P00178/img79.jpg,Electronics,480,360,Validation,Standard USB-C Cable (Silver)
IMG04504,P00442,images/P00442/img64.jpg,Home,480,360,Train,Standard Table Lamp (Blue)
IMG04505,P00168,images/P00168/img23.jpg,Electronics,1024,360,Train,Plus Keyboard (Silver)
IMG04506,P00565,images/P00565/img38.jpg,Accessories,1024,480,Train,Deluxe Handbag (Red)
IMG04507,P00700,images/P00700/img12.jpg,Accessories,320,640,Train,Plus Cap (Silver)
IMG04508,P00529,images/P00529/img95.jpg,Accessories,1024,640,Train,Premium Sunglasses (Green)
IMG04509,P00790,images/P00790/img15.jpg,Stationery,720,480,Test,Mini Marker Pack (Green)
IMG04510,P00284,images/P00284/img99.jpg,Electronics,480,240,Train,Standard Earbuds (Black)
IMG04511,P00456,images/P00456/img67.jpg,Electronics,320,768,Train,Mini Wireless Mouse (Silver)
IMG04512,P00192,images/P00192/img42.jpg,Accessories,480,480,Train,Classic Backpack (Grey)
IMG04513,P00550,images/P00550/img45.jpg,Electronics,480,240,Validation,Lite Wireless Mouse (White)
IMG04514,P00184,images/P00184/img55.jpg,Home,1024,360,Train,Lite Wall Clock (Grey)
IMG04515,P00359,images/P00359/img83.jpg,Footwear,640,640,Validation,Premium Hiking Boots (Green)
IMG04516,P00671,images/P00671/img12.jpg,Accessories,1024,360,Train,Mini Umbrella (White)
IMG04517,P00078,images/P00078/img24.jpg,Home,640,768,Train,Pro Photo Frame (Black)
IMG04518,P00314,images/P00314/img15.jpg,Stationery,720,240,Train,Premium Stapler (Black)
IMG04519,P00294,images/P00294/img39.jpg,Stationery,480,768,Train,Standard Sticky Notes (White)
IMG04520,P00068,images/P00068/img69.jpg,Electronics,1024,240,Validation,Compact Router (Black)
IMG04521,P00719,images/P00719/img70.jpg,Accessories,480,240,Train,Mini Wallet (Green)
IMG04522,P00159,images/P00159/img31.jpg,Home,640,768,Test,Plus Wall Clock (Blue)
IMG04523,P00201,images/P00201/img88.jpg,Stationery,720,360,Train,Premium File Folder (Silver)
IMG04524,P00604,images/P00604/img77.jpg,Footwear,640,240,Test,Premium Flip Flops (Red)
IMG04525,P00673,images/P00673/img16.jpg,Accessories,480,360,Train,Pro Umbrella (Green)
IMG04526,P00342,images/P00342/img67.jpg,Accessories,640,360,Validation,Deluxe Handbag (White)
IMG04527,P00269,images/P00269/img68.jpg,Accessories,640,768,Train,Lite Umbrella (Red)
IMG04528,P00269,images/P00269/img68.jpg,Accessories,480,640,Train,Lite Umbrella (Red)
IMG04529,P00655,images/P00655/img37.jpg,Accessories,480,360,Train,Lite Backpack (Silver)
IMG04530,P00418,images/P00418/img75.jpg,Electronics,480,768,Train,Lite Earbuds (Red)
IMG04531,P00616,images/P00616/img15.jpg,Home,640,640,Train,Compact Cushion (Green)
IMG04532,P00025,images/P00025/img02.jpg,Accessories,1024,240,Test,Max Sunglasses (Grey)
IMG04533,P00081,images/P00081/img18.jpg,Footwear,640,640,Train,Pro Loafers (Red)
IMG04534,P00509,images/P00509/img82.jpg,Stationery,1024,360,Train,Mini Scissors (Red)
IMG04535,P00047,images/P00047/img43.jpg,Accessories,720,640,Train,Deluxe Backpack (Red)
IMG04536,P00217,images/P00217/img66.jpg,Home,320,640,Train,Deluxe Photo Frame (Grey)
IMG04537,P00340,images/P00340/img17.jpg,Stationery,640,640,Validation,Standard Marker Pack (Beige)
IMG04538,P00019,images/P00019/img44.jpg,Stationery,640,360,Train,Mini Marker Pack (Silver)
IMG04539,P00199,images/P00199/img41.jpg,Electronics,480,480,Train,Pro USB-C Cable (Beige)
IMG04540,P00348,images/P00348/img08.jpg,Stationery,480,640,Validation,Compact Highlighter Set (Grey)
IMG04541,P00084,images/P00084/img41.jpg,Stationery,480,480,Train,Pro Stapler (Blue)
IMG04542,P00344,images/P00344/img62.jpg,Electronics,640,240,Train,Premium Power Bank (Beige)
IMG04543,P00261,images/P00261/img74.jpg,Footwear,1024,360,Validation,Compact Sneakers (Beige)
IMG04544,P00086,images/P00086/img09.jpg,Accessories,320,768,Train,Deluxe Cap (Red)
IMG04545,P00494,images/P00494/img73.jpg,Stationery,320,768,Validation,Max File Folder (Blue)
IMG04546,P00589,images/P00589/img88.jpg,Footwear,1024,240,Train,Premium Sneakers (Green)
IMG04547,P00068,images/P00068/img85.jpg,Electronics,1024,640,Train,Compact Router (Black)
IMG04548,P00439,images/P00439/img59.jpg,Home,480,768,Train,Premium Candle Holder (Beige)
IMG04549,P00441,images/P00441/img96.jpg,Accessories,640,768,Validation,Lite Travel Pouch (White)
IMG04550,P00058,images/P00058/img94.jpg,Stationery,320,240,Train,Mini Highlighter Set (Beige)
IMG04551,P00333,images/P00333/img94.jpg,Accessories,480,768,Train,Plus Travel Pouch (White)
IMG04552,P00351,images/P00351/img28.jpg,Footwear,480,240,Train,Lite Boots (Green)
IMG04553,P00730,images/P00730/img97.jpg,Footwear,1024,640,Train,Classic Boots (Grey)
IMG04554,P00426,images/P00426/img04.jpg,Stationery,640,240,Train,Compact Calculator (Black)
IMG04555,P00293,images/P00293/img45.jpg,Home,320,640,Train,Plus Door Mat (Beige)
IMG04556,P00607,images/P00607/img39.jpg,Stationery,1024,480,Train,Mini Calculator (Beige)
IMG04557,P00135,images/P00135/img65.jpg,Stationery,480,240,Train,Max Highlighter Set (Grey)
IMG04558,P00235,images/P00235/img31.jpg,Electronics,1024,768,Train,Pro Laptop Stand (Blue)
IMG04559,P00012,images/P00012/img14.jpg,Home,320,480,Train,Compact Table Lamp (Grey)
IMG04560,P00563,images/P00563/img17.jpg,Electronics,480,640,Train,Lite Laptop Stand (Blue)
IMG04561,P00206,images/P00206/img36.jpg,Footwear,1024,480,Validation,Standard Running Shoes (Silver)
IMG04562,P00686,images/P00686/img62.jpg,Electronics,640,640,Validation,Standard Tablet Stand (Silver)
IMG04563,P00317,images/P00317/img92.jpg,Electronics,640,360,Train,Deluxe Webcam (Blue)
IMG04564,P00214,images/P00214/img21.jpg,Home,480,480,Train,Premium Table Lamp (Grey)
IMG04565,P00230,images/P00230/img19.jpg,Home,640,640,Validation,Max Water Bottle (Grey)
IMG04566,P00490,images/P00490/img66.jpg,Footwear,320,640,Train,Compact Loafers (White)
IMG04567,P00724,images/P00724/img17.jpg,Footwear,480,640,Train,Plus Sandals (Silver)
IMG04568,P00489,images/P00489/img11.jpg,Accessories,320,480,Train,Plus Handbag (Beige)
IMG04569,P00528,images/P00528/img62.jpg,Stationery,480,480,Validation,Premium Scissors (Beige)
IMG04570,P00467,images/P00467/img60.jpg,Home,1024,480,Train,Mini Bed Sheet Set (White)
IMG04571,P00390,images/P00390/img41.jpg,Footwear,1024,640,Test,Pro Flip Flops (Beige)
IMG04572,P00532,images/P00532/img40.jpg,Footwear,480,640,Train,Lite Boots (Red)
IMG04573,P00036,images/P00036/img09.jpg,Accessories,720,240,Train,Deluxe Travel Pouch (Red)
IMG04574,P00077,images/P00077/img33.jpg,Accessories,480,360,Train,Mini Watch Strap (Grey)
IMG04575,P00762,images/P00762/img97.jpg,Electronics,1024,240,Validation,Pro Charger (Black)
IMG04576,P00235,images/P00235/img93.jpg,Electronics,720,360,Train,Pro Laptop Stand (Blue)
IMG04577,P00062,images/P00062/img96.jpg,Electronics,480,480,Train,Max HDMI Cable (Blue)
IMG04578,P00202,images/P00202/img16.jpg,Accessories,720,768,Test,Standard Keychain (Grey)
IMG04579,P00003,images/P00003/img24.jpg,Stationery,480,640,Validation,Classic File Folder (Black)
IMG04580,P00249,images/P00249/img81.jpg,Footwear,1024,640,Train,Deluxe Flip Flops (Green)
IMG04581,P00446,images/P00446/img75.jpg,Home,1024,640,Test,Premium Photo Frame (Black)
IMG04582,P00126,images/P00126/img93.jpg,Home,720,768,Validation,Deluxe Candle Holder (Red)
IMG04583,P00761,images/P00761/img05.jpg,Home,320,240,Validation,Max Wall Clock (Beige)
IMG04584,P00749,images/P00749/img35.jpg,Accessories,640,360,Validation,Premium Umbrella (Green)
IMG04585,P00733,images/P00733/img68.jpg,Stationery,480,360,Train,Lite Pen Set (Green)
IMG04586,P00096,images/P00096/img80.jpg,Footwear,720,480,Train,Plus Formal Shoes (Beige)
IMG04587,P00158,images/P00158/img66.jpg,Home,480,360,Train,Deluxe Table Lamp (Red)
IMG04588,P00413,images/P00413/img35.jpg,Electronics,480,240,Train,Pro Webcam (Green)
IMG04589,P00361,images/P00361/img89.jpg,Home,1024,240,Train,Standard Curtain (White)
IMG04590,P00564,images/P00564/img10.jpg,Home,1024,240,Train,Lite Bed Sheet Set (White)
IMG04591,P00163,images/P00163/img16.jpg,Footwear,320,480,Train,Deluxe Formal Shoes (Red)
IMG04592,P00187,images/P00187/img42.jpg,Footwear,480,768,Train,Premium Sneakers (Grey)
IMG04593,P00170,images/P00170/img88.jpg,Stationery,320,480,Train,Premium Calculator (Silver)
IMG04594,P00427,images/P00427/img81.jpg,Home,1024,640,Test,Classic Door Mat (Beige)
IMG04595,P00364,images/P00364/img82.jpg,Stationery,640,768,Train,Max Calculator (Green)
IMG04596,P00710,images/P00710/img51.jpg,Home,720,480,Train,Max Water Bottle (Red)
IMG04597,P00362,images/P00362/img42.jpg,Home,480,240,Validation,Plus Wall Clock (Red)
IMG04598,P00701,images/P00701/img99.jpg,Footwear,320,768,Train,Premium Flip Flops (Green)
IMG04599,P00594,images/P00594/img44.jpg,Footwear,640,480,Validation,Standard Running Shoes (Silver)
IMG04600,P00445,images/P00445/img31.jpg,Home,640,768,Validation,Standard Curtain (Blue)
IMG04601,P00065,images/P00065/img66.jpg,Electronics,480,360,Test,Lite Keyboard (Silver)
IMG04602,P00341,images/P00341/img05.jpg,Home,720,240,Validation,Mini Photo Frame (Green)
IMG04603,P00720,images/P00720/img14.jpg,Footwear,320,768,Test,Standard Flip Flops (Beige)
IMG04604,P00514,images/P00514/img40.jpg,Stationery,640,360,Validation,Mini Scissors (Beige)
IMG04605,P00425,images/P00425/img12.jpg,Electronics,1024,768,Validation,Plus Smart Watch (White)
IMG04606,P00010,images/P00010/img23.jpg,Electronics,640,360,Validation,Plus Webcam (Grey)
IMG04607,P00274,images/P00274/img28.jpg,Accessories,640,240,Validation,Deluxe Belt (Green)
IMG04608,P00272,images/P00272/img17.jpg,Accessories,640,360,Train,Standard Backpack (Grey)
IMG04609,P00739,images/P00739/img03.jpg,Footwear,640,768,Train,Mini Hiking Boots (Red)
IMG04610,P00800,images/P00800/img38.jpg,Home,1024,480,Train,Compact Wall Clock (White)
IMG04611,P00614,images/P00614/img88.jpg,Electronics,720,768,Train,Max USB-C Cable (White)
IMG04612,P00085,images/P00085/img71.jpg,Accessories,640,768,Train,Pro Wallet (Blue)
IMG04613,P00287,images/P00287/img80.jpg,Accessories,480,480,Validation,Max Wallet (Silver)
IMG04614,P00229,images/P00229/img63.jpg,Footwear,480,480,Validation,Plus Flip Flops (Silver)
IMG04615,P00455,images/P00455/img26.jpg,Home,320,640,Train,Lite Photo Frame (Red)
IMG04616,P00565,images/P00565/img48.jpg,Accessories,640,640,Train,Deluxe Handbag (Red)
IMG04617,P00688,images/P00688/img76.jpg,Footwear,320,768,Train,Standard Sports Shoes (White)
IMG04618,P00397,images/P00397/img31.jpg,Footwear,640,360,Train,Mini Sandals (Blue)
IMG04619,P00562,images/P00562/img61.jpg,Accessories,1024,640,Validation,Max Handbag (Black)
IMG04620,P00167,images/P00167/img49.jpg,Electronics,480,480,Validation,Standard Tablet Stand (Silver)
IMG04621,P00426,images/P00426/img20.jpg,Stationery,480,768,Validation,Compact Calculator (Black)
IMG04622,P00514,images/P00514/img21.jpg,Stationery,640,768,Test,Mini Scissors (Beige)
IMG04623,P00094,images/P00094/img71.jpg,Home,480,480,Train,Classic Storage Box (Grey)
IMG04624,P00372,images/P00372/img30.jpg,Accessories,720,360,Train,Pro Travel Pouch (Grey)
IMG04625,P00792,images/P00792/img20.jpg,Home,320,240,Test,Classic Cushion (Red)
IMG04626,P00169,images/P00169/img88.jpg,Footwear,1024,768,Train,Mini Sports Shoes (Grey)
IMG04627,P00648,images/P00648/img83.jpg,Accessories,1024,480,Train,Max Backpack (Blue)
IMG04628,P00552,images/P00552/img01.jpg,Footwear,720,240,Validation,Premium Flip Flops (Grey)
IMG04629,P00745,images/P00745/img85.jpg,Footwear,720,240,Validation,Plus Sandals (Red)
IMG04630,P00537,images/P00537/img12.jpg,Accessories,640,768,Train,Plus Wallet (Silver)
IMG04631,P00557,images/P00557/img91.jpg,Stationery,480,360,Validation,Pro Scissors (Beige)
IMG04632,P00602,images/P00602/img90.jpg,Home,480,480,Train,Plus Bed Sheet Set (Beige)
IMG04633,P00147,images/P00147/img43.jpg,Home,640,768,Train,Premium Storage Box (Blue)
IMG04634,P00432,images/P00432/img43.jpg,Home,640,360,Train,Mini Door Mat (Blue)
IMG04635,P00628,images/P00628/img94.jpg,Footwear,720,640,Train,Classic Flip Flops (Black)
IMG04636,P00628,images/P00628/img85.jpg,Footwear,720,360,Validation,Classic Flip Flops (Black)
IMG04637,P00623,images/P00623/img27.jpg,Accessories,1024,240,Train,Max Sunglasses (Green)
IMG04638,P00782,images/P00782/img20.jpg,Accessories,1024,240,Train,Mini Handbag (Beige)
IMG04639,P00020,images/P00020/img15.jpg,Home,1024,240,Train,Compact Wall Clock (Red)
IMG04640,P00240,images/P00240/img87.jpg,Electronics,1024,240,Train,Standard Power Bank (Green)
IMG04641,P00658,images/P00658/img19.jpg,Electronics,320,640,Train,Deluxe Earbuds (Grey)
IMG04642,P00349,images/P00349/img64.jpg,Electronics,480,480,Train,Standard USB-C Cable (Black)
IMG04643,P00301,images/P00301/img35.jpg,Footwear,320,480,Validation,Classic Hiking Boots (Black)
IMG04644,P00577,images/P00577/img04.jpg,Stationery,480,240,Validation,Compact Notebook (Silver)
IMG04645,P00456,images/P00456/img23.jpg,Electronics,320,640,Train,Mini Wireless Mouse (Silver)
IMG04646,P00307,images/P00307/img62.jpg,Footwear,480,360,Validation,Classic Formal Shoes (Blue)
IMG04647,P00446,images/P00446/img84.jpg,Home,640,360,Test,Premium Photo Frame (Black)
IMG04648,P00068,images/P00068/img15.jpg,Electronics,720,360,Train,Compact Router (Black)
IMG04649,P00575,images/P00575/img30.jpg,Stationery,720,480,Train,Classic Highlighter Set (Silver)
IMG04650,P00593,images/P00593/img69.jpg,Stationery,480,768,Validation,Premium Notebook (Black)
IMG04651,P00009,images/P00009/img99.jpg,Accessories,640,768,Train,Pro Wallet (Beige)
IMG04652,P00613,images/P00613/img45.jpg,Home,1024,360,Validation,Plus Cushion (Grey)
IMG04653,P00578,images/P00578/img64.jpg,Accessories,1024,640,Train,Standard Backpack (Grey)
IMG04654,P00385,images/P00385/img14.jpg,Stationery,1024,640,Test,Lite File Folder (Grey)
IMG04655,P00496,images/P00496/img95.jpg,Footwear,320,640,Validation,Compact Slippers (Silver)
IMG04656,P00457,images/P00457/img90.jpg,Stationery,720,480,Train,Compact File Folder (White)
IMG04657,P00746,images/P00746/img16.jpg,Home,320,768,Train,Mini Door Mat (Grey)
IMG04658,P00766,images/P00766/img64.jpg,Home,720,360,Test,Premium Storage Box (White)
IMG04659,P00454,images/P00454/img84.jpg,Electronics,640,768,Train,Mini Router (Green)
IMG04660,P00640,images/P00640/img58.jpg,Footwear,1024,240,Train,Pro Boots (Black)
IMG04661,P00738,images/P00738/img15.jpg,Footwear,720,240,Train,Plus Hiking Boots (Beige)
IMG04662,P00184,images/P00184/img90.jpg,Home,720,640,Train,Lite Wall Clock (Grey)
IMG04663,P00779,images/P00779/img02.jpg,Home,1024,240,Train,Classic Wall Clock (Red)
IMG04664,P00781,images/P00781/img81.jpg,Home,640,640,Train,Pro Curtain (Black)
IMG04665,P00748,images/P00748/img02.jpg,Electronics,640,480,Train,Compact Keyboard (Grey)
IMG04666,P00193,images/P00193/img11.jpg,Footwear,1024,240,Train,Pro Slippers (Black)
IMG04667,P00263,images/P00263/img85.jpg,Electronics,480,640,Train,Standard Router (Red)
IMG04668,P00496,images/P00496/img38.jpg,Footwear,720,640,Train,Compact Slippers (Silver)
IMG04669,P00389,images/P00389/img41.jpg,Accessories,640,360,Train,Standard Travel Pouch (Green)
IMG04670,P00619,images/P00619/img69.jpg,Home,720,640,Train,Premium Table Lamp (Green)
IMG04671,P00292,images/P00292/img45.jpg,Electronics,320,640,Train,Max Headphones (Blue)
IMG04672,P00507,images/P00507/img26.jpg,Stationery,320,768,Train,Pro Desk Organizer (Blue)
IMG04673,P00314,images/P00314/img35.jpg,Stationery,480,240,Train,Premium Stapler (Black)
IMG04674,P00163,images/P00163/img87.jpg,Footwear,320,768,Train,Deluxe Formal Shoes (Red)
IMG04675,P00646,images/P00646/img12.jpg,Accessories,720,640,Train,Pro Backpack (Grey)
IMG04676,P00314,images/P00314/img27.jpg,Stationery,720,240,Test,Premium Stapler (Black)
IMG04677,P00231,images/P00231/img42.jpg,Stationery,480,768,Train,Lite Sticky Notes (Silver)
IMG04678,P00525,images/P00525/img97.jpg,Home,480,480,Train,Standard Storage Box (Red)
IMG04679,P00442,images/P00442/img67.jpg,Home,640,768,Validation,Standard Table Lamp (Blue)
IMG04680,P00593,images/P00593/img84.jpg,Stationery,480,768,Train,Premium Notebook (Black)
IMG04681,P00699,images/P00699/img26.jpg,Home,640,360,Train,Pro Table Lamp (Blue)
IMG04682,P00411,images/P00411/img24.jpg,Home,640,640,Train,Plus Bed Sheet Set (Red)
IMG04683,P00191,images/P00191/img09.jpg,Electronics,720,640,Train,Compact Charger (Blue)
IMG04684,P00132,images/P00132/img43.jpg,Home,480,768,Train,Compact Curtain (Beige)
IMG04685,P00696,images/P00696/img55.jpg,Home,1024,640,Validation,Standard Photo Frame (Silver)
IMG04686,P00607,images/P00607/img13.jpg,Stationery,320,768,Test,Mini Calculator (Beige)
IMG04687,P00185,images/P00185/img85.jpg,Footwear,480,240,Validation,Max Formal Shoes (Green)
IMG04688,P00617,images/P00617/img51.jpg,Accessories,1024,480,Validation,Premium Watch Strap (Green)
IMG04689,P00745,images/P00745/img21.jpg,Footwear,640,240,Validation,Plus Sandals (Red)
IMG04690,P00721,images/P00721/img37.jpg,Stationery,1024,240,Train,Deluxe Sticky Notes (Beige)
IMG04691,P00379,images/P00379/img47.jpg,Electronics,1024,360,Train,Pro Laptop Stand (Green)
IMG04692,P00196,images/P00196/img95.jpg,Accessories,640,640,Train,Pro Umbrella (White)
IMG04693,P00342,images/P00342/img70.jpg,Accessories,320,240,Test,Deluxe Handbag (White)
IMG04694,P00322,images/P00322/img18.jpg,Home,480,640,Train,Max Door Mat (Beige)
IMG04695,P00244,images/P00244/img63.jpg,Accessories,720,480,Train,Compact Handbag (Beige)
IMG04696,P00306,images/P00306/img24.jpg,Footwear,640,480,Test,Compact Sandals (Grey)
IMG04697,P00787,images/P00787/img11.jpg,Stationery,480,480,Train,Standard File Folder (Beige)
IMG04698,P00731,images/P00731/img49.jpg,Footwear,1024,480,Validation,Lite Flip Flops (Blue)
IMG04699,P00434,images/P00434/img88.jpg,Accessories,640,360,Train,Classic Belt (Red)
IMG04700,P00118,images/P00118/img16.jpg,Home,640,480,Test,Classic Bed Sheet Set (Grey)
IMG04701,P00224,images/P00224/img74.jpg,Accessories,480,240,Validation,Premium Watch Strap (Grey)
IMG04702,P00490,images/P00490/img08.jpg,Footwear,1024,360,Test,Compact Loafers (White)
IMG04703,P00374,images/P00374/img84.jpg,Accessories,640,240,Train,Pro Cap (White)
IMG04704,P00253,images/P00253/img42.jpg,Accessories,320,640,Train,Deluxe Handbag (Beige)
IMG04705,P00638,images/P00638/img66.jpg,Accessories,640,240,Train,Standard Cap (White)
IMG04706,P00374,images/P00374/img89.jpg,Accessories,640,768,Train,Pro Cap (White)
IMG04707,P00054,images/P00054/img95.jpg,Electronics,480,768,Train,Standard Monitor (Green)
IMG04708,P00064,images/P00064/img95.jpg,Home,720,480,Train,Mini Water Bottle (Beige)
IMG04709,P00090,images/P00090/img19.jpg,Footwear,1024,240,Train,Mini Boots (Silver)
IMG04710,P00071,images/P00071/img68.jpg,Stationery,640,240,Validation,Mini Pen Set (White)
IMG04711,P00398,images/P00398/img52.jpg,Home,720,360,Test,Standard Water Bottle (Green)
IMG04712,P00033,images/P00033/img38.jpg,Accessories,1024,240,Validation,Lite Wallet (Beige)
IMG04713,P00561,images/P00561/img23.jpg,Accessories,640,360,Train,Deluxe Cap (Black)
IMG04714,P00412,images/P00412/img16.jpg,Home,720,240,Train,Plus Table Lamp (Red)
IMG04715,P00762,images/P00762/img26.jpg,Electronics,320,360,Train,Pro Charger (Black)
IMG04716,P00566,images/P00566/img31.jpg,Footwear,720,640,Validation,Premium Sandals (Blue)
IMG04717,P00154,images/P00154/img87.jpg,Electronics,640,240,Train,Classic Laptop Stand (Black)
IMG04718,P00784,images/P00784/img27.jpg,Home,1024,360,Train,Classic Table Lamp (White)
IMG04719,P00744,images/P00744/img56.jpg,Electronics,720,240,Train,Mini Power Bank (Blue)
IMG04720,P00502,images/P00502/img37.jpg,Electronics,1024,480,Train,Mini Keyboard (Grey)
IMG04721,P00538,images/P00538/img57.jpg,Accessories,720,640,Test,Max Umbrella (Red)
IMG04722,P00536,images/P00536/img77.jpg,Accessories,720,640,Train,Lite Sunglasses (Black)
IMG04723,P00291,images/P00291/img27.jpg,Electronics,480,240,Train,Lite Wireless Mouse (Silver)
IMG04724,P00321,images/P00321/img36.jpg,Electronics,720,480,Train,Pro Earbuds (Red)
IMG04725,P00019,images/P00019/img71.jpg,Stationery,320,240,Validation,Mini Marker Pack (Silver)
IMG04726,P00633,images/P00633/img29.jpg,Home,720,640,Train,Classic Water Bottle (Beige)
IMG04727,P00186,images/P00186/img37.jpg,Electronics,320,480,Train,Compact Charger (Blue)
IMG04728,P00633,images/P00633/img69.jpg,Home,320,240,Train,Classic Water Bottle (Beige)
IMG04729,P00322,images/P00322/img03.jpg,Home,720,768,Train,Max Door Mat (Beige)
IMG04730,P00193,images/P00193/img57.jpg,Footwear,480,360,Train,Pro Slippers (Black)
IMG04731,P00005,images/P00005/img24.jpg,Stationery,320,640,Validation,Compact Marker Pack (Beige)
IMG04732,P00741,images/P00741/img95.jpg,Stationery,480,360,Validation,Deluxe Stapler (Blue)
IMG04733,P00135,images/P00135/img59.jpg,Stationery,1024,240,Train,Max Highlighter Set (Grey)
IMG04734,P00426,images/P00426/img77.jpg,Stationery,720,640,Train,Compact Calculator (Black)
IMG04735,P00481,images/P00481/img11.jpg,Stationery,640,768,Validation,Classic Notebook (White)
IMG04736,P00251,images/P00251/img71.jpg,Stationery,720,480,Validation,Classic Highlighter Set (Blue)
IMG04737,P00560,images/P00560/img61.jpg,Home,1024,768,Validation,Premium Cushion (Grey)
IMG04738,P00724,images/P00724/img97.jpg,Footwear,480,768,Train,Plus Sandals (Silver)
IMG04739,P00160,images/P00160/img73.jpg,Stationery,640,640,Train,Pro Desk Organizer (Blue)
IMG04740,P00503,images/P00503/img54.jpg,Accessories,320,360,Train,Plus Watch Strap (Black)
IMG04741,P00605,images/P00605/img13.jpg,Footwear,480,480,Train,Mini Boots (Silver)
IMG04742,P00580,images/P00580/img03.jpg,Electronics,480,480,Test,Plus Keyboard (White)
IMG04743,P00678,images/P00678/img49.jpg,Stationery,1024,240,Train,Lite Sticky Notes (Green)
IMG04744,P00436,images/P00436/img39.jpg,Stationery,320,240,Validation,Lite Highlighter Set (Black)
IMG04745,P00274,images/P00274/img71.jpg,Accessories,1024,240,Test,Deluxe Belt (Green)
IMG04746,P00717,images/P00717/img06.jpg,Accessories,320,360,Train,Deluxe Keychain (White)
IMG04747,P00700,images/P00700/img24.jpg,Accessories,1024,640,Validation,Plus Cap (Silver)
IMG04748,P00232,images/P00232/img26.jpg,Home,480,240,Train,Classic Table Lamp (Red)
IMG04749,P00665,images/P00665/img85.jpg,Electronics,720,240,Train,Pro Wireless Mouse (Green)
IMG04750,P00437,images/P00437/img98.jpg,Footwear,720,240,Train,Plus Boots (Black)
IMG04751,P00783,images/P00783/img12.jpg,Stationery,480,768,Train,Plus File Folder (Blue)
IMG04752,P00786,images/P00786/img77.jpg,Electronics,320,360,Train,Standard Earbuds (Grey)
IMG04753,P00126,images/P00126/img36.jpg,Home,720,480,Train,Deluxe Candle Holder (Red)
IMG04754,P00355,images/P00355/img24.jpg,Home,1024,480,Train,Standard Water Bottle (Black)
IMG04755,P00734,images/P00734/img69.jpg,Stationery,720,360,Train,Premium Notebook (Red)
IMG04756,P00147,images/P00147/img22.jpg,Home,320,640,Train,Premium Storage Box (Blue)
IMG04757,P00686,images/P00686/img45.jpg,Electronics,320,640,Train,Standard Tablet Stand (Silver)
IMG04758,P00472,images/P00472/img94.jpg,Stationery,1024,240,Train,Mini Desk Organizer (Blue)
IMG04759,P00495,images/P00495/img73.jpg,Accessories,1024,480,Train,Plus Keychain (Red)
IMG04760,P00163,images/P00163/img49.jpg,Footwear,640,360,Validation,Deluxe Formal Shoes (Red)
IMG04761,P00535,images/P00535/img57.jpg,Stationery,1024,640,Train,Standard Calculator (Beige)
IMG04762,P00377,images/P00377/img95.jpg,Home,480,360,Train,Max Curtain (Green)
IMG04763,P00794,images/P00794/img66.jpg,Home,720,640,Validation,Deluxe Curtain (Black)
IMG04764,P00612,images/P00612/img08.jpg,Electronics,320,640,Validation,Deluxe USB-C Cable (Red)
IMG04765,P00714,images/P00714/img50.jpg,Home,320,768,Train,Plus Bed Sheet Set (Beige)
IMG04766,P00723,images/P00723/img35.jpg,Stationery,720,640,Train,Premium Sticky Notes (Grey)
IMG04767,P00139,images/P00139/img22.jpg,Footwear,320,480,Validation,Pro Sneakers (Beige)
IMG04768,P00690,images/P00690/img11.jpg,Stationery,320,768,Train,Standard Calculator (Black)
IMG04769,P00133,images/P00133/img53.jpg,Stationery,720,480,Train,Mini Highlighter Set (Silver)
IMG04770,P00206,images/P00206/img04.jpg,Footwear,720,640,Validation,Standard Running Shoes (Silver)
IMG04771,P00790,images/P00790/img29.jpg,Stationery,1024,480,Train,Mini Marker Pack (Green)
IMG04772,P00263,images/P00263/img61.jpg,Electronics,640,480,Train,Standard Router (Red)
IMG04773,P00529,images/P00529/img86.jpg,Accessories,480,480,Train,Premium Sunglasses (Green)
IMG04774,P00162,images/P00162/img60.jpg,Accessories,720,240,Validation,Standard Keychain (Beige)
IMG04775,P00780,images/P00780/img43.jpg,Home,640,240,Train,Pro Candle Holder (Red)
IMG04776,P00546,images/P00546/img86.jpg,Accessories,720,640,Train,Classic Cap (White)
IMG04777,P00017,images/P00017/img09.jpg,Footwear,1024,480,Validation,Plus Loafers (Red)
IMG04778,P00288,images/P00288/img46.jpg,Electronics,720,480,Validation,Compact Router (Green)
IMG04779,P00710,images/P00710/img05.jpg,Home,480,480,Train,Max Water Bottle (Red)
IMG04780,P00449,images/P00449/img95.jpg,Stationery,720,240,Train,Classic Sticky Notes (Blue)
IMG04781,P00355,images/P00355/img54.jpg,Home,640,240,Train,Standard Water Bottle (Black)
IMG04782,P00551,images/P00551/img64.jpg,Accessories,480,480,Train,Premium Cap (Silver)
IMG04783,P00167,images/P00167/img89.jpg,Electronics,480,480,Train,Standard Tablet Stand (Silver)
IMG04784,P00549,images/P00549/img51.jpg,Home,320,768,Train,Mini Door Mat (Grey)
IMG04785,P00456,images/P00456/img99.jpg,Electronics,480,240,Train,Mini Wireless Mouse (Silver)
IMG04786,P00233,images/P00233/img07.jpg,Footwear,1024,240,Train,Compact Boots (Black)
IMG04787,P00052,images/P00052/img52.jpg,Stationery,1024,240,Validation,Premium Desk Organizer (Red)
IMG04788,P00222,images/P00222/img55.jpg,Electronics,1024,240,Train,Plus Laptop Stand (Beige)
IMG04789,P00257,images/P00257/img67.jpg,Footwear,1024,640,Train,Standard Formal Shoes (White)
IMG04790,P00686,images/P00686/img32.jpg,Electronics,720,360,Validation,Standard Tablet Stand (Silver)
IMG04791,P00557,images/P00557/img96.jpg,Stationery,720,360,Train,Pro Scissors (Beige)
IMG04792,P00642,images/P00642/img06.jpg,Stationery,320,360,Train,Classic Highlighter Set (Black)
IMG04793,P00248,images/P00248/img20.jpg,Home,640,240,Train,Premium Storage Box (Black)
IMG04794,P00038,images/P00038/img89.jpg,Stationery,640,768,Train,Premium Scissors (Black)
IMG04795,P00102,images/P00102/img32.jpg,Accessories,1024,240,Validation,Max Cap (Red)
IMG04796,P00074,images/P00074/img83.jpg,Stationery,1024,240,Train,Classic Desk Organizer (White)
IMG04797,P00485,images/P00485/img74.jpg,Home,720,360,Train,Standard Cushion (Grey)
IMG04798,P00643,images/P00643/img09.jpg,Footwear,720,480,Train,Premium Formal Shoes (Beige)
IMG04799,P00133,images/P00133/img86.jpg,Stationery,720,480,Train,Mini Highlighter Set (Silver)
IMG04800,P00574,images/P00574/img69.jpg,Footwear,640,240,Train,Premium Hiking Boots (White)
IMG04801,P00110,images/P00110/img01.jpg,Home,480,240,Train,Max Curtain (Grey)
IMG04802,P00226,images/P00226/img86.jpg,Electronics,480,480,Train,Lite Webcam (Green)
IMG04803,P00462,images/P00462/img65.jpg,Accessories,320,480,Train,Compact Wallet (Grey)
IMG04804,P00440,images/P00440/img87.jpg,Accessories,720,360,Train,Premium Sunglasses (Silver)
IMG04805,P00504,images/P00504/img41.jpg,Home,1024,360,Train,Deluxe Water Bottle (Red)
IMG04806,P00526,images/P00526/img61.jpg,Home,640,480,Train,Deluxe Bed Sheet Set (Silver)
IMG04807,P00334,images/P00334/img85.jpg,Accessories,640,768,Validation,Max Keychain (Beige)
IMG04808,P00553,images/P00553/img58.jpg,Footwear,1024,768,Train,Plus Formal Shoes (Blue)
IMG04809,P00249,images/P00249/img21.jpg,Footwear,480,768,Train,Deluxe Flip Flops (Green)
IMG04810,P00437,images/P00437/img39.jpg,Footwear,480,768,Validation,Plus Boots (Black)
IMG04811,P00679,images/P00679/img34.jpg,Stationery,480,360,Train,Premium Marker Pack (Green)
IMG04812,P00319,images/P00319/img12.jpg,Home,720,480,Train,Compact Curtain (Grey)
IMG04813,P00768,images/P00768/img96.jpg,Electronics,1024,640,Validation,Plus Webcam (Grey)
IMG04814,P00478,images/P00478/img47.jpg,Accessories,480,640,Train,Compact Keychain (White)
IMG04815,P00123,images/P00123/img97.jpg,Electronics,320,360,Validation,Max Tablet Stand (Grey)
IMG04816,P00234,images/P00234/img96.jpg,Stationery,640,768,Train,Pro File Folder (Red)
IMG04817,P00062,images/P00062/img57.jpg,Electronics,1024,240,Train,Max HDMI Cable (Blue)
IMG04818,P00301,images/P00301/img63.jpg,Footwear,640,640,Validation,Classic Hiking Boots (Black)
IMG04819,P00643,images/P00643/img01.jpg,Footwear,720,640,Train,Premium Formal Shoes (Beige)
IMG04820,P00190,images/P00190/img09.jpg,Footwear,640,640,Train,Mini Loafers (Grey)
IMG04821,P00774,images/P00774/img47.jpg,Electronics,640,240,Train,Standard Router (Green)
IMG04822,P00665,images/P00665/img35.jpg,Electronics,1024,360,Train,Pro Wireless Mouse (Green)
IMG04823,P00282,images/P00282/img85.jpg,Accessories,720,768,Test,Premium Wallet (White)
IMG04824,P00230,images/P00230/img16.jpg,Home,1024,480,Train,Max Water Bottle (Grey)
IMG04825,P00682,images/P00682/img89.jpg,Home,720,480,Train,Standard Wall Clock (Green)
IMG04826,P00193,images/P00193/img12.jpg,Footwear,720,240,Train,Pro Slippers (Black)
IMG04827,P00508,images/P00508/img72.jpg,Electronics,480,640,Validation,Plus Keyboard (Green)
IMG04828,P00436,images/P00436/img03.jpg,Stationery,720,768,Train,Lite Highlighter Set (Black)
IMG04829,P00533,images/P00533/img95.jpg,Home,720,768,Test,Premium Photo Frame (Green)
IMG04830,P00738,images/P00738/img97.jpg,Footwear,480,768,Train,Plus Hiking Boots (Beige)
IMG04831,P00248,images/P00248/img92.jpg,Home,320,768,Train,Premium Storage Box (Black)
IMG04832,P00330,images/P00330/img29.jpg,Electronics,1024,240,Train,Deluxe Power Bank (Grey)
IMG04833,P00360,images/P00360/img35.jpg,Electronics,480,240,Train,Pro Keyboard (Red)
IMG04834,P00666,images/P00666/img57.jpg,Stationery,320,480,Train,Deluxe Pen Set (Green)
IMG04835,P00271,images/P00271/img73.jpg,Home,480,360,Train,Plus Curtain (Grey)
IMG04836,P00259,images/P00259/img07.jpg,Electronics,720,640,Train,Plus Wireless Mouse (Black)
IMG04837,P00021,images/P00021/img52.jpg,Accessories,640,240,Train,Max Backpack (Black)
IMG04838,P00271,images/P00271/img50.jpg,Home,480,640,Validation,Plus Curtain (Grey)
IMG04839,P00568,images/P00568/img97.jpg,Stationery,720,640,Train,Compact Highlighter Set (Red)
IMG04840,P00529,images/P00529/img02.jpg,Accessories,320,360,Train,Premium Sunglasses (Green)
IMG04841,P00107,images/P00107/img25.jpg,Stationery,720,480,Validation,Classic Stapler (White)
IMG04842,P00706,images/P00706/img59.jpg,Stationery,1024,240,Validation,Plus Sticky Notes (Beige)
IMG04843,P00464,images/P00464/img50.jpg,Stationery,720,640,Train,Pro Marker Pack (Red)
IMG04844,P00553,images/P00553/img31.jpg,Footwear,320,360,Train,Plus Formal Shoes (Blue)
IMG04845,P00148,images/P00148/img76.jpg,Stationery,720,768,Train,Classic Calculator (Beige)
IMG04846,P00344,images/P00344/img20.jpg,Electronics,1024,640,Train,Premium Power Bank (Beige)
IMG04847,P00538,images/P00538/img86.jpg,Accessories,1024,360,Test,Max Umbrella (Red)
IMG04848,P00563,images/P00563/img65.jpg,Electronics,720,240,Train,Lite Laptop Stand (Blue)
IMG04849,P00210,images/P00210/img76.jpg,Stationery,640,480,Train,Standard Marker Pack (White)
IMG04850,P00236,images/P00236/img37.jpg,Home,320,480,Train,Compact Wall Clock (Grey)
IMG04851,P00675,images/P00675/img87.jpg,Home,320,640,Train,Mini Table Lamp (Grey)
IMG04852,P00333,images/P00333/img47.jpg,Accessories,1024,240,Validation,Plus Travel Pouch (White)
IMG04853,P00074,images/P00074/img97.jpg,Stationery,720,768,Train,Classic Desk Organizer (White)
IMG04854,P00612,images/P00612/img63.jpg,Electronics,720,360,Validation,Deluxe USB-C Cable (Red)
IMG04855,P00547,images/P00547/img59.jpg,Stationery,480,640,Train,Compact Marker Pack (Black)
IMG04856,P00373,images/P00373/img14.jpg,Home,320,240,Train,Classic Door Mat (Black)
IMG04857,P00363,images/P00363/img28.jpg,Accessories,640,768,Train,Pro Sunglasses (White)
IMG04858,P00629,images/P00629/img79.jpg,Electronics,640,360,Train,Classic Tablet Stand (Black)
IMG04859,P00514,images/P00514/img08.jpg,Stationery,320,240,Test,Mini Scissors (Beige)
IMG04860,P00444,images/P00444/img25.jpg,Electronics,320,768,Train,Lite Webcam (Grey)
IMG04861,P00800,images/P00800/img97.jpg,Home,320,768,Validation,Compact Wall Clock (White)
IMG04862,P00741,images/P00741/img82.jpg,Stationery,720,360,Train,Deluxe Stapler (Blue)
IMG04863,P00747,images/P00747/img10.jpg,Home,720,640,Train,Premium Candle Holder (White)
IMG04864,P00635,images/P00635/img29.jpg,Stationery,720,360,Train,Classic Stapler (Beige)
IMG04865,P00052,images/P00052/img12.jpg,Stationery,320,360,Validation,Premium Desk Organizer (Red)
IMG04866,P00043,images/P00043/img02.jpg,Stationery,720,240,Test,Lite Sticky Notes (Beige)
IMG04867,P00344,images/P00344/img65.jpg,Electronics,720,360,Train,Premium Power Bank (Beige)
IMG04868,P00128,images/P00128/img78.jpg,Footwear,480,480,Train,Pro Running Shoes (Beige)
IMG04869,P00126,images/P00126/img72.jpg,Home,1024,360,Train,Deluxe Candle Holder (Red)
IMG04870,P00286,images/P00286/img69.jpg,Accessories,480,360,Train,Deluxe Cap (Beige)
IMG04871,P00304,images/P00304/img60.jpg,Stationery,320,480,Train,Max Marker Pack (Green)
IMG04872,P00718,images/P00718/img16.jpg,Footwear,640,240,Train,Pro Loafers (Red)
IMG04873,P00649,images/P00649/img21.jpg,Home,1024,480,Train,Lite Table Lamp (Blue)
IMG04874,P00572,images/P00572/img98.jpg,Stationery,1024,480,Test,Mini Calculator (Blue)
IMG04875,P00536,images/P00536/img57.jpg,Accessories,320,240,Test,Lite Sunglasses (Black)
IMG04876,P00420,images/P00420/img82.jpg,Home,1024,240,Train,Premium Curtain (White)
IMG04877,P00121,images/P00121/img29.jpg,Stationery,1024,640,Validation,Mini Highlighter Set (White)
IMG04878,P00406,images/P00406/img09.jpg,Stationery,320,768,Train,Compact Pen Set (White)
IMG04879,P00579,images/P00579/img40.jpg,Electronics,1024,640,Train,Max Charger (White)
IMG04880,P00149,images/P00149/img95.jpg,Stationery,720,240,Train,Classic Desk Organizer (White)
IMG04881,P00595,images/P00595/img87.jpg,Footwear,320,480,Train,Max Flip Flops (Black)
IMG04882,P00294,images/P00294/img03.jpg,Stationery,1024,360,Validation,Standard Sticky Notes (White)
IMG04883,P00292,images/P00292/img49.jpg,Electronics,320,768,Validation,Max Headphones (Blue)
IMG04884,P00126,images/P00126/img55.jpg,Home,640,480,Train,Deluxe Candle Holder (Red)
IMG04885,P00212,images/P00212/img82.jpg,Footwear,720,360,Train,Classic Formal Shoes (Blue)
IMG04886,P00622,images/P00622/img07.jpg,Electronics,320,768,Train,Compact Power Bank (Beige)
IMG04887,P00410,images/P00410/img23.jpg,Accessories,1024,768,Train,Standard Backpack (Black)
IMG04888,P00750,images/P00750/img29.jpg,Stationery,1024,240,Train,Pro Notebook (Silver)
IMG04889,P00103,images/P00103/img02.jpg,Electronics,640,240,Train,Max Monitor (Beige)
IMG04890,P00238,images/P00238/img28.jpg,Home,320,480,Validation,Mini Bed Sheet Set (Beige)
IMG04891,P00404,images/P00404/img64.jpg,Footwear,480,240,Train,Deluxe Sneakers (Blue)
IMG04892,P00739,images/P00739/img79.jpg,Footwear,320,640,Train,Mini Hiking Boots (Red)
IMG04893,P00392,images/P00392/img10.jpg,Accessories,1024,240,Train,Max Sunglasses (Green)
IMG04894,P00576,images/P00576/img89.jpg,Footwear,640,360,Train,Standard Flip Flops (Silver)
IMG04895,P00532,images/P00532/img80.jpg,Footwear,720,640,Train,Lite Boots (Red)
IMG04896,P00401,images/P00401/img32.jpg,Accessories,320,768,Train,Max Umbrella (Green)
IMG04897,P00352,images/P00352/img99.jpg,Electronics,480,360,Train,Premium Wireless Mouse (Beige)
IMG04898,P00132,images/P00132/img14.jpg,Home,1024,240,Train,Compact Curtain (Beige)
IMG04899,P00420,images/P00420/img10.jpg,Home,720,480,Train,Premium Curtain (White)
IMG04900,P00230,images/P00230/img66.jpg,Home,640,480,Train,Max Water Bottle (Grey)
IMG04901,P00663,images/P00663/img17.jpg,Accessories,720,360,Train,Mini Wallet (White)
IMG04902,P00661,images/P00661/img83.jpg,Accessories,720,360,Train,Pro Handbag (White)
IMG04903,P00490,images/P00490/img81.jpg,Footwear,720,360,Train,Compact Loafers (White)
IMG04904,P00335,images/P00335/img73.jpg,Stationery,720,360,Train,Deluxe Desk Organizer (Black)
IMG04905,P00210,images/P00210/img48.jpg,Stationery,480,480,Train,Standard Marker Pack (White)
IMG04906,P00720,images/P00720/img86.jpg,Footwear,480,640,Validation,Standard Flip Flops (Beige)
IMG04907,P00269,images/P00269/img68.jpg,Accessories,320,640,Train,Lite Umbrella (Red)
IMG04908,P00406,images/P00406/img53.jpg,Stationery,320,768,Train,Compact Pen Set (White)
IMG04909,P00327,images/P00327/img40.jpg,Home,640,768,Train,Plus Table Lamp (Blue)
IMG04910,P00653,images/P00653/img81.jpg,Electronics,640,480,Train,Max Keyboard (White)
IMG04911,P00590,images/P00590/img44.jpg,Footwear,320,640,Train,Max Boots (White)
IMG04912,P00305,images/P00305/img22.jpg,Footwear,640,768,Train,Classic Hiking Boots (Grey)
IMG04913,P00188,images/P00188/img62.jpg,Stationery,480,768,Train,Deluxe Calculator (Grey)
IMG04914,P00545,images/P00545/img70.jpg,Home,720,640,Train,Max Door Mat (Grey)
IMG04915,P00007,images/P00007/img08.jpg,Electronics,640,768,Train,Mini Earbuds (Beige)
IMG04916,P00551,images/P00551/img19.jpg,Accessories,720,240,Train,Premium Cap (Silver)
IMG04917,P00612,images/P00612/img05.jpg,Electronics,1024,640,Train,Deluxe USB-C Cable (Red)
IMG04918,P00218,images/P00218/img12.jpg,Electronics,1024,640,Train,Max Headphones (Black)
IMG04919,P00523,images/P00523/img45.jpg,Footwear,1024,240,Train,Deluxe Running Shoes (White)
IMG04920,P00001,images/P00001/img67.jpg,Electronics,480,240,Train,Lite Wireless Mouse (Red)
IMG04921,P00300,images/P00300/img50.jpg,Electronics,320,360,Validation,Premium Tablet Stand (White)
IMG04922,P00532,images/P00532/img88.jpg,Footwear,480,640,Validation,Lite Boots (Red)
IMG04923,P00370,images/P00370/img63.jpg,Footwear,1024,640,Train,Pro Slippers (Silver)
IMG04924,P00743,images/P00743/img12.jpg,Stationery,640,768,Train,Mini Pen Set (Beige)
IMG04925,P00263,images/P00263/img32.jpg,Electronics,1024,360,Test,Standard Router (Red)
IMG04926,P00797,images/P00797/img69.jpg,Accessories,1024,240,Validation,Compact Travel Pouch (Grey)
IMG04927,P00441,images/P00441/img75.jpg,Accessories,720,640,Train,Lite Travel Pouch (White)
IMG04928,P00006,images/P00006/img39.jpg,Footwear,640,640,Train,Deluxe Slippers (Grey)
IMG04929,P00648,images/P00648/img89.jpg,Accessories,480,240,Validation,Max Backpack (Blue)
IMG04930,P00510,images/P00510/img24.jpg,Stationery,320,640,Validation,Standard Calculator (Black)
IMG04931,P00049,images/P00049/img98.jpg,Electronics,480,768,Train,Pro USB-C Cable (Black)
IMG04932,P00714,images/P00714/img59.jpg,Home,480,768,Validation,Plus Bed Sheet Set (Beige)
IMG04933,P00047,images/P00047/img75.jpg,Accessories,1024,768,Validation,Deluxe Backpack (Red)
IMG04934,P00784,images/P00784/img86.jpg,Home,1024,480,Train,Classic Table Lamp (White)
IMG04935,P00491,images/P00491/img59.jpg,Accessories,640,640,Train,Premium Belt (White)
IMG04936,P00640,images/P00640/img27.jpg,Footwear,320,480,Train,Pro Boots (Black)
IMG04937,P00074,images/P00074/img05.jpg,Stationery,640,768,Train,Classic Desk Organizer (White)
IMG04938,P00499,images/P00499/img71.jpg,Footwear,640,768,Validation,Deluxe Sneakers (Green)
IMG04939,P00440,images/P00440/img06.jpg,Accessories,320,480,Train,Premium Sunglasses (Silver)
IMG04940,P00143,images/P00143/img47.jpg,Home,320,768,Validation,Plus Water Bottle (Grey)
IMG04941,P00446,images/P00446/img84.jpg,Home,1024,768,Train,Premium Photo Frame (Black)
IMG04942,P00699,images/P00699/img45.jpg,Home,640,240,Validation,Pro Table Lamp (Blue)
IMG04943,P00483,images/P00483/img66.jpg,Footwear,1024,480,Train,Standard Hiking Boots (Black)
IMG04944,P00595,images/P00595/img74.jpg,Footwear,640,240,Test,Max Flip Flops (Black)
IMG04945,P00104,images/P00104/img69.jpg,Accessories,320,480,Test,Pro Cap (Grey)
IMG04946,P00750,images/P00750/img92.jpg,Stationery,1024,360,Train,Pro Notebook (Silver)
IMG04947,P00046,images/P00046/img99.jpg,Electronics,480,640,Train,Max USB-C Cable (White)
IMG04948,P00159,images/P00159/img68.jpg,Home,720,768,Train,Plus Wall Clock (Blue)
IMG04949,P00329,images/P00329/img79.jpg,Electronics,720,360,Train,Plus Keyboard (Beige)
IMG04950,P00762,images/P00762/img86.jpg,Electronics,720,640,Validation,Pro Charger (Black)
IMG04951,P00573,images/P00573/img15.jpg,Accessories,320,768,Validation,Premium Travel Pouch (White)
IMG04952,P00110,images/P00110/img32.jpg,Home,320,480,Validation,Max Curtain (Grey)
IMG04953,P00349,images/P00349/img35.jpg,Electronics,320,240,Train,Standard USB-C Cable (Black)
IMG04954,P00207,images/P00207/img13.jpg,Stationery,720,768,Test,Lite Highlighter Set (Black)
IMG04955,P00400,images/P00400/img20.jpg,Home,320,360,Test,Compact Cushion (Red)
IMG04956,P00181,images/P00181/img26.jpg,Footwear,1024,240,Train,Max Sports Shoes (Grey)
IMG04957,P00371,images/P00371/img11.jpg,Home,640,360,Train,Lite Wall Clock (Black)
IMG04958,P00218,images/P00218/img19.jpg,Electronics,1024,480,Train,Max Headphones (Black)
IMG04959,P00653,images/P00653/img80.jpg,Electronics,480,768,Train,Max Keyboard (White)
IMG04960,P00010,images/P00010/img55.jpg,Electronics,640,480,Train,Plus Webcam (Grey)
IMG04961,P00240,images/P00240/img70.jpg,Electronics,640,480,Train,Standard Power Bank (Green)
IMG04962,P00307,images/P00307/img58.jpg,Footwear,1024,768,Train,Classic Formal Shoes (Blue)
IMG04963,P00110,images/P00110/img78.jpg,Home,720,360,Train,Max Curtain (Grey)
IMG04964,P00457,images/P00457/img14.jpg,Stationery,1024,768,Train,Compact File Folder (White)
IMG04965,P00532,images/P00532/img48.jpg,Footwear,480,360,Train,Lite Boots (Red)
IMG04966,P00207,images/P00207/img98.jpg,Stationery,320,768,Train,Lite Highlighter Set (Black)
IMG04967,P00126,images/P00126/img21.jpg,Home,320,480,Train,Deluxe Candle Holder (Red)
IMG04968,P00651,images/P00651/img68.jpg,Stationery,720,768,Test,Standard Scissors (Blue)
IMG04969,P00498,images/P00498/img06.jpg,Electronics,1024,640,Train,Compact Keyboard (Silver)
IMG04970,P00798,images/P00798/img50.jpg,Footwear,720,480,Train,Mini Loafers (Grey)
IMG04971,P00635,images/P00635/img02.jpg,Stationery,720,240,Train,Classic Stapler (Beige)
IMG04972,P00222,images/P00222/img41.jpg,Electronics,720,360,Train,Plus Laptop Stand (Beige)
IMG04973,P00026,images/P00026/img69.jpg,Stationery,480,360,Train,Deluxe File Folder (Beige)
IMG04974,P00655,images/P00655/img10.jpg,Accessories,320,240,Train,Lite Backpack (Silver)
IMG04975,P00016,images/P00016/img67.jpg,Home,480,480,Validation,Premium Wall Clock (Green)
IMG04976,P00430,images/P00430/img83.jpg,Stationery,320,240,Train,Mini Scissors (Black)
IMG04977,P00081,images/P00081/img53.jpg,Footwear,480,480,Train,Pro Loafers (Red)
IMG04978,P00789,images/P00789/img45.jpg,Accessories,720,768,Validation,Lite Wallet (White)
IMG04979,P00279,images/P00279/img12.jpg,Home,640,480,Validation,Max Storage Box (Blue)
IMG04980,P00294,images/P00294/img62.jpg,Stationery,480,480,Train,Standard Sticky Notes (White)
IMG04981,P00575,images/P00575/img59.jpg,Stationery,1024,480,Validation,Classic Highlighter Set (Silver)
IMG04982,P00396,images/P00396/img62.jpg,Accessories,320,640,Train,Mini Keychain (Beige)
IMG04983,P00311,images/P00311/img35.jpg,Electronics,720,640,Test,Premium Laptop Stand (Green)
IMG04984,P00568,images/P00568/img58.jpg,Stationery,480,360,Train,Compact Highlighter Set (Red)
IMG04985,P00788,images/P00788/img97.jpg,Electronics,320,768,Validation,Compact Monitor (Blue)
IMG04986,P00354,images/P00354/img58.jpg,Stationery,640,360,Train,Plus Calculator (White)
IMG04987,P00666,images/P00666/img92.jpg,Stationery,640,480,Train,Deluxe Pen Set (Green)
IMG04988,P00478,images/P00478/img07.jpg,Accessories,720,480,Validation,Compact Keychain (White)
IMG04989,P00101,images/P00101/img28.jpg,Home,320,480,Train,Max Cushion (Silver)
IMG04990,P00593,images/P00593/img53.jpg,Stationery,1024,360,Train,Premium Notebook (Black)
IMG04991,P00087,images/P00087/img73.jpg,Accessories,480,768,Train,Lite Belt (Silver)
IMG04992,P00697,images/P00697/img85.jpg,Stationery,720,768,Train,Mini Calculator (Green)
IMG04993,P00039,images/P00039/img57.jpg,Electronics,640,240,Train,Plus HDMI Cable (Grey)
IMG04994,P00452,images/P00452/img43.jpg,Home,720,240,Test,Classic Curtain (Blue)
IMG04995,P00655,images/P00655/img57.jpg,Accessories,640,240,Train,Lite Backpack (Silver)
IMG04996,P00128,images/P00128/img64.jpg,Footwear,640,480,Train,Pro Running Shoes (Beige)
IMG04997,P00100,images/P00100/img87.jpg,Footwear,320,480,Test,Standard Formal Shoes (Black)
IMG04998,P00366,images/P00366/img98.jpg,Footwear,1024,360,Train,Max Boots (Blue)
IMG04999,P00563,images/P00563/img48.jpg,Electronics,720,240,Test,Lite Laptop Stand (Blue)
IMG05000,P00743,images/P00743/img57.jpg,Stationery,640,240,Train,Mini Pen Set (Beige)
