Inventory_ID,Product_ID,Product_Name,Category,Location_ID,Quantity_On_Hand,Reorder_Level,Unit_Price,Stock_Status,Last_Updated
INV00001,P00798,Mini Loafers (Grey),Footwear,LOC00001,300,40,3352.64,In Stock,2026-08-24
INV00002,P00095,Plus Backpack (Red),Accessories,LOC00002,101,20,3302.4,In Stock,2026-08-16
INV00003,P00753,Lite Handbag (Green),Accessories,LOC00003,98,30,4132.92,In Stock,2026-08-02
INV00004,P00006,Deluxe Slippers (Grey),Footwear,LOC00004,212,30,1130.04,In Stock,2026-08-16
INV00005,P00608,Max Boots (Green),Footwear,LOC00005,47,25,810.4,In Stock,2026-08-20
INV00006,P00050,Compact Wallet (Red),Accessories,LOC00006,77,40,665.24,In Stock,2026-08-24
INV00007,P00162,Standard Keychain (Beige),Accessories,LOC00007,235,10,3787.03,In Stock,2026-08-14
INV00008,P00143,Plus Water Bottle (Grey),Home,LOC00008,58,10,536.26,In Stock,2026-08-20
INV00009,P00116,Max Sticky Notes (Beige),Stationery,LOC00009,206,25,4574.1,In Stock,2026-08-04
INV00010,P00043,Lite Sticky Notes (Beige),Stationery,LOC00010,16,10,3641.7,In Stock,2026-08-15
INV00011,P00678,Lite Sticky Notes (Green),Stationery,LOC00011,270,40,4667.77,In Stock,2026-08-25
INV00012,P00203,Classic Desk Organizer (White),Stationery,LOC00012,109,30,2901.23,In Stock,2026-08-02
INV00013,P00442,Standard Table Lamp (Blue),Home,LOC00013,172,25,164.7,In Stock,2026-08-07
INV00014,P00184,Lite Wall Clock (Grey),Home,LOC00014,154,25,606.78,In Stock,2026-08-25
INV00015,P00783,Plus File Folder (Blue),Stationery,LOC00015,90,20,1492.81,In Stock,2026-08-04
INV00016,P00572,Mini Calculator (Blue),Stationery,LOC00016,202,40,787.99,In Stock,2026-08-21
INV00017,P00346,Compact Belt (White),Accessories,LOC00017,295,10,4910.72,In Stock,2026-08-22
INV00018,P00154,Classic Laptop Stand (Black),Electronics,LOC00018,146,30,182.86,In Stock,2026-08-13
INV00019,P00606,Standard Smart Watch (Beige),Electronics,LOC00019,187,15,4213.27,In Stock,2026-08-12
INV00020,P00068,Compact Router (Black),Electronics,LOC00020,0,40,3605.8,Out of Stock,2026-08-26
INV00021,P00583,Plus Sports Shoes (Beige),Footwear,LOC00021,176,30,2957.95,In Stock,2026-08-05
INV00022,P00018,Deluxe Wallet (Blue),Accessories,LOC00022,117,10,794.21,In Stock,2026-08-15
INV00023,P00196,Pro Umbrella (White),Accessories,LOC00023,183,25,2743.23,In Stock,2026-08-18
INV00024,P00397,Mini Sandals (Blue),Footwear,LOC00024,66,20,1369.85,In Stock,2026-08-07
INV00025,P00077,Mini Watch Strap (Grey),Accessories,LOC00025,79,40,4950.49,In Stock,2026-08-01
INV00026,P00056,Standard Wireless Mouse (Green),Electronics,LOC00026,63,25,892.57,In Stock,2026-08-12
INV00027,P00237,Premium Door Mat (Red),Home,LOC00027,253,30,914.12,In Stock,2026-08-09
INV00028,P00635,Classic Stapler (Beige),Stationery,LOC00028,226,10,2211.99,In Stock,2026-08-24
INV00029,P00605,Mini Boots (Silver),Footwear,LOC00029,211,10,718.77,In Stock,2026-08-08
INV00030,P00289,Pro Marker Pack (Silver),Stationery,LOC00030,54,30,1378.2,In Stock,2026-08-11
INV00031,P00163,Deluxe Formal Shoes (Red),Footwear,LOC00031,3,40,3579.63,Low Stock,2026-08-08
INV00032,P00293,Plus Door Mat (Beige),Home,LOC00032,127,10,181.61,In Stock,2026-08-02
INV00033,P00372,Pro Travel Pouch (Grey),Accessories,LOC00033,254,25,2311.22,In Stock,2026-08-19
INV00034,P00434,Classic Belt (Red),Accessories,LOC00034,33,20,2990.6,In Stock,2026-08-12
INV00035,P00798,Mini Loafers (Grey),Footwear,LOC00035,190,20,4232.18,In Stock,2026-08-10
INV00036,P00253,Deluxe Handbag (Beige),Accessories,LOC00036,245,20,769.61,In Stock,2026-08-27
INV00037,P00258,Mini Laptop Stand (Grey),Electronics,LOC00037,222,25,315.21,In Stock,2026-08-01
INV00038,P00061,Compact Monitor (Black),Electronics,LOC00038,263,10,1114.38,In Stock,2026-08-04
INV00039,P00755,Classic Backpack (White),Accessories,LOC00039,283,25,2300.7,In Stock,2026-08-08
INV00040,P00283,Standard Sneakers (Green),Footwear,LOC00040,250,10,2628.77,In Stock,2026-08-06
INV00041,P00558,Mini Bluetooth Speaker (Silver),Electronics,LOC00041,264,10,1893.6,In Stock,2026-08-04
INV00042,P00110,Max Curtain (Grey),Home,LOC00042,15,15,4872.59,Low Stock,2026-08-28
INV00043,P00722,Premium Storage Box (Blue),Home,LOC00043,237,10,2589.98,In Stock,2026-08-03
INV00044,P00419,Classic Wallet (Red),Accessories,LOC00044,52,25,2362.54,In Stock,2026-08-08
INV00045,P00235,Pro Laptop Stand (Blue),Electronics,LOC00045,40,20,1868.49,In Stock,2026-08-02
INV00046,P00544,Mini Smart Watch (Beige),Electronics,LOC00046,251,20,4024.03,In Stock,2026-08-10
INV00047,P00180,Pro Water Bottle (Grey),Home,LOC00047,100,10,2868.14,In Stock,2026-08-01
INV00048,P00187,Premium Sneakers (Grey),Footwear,LOC00048,272,20,3413.19,In Stock,2026-08-28
INV00049,P00458,Premium Cap (Red),Accessories,LOC00049,219,25,2530.25,In Stock,2026-08-20
INV00050,P00210,Standard Marker Pack (White),Stationery,LOC00050,287,10,1073.93,In Stock,2026-08-01
INV00051,P00688,Standard Sports Shoes (White),Footwear,LOC00051,206,15,4616.65,In Stock,2026-08-06
INV00052,P00448,Standard Headphones (Green),Electronics,LOC00052,223,25,485.77,In Stock,2026-08-27
INV00053,P00600,Mini Desk Organizer (Beige),Stationery,LOC00053,268,10,3526.44,In Stock,2026-08-08
INV00054,P00487,Premium Candle Holder (Silver),Home,LOC00054,16,10,2073.62,In Stock,2026-08-02
INV00055,P00436,Lite Highlighter Set (Black),Stationery,LOC00055,159,10,2986.64,In Stock,2026-08-11
INV00056,P00774,Standard Router (Green),Electronics,LOC00056,59,10,2982.72,In Stock,2026-08-02
INV00057,P00683,Deluxe HDMI Cable (Red),Electronics,LOC00057,63,25,282.02,In Stock,2026-08-30
INV00058,P00767,Pro Sports Shoes (White),Footwear,LOC00058,134,40,2764.0,In Stock,2026-08-19
INV00059,P00566,Premium Sandals (Blue),Footwear,LOC00059,288,10,4302.81,In Stock,2026-08-25
INV00060,P00647,Classic Desk Organizer (Blue),Stationery,LOC00060,138,40,1642.73,In Stock,2026-08-19
INV00061,P00684,Mini Calculator (Black),Stationery,LOC00061,33,40,306.25,Low Stock,2026-08-11
INV00062,P00626,Premium Door Mat (Blue),Home,LOC00062,256,30,1557.38,In Stock,2026-08-02
INV00063,P00613,Plus Cushion (Grey),Home,LOC00063,202,25,2692.02,In Stock,2026-08-26
INV00064,P00505,Lite Travel Pouch (White),Accessories,LOC00064,114,40,1072.45,In Stock,2026-08-21
INV00065,P00605,Mini Boots (Silver),Footwear,LOC00065,61,25,1971.88,In Stock,2026-08-27
INV00066,P00570,Pro Scissors (White),Stationery,LOC00066,149,40,4548.57,In Stock,2026-08-04
INV00067,P00102,Max Cap (Red),Accessories,LOC00067,110,15,4766.48,In Stock,2026-08-16
INV00068,P00497,Premium Wall Clock (Black),Home,LOC00068,292,25,1242.16,In Stock,2026-08-09
INV00069,P00179,Premium Marker Pack (Silver),Stationery,LOC00069,223,20,3710.14,In Stock,2026-08-06
INV00070,P00528,Premium Scissors (Beige),Stationery,LOC00070,148,40,4567.65,In Stock,2026-08-19
INV00071,P00626,Premium Door Mat (Blue),Home,LOC00071,7,25,908.2,Low Stock,2026-08-03
INV00072,P00442,Standard Table Lamp (Blue),Home,LOC00072,71,40,2388.62,In Stock,2026-08-01
INV00073,P00528,Premium Scissors (Beige),Stationery,LOC00073,276,25,616.89,In Stock,2026-08-28
INV00074,P00421,Premium Tablet Stand (Black),Electronics,LOC00074,81,10,3329.39,In Stock,2026-08-22
INV00075,P00646,Pro Backpack (Grey),Accessories,LOC00075,132,40,4723.2,In Stock,2026-08-04
INV00076,P00086,Deluxe Cap (Red),Accessories,LOC00076,189,15,3778.54,In Stock,2026-08-22
INV00077,P00586,Standard Flip Flops (Blue),Footwear,LOC00077,258,30,2297.04,In Stock,2026-08-29
INV00078,P00151,Standard Power Bank (Green),Electronics,LOC00078,42,10,3680.69,In Stock,2026-08-15
INV00079,P00551,Premium Cap (Silver),Accessories,LOC00079,300,30,2589.27,In Stock,2026-08-10
INV00080,P00073,Deluxe HDMI Cable (Red),Electronics,LOC00080,204,30,1589.16,In Stock,2026-08-29
INV00081,P00142,Classic Curtain (Beige),Home,LOC00081,61,15,2656.54,In Stock,2026-08-15
INV00082,P00756,Pro Water Bottle (Blue),Home,LOC00082,292,15,1930.62,In Stock,2026-08-15
INV00083,P00012,Compact Table Lamp (Grey),Home,LOC00083,88,30,1370.55,In Stock,2026-08-02
INV00084,P00048,Classic Marker Pack (White),Stationery,LOC00084,242,25,3365.26,In Stock,2026-08-11
INV00085,P00185,Max Formal Shoes (Green),Footwear,LOC00085,194,15,1566.82,In Stock,2026-08-19
INV00086,P00413,Pro Webcam (Green),Electronics,LOC00086,43,10,2602.4,In Stock,2026-08-30
INV00087,P00512,Premium Bed Sheet Set (Blue),Home,LOC00087,138,40,3038.52,In Stock,2026-08-26
INV00088,P00434,Classic Belt (Red),Accessories,LOC00088,258,30,3657.41,In Stock,2026-08-05
INV00089,P00402,Premium Highlighter Set (Grey),Stationery,LOC00089,244,30,344.12,In Stock,2026-08-22
INV00090,P00045,Premium Photo Frame (Silver),Home,LOC00090,181,30,1366.39,In Stock,2026-08-08
INV00091,P00091,Compact File Folder (Black),Stationery,LOC00091,216,30,2192.03,In Stock,2026-08-04
INV00092,P00507,Pro Desk Organizer (Blue),Stationery,LOC00092,127,30,1491.18,In Stock,2026-08-06
INV00093,P00708,Standard Sports Shoes (Black),Footwear,LOC00093,285,30,3641.04,In Stock,2026-08-08
INV00094,P00363,Pro Sunglasses (White),Accessories,LOC00094,235,10,3382.14,In Stock,2026-08-19
INV00095,P00408,Mini Bed Sheet Set (Beige),Home,LOC00095,149,15,4434.36,In Stock,2026-08-21
INV00096,P00432,Mini Door Mat (Blue),Home,LOC00096,144,40,1942.94,In Stock,2026-08-27
INV00097,P00560,Premium Cushion (Grey),Home,LOC00097,135,15,2202.61,In Stock,2026-08-30
INV00098,P00273,Classic Router (Silver),Electronics,LOC00098,261,25,416.32,In Stock,2026-08-10
INV00099,P00012,Compact Table Lamp (Grey),Home,LOC00099,287,15,1990.08,In Stock,2026-08-11
INV00100,P00164,Lite Charger (White),Electronics,LOC00100,296,20,4144.05,In Stock,2026-08-25
INV00101,P00417,Mini Belt (Beige),Accessories,LOC00101,277,20,100.68,In Stock,2026-08-18
INV00102,P00588,Standard Bed Sheet Set (Beige),Home,LOC00102,136,15,2709.25,In Stock,2026-08-18
INV00103,P00514,Mini Scissors (Beige),Stationery,LOC00103,21,15,772.55,In Stock,2026-08-29
INV00104,P00265,Premium Wall Clock (Grey),Home,LOC00104,245,25,2280.35,In Stock,2026-08-05
INV00105,P00590,Max Boots (White),Footwear,LOC00105,217,10,4180.8,In Stock,2026-08-01
INV00106,P00092,Mini Headphones (Black),Electronics,LOC00106,37,20,2972.84,In Stock,2026-08-07
INV00107,P00775,Mini Photo Frame (Red),Home,LOC00107,127,40,3800.91,In Stock,2026-08-12
INV00108,P00615,Deluxe Cushion (Red),Home,LOC00108,83,40,3601.2,In Stock,2026-08-27
INV00109,P00111,Standard Charger (Black),Electronics,LOC00109,109,15,4481.77,In Stock,2026-08-16
INV00110,P00350,Lite USB-C Cable (Red),Electronics,LOC00110,127,15,1672.97,In Stock,2026-08-02
INV00111,P00524,Premium Running Shoes (Green),Footwear,LOC00111,205,10,206.46,In Stock,2026-08-11
INV00112,P00170,Premium Calculator (Silver),Stationery,LOC00112,142,20,2527.4,In Stock,2026-08-25
INV00113,P00269,Lite Umbrella (Red),Accessories,LOC00113,49,10,3285.4,In Stock,2026-08-14
INV00114,P00198,Deluxe Sandals (Grey),Footwear,LOC00114,148,40,3958.72,In Stock,2026-08-09
INV00115,P00427,Classic Door Mat (Beige),Home,LOC00115,32,25,4492.22,In Stock,2026-08-16
INV00116,P00766,Premium Storage Box (White),Home,LOC00116,264,10,1366.59,In Stock,2026-08-05
INV00117,P00552,Premium Flip Flops (Grey),Footwear,LOC00117,279,30,2777.85,In Stock,2026-08-21
INV00118,P00747,Premium Candle Holder (White),Home,LOC00118,205,10,811.75,In Stock,2026-08-15
INV00119,P00279,Max Storage Box (Blue),Home,LOC00119,226,10,2632.16,In Stock,2026-08-09
INV00120,P00108,Plus File Folder (Green),Stationery,LOC00120,167,15,4602.67,In Stock,2026-08-20
INV00121,P00642,Classic Highlighter Set (Black),Stationery,LOC00121,135,25,3119.69,In Stock,2026-08-18
INV00122,P00552,Premium Flip Flops (Grey),Footwear,LOC00122,127,30,2038.56,In Stock,2026-08-23
INV00123,P00634,Compact Wireless Mouse (Grey),Electronics,LOC00123,225,30,1966.7,In Stock,2026-08-10
INV00124,P00320,Deluxe Bed Sheet Set (Beige),Home,LOC00124,46,40,2981.93,In Stock,2026-08-11
INV00125,P00322,Max Door Mat (Beige),Home,LOC00125,25,40,3106.12,Low Stock,2026-08-04
INV00126,P00740,Deluxe Running Shoes (Green),Footwear,LOC00126,92,30,3926.13,In Stock,2026-08-02
INV00127,P00370,Pro Slippers (Silver),Footwear,LOC00127,195,15,316.99,In Stock,2026-08-29
INV00128,P00117,Deluxe Storage Box (Grey),Home,LOC00128,242,10,3444.55,In Stock,2026-08-03
INV00129,P00064,Mini Water Bottle (Beige),Home,LOC00129,275,15,4055.77,In Stock,2026-08-25
INV00130,P00213,Deluxe Keychain (Grey),Accessories,LOC00130,160,25,4880.73,In Stock,2026-08-08
INV00131,P00664,Premium Sports Shoes (Beige),Footwear,LOC00131,51,15,1372.54,In Stock,2026-08-17
INV00132,P00382,Lite Handbag (Beige),Accessories,LOC00132,28,30,136.62,Low Stock,2026-08-13
INV00133,P00026,Deluxe File Folder (Beige),Stationery,LOC00133,293,30,1562.7,In Stock,2026-08-10
INV00134,P00595,Max Flip Flops (Black),Footwear,LOC00134,91,20,4609.49,In Stock,2026-08-02
INV00135,P00385,Lite File Folder (Grey),Stationery,LOC00135,140,40,3104.61,In Stock,2026-08-26
INV00136,P00442,Standard Table Lamp (Blue),Home,LOC00136,210,25,3965.97,In Stock,2026-08-02
INV00137,P00269,Lite Umbrella (Red),Accessories,LOC00137,7,15,1641.26,Low Stock,2026-08-27
INV00138,P00373,Classic Door Mat (Black),Home,LOC00138,226,25,4472.07,In Stock,2026-08-11
INV00139,P00585,Plus Sticky Notes (White),Stationery,LOC00139,157,25,4826.31,In Stock,2026-08-25
INV00140,P00197,Pro Door Mat (Black),Home,LOC00140,14,30,1287.33,Low Stock,2026-08-14
INV00141,P00379,Pro Laptop Stand (Green),Electronics,LOC00141,207,20,3937.07,In Stock,2026-08-29
INV00142,P00649,Lite Table Lamp (Blue),Home,LOC00142,214,15,1516.03,In Stock,2026-08-11
INV00143,P00112,Max Calculator (Green),Stationery,LOC00143,171,25,1799.42,In Stock,2026-08-20
INV00144,P00055,Premium Candle Holder (Black),Home,LOC00144,217,10,679.23,In Stock,2026-08-06
INV00145,P00156,Max USB-C Cable (Black),Electronics,LOC00145,92,20,2197.09,In Stock,2026-08-25
INV00146,P00490,Compact Loafers (White),Footwear,LOC00146,242,40,757.25,In Stock,2026-08-10
INV00147,P00324,Standard Webcam (Green),Electronics,LOC00147,34,30,606.92,In Stock,2026-08-13
INV00148,P00182,Premium Scissors (Green),Stationery,LOC00148,51,20,4561.52,In Stock,2026-08-03
INV00149,P00516,Compact Calculator (Silver),Stationery,LOC00149,273,20,3232.15,In Stock,2026-08-26
INV00150,P00062,Max HDMI Cable (Blue),Electronics,LOC00150,274,10,2424.47,In Stock,2026-08-01
INV00151,P00529,Premium Sunglasses (Green),Accessories,LOC00151,246,25,4958.02,In Stock,2026-08-23
INV00152,P00131,Premium Storage Box (Green),Home,LOC00152,40,15,3017.07,In Stock,2026-08-06
INV00153,P00367,Pro Sticky Notes (Blue),Stationery,LOC00153,6,25,2284.97,Low Stock,2026-08-30
INV00154,P00736,Lite Laptop Stand (Green),Electronics,LOC00154,134,25,3228.11,In Stock,2026-08-28
INV00155,P00436,Lite Highlighter Set (Black),Stationery,LOC00155,75,10,4604.66,In Stock,2026-08-24
INV00156,P00055,Premium Candle Holder (Black),Home,LOC00156,270,15,3702.54,In Stock,2026-08-09
INV00157,P00491,Premium Belt (White),Accessories,LOC00157,116,20,3511.53,In Stock,2026-08-14
INV00158,P00748,Compact Keyboard (Grey),Electronics,LOC00158,272,25,2814.13,In Stock,2026-08-02
INV00159,P00651,Standard Scissors (Blue),Stationery,LOC00159,188,15,955.66,In Stock,2026-08-09
INV00160,P00131,Premium Storage Box (Green),Home,LOC00160,285,10,2565.97,In Stock,2026-08-23
INV00161,P00260,Plus Handbag (Beige),Accessories,LOC00161,137,20,3410.52,In Stock,2026-08-02
INV00162,P00440,Premium Sunglasses (Silver),Accessories,LOC00162,156,20,1496.51,In Stock,2026-08-21
INV00163,P00479,Deluxe Sticky Notes (Blue),Stationery,LOC00163,74,20,4242.0,In Stock,2026-08-28
INV00164,P00079,Deluxe Curtain (White),Home,LOC00164,71,10,4678.81,In Stock,2026-08-07
INV00165,P00459,Premium Stapler (Red),Stationery,LOC00165,275,20,3441.64,In Stock,2026-08-20
INV00166,P00636,Pro Formal Shoes (Blue),Footwear,LOC00166,43,40,4514.73,In Stock,2026-08-15
INV00167,P00408,Mini Bed Sheet Set (Beige),Home,LOC00167,124,15,3259.82,In Stock,2026-08-22
INV00168,P00695,Max Power Bank (Red),Electronics,LOC00168,85,40,249.45,In Stock,2026-08-16
INV00169,P00569,Pro Hiking Boots (Silver),Footwear,LOC00169,194,30,4115.27,In Stock,2026-08-22
INV00170,P00487,Premium Candle Holder (Silver),Home,LOC00170,6,20,396.81,Low Stock,2026-08-21
INV00171,P00069,Classic Backpack (Silver),Accessories,LOC00171,198,30,1348.16,In Stock,2026-08-08
INV00172,P00732,Premium Curtain (White),Home,LOC00172,99,40,3082.52,In Stock,2026-08-02
INV00173,P00236,Compact Wall Clock (Grey),Home,LOC00173,279,20,1406.15,In Stock,2026-08-17
INV00174,P00235,Pro Laptop Stand (Blue),Electronics,LOC00174,117,20,156.89,In Stock,2026-08-29
INV00175,P00717,Deluxe Keychain (White),Accessories,LOC00175,53,40,3603.26,In Stock,2026-08-17
INV00176,P00406,Compact Pen Set (White),Stationery,LOC00176,242,25,2618.52,In Stock,2026-08-17
INV00177,P00069,Classic Backpack (Silver),Accessories,LOC00177,176,25,1344.1,In Stock,2026-08-06
INV00178,P00687,Max Boots (Grey),Footwear,LOC00178,133,20,361.09,In Stock,2026-08-09
INV00179,P00545,Max Door Mat (Grey),Home,LOC00179,273,15,3472.33,In Stock,2026-08-29
INV00180,P00487,Premium Candle Holder (Silver),Home,LOC00180,111,30,624.05,In Stock,2026-08-15
INV00181,P00658,Deluxe Earbuds (Grey),Electronics,LOC00181,164,40,3018.21,In Stock,2026-08-08
INV00182,P00151,Standard Power Bank (Green),Electronics,LOC00182,233,30,3338.25,In Stock,2026-08-17
INV00183,P00552,Premium Flip Flops (Grey),Footwear,LOC00183,197,40,2881.7,In Stock,2026-08-26
INV00184,P00436,Lite Highlighter Set (Black),Stationery,LOC00184,270,30,4434.52,In Stock,2026-08-17
INV00185,P00783,Plus File Folder (Blue),Stationery,LOC00185,31,40,2457.08,Low Stock,2026-08-10
INV00186,P00720,Standard Flip Flops (Beige),Footwear,LOC00186,245,15,4213.75,In Stock,2026-08-04
INV00187,P00698,Pro Laptop Stand (Grey),Electronics,LOC00187,129,15,277.5,In Stock,2026-08-13
INV00188,P00092,Mini Headphones (Black),Electronics,LOC00188,276,40,3580.32,In Stock,2026-08-24
INV00189,P00180,Pro Water Bottle (Grey),Home,LOC00189,67,20,4174.04,In Stock,2026-08-29
INV00190,P00665,Pro Wireless Mouse (Green),Electronics,LOC00190,230,15,1252.78,In Stock,2026-08-06
INV00191,P00582,Standard Power Bank (Blue),Electronics,LOC00191,77,10,3330.7,In Stock,2026-08-04
INV00192,P00512,Premium Bed Sheet Set (Blue),Home,LOC00192,200,10,4723.14,In Stock,2026-08-30
INV00193,P00581,Pro Notebook (Silver),Stationery,LOC00193,88,15,4627.35,In Stock,2026-08-17
INV00194,P00729,Deluxe Formal Shoes (Black),Footwear,LOC00194,285,30,921.14,In Stock,2026-08-30
INV00195,P00125,Premium USB-C Cable (White),Electronics,LOC00195,59,10,1226.1,In Stock,2026-08-01
INV00196,P00003,Classic File Folder (Black),Stationery,LOC00196,32,10,1990.11,In Stock,2026-08-23
INV00197,P00445,Standard Curtain (Blue),Home,LOC00197,58,25,2587.82,In Stock,2026-08-02
INV00198,P00647,Classic Desk Organizer (Blue),Stationery,LOC00198,285,30,2455.15,In Stock,2026-08-30
INV00199,P00396,Mini Keychain (Beige),Accessories,LOC00199,5,10,4106.37,Low Stock,2026-08-18
INV00200,P00194,Premium Stapler (Silver),Stationery,LOC00200,196,20,1513.94,In Stock,2026-08-26
INV00201,P00742,Lite Cap (Grey),Accessories,LOC00201,283,15,3283.39,In Stock,2026-08-10
INV00202,P00657,Deluxe Storage Box (Beige),Home,LOC00202,261,10,3951.23,In Stock,2026-08-25
INV00203,P00283,Standard Sneakers (Green),Footwear,LOC00203,281,25,1054.44,In Stock,2026-08-21
INV00204,P00317,Deluxe Webcam (Blue),Electronics,LOC00204,161,25,3970.52,In Stock,2026-08-27
INV00205,P00036,Deluxe Travel Pouch (Red),Accessories,LOC00205,101,10,2338.52,In Stock,2026-08-24
INV00206,P00770,Deluxe Smart Watch (Black),Electronics,LOC00206,93,25,4104.11,In Stock,2026-08-01
INV00207,P00286,Deluxe Cap (Beige),Accessories,LOC00207,194,20,1722.9,In Stock,2026-08-15
INV00208,P00706,Plus Sticky Notes (Beige),Stationery,LOC00208,223,10,2009.68,In Stock,2026-08-14
INV00209,P00276,Classic Formal Shoes (Grey),Footwear,LOC00209,37,10,2024.64,In Stock,2026-08-01
INV00210,P00380,Mini Smart Watch (Black),Electronics,LOC00210,44,20,3548.99,In Stock,2026-08-23
INV00211,P00231,Lite Sticky Notes (Silver),Stationery,LOC00211,0,20,2753.1,Out of Stock,2026-08-26
INV00212,P00103,Max Monitor (Beige),Electronics,LOC00212,137,25,2399.23,In Stock,2026-08-25
INV00213,P00536,Lite Sunglasses (Black),Accessories,LOC00213,7,30,3824.02,Low Stock,2026-08-12
INV00214,P00441,Lite Travel Pouch (White),Accessories,LOC00214,280,25,2813.41,In Stock,2026-08-07
INV00215,P00387,Plus Sticky Notes (Grey),Stationery,LOC00215,290,30,2084.76,In Stock,2026-08-19
INV00216,P00398,Standard Water Bottle (Green),Home,LOC00216,235,30,2685.98,In Stock,2026-08-26
INV00217,P00553,Plus Formal Shoes (Blue),Footwear,LOC00217,285,25,4497.76,In Stock,2026-08-18
INV00218,P00580,Plus Keyboard (White),Electronics,LOC00218,241,10,3335.02,In Stock,2026-08-17
INV00219,P00497,Premium Wall Clock (Black),Home,LOC00219,37,30,1916.88,In Stock,2026-08-12
INV00220,P00606,Standard Smart Watch (Beige),Electronics,LOC00220,92,25,4234.08,In Stock,2026-08-12
INV00221,P00584,Standard Candle Holder (White),Home,LOC00221,193,25,3013.04,In Stock,2026-08-01
INV00222,P00130,Max Smart Watch (White),Electronics,LOC00222,44,10,4416.78,In Stock,2026-08-05
INV00223,P00783,Plus File Folder (Blue),Stationery,LOC00223,232,20,2656.69,In Stock,2026-08-28
INV00224,P00573,Premium Travel Pouch (White),Accessories,LOC00224,194,15,4890.11,In Stock,2026-08-01
INV00225,P00567,Plus Curtain (Beige),Home,LOC00225,292,10,4708.65,In Stock,2026-08-12
INV00226,P00473,Classic Bed Sheet Set (White),Home,LOC00226,171,20,4859.43,In Stock,2026-08-17
INV00227,P00121,Mini Highlighter Set (White),Stationery,LOC00227,249,25,3558.73,In Stock,2026-08-15
INV00228,P00688,Standard Sports Shoes (White),Footwear,LOC00228,70,40,1985.97,In Stock,2026-08-16
INV00229,P00190,Mini Loafers (Grey),Footwear,LOC00229,49,10,4005.45,In Stock,2026-08-18
INV00230,P00661,Pro Handbag (White),Accessories,LOC00230,74,30,3080.9,In Stock,2026-08-09
INV00231,P00607,Mini Calculator (Beige),Stationery,LOC00231,70,25,966.43,In Stock,2026-08-14
INV00232,P00145,Lite Cushion (Beige),Home,LOC00232,244,30,2978.41,In Stock,2026-08-11
INV00233,P00461,Pro Slippers (Green),Footwear,LOC00233,135,10,1404.37,In Stock,2026-08-24
INV00234,P00136,Lite Table Lamp (Red),Home,LOC00234,283,10,1537.88,In Stock,2026-08-12
INV00235,P00498,Compact Keyboard (Silver),Electronics,LOC00235,163,10,718.45,In Stock,2026-08-14
INV00236,P00592,Pro Sneakers (White),Footwear,LOC00236,64,15,2534.03,In Stock,2026-08-28
INV00237,P00001,Lite Wireless Mouse (Red),Electronics,LOC00237,294,40,409.51,In Stock,2026-08-01
INV00238,P00409,Max HDMI Cable (Silver),Electronics,LOC00238,175,15,4757.13,In Stock,2026-08-14
INV00239,P00471,Plus Bed Sheet Set (Blue),Home,LOC00239,108,15,1463.39,In Stock,2026-08-27
INV00240,P00482,Deluxe Monitor (Grey),Electronics,LOC00240,257,15,3093.03,In Stock,2026-08-06
INV00241,P00739,Mini Hiking Boots (Red),Footwear,LOC00241,2,20,2477.83,Low Stock,2026-08-02
INV00242,P00668,Compact Table Lamp (Red),Home,LOC00242,93,30,1381.91,In Stock,2026-08-06
INV00243,P00464,Pro Marker Pack (Red),Stationery,LOC00243,46,15,454.19,In Stock,2026-08-05
INV00244,P00556,Standard Hiking Boots (Beige),Footwear,LOC00244,3,20,387.7,Low Stock,2026-08-16
INV00245,P00360,Pro Keyboard (Red),Electronics,LOC00245,30,30,2913.37,Low Stock,2026-08-03
INV00246,P00002,Pro Sandals (White),Footwear,LOC00246,91,30,4439.95,In Stock,2026-08-28
INV00247,P00112,Max Calculator (Green),Stationery,LOC00247,44,40,2193.28,In Stock,2026-08-11
INV00248,P00766,Premium Storage Box (White),Home,LOC00248,185,10,359.88,In Stock,2026-08-08
INV00249,P00584,Standard Candle Holder (White),Home,LOC00249,102,15,2364.64,In Stock,2026-08-02
INV00250,P00441,Lite Travel Pouch (White),Accessories,LOC00250,160,30,121.56,In Stock,2026-08-22
INV00251,P00496,Compact Slippers (Silver),Footwear,LOC00251,44,20,2911.61,In Stock,2026-08-29
INV00252,P00320,Deluxe Bed Sheet Set (Beige),Home,LOC00252,167,30,1211.32,In Stock,2026-08-23
INV00253,P00662,Premium Power Bank (Green),Electronics,LOC00253,290,15,2123.7,In Stock,2026-08-17
INV00254,P00569,Pro Hiking Boots (Silver),Footwear,LOC00254,109,30,1787.61,In Stock,2026-08-28
INV00255,P00610,Max Smart Watch (Black),Electronics,LOC00255,142,20,2124.76,In Stock,2026-08-16
INV00256,P00751,Compact Wallet (Beige),Accessories,LOC00256,263,10,4888.28,In Stock,2026-08-30
INV00257,P00208,Lite Boots (Silver),Footwear,LOC00257,275,20,4517.31,In Stock,2026-08-03
INV00258,P00743,Mini Pen Set (Beige),Stationery,LOC00258,18,10,321.48,In Stock,2026-08-09
INV00259,P00361,Standard Curtain (White),Home,LOC00259,206,30,996.56,In Stock,2026-08-08
INV00260,P00480,Deluxe Hiking Boots (Green),Footwear,LOC00260,109,20,2244.47,In Stock,2026-08-29
INV00261,P00537,Plus Wallet (Silver),Accessories,LOC00261,172,15,2160.32,In Stock,2026-08-28
INV00262,P00062,Max HDMI Cable (Blue),Electronics,LOC00262,139,25,289.7,In Stock,2026-08-18
INV00263,P00440,Premium Sunglasses (Silver),Accessories,LOC00263,99,25,1172.24,In Stock,2026-08-19
INV00264,P00735,Max Table Lamp (Grey),Home,LOC00264,153,20,2565.56,In Stock,2026-08-30
INV00265,P00561,Deluxe Cap (Black),Accessories,LOC00265,90,20,1973.86,In Stock,2026-08-11
INV00266,P00646,Pro Backpack (Grey),Accessories,LOC00266,207,20,2745.94,In Stock,2026-08-30
INV00267,P00339,Classic Bluetooth Speaker (White),Electronics,LOC00267,27,20,4641.36,In Stock,2026-08-15
INV00268,P00722,Premium Storage Box (Blue),Home,LOC00268,201,10,3136.39,In Stock,2026-08-12
INV00269,P00361,Standard Curtain (White),Home,LOC00269,186,10,1108.35,In Stock,2026-08-13
INV00270,P00188,Deluxe Calculator (Grey),Stationery,LOC00270,4,40,2749.13,Low Stock,2026-08-20
INV00271,P00342,Deluxe Handbag (White),Accessories,LOC00271,54,20,3180.83,In Stock,2026-08-02
INV00272,P00317,Deluxe Webcam (Blue),Electronics,LOC00272,14,40,597.41,Low Stock,2026-08-22
INV00273,P00240,Standard Power Bank (Green),Electronics,LOC00273,42,10,3915.65,In Stock,2026-08-04
INV00274,P00398,Standard Water Bottle (Green),Home,LOC00274,9,10,4045.66,Low Stock,2026-08-05
INV00275,P00722,Premium Storage Box (Blue),Home,LOC00275,199,25,3542.22,In Stock,2026-08-02
INV00276,P00173,Deluxe Slippers (Beige),Footwear,LOC00276,12,40,1916.65,Low Stock,2026-08-13
INV00277,P00240,Standard Power Bank (Green),Electronics,LOC00277,137,20,3443.68,In Stock,2026-08-23
INV00278,P00001,Lite Wireless Mouse (Red),Electronics,LOC00278,69,10,4514.47,In Stock,2026-08-06
INV00279,P00580,Plus Keyboard (White),Electronics,LOC00279,30,20,4312.66,In Stock,2026-08-01
INV00280,P00778,Compact Desk Organizer (Red),Stationery,LOC00280,25,40,642.87,Low Stock,2026-08-03
INV00281,P00220,Premium Bed Sheet Set (Grey),Home,LOC00281,93,40,4835.4,In Stock,2026-08-30
INV00282,P00671,Mini Umbrella (White),Accessories,LOC00282,132,40,4462.92,In Stock,2026-08-15
INV00283,P00348,Compact Highlighter Set (Grey),Stationery,LOC00283,224,10,4782.72,In Stock,2026-08-10
INV00284,P00505,Lite Travel Pouch (White),Accessories,LOC00284,226,10,4237.17,In Stock,2026-08-23
INV00285,P00475,Max Loafers (Green),Footwear,LOC00285,281,30,3569.66,In Stock,2026-08-02
INV00286,P00605,Mini Boots (Silver),Footwear,LOC00286,187,40,4574.93,In Stock,2026-08-21
INV00287,P00683,Deluxe HDMI Cable (Red),Electronics,LOC00287,24,10,1509.44,In Stock,2026-08-01
INV00288,P00694,Pro Watch Strap (Black),Accessories,LOC00288,110,30,1094.99,In Stock,2026-08-10
INV00289,P00593,Premium Notebook (Black),Stationery,LOC00289,1,10,716.68,Low Stock,2026-08-09
INV00290,P00033,Lite Wallet (Beige),Accessories,LOC00290,219,15,3095.72,In Stock,2026-08-02
INV00291,P00779,Classic Wall Clock (Red),Home,LOC00291,32,20,1568.47,In Stock,2026-08-03
INV00292,P00629,Classic Tablet Stand (Black),Electronics,LOC00292,113,10,4413.45,In Stock,2026-08-21
INV00293,P00632,Deluxe Backpack (Silver),Accessories,LOC00293,279,15,3822.83,In Stock,2026-08-12
INV00294,P00250,Premium Tablet Stand (White),Electronics,LOC00294,290,20,322.95,In Stock,2026-08-11
INV00295,P00398,Standard Water Bottle (Green),Home,LOC00295,17,10,4821.4,In Stock,2026-08-02
INV00296,P00584,Standard Candle Holder (White),Home,LOC00296,6,30,2048.14,Low Stock,2026-08-21
INV00297,P00439,Premium Candle Holder (Beige),Home,LOC00297,30,30,1994.6,Low Stock,2026-08-03
INV00298,P00450,Classic Highlighter Set (Blue),Stationery,LOC00298,134,25,4486.65,In Stock,2026-08-02
INV00299,P00491,Premium Belt (White),Accessories,LOC00299,136,30,713.0,In Stock,2026-08-23
INV00300,P00224,Premium Watch Strap (Grey),Accessories,LOC00300,99,40,1602.11,In Stock,2026-08-19
INV00301,P00716,Premium Handbag (Blue),Accessories,LOC00301,115,20,2022.89,In Stock,2026-08-01
INV00302,P00470,Pro Loafers (Silver),Footwear,LOC00302,80,25,138.44,In Stock,2026-08-11
INV00303,P00165,Plus Notebook (Beige),Stationery,LOC00303,178,40,456.1,In Stock,2026-08-27
INV00304,P00218,Max Headphones (Black),Electronics,LOC00304,160,25,4503.34,In Stock,2026-08-09
INV00305,P00189,Max Tablet Stand (Grey),Electronics,LOC00305,54,20,1347.38,In Stock,2026-08-15
INV00306,P00597,Deluxe Scissors (Green),Stationery,LOC00306,95,10,3541.04,In Stock,2026-08-22
INV00307,P00154,Classic Laptop Stand (Black),Electronics,LOC00307,113,15,4293.46,In Stock,2026-08-10
INV00308,P00072,Max Pen Set (Beige),Stationery,LOC00308,16,10,3250.44,In Stock,2026-08-19
INV00309,P00432,Mini Door Mat (Blue),Home,LOC00309,23,40,126.53,Low Stock,2026-08-12
INV00310,P00783,Plus File Folder (Blue),Stationery,LOC00310,284,30,2600.14,In Stock,2026-08-30
INV00311,P00249,Deluxe Flip Flops (Green),Footwear,LOC00311,77,10,532.09,In Stock,2026-08-29
INV00312,P00403,Compact Bed Sheet Set (Beige),Home,LOC00312,112,25,3118.7,In Stock,2026-08-26
INV00313,P00007,Mini Earbuds (Beige),Electronics,LOC00313,171,20,1736.01,In Stock,2026-08-30
INV00314,P00577,Compact Notebook (Silver),Stationery,LOC00314,278,30,4299.33,In Stock,2026-08-15
INV00315,P00191,Compact Charger (Blue),Electronics,LOC00315,87,10,3877.22,In Stock,2026-08-19
INV00316,P00320,Deluxe Bed Sheet Set (Beige),Home,LOC00316,202,15,4769.93,In Stock,2026-08-02
INV00317,P00247,Premium Webcam (Beige),Electronics,LOC00317,91,25,4434.25,In Stock,2026-08-26
INV00318,P00145,Lite Cushion (Beige),Home,LOC00318,189,25,1013.04,In Stock,2026-08-12
INV00319,P00262,Mini Sticky Notes (Blue),Stationery,LOC00319,237,25,3504.02,In Stock,2026-08-29
INV00320,P00130,Max Smart Watch (White),Electronics,LOC00320,227,10,4024.65,In Stock,2026-08-04
INV00321,P00166,Compact Wallet (Green),Accessories,LOC00321,281,15,1025.32,In Stock,2026-08-01
INV00322,P00718,Pro Loafers (Red),Footwear,LOC00322,50,15,3654.23,In Stock,2026-08-21
INV00323,P00176,Lite Handbag (Grey),Accessories,LOC00323,180,10,3948.81,In Stock,2026-08-30
INV00324,P00535,Standard Calculator (Beige),Stationery,LOC00324,250,30,3462.34,In Stock,2026-08-24
INV00325,P00580,Plus Keyboard (White),Electronics,LOC00325,222,10,2564.35,In Stock,2026-08-04
INV00326,P00217,Deluxe Photo Frame (Grey),Home,LOC00326,190,30,2796.95,In Stock,2026-08-11
INV00327,P00748,Compact Keyboard (Grey),Electronics,LOC00327,160,30,3481.31,In Stock,2026-08-19
INV00328,P00482,Deluxe Monitor (Grey),Electronics,LOC00328,48,15,2631.14,In Stock,2026-08-13
INV00329,P00726,Max Storage Box (Beige),Home,LOC00329,173,10,2444.88,In Stock,2026-08-30
INV00330,P00784,Classic Table Lamp (White),Home,LOC00330,110,40,4896.54,In Stock,2026-08-03
INV00331,P00624,Deluxe Sports Shoes (Red),Footwear,LOC00331,260,15,2449.0,In Stock,2026-08-30
INV00332,P00177,Compact Notebook (Red),Stationery,LOC00332,141,30,4343.54,In Stock,2026-08-11
INV00333,P00674,Premium Belt (Red),Accessories,LOC00333,263,10,3638.67,In Stock,2026-08-05
INV00334,P00489,Plus Handbag (Beige),Accessories,LOC00334,0,15,2799.88,Out of Stock,2026-08-02
INV00335,P00630,Max Storage Box (White),Home,LOC00335,274,20,4639.44,In Stock,2026-08-05
INV00336,P00235,Pro Laptop Stand (Blue),Electronics,LOC00336,79,15,533.53,In Stock,2026-08-02
INV00337,P00286,Deluxe Cap (Beige),Accessories,LOC00337,142,25,3681.6,In Stock,2026-08-21
INV00338,P00768,Plus Webcam (Grey),Electronics,LOC00338,56,30,4871.3,In Stock,2026-08-03
INV00339,P00369,Plus Desk Organizer (Green),Stationery,LOC00339,100,30,3397.32,In Stock,2026-08-23
INV00340,P00754,Mini Desk Organizer (Silver),Stationery,LOC00340,6,40,3205.81,Low Stock,2026-08-05
INV00341,P00052,Premium Desk Organizer (Red),Stationery,LOC00341,76,20,738.86,In Stock,2026-08-08
INV00342,P00450,Classic Highlighter Set (Blue),Stationery,LOC00342,183,25,3506.72,In Stock,2026-08-28
INV00343,P00106,Lite Headphones (Blue),Electronics,LOC00343,190,15,302.0,In Stock,2026-08-23
INV00344,P00796,Mini Running Shoes (Silver),Footwear,LOC00344,257,15,1742.78,In Stock,2026-08-03
INV00345,P00049,Pro USB-C Cable (Black),Electronics,LOC00345,129,25,113.14,In Stock,2026-08-13
INV00346,P00059,Premium Boots (Red),Footwear,LOC00346,118,20,2337.9,In Stock,2026-08-30
INV00347,P00365,Max Sunglasses (White),Accessories,LOC00347,299,25,2731.62,In Stock,2026-08-04
INV00348,P00136,Lite Table Lamp (Red),Home,LOC00348,11,10,4953.27,In Stock,2026-08-21
INV00349,P00092,Mini Headphones (Black),Electronics,LOC00349,37,25,1951.79,In Stock,2026-08-16
INV00350,P00623,Max Sunglasses (Green),Accessories,LOC00350,81,10,1168.03,In Stock,2026-08-19
INV00351,P00030,Deluxe Candle Holder (Silver),Home,LOC00351,126,20,4122.77,In Stock,2026-08-27
INV00352,P00069,Classic Backpack (Silver),Accessories,LOC00352,198,30,838.1,In Stock,2026-08-13
INV00353,P00084,Pro Stapler (Blue),Stationery,LOC00353,60,15,167.56,In Stock,2026-08-14
INV00354,P00058,Mini Highlighter Set (Beige),Stationery,LOC00354,207,20,4846.31,In Stock,2026-08-18
INV00355,P00428,Classic Cap (Green),Accessories,LOC00355,235,25,1976.51,In Stock,2026-08-25
INV00356,P00718,Pro Loafers (Red),Footwear,LOC00356,78,25,2608.51,In Stock,2026-08-03
INV00357,P00404,Deluxe Sneakers (Blue),Footwear,LOC00357,185,20,2946.95,In Stock,2026-08-02
INV00358,P00798,Mini Loafers (Grey),Footwear,LOC00358,153,20,2259.78,In Stock,2026-08-21
INV00359,P00442,Standard Table Lamp (Blue),Home,LOC00359,100,25,3061.83,In Stock,2026-08-22
INV00360,P00194,Premium Stapler (Silver),Stationery,LOC00360,115,40,1783.57,In Stock,2026-08-19
INV00361,P00310,Compact Sports Shoes (White),Footwear,LOC00361,192,40,1028.89,In Stock,2026-08-06
INV00362,P00173,Deluxe Slippers (Beige),Footwear,LOC00362,68,25,532.45,In Stock,2026-08-14
INV00363,P00151,Standard Power Bank (Green),Electronics,LOC00363,110,20,3359.78,In Stock,2026-08-26
INV00364,P00757,Classic Door Mat (Beige),Home,LOC00364,284,20,1405.12,In Stock,2026-08-23
INV00365,P00155,Pro Belt (Black),Accessories,LOC00365,263,10,3216.54,In Stock,2026-08-28
INV00366,P00041,Premium Charger (White),Electronics,LOC00366,252,30,3125.73,In Stock,2026-08-20
INV00367,P00758,Lite Sandals (Blue),Footwear,LOC00367,208,30,1275.5,In Stock,2026-08-05
INV00368,P00319,Compact Curtain (Grey),Home,LOC00368,43,40,2896.38,In Stock,2026-08-22
INV00369,P00390,Pro Flip Flops (Beige),Footwear,LOC00369,112,20,1759.29,In Stock,2026-08-07
INV00370,P00246,Max File Folder (Beige),Stationery,LOC00370,144,15,4454.92,In Stock,2026-08-15
INV00371,P00683,Deluxe HDMI Cable (Red),Electronics,LOC00371,186,10,1201.07,In Stock,2026-08-18
INV00372,P00267,Pro Sticky Notes (Silver),Stationery,LOC00372,17,15,1279.34,In Stock,2026-08-26
INV00373,P00081,Pro Loafers (Red),Footwear,LOC00373,187,40,2691.11,In Stock,2026-08-28
INV00374,P00416,Pro Notebook (Black),Stationery,LOC00374,191,10,1911.0,In Stock,2026-08-24
INV00375,P00479,Deluxe Sticky Notes (Blue),Stationery,LOC00375,199,40,2861.21,In Stock,2026-08-30
INV00376,P00276,Classic Formal Shoes (Grey),Footwear,LOC00376,169,25,2065.75,In Stock,2026-08-26
INV00377,P00730,Classic Boots (Grey),Footwear,LOC00377,137,40,1742.97,In Stock,2026-08-24
INV00378,P00205,Mini Sneakers (White),Footwear,LOC00378,122,20,2864.16,In Stock,2026-08-14
INV00379,P00278,Lite Formal Shoes (Green),Footwear,LOC00379,197,25,3905.91,In Stock,2026-08-30
INV00380,P00392,Max Sunglasses (Green),Accessories,LOC00380,220,10,718.72,In Stock,2026-08-07
INV00381,P00182,Premium Scissors (Green),Stationery,LOC00381,146,20,2722.88,In Stock,2026-08-12
INV00382,P00009,Pro Wallet (Beige),Accessories,LOC00382,170,30,4592.62,In Stock,2026-08-30
INV00383,P00314,Premium Stapler (Black),Stationery,LOC00383,44,30,1007.29,In Stock,2026-08-27
INV00384,P00409,Max HDMI Cable (Silver),Electronics,LOC00384,73,30,2920.01,In Stock,2026-08-11
INV00385,P00407,Mini Wallet (Grey),Accessories,LOC00385,228,20,4280.9,In Stock,2026-08-06
INV00386,P00246,Max File Folder (Beige),Stationery,LOC00386,232,10,768.87,In Stock,2026-08-28
INV00387,P00377,Max Curtain (Green),Home,LOC00387,60,40,1984.55,In Stock,2026-08-09
INV00388,P00293,Plus Door Mat (Beige),Home,LOC00388,135,10,2958.25,In Stock,2026-08-21
INV00389,P00254,Plus Tablet Stand (Beige),Electronics,LOC00389,212,15,1573.89,In Stock,2026-08-27
INV00390,P00325,Mini Handbag (Silver),Accessories,LOC00390,109,20,2317.75,In Stock,2026-08-23
INV00391,P00423,Classic Watch Strap (Green),Accessories,LOC00391,234,15,4808.15,In Stock,2026-08-08
INV00392,P00698,Pro Laptop Stand (Grey),Electronics,LOC00392,15,10,3461.67,In Stock,2026-08-18
INV00393,P00125,Premium USB-C Cable (White),Electronics,LOC00393,271,25,4605.79,In Stock,2026-08-27
INV00394,P00146,Standard Water Bottle (Green),Home,LOC00394,40,10,2287.51,In Stock,2026-08-12
INV00395,P00571,Compact Tablet Stand (Red),Electronics,LOC00395,162,20,1876.47,In Stock,2026-08-06
INV00396,P00674,Premium Belt (Red),Accessories,LOC00396,90,20,4006.8,In Stock,2026-08-14
INV00397,P00266,Premium HDMI Cable (Grey),Electronics,LOC00397,255,20,2535.38,In Stock,2026-08-02
INV00398,P00659,Pro Formal Shoes (Grey),Footwear,LOC00398,12,15,2112.52,Low Stock,2026-08-23
INV00399,P00350,Lite USB-C Cable (Red),Electronics,LOC00399,75,40,2366.72,In Stock,2026-08-08
INV00400,P00136,Lite Table Lamp (Red),Home,LOC00400,220,30,1686.18,In Stock,2026-08-13
INV00401,P00193,Pro Slippers (Black),Footwear,LOC00401,239,15,1464.42,In Stock,2026-08-01
INV00402,P00064,Mini Water Bottle (Beige),Home,LOC00402,23,40,3530.3,Low Stock,2026-08-30
INV00403,P00157,Max Sticky Notes (Blue),Stationery,LOC00403,274,25,4644.1,In Stock,2026-08-03
INV00404,P00377,Max Curtain (Green),Home,LOC00404,265,20,277.2,In Stock,2026-08-22
INV00405,P00156,Max USB-C Cable (Black),Electronics,LOC00405,91,25,420.99,In Stock,2026-08-24
INV00406,P00191,Compact Charger (Blue),Electronics,LOC00406,237,20,686.58,In Stock,2026-08-22
INV00407,P00028,Classic Earbuds (White),Electronics,LOC00407,154,30,3491.27,In Stock,2026-08-08
INV00408,P00127,Standard Door Mat (Red),Home,LOC00408,203,15,3500.23,In Stock,2026-08-17
INV00409,P00507,Pro Desk Organizer (Blue),Stationery,LOC00409,17,15,1069.77,In Stock,2026-08-07
INV00410,P00638,Standard Cap (White),Accessories,LOC00410,179,20,2637.68,In Stock,2026-08-23
INV00411,P00401,Max Umbrella (Green),Accessories,LOC00411,13,15,1012.79,Low Stock,2026-08-20
INV00412,P00744,Mini Power Bank (Blue),Electronics,LOC00412,248,40,1784.45,In Stock,2026-08-26
INV00413,P00737,Pro Laptop Stand (Red),Electronics,LOC00413,180,20,3445.14,In Stock,2026-08-27
INV00414,P00241,Classic Stapler (Grey),Stationery,LOC00414,86,15,3495.8,In Stock,2026-08-05
INV00415,P00454,Mini Router (Green),Electronics,LOC00415,97,15,3055.61,In Stock,2026-08-29
INV00416,P00179,Premium Marker Pack (Silver),Stationery,LOC00416,147,10,3485.83,In Stock,2026-08-12
INV00417,P00228,Standard Highlighter Set (Black),Stationery,LOC00417,115,20,2172.81,In Stock,2026-08-05
INV00418,P00090,Mini Boots (Silver),Footwear,LOC00418,179,30,2044.77,In Stock,2026-08-02
INV00419,P00051,Max Umbrella (Blue),Accessories,LOC00419,235,30,1017.44,In Stock,2026-08-02
INV00420,P00622,Compact Power Bank (Beige),Electronics,LOC00420,61,25,4052.94,In Stock,2026-08-25
INV00421,P00205,Mini Sneakers (White),Footwear,LOC00421,19,25,2506.82,Low Stock,2026-08-04
INV00422,P00160,Pro Desk Organizer (Blue),Stationery,LOC00422,51,25,4241.08,In Stock,2026-08-12
INV00423,P00567,Plus Curtain (Beige),Home,LOC00423,285,15,3196.39,In Stock,2026-08-22
INV00424,P00188,Deluxe Calculator (Grey),Stationery,LOC00424,45,40,3363.48,In Stock,2026-08-28
INV00425,P00646,Pro Backpack (Grey),Accessories,LOC00425,134,25,3917.82,In Stock,2026-08-18
INV00426,P00490,Compact Loafers (White),Footwear,LOC00426,166,15,741.02,In Stock,2026-08-15
INV00427,P00215,Compact Wall Clock (Silver),Home,LOC00427,78,15,4605.25,In Stock,2026-08-05
INV00428,P00521,Premium Router (Blue),Electronics,LOC00428,54,10,1529.98,In Stock,2026-08-25
INV00429,P00158,Deluxe Table Lamp (Red),Home,LOC00429,286,20,854.99,In Stock,2026-08-22
INV00430,P00681,Max Curtain (Green),Home,LOC00430,94,40,2083.63,In Stock,2026-08-06
INV00431,P00387,Plus Sticky Notes (Grey),Stationery,LOC00431,172,15,3313.84,In Stock,2026-08-07
INV00432,P00399,Deluxe Slippers (Grey),Footwear,LOC00432,245,15,425.68,In Stock,2026-08-28
INV00433,P00664,Premium Sports Shoes (Beige),Footwear,LOC00433,272,10,2043.42,In Stock,2026-08-02
INV00434,P00504,Deluxe Water Bottle (Red),Home,LOC00434,53,20,129.93,In Stock,2026-08-27
INV00435,P00686,Standard Tablet Stand (Silver),Electronics,LOC00435,117,20,4752.91,In Stock,2026-08-28
INV00436,P00791,Pro Curtain (Grey),Home,LOC00436,287,10,165.41,In Stock,2026-08-11
INV00437,P00676,Plus Keyboard (Beige),Electronics,LOC00437,112,10,954.12,In Stock,2026-08-25
INV00438,P00677,Plus Umbrella (Beige),Accessories,LOC00438,260,10,3352.45,In Stock,2026-08-26
INV00439,P00235,Pro Laptop Stand (Blue),Electronics,LOC00439,242,30,1990.97,In Stock,2026-08-22
INV00440,P00322,Max Door Mat (Beige),Home,LOC00440,141,40,319.66,In Stock,2026-08-26
INV00441,P00327,Plus Table Lamp (Blue),Home,LOC00441,291,20,4689.24,In Stock,2026-08-03
INV00442,P00676,Plus Keyboard (Beige),Electronics,LOC00442,188,10,4888.03,In Stock,2026-08-03
INV00443,P00275,Deluxe Sneakers (Grey),Footwear,LOC00443,39,10,1775.88,In Stock,2026-08-19
INV00444,P00439,Premium Candle Holder (Beige),Home,LOC00444,8,20,546.49,Low Stock,2026-08-19
INV00445,P00739,Mini Hiking Boots (Red),Footwear,LOC00445,108,25,2308.21,In Stock,2026-08-19
INV00446,P00509,Mini Scissors (Red),Stationery,LOC00446,94,20,4035.8,In Stock,2026-08-02
INV00447,P00141,Max Water Bottle (Beige),Home,LOC00447,129,10,4883.33,In Stock,2026-08-06
INV00448,P00683,Deluxe HDMI Cable (Red),Electronics,LOC00448,36,10,2530.04,In Stock,2026-08-20
INV00449,P00140,Compact Photo Frame (Silver),Home,LOC00449,45,40,458.13,In Stock,2026-08-05
INV00450,P00207,Lite Highlighter Set (Black),Stationery,LOC00450,124,30,4538.09,In Stock,2026-08-25
INV00451,P00636,Pro Formal Shoes (Blue),Footwear,LOC00451,236,25,3270.6,In Stock,2026-08-18
INV00452,P00416,Pro Notebook (Black),Stationery,LOC00452,289,10,1155.54,In Stock,2026-08-17
INV00453,P00169,Mini Sports Shoes (Grey),Footwear,LOC00453,251,25,1232.49,In Stock,2026-08-29
INV00454,P00617,Premium Watch Strap (Green),Accessories,LOC00454,67,15,2007.08,In Stock,2026-08-15
INV00455,P00783,Plus File Folder (Blue),Stationery,LOC00455,235,10,2925.2,In Stock,2026-08-11
INV00456,P00544,Mini Smart Watch (Beige),Electronics,LOC00456,243,30,2158.75,In Stock,2026-08-21
INV00457,P00243,Compact Slippers (Silver),Footwear,LOC00457,106,40,2900.16,In Stock,2026-08-21
INV00458,P00716,Premium Handbag (Blue),Accessories,LOC00458,158,40,3051.83,In Stock,2026-08-07
INV00459,P00646,Pro Backpack (Grey),Accessories,LOC00459,168,25,250.3,In Stock,2026-08-10
INV00460,P00525,Standard Storage Box (Red),Home,LOC00460,296,40,989.28,In Stock,2026-08-21
INV00461,P00128,Pro Running Shoes (Beige),Footwear,LOC00461,23,15,2970.86,In Stock,2026-08-06
INV00462,P00361,Standard Curtain (White),Home,LOC00462,178,10,1433.21,In Stock,2026-08-16
INV00463,P00290,Pro Watch Strap (Blue),Accessories,LOC00463,233,30,2450.7,In Stock,2026-08-26
INV00464,P00729,Deluxe Formal Shoes (Black),Footwear,LOC00464,0,10,4843.03,Out of Stock,2026-08-05
INV00465,P00476,Pro Stapler (Grey),Stationery,LOC00465,156,25,3359.37,In Stock,2026-08-10
INV00466,P00446,Premium Photo Frame (Black),Home,LOC00466,205,25,2293.35,In Stock,2026-08-10
INV00467,P00461,Pro Slippers (Green),Footwear,LOC00467,45,20,1988.72,In Stock,2026-08-14
INV00468,P00356,Plus Table Lamp (Beige),Home,LOC00468,17,25,260.83,Low Stock,2026-08-09
INV00469,P00417,Mini Belt (Beige),Accessories,LOC00469,180,15,1179.89,In Stock,2026-08-11
INV00470,P00204,Lite Sneakers (White),Footwear,LOC00470,197,10,2189.46,In Stock,2026-08-09
INV00471,P00191,Compact Charger (Blue),Electronics,LOC00471,225,25,4424.39,In Stock,2026-08-03
INV00472,P00580,Plus Keyboard (White),Electronics,LOC00472,183,40,3509.13,In Stock,2026-08-05
INV00473,P00229,Plus Flip Flops (Silver),Footwear,LOC00473,105,20,1916.71,In Stock,2026-08-02
INV00474,P00478,Compact Keychain (White),Accessories,LOC00474,4,40,1812.85,Low Stock,2026-08-06
INV00475,P00166,Compact Wallet (Green),Accessories,LOC00475,82,30,3403.66,In Stock,2026-08-15
INV00476,P00437,Plus Boots (Black),Footwear,LOC00476,120,20,3108.0,In Stock,2026-08-03
INV00477,P00538,Max Umbrella (Red),Accessories,LOC00477,286,30,3839.91,In Stock,2026-08-27
INV00478,P00627,Mini Sunglasses (Silver),Accessories,LOC00478,178,25,2127.34,In Stock,2026-08-30
INV00479,P00446,Premium Photo Frame (Black),Home,LOC00479,152,15,4384.83,In Stock,2026-08-11
INV00480,P00300,Premium Tablet Stand (White),Electronics,LOC00480,113,40,3948.27,In Stock,2026-08-10
INV00481,P00313,Deluxe Marker Pack (Black),Stationery,LOC00481,62,30,4646.21,In Stock,2026-08-13
INV00482,P00604,Premium Flip Flops (Red),Footwear,LOC00482,124,15,1450.36,In Stock,2026-08-27
INV00483,P00462,Compact Wallet (Grey),Accessories,LOC00483,115,20,4396.66,In Stock,2026-08-19
INV00484,P00271,Plus Curtain (Grey),Home,LOC00484,269,10,4199.18,In Stock,2026-08-25
INV00485,P00717,Deluxe Keychain (White),Accessories,LOC00485,87,30,332.95,In Stock,2026-08-05
INV00486,P00337,Plus Cap (Green),Accessories,LOC00486,215,30,3641.46,In Stock,2026-08-05
INV00487,P00741,Deluxe Stapler (Blue),Stationery,LOC00487,294,15,3247.47,In Stock,2026-08-22
INV00488,P00535,Standard Calculator (Beige),Stationery,LOC00488,138,30,871.7,In Stock,2026-08-04
INV00489,P00009,Pro Wallet (Beige),Accessories,LOC00489,228,30,3486.23,In Stock,2026-08-05
INV00490,P00118,Classic Bed Sheet Set (Grey),Home,LOC00490,22,25,1575.66,Low Stock,2026-08-16
INV00491,P00532,Lite Boots (Red),Footwear,LOC00491,98,20,3576.8,In Stock,2026-08-10
INV00492,P00423,Classic Watch Strap (Green),Accessories,LOC00492,172,20,745.37,In Stock,2026-08-16
INV00493,P00797,Compact Travel Pouch (Grey),Accessories,LOC00493,19,15,309.26,In Stock,2026-08-08
INV00494,P00285,Pro Travel Pouch (Silver),Accessories,LOC00494,221,30,1968.36,In Stock,2026-08-28
INV00495,P00066,Compact Watch Strap (Silver),Accessories,LOC00495,114,15,4131.51,In Stock,2026-08-19
INV00496,P00145,Lite Cushion (Beige),Home,LOC00496,182,40,3915.05,In Stock,2026-08-04
INV00497,P00209,Max Monitor (Grey),Electronics,LOC00497,236,40,4334.16,In Stock,2026-08-11
INV00498,P00542,Pro Running Shoes (Beige),Footwear,LOC00498,200,40,2952.52,In Stock,2026-08-07
INV00499,P00644,Pro Keychain (Black),Accessories,LOC00499,241,40,4704.61,In Stock,2026-08-01
INV00500,P00081,Pro Loafers (Red),Footwear,LOC00500,111,30,3557.5,In Stock,2026-08-03
INV00501,P00566,Premium Sandals (Blue),Footwear,LOC00501,96,20,1702.55,In Stock,2026-08-09
INV00502,P00398,Standard Water Bottle (Green),Home,LOC00502,43,15,4678.29,In Stock,2026-08-03
INV00503,P00564,Lite Bed Sheet Set (White),Home,LOC00503,24,20,1552.45,In Stock,2026-08-29
INV00504,P00188,Deluxe Calculator (Grey),Stationery,LOC00504,208,15,3729.22,In Stock,2026-08-06
INV00505,P00035,Compact Sticky Notes (White),Stationery,LOC00505,99,15,1533.5,In Stock,2026-08-10
INV00506,P00272,Standard Backpack (Grey),Accessories,LOC00506,106,25,190.71,In Stock,2026-08-21
INV00507,P00238,Mini Bed Sheet Set (Beige),Home,LOC00507,230,40,2135.86,In Stock,2026-08-23
INV00508,P00760,Mini Webcam (Black),Electronics,LOC00508,202,40,4171.86,In Stock,2026-08-26
INV00509,P00034,Classic Slippers (Grey),Footwear,LOC00509,160,30,2887.5,In Stock,2026-08-23
INV00510,P00288,Compact Router (Green),Electronics,LOC00510,298,25,4440.99,In Stock,2026-08-02
INV00511,P00670,Lite Sandals (Grey),Footwear,LOC00511,249,10,414.62,In Stock,2026-08-15
INV00512,P00270,Pro Door Mat (Red),Home,LOC00512,19,15,4222.21,In Stock,2026-08-10
INV00513,P00060,Compact Laptop Stand (White),Electronics,LOC00513,116,15,4740.52,In Stock,2026-08-18
INV00514,P00168,Plus Keyboard (Silver),Electronics,LOC00514,286,15,2167.41,In Stock,2026-08-20
INV00515,P00347,Pro Watch Strap (Grey),Accessories,LOC00515,229,15,3675.18,In Stock,2026-08-25
INV00516,P00772,Standard Sandals (Silver),Footwear,LOC00516,101,15,2648.54,In Stock,2026-08-07
INV00517,P00157,Max Sticky Notes (Blue),Stationery,LOC00517,119,30,178.58,In Stock,2026-08-01
INV00518,P00339,Classic Bluetooth Speaker (White),Electronics,LOC00518,293,25,1100.61,In Stock,2026-08-04
INV00519,P00011,Premium Charger (White),Electronics,LOC00519,11,15,1341.83,Low Stock,2026-08-08
INV00520,P00480,Deluxe Hiking Boots (Green),Footwear,LOC00520,34,25,700.99,In Stock,2026-08-24
INV00521,P00439,Premium Candle Holder (Beige),Home,LOC00521,186,25,2242.94,In Stock,2026-08-30
INV00522,P00438,Pro Cap (Green),Accessories,LOC00522,244,15,1801.13,In Stock,2026-08-20
INV00523,P00323,Standard Umbrella (Beige),Accessories,LOC00523,29,15,3243.6,In Stock,2026-08-06
INV00524,P00216,Deluxe Table Lamp (Black),Home,LOC00524,40,10,4559.15,In Stock,2026-08-29
INV00525,P00753,Lite Handbag (Green),Accessories,LOC00525,284,30,4097.72,In Stock,2026-08-25
INV00526,P00175,Max Slippers (Green),Footwear,LOC00526,14,15,3611.02,Low Stock,2026-08-07
INV00527,P00135,Max Highlighter Set (Grey),Stationery,LOC00527,65,10,2345.42,In Stock,2026-08-18
INV00528,P00596,Lite Flip Flops (Red),Footwear,LOC00528,8,40,3615.73,Low Stock,2026-08-03
INV00529,P00168,Plus Keyboard (Silver),Electronics,LOC00529,67,40,4416.29,In Stock,2026-08-10
INV00530,P00060,Compact Laptop Stand (White),Electronics,LOC00530,211,25,3335.71,In Stock,2026-08-30
INV00531,P00560,Premium Cushion (Grey),Home,LOC00531,52,25,3245.75,In Stock,2026-08-27
INV00532,P00708,Standard Sports Shoes (Black),Footwear,LOC00532,164,25,2127.21,In Stock,2026-08-27
INV00533,P00638,Standard Cap (White),Accessories,LOC00533,93,30,344.23,In Stock,2026-08-30
INV00534,P00369,Plus Desk Organizer (Green),Stationery,LOC00534,277,40,4373.75,In Stock,2026-08-08
INV00535,P00452,Classic Curtain (Blue),Home,LOC00535,240,15,1762.44,In Stock,2026-08-21
INV00536,P00066,Compact Watch Strap (Silver),Accessories,LOC00536,79,15,295.51,In Stock,2026-08-11
INV00537,P00599,Lite Wall Clock (Black),Home,LOC00537,175,40,3814.42,In Stock,2026-08-13
INV00538,P00289,Pro Marker Pack (Silver),Stationery,LOC00538,130,40,3650.06,In Stock,2026-08-30
INV00539,P00151,Standard Power Bank (Green),Electronics,LOC00539,248,15,1018.37,In Stock,2026-08-08
INV00540,P00588,Standard Bed Sheet Set (Beige),Home,LOC00540,95,10,513.23,In Stock,2026-08-04
INV00541,P00049,Pro USB-C Cable (Black),Electronics,LOC00541,271,10,304.62,In Stock,2026-08-15
INV00542,P00714,Plus Bed Sheet Set (Beige),Home,LOC00542,283,20,343.98,In Stock,2026-08-14
INV00543,P00076,Plus Belt (Red),Accessories,LOC00543,25,25,1526.61,Low Stock,2026-08-28
INV00544,P00037,Mini Loafers (Black),Footwear,LOC00544,115,40,1826.36,In Stock,2026-08-20
INV00545,P00602,Plus Bed Sheet Set (Beige),Home,LOC00545,128,30,972.19,In Stock,2026-08-23
INV00546,P00326,Pro Headphones (White),Electronics,LOC00546,56,40,945.05,In Stock,2026-08-16
INV00547,P00146,Standard Water Bottle (Green),Home,LOC00547,198,25,1322.89,In Stock,2026-08-24
INV00548,P00571,Compact Tablet Stand (Red),Electronics,LOC00548,93,25,1866.51,In Stock,2026-08-06
INV00549,P00297,Max Door Mat (Green),Home,LOC00549,73,15,962.12,In Stock,2026-08-04
INV00550,P00696,Standard Photo Frame (Silver),Home,LOC00550,133,20,1973.25,In Stock,2026-08-19
INV00551,P00197,Pro Door Mat (Black),Home,LOC00551,0,15,4099.62,Out of Stock,2026-08-23
INV00552,P00208,Lite Boots (Silver),Footwear,LOC00552,150,20,4397.32,In Stock,2026-08-10
INV00553,P00019,Mini Marker Pack (Silver),Stationery,LOC00553,257,20,2544.57,In Stock,2026-08-27
INV00554,P00614,Max USB-C Cable (White),Electronics,LOC00554,169,30,2375.66,In Stock,2026-08-01
INV00555,P00171,Lite Curtain (Green),Home,LOC00555,191,10,1948.86,In Stock,2026-08-20
INV00556,P00520,Deluxe Keychain (Red),Accessories,LOC00556,178,40,3852.83,In Stock,2026-08-03
INV00557,P00321,Pro Earbuds (Red),Electronics,LOC00557,229,15,3156.18,In Stock,2026-08-16
INV00558,P00187,Premium Sneakers (Grey),Footwear,LOC00558,218,25,1124.1,In Stock,2026-08-21
INV00559,P00613,Plus Cushion (Grey),Home,LOC00559,162,40,1412.24,In Stock,2026-08-14
INV00560,P00464,Pro Marker Pack (Red),Stationery,LOC00560,242,25,883.09,In Stock,2026-08-11
INV00561,P00368,Deluxe Door Mat (Silver),Home,LOC00561,78,30,493.71,In Stock,2026-08-01
INV00562,P00409,Max HDMI Cable (Silver),Electronics,LOC00562,277,20,4065.65,In Stock,2026-08-03
INV00563,P00138,Max Sandals (Beige),Footwear,LOC00563,188,10,838.46,In Stock,2026-08-19
INV00564,P00293,Plus Door Mat (Beige),Home,LOC00564,36,10,1168.99,In Stock,2026-08-11
INV00565,P00156,Max USB-C Cable (Black),Electronics,LOC00565,162,30,3534.54,In Stock,2026-08-11
INV00566,P00412,Plus Table Lamp (Red),Home,LOC00566,223,15,3374.04,In Stock,2026-08-08
INV00567,P00158,Deluxe Table Lamp (Red),Home,LOC00567,209,40,3640.33,In Stock,2026-08-06
INV00568,P00681,Max Curtain (Green),Home,LOC00568,21,15,471.39,In Stock,2026-08-14
INV00569,P00680,Plus Sports Shoes (Grey),Footwear,LOC00569,263,20,3376.23,In Stock,2026-08-01
INV00570,P00348,Compact Highlighter Set (Grey),Stationery,LOC00570,99,10,1191.87,In Stock,2026-08-07
INV00571,P00552,Premium Flip Flops (Grey),Footwear,LOC00571,22,10,2717.72,In Stock,2026-08-09
INV00572,P00230,Max Water Bottle (Grey),Home,LOC00572,80,40,509.17,In Stock,2026-08-03
INV00573,P00156,Max USB-C Cable (Black),Electronics,LOC00573,88,10,1922.35,In Stock,2026-08-26
INV00574,P00304,Max Marker Pack (Green),Stationery,LOC00574,57,30,2736.8,In Stock,2026-08-23
INV00575,P00446,Premium Photo Frame (Black),Home,LOC00575,213,30,4957.03,In Stock,2026-08-18
INV00576,P00306,Compact Sandals (Grey),Footwear,LOC00576,53,10,636.7,In Stock,2026-08-25
INV00577,P00335,Deluxe Desk Organizer (Black),Stationery,LOC00577,284,20,2007.37,In Stock,2026-08-18
INV00578,P00313,Deluxe Marker Pack (Black),Stationery,LOC00578,0,15,969.54,Out of Stock,2026-08-02
INV00579,P00515,Deluxe Stapler (Green),Stationery,LOC00579,226,25,2453.16,In Stock,2026-08-21
INV00580,P00322,Max Door Mat (Beige),Home,LOC00580,167,30,3224.25,In Stock,2026-08-25
INV00581,P00289,Pro Marker Pack (Silver),Stationery,LOC00581,159,25,3018.39,In Stock,2026-08-25
INV00582,P00742,Lite Cap (Grey),Accessories,LOC00582,111,15,982.43,In Stock,2026-08-10
INV00583,P00626,Premium Door Mat (Blue),Home,LOC00583,223,15,976.32,In Stock,2026-08-26
INV00584,P00198,Deluxe Sandals (Grey),Footwear,LOC00584,8,15,412.42,Low Stock,2026-08-10
INV00585,P00292,Max Headphones (Blue),Electronics,LOC00585,129,15,3998.6,In Stock,2026-08-18
INV00586,P00116,Max Sticky Notes (Beige),Stationery,LOC00586,248,20,3884.18,In Stock,2026-08-17
INV00587,P00717,Deluxe Keychain (White),Accessories,LOC00587,46,10,2286.92,In Stock,2026-08-16
INV00588,P00779,Classic Wall Clock (Red),Home,LOC00588,142,25,2680.55,In Stock,2026-08-19
INV00589,P00668,Compact Table Lamp (Red),Home,LOC00589,263,15,642.38,In Stock,2026-08-23
INV00590,P00563,Lite Laptop Stand (Blue),Electronics,LOC00590,29,10,2168.02,In Stock,2026-08-08
INV00591,P00022,Lite Watch Strap (White),Accessories,LOC00591,86,40,404.7,In Stock,2026-08-23
INV00592,P00357,Standard File Folder (Grey),Stationery,LOC00592,82,15,1046.62,In Stock,2026-08-18
INV00593,P00406,Compact Pen Set (White),Stationery,LOC00593,49,15,3194.86,In Stock,2026-08-01
INV00594,P00335,Deluxe Desk Organizer (Black),Stationery,LOC00594,138,15,4504.81,In Stock,2026-08-08
INV00595,P00564,Lite Bed Sheet Set (White),Home,LOC00595,0,40,2809.44,Out of Stock,2026-08-30
INV00596,P00166,Compact Wallet (Green),Accessories,LOC00596,87,25,3858.8,In Stock,2026-08-22
INV00597,P00064,Mini Water Bottle (Beige),Home,LOC00597,230,10,3516.78,In Stock,2026-08-13
INV00598,P00168,Plus Keyboard (Silver),Electronics,LOC00598,223,25,4302.19,In Stock,2026-08-30
INV00599,P00182,Premium Scissors (Green),Stationery,LOC00599,105,30,3085.13,In Stock,2026-08-29
INV00600,P00395,Compact Calculator (Black),Stationery,LOC00600,104,40,2095.79,In Stock,2026-08-07
INV00601,P00765,Plus Wireless Mouse (White),Electronics,LOC00601,258,10,657.82,In Stock,2026-08-11
INV00602,P00647,Classic Desk Organizer (Blue),Stationery,LOC00602,206,30,2327.89,In Stock,2026-08-06
INV00603,P00254,Plus Tablet Stand (Beige),Electronics,LOC00603,282,25,103.02,In Stock,2026-08-10
INV00604,P00077,Mini Watch Strap (Grey),Accessories,LOC00604,79,15,3975.4,In Stock,2026-08-22
INV00605,P00206,Standard Running Shoes (Silver),Footwear,LOC00605,78,15,2747.76,In Stock,2026-08-04
INV00606,P00521,Premium Router (Blue),Electronics,LOC00606,114,40,2358.32,In Stock,2026-08-12
INV00607,P00615,Deluxe Cushion (Red),Home,LOC00607,32,40,1693.3,Low Stock,2026-08-17
INV00608,P00783,Plus File Folder (Blue),Stationery,LOC00608,10,40,2514.74,Low Stock,2026-08-13
INV00609,P00098,Classic Sports Shoes (Blue),Footwear,LOC00609,22,40,3643.42,Low Stock,2026-08-14
INV00610,P00596,Lite Flip Flops (Red),Footwear,LOC00610,3,15,2659.97,Low Stock,2026-08-21
INV00611,P00670,Lite Sandals (Grey),Footwear,LOC00611,126,20,3142.73,In Stock,2026-08-25
INV00612,P00479,Deluxe Sticky Notes (Blue),Stationery,LOC00612,227,30,2356.16,In Stock,2026-08-14
INV00613,P00516,Compact Calculator (Silver),Stationery,LOC00613,56,40,2152.1,In Stock,2026-08-12
INV00614,P00547,Compact Marker Pack (Black),Stationery,LOC00614,126,40,1563.65,In Stock,2026-08-18
INV00615,P00677,Plus Umbrella (Beige),Accessories,LOC00615,91,25,180.52,In Stock,2026-08-24
INV00616,P00734,Premium Notebook (Red),Stationery,LOC00616,77,40,1945.66,In Stock,2026-08-23
INV00617,P00713,Pro Slippers (Grey),Footwear,LOC00617,273,25,3096.01,In Stock,2026-08-13
INV00618,P00363,Pro Sunglasses (White),Accessories,LOC00618,48,30,2295.27,In Stock,2026-08-05
INV00619,P00316,Premium Laptop Stand (White),Electronics,LOC00619,259,30,4465.43,In Stock,2026-08-19
INV00620,P00167,Standard Tablet Stand (Silver),Electronics,LOC00620,166,20,1435.86,In Stock,2026-08-08
INV00621,P00446,Premium Photo Frame (Black),Home,LOC00621,4,40,3716.05,Low Stock,2026-08-25
INV00622,P00140,Compact Photo Frame (Silver),Home,LOC00622,11,30,3173.27,Low Stock,2026-08-15
INV00623,P00147,Premium Storage Box (Blue),Home,LOC00623,210,30,4942.47,In Stock,2026-08-14
INV00624,P00312,Pro Desk Organizer (Silver),Stationery,LOC00624,224,10,2041.15,In Stock,2026-08-19
INV00625,P00023,Plus Hiking Boots (Red),Footwear,LOC00625,1,30,2339.69,Low Stock,2026-08-18
INV00626,P00703,Lite Wallet (Black),Accessories,LOC00626,254,40,1823.52,In Stock,2026-08-09
INV00627,P00633,Classic Water Bottle (Beige),Home,LOC00627,145,30,467.81,In Stock,2026-08-13
INV00628,P00522,Standard Desk Organizer (Blue),Stationery,LOC00628,258,15,650.47,In Stock,2026-08-28
INV00629,P00474,Lite Sticky Notes (Blue),Stationery,LOC00629,147,15,2642.04,In Stock,2026-08-27
INV00630,P00646,Pro Backpack (Grey),Accessories,LOC00630,105,20,2727.53,In Stock,2026-08-13
INV00631,P00547,Compact Marker Pack (Black),Stationery,LOC00631,194,10,2714.15,In Stock,2026-08-10
INV00632,P00272,Standard Backpack (Grey),Accessories,LOC00632,161,20,915.66,In Stock,2026-08-01
INV00633,P00656,Plus Cushion (Beige),Home,LOC00633,201,30,1699.67,In Stock,2026-08-29
INV00634,P00176,Lite Handbag (Grey),Accessories,LOC00634,16,10,782.75,In Stock,2026-08-06
INV00635,P00470,Pro Loafers (Silver),Footwear,LOC00635,203,10,2808.1,In Stock,2026-08-13
INV00636,P00063,Premium Door Mat (Red),Home,LOC00636,278,10,2718.74,In Stock,2026-08-06
INV00637,P00259,Plus Wireless Mouse (Black),Electronics,LOC00637,266,20,101.67,In Stock,2026-08-04
INV00638,P00553,Plus Formal Shoes (Blue),Footwear,LOC00638,284,30,4041.04,In Stock,2026-08-07
INV00639,P00338,Mini Bluetooth Speaker (Beige),Electronics,LOC00639,156,25,2799.22,In Stock,2026-08-22
INV00640,P00634,Compact Wireless Mouse (Grey),Electronics,LOC00640,242,30,2810.33,In Stock,2026-08-09
INV00641,P00426,Compact Calculator (Black),Stationery,LOC00641,7,15,3961.68,Low Stock,2026-08-05
INV00642,P00014,Max Wireless Mouse (Grey),Electronics,LOC00642,0,10,3429.32,Out of Stock,2026-08-07
INV00643,P00738,Plus Hiking Boots (Beige),Footwear,LOC00643,206,25,4453.16,In Stock,2026-08-04
INV00644,P00798,Mini Loafers (Grey),Footwear,LOC00644,182,30,183.71,In Stock,2026-08-21
INV00645,P00367,Pro Sticky Notes (Blue),Stationery,LOC00645,149,25,1378.19,In Stock,2026-08-04
INV00646,P00579,Max Charger (White),Electronics,LOC00646,224,15,4237.89,In Stock,2026-08-18
INV00647,P00302,Mini Belt (Red),Accessories,LOC00647,229,25,2562.0,In Stock,2026-08-19
INV00648,P00492,Max Umbrella (Blue),Accessories,LOC00648,9,40,2700.02,Low Stock,2026-08-21
INV00649,P00166,Compact Wallet (Green),Accessories,LOC00649,17,25,3191.01,Low Stock,2026-08-01
INV00650,P00209,Max Monitor (Grey),Electronics,LOC00650,190,25,701.09,In Stock,2026-08-29
INV00651,P00237,Premium Door Mat (Red),Home,LOC00651,151,20,743.48,In Stock,2026-08-10
INV00652,P00610,Max Smart Watch (Black),Electronics,LOC00652,201,10,3358.8,In Stock,2026-08-16
INV00653,P00433,Premium Charger (Black),Electronics,LOC00653,205,30,906.69,In Stock,2026-08-27
INV00654,P00040,Max Running Shoes (White),Footwear,LOC00654,72,25,671.46,In Stock,2026-08-26
INV00655,P00353,Standard Sandals (Red),Footwear,LOC00655,223,30,769.94,In Stock,2026-08-28
INV00656,P00436,Lite Highlighter Set (Black),Stationery,LOC00656,94,15,710.93,In Stock,2026-08-28
INV00657,P00009,Pro Wallet (Beige),Accessories,LOC00657,120,20,3271.83,In Stock,2026-08-07
INV00658,P00302,Mini Belt (Red),Accessories,LOC00658,15,25,1604.79,Low Stock,2026-08-09
INV00659,P00399,Deluxe Slippers (Grey),Footwear,LOC00659,277,20,3947.79,In Stock,2026-08-10
INV00660,P00382,Lite Handbag (Beige),Accessories,LOC00660,114,30,1697.66,In Stock,2026-08-20
INV00661,P00099,Max Watch Strap (Grey),Accessories,LOC00661,273,15,128.92,In Stock,2026-08-08
INV00662,P00084,Pro Stapler (Blue),Stationery,LOC00662,147,15,1167.99,In Stock,2026-08-11
INV00663,P00171,Lite Curtain (Green),Home,LOC00663,28,40,2031.49,Low Stock,2026-08-01
INV00664,P00675,Mini Table Lamp (Grey),Home,LOC00664,46,15,4652.55,In Stock,2026-08-30
INV00665,P00798,Mini Loafers (Grey),Footwear,LOC00665,121,25,800.61,In Stock,2026-08-30
INV00666,P00475,Max Loafers (Green),Footwear,LOC00666,80,25,2725.75,In Stock,2026-08-14
INV00667,P00559,Classic Belt (Grey),Accessories,LOC00667,126,40,2821.86,In Stock,2026-08-20
INV00668,P00730,Classic Boots (Grey),Footwear,LOC00668,164,40,936.75,In Stock,2026-08-18
INV00669,P00599,Lite Wall Clock (Black),Home,LOC00669,156,40,4223.32,In Stock,2026-08-06
INV00670,P00144,Compact Candle Holder (Red),Home,LOC00670,160,40,665.72,In Stock,2026-08-04
INV00671,P00515,Deluxe Stapler (Green),Stationery,LOC00671,250,20,510.76,In Stock,2026-08-12
INV00672,P00069,Classic Backpack (Silver),Accessories,LOC00672,172,10,2691.56,In Stock,2026-08-30
INV00673,P00653,Max Keyboard (White),Electronics,LOC00673,185,10,553.46,In Stock,2026-08-10
INV00674,P00459,Premium Stapler (Red),Stationery,LOC00674,157,25,1227.57,In Stock,2026-08-09
INV00675,P00375,Compact Desk Organizer (Beige),Stationery,LOC00675,109,40,1557.06,In Stock,2026-08-12
INV00676,P00542,Pro Running Shoes (Beige),Footwear,LOC00676,151,40,682.5,In Stock,2026-08-04
INV00677,P00595,Max Flip Flops (Black),Footwear,LOC00677,292,20,1372.79,In Stock,2026-08-15
INV00678,P00618,Plus Cap (Silver),Accessories,LOC00678,18,15,2491.82,In Stock,2026-08-11
INV00679,P00548,Mini Sports Shoes (Black),Footwear,LOC00679,113,10,2695.27,In Stock,2026-08-07
INV00680,P00432,Mini Door Mat (Blue),Home,LOC00680,35,10,1273.27,In Stock,2026-08-23
INV00681,P00660,Mini Sports Shoes (Beige),Footwear,LOC00681,93,30,2612.6,In Stock,2026-08-14
INV00682,P00519,Classic Stapler (Silver),Stationery,LOC00682,89,30,433.76,In Stock,2026-08-26
INV00683,P00179,Premium Marker Pack (Silver),Stationery,LOC00683,278,25,146.25,In Stock,2026-08-16
INV00684,P00569,Pro Hiking Boots (Silver),Footwear,LOC00684,94,25,405.71,In Stock,2026-08-11
INV00685,P00186,Compact Charger (Blue),Electronics,LOC00685,227,10,2101.11,In Stock,2026-08-23
INV00686,P00677,Plus Umbrella (Beige),Accessories,LOC00686,167,15,2463.89,In Stock,2026-08-24
INV00687,P00525,Standard Storage Box (Red),Home,LOC00687,51,10,4330.04,In Stock,2026-08-17
INV00688,P00365,Max Sunglasses (White),Accessories,LOC00688,244,25,1467.16,In Stock,2026-08-07
INV00689,P00391,Classic Scissors (Green),Stationery,LOC00689,44,25,2268.2,In Stock,2026-08-24
INV00690,P00388,Deluxe Storage Box (White),Home,LOC00690,203,15,4934.99,In Stock,2026-08-19
INV00691,P00230,Max Water Bottle (Grey),Home,LOC00691,202,15,3061.55,In Stock,2026-08-05
INV00692,P00264,Mini Curtain (Red),Home,LOC00692,220,25,357.03,In Stock,2026-08-09
INV00693,P00602,Plus Bed Sheet Set (Beige),Home,LOC00693,299,30,3477.52,In Stock,2026-08-26
INV00694,P00115,Standard Photo Frame (Grey),Home,LOC00694,272,10,1766.39,In Stock,2026-08-20
INV00695,P00234,Pro File Folder (Red),Stationery,LOC00695,8,30,4179.04,Low Stock,2026-08-18
INV00696,P00701,Premium Flip Flops (Green),Footwear,LOC00696,174,40,3549.93,In Stock,2026-08-06
INV00697,P00554,Mini Wall Clock (Black),Home,LOC00697,209,30,1522.5,In Stock,2026-08-22
INV00698,P00295,Standard Curtain (Grey),Home,LOC00698,150,15,3706.0,In Stock,2026-08-13
INV00699,P00527,Mini Charger (Red),Electronics,LOC00699,152,30,3112.85,In Stock,2026-08-20
INV00700,P00469,Standard File Folder (White),Stationery,LOC00700,189,30,2848.1,In Stock,2026-08-15
INV00701,P00380,Mini Smart Watch (Black),Electronics,LOC00701,168,25,1806.79,In Stock,2026-08-21
INV00702,P00533,Premium Photo Frame (Green),Home,LOC00702,265,15,4227.68,In Stock,2026-08-24
INV00703,P00053,Max Candle Holder (White),Home,LOC00703,73,15,3750.44,In Stock,2026-08-03
INV00704,P00474,Lite Sticky Notes (Blue),Stationery,LOC00704,275,40,4495.25,In Stock,2026-08-20
INV00705,P00647,Classic Desk Organizer (Blue),Stationery,LOC00705,70,10,2747.19,In Stock,2026-08-10
INV00706,P00655,Lite Backpack (Silver),Accessories,LOC00706,231,30,2363.4,In Stock,2026-08-29
INV00707,P00337,Plus Cap (Green),Accessories,LOC00707,270,30,4633.66,In Stock,2026-08-10
INV00708,P00102,Max Cap (Red),Accessories,LOC00708,105,20,3825.69,In Stock,2026-08-14
INV00709,P00164,Lite Charger (White),Electronics,LOC00709,200,30,505.7,In Stock,2026-08-17
INV00710,P00744,Mini Power Bank (Blue),Electronics,LOC00710,15,15,2562.61,Low Stock,2026-08-07
INV00711,P00771,Premium Sticky Notes (Green),Stationery,LOC00711,274,25,2931.8,In Stock,2026-08-04
INV00712,P00625,Plus Bed Sheet Set (Grey),Home,LOC00712,275,25,4730.77,In Stock,2026-08-03
INV00713,P00345,Premium Curtain (Beige),Home,LOC00713,5,30,3714.65,Low Stock,2026-08-29
INV00714,P00633,Classic Water Bottle (Beige),Home,LOC00714,293,40,4182.63,In Stock,2026-08-21
INV00715,P00456,Mini Wireless Mouse (Silver),Electronics,LOC00715,295,25,1645.55,In Stock,2026-08-02
INV00716,P00574,Premium Hiking Boots (White),Footwear,LOC00716,216,25,1181.95,In Stock,2026-08-19
INV00717,P00383,Deluxe Photo Frame (Black),Home,LOC00717,160,10,2737.46,In Stock,2026-08-24
INV00718,P00022,Lite Watch Strap (White),Accessories,LOC00718,237,40,3866.13,In Stock,2026-08-24
INV00719,P00685,Premium Cushion (Grey),Home,LOC00719,99,20,2032.36,In Stock,2026-08-05
INV00720,P00765,Plus Wireless Mouse (White),Electronics,LOC00720,62,40,1280.54,In Stock,2026-08-04
INV00721,P00599,Lite Wall Clock (Black),Home,LOC00721,5,10,714.69,Low Stock,2026-08-08
INV00722,P00588,Standard Bed Sheet Set (Beige),Home,LOC00722,157,25,4343.08,In Stock,2026-08-05
INV00723,P00358,Classic Keyboard (Green),Electronics,LOC00723,124,10,306.09,In Stock,2026-08-24
INV00724,P00061,Compact Monitor (Black),Electronics,LOC00724,271,40,4007.25,In Stock,2026-08-11
INV00725,P00515,Deluxe Stapler (Green),Stationery,LOC00725,62,40,1704.93,In Stock,2026-08-02
INV00726,P00139,Pro Sneakers (Beige),Footwear,LOC00726,108,20,1111.26,In Stock,2026-08-23
INV00727,P00072,Max Pen Set (Beige),Stationery,LOC00727,271,20,1956.66,In Stock,2026-08-16
INV00728,P00412,Plus Table Lamp (Red),Home,LOC00728,225,15,3481.01,In Stock,2026-08-03
INV00729,P00522,Standard Desk Organizer (Blue),Stationery,LOC00729,205,40,1123.03,In Stock,2026-08-19
INV00730,P00248,Premium Storage Box (Black),Home,LOC00730,30,30,3169.49,Low Stock,2026-08-23
INV00731,P00558,Mini Bluetooth Speaker (Silver),Electronics,LOC00731,220,20,3200.06,In Stock,2026-08-03
INV00732,P00299,Lite Keyboard (Red),Electronics,LOC00732,126,25,1737.13,In Stock,2026-08-03
INV00733,P00396,Mini Keychain (Beige),Accessories,LOC00733,122,25,2882.69,In Stock,2026-08-19
INV00734,P00366,Max Boots (Blue),Footwear,LOC00734,59,20,1520.87,In Stock,2026-08-04
INV00735,P00403,Compact Bed Sheet Set (Beige),Home,LOC00735,21,40,4206.76,Low Stock,2026-08-22
INV00736,P00246,Max File Folder (Beige),Stationery,LOC00736,248,25,237.05,In Stock,2026-08-06
INV00737,P00163,Deluxe Formal Shoes (Red),Footwear,LOC00737,215,30,1952.23,In Stock,2026-08-25
INV00738,P00005,Compact Marker Pack (Beige),Stationery,LOC00738,127,20,2653.08,In Stock,2026-08-10
INV00739,P00387,Plus Sticky Notes (Grey),Stationery,LOC00739,131,20,2118.82,In Stock,2026-08-03
INV00740,P00036,Deluxe Travel Pouch (Red),Accessories,LOC00740,236,10,4468.05,In Stock,2026-08-11
INV00741,P00343,Mini Bluetooth Speaker (Black),Electronics,LOC00741,153,30,308.98,In Stock,2026-08-14
INV00742,P00383,Deluxe Photo Frame (Black),Home,LOC00742,19,10,2844.06,In Stock,2026-08-07
INV00743,P00002,Pro Sandals (White),Footwear,LOC00743,251,15,1392.89,In Stock,2026-08-07
INV00744,P00499,Deluxe Sneakers (Green),Footwear,LOC00744,106,25,4673.77,In Stock,2026-08-14
INV00745,P00522,Standard Desk Organizer (Blue),Stationery,LOC00745,134,10,3413.52,In Stock,2026-08-21
INV00746,P00465,Premium Sneakers (Black),Footwear,LOC00746,270,10,1225.59,In Stock,2026-08-25
INV00747,P00325,Mini Handbag (Silver),Accessories,LOC00747,11,15,2917.15,Low Stock,2026-08-19
INV00748,P00046,Max USB-C Cable (White),Electronics,LOC00748,253,25,3505.35,In Stock,2026-08-13
INV00749,P00676,Plus Keyboard (Beige),Electronics,LOC00749,1,30,947.35,Low Stock,2026-08-19
INV00750,P00550,Lite Wireless Mouse (White),Electronics,LOC00750,260,20,4367.73,In Stock,2026-08-15
INV00751,P00773,Pro Formal Shoes (Blue),Footwear,LOC00751,57,20,4171.67,In Stock,2026-08-28
INV00752,P00786,Standard Earbuds (Grey),Electronics,LOC00752,275,20,764.35,In Stock,2026-08-24
INV00753,P00503,Plus Watch Strap (Black),Accessories,LOC00753,232,10,203.24,In Stock,2026-08-09
INV00754,P00436,Lite Highlighter Set (Black),Stationery,LOC00754,286,30,3811.04,In Stock,2026-08-04
INV00755,P00278,Lite Formal Shoes (Green),Footwear,LOC00755,17,40,4739.84,Low Stock,2026-08-07
INV00756,P00605,Mini Boots (Silver),Footwear,LOC00756,267,30,2584.56,In Stock,2026-08-29
INV00757,P00211,Mini Marker Pack (Grey),Stationery,LOC00757,240,30,3761.32,In Stock,2026-08-15
INV00758,P00525,Standard Storage Box (Red),Home,LOC00758,119,15,1490.43,In Stock,2026-08-07
INV00759,P00487,Premium Candle Holder (Silver),Home,LOC00759,7,25,561.04,Low Stock,2026-08-27
INV00760,P00735,Max Table Lamp (Grey),Home,LOC00760,6,10,4715.19,Low Stock,2026-08-20
INV00761,P00358,Classic Keyboard (Green),Electronics,LOC00761,262,15,4378.4,In Stock,2026-08-27
INV00762,P00024,Premium Candle Holder (Blue),Home,LOC00762,279,15,751.88,In Stock,2026-08-05
INV00763,P00271,Plus Curtain (Grey),Home,LOC00763,20,15,431.32,In Stock,2026-08-30
INV00764,P00175,Max Slippers (Green),Footwear,LOC00764,43,15,3647.39,In Stock,2026-08-20
INV00765,P00365,Max Sunglasses (White),Accessories,LOC00765,236,25,1414.8,In Stock,2026-08-05
INV00766,P00287,Max Wallet (Silver),Accessories,LOC00766,10,10,2523.26,Low Stock,2026-08-02
INV00767,P00606,Standard Smart Watch (Beige),Electronics,LOC00767,139,40,1152.95,In Stock,2026-08-04
INV00768,P00278,Lite Formal Shoes (Green),Footwear,LOC00768,122,20,3250.91,In Stock,2026-08-27
INV00769,P00061,Compact Monitor (Black),Electronics,LOC00769,247,30,1615.88,In Stock,2026-08-23
INV00770,P00650,Deluxe Marker Pack (Beige),Stationery,LOC00770,73,15,2764.53,In Stock,2026-08-25
INV00771,P00477,Lite Flip Flops (Blue),Footwear,LOC00771,300,10,2424.88,In Stock,2026-08-24
INV00772,P00763,Pro Slippers (Blue),Footwear,LOC00772,130,25,2092.68,In Stock,2026-08-28
INV00773,P00188,Deluxe Calculator (Grey),Stationery,LOC00773,191,15,4224.71,In Stock,2026-08-03
INV00774,P00148,Classic Calculator (Beige),Stationery,LOC00774,148,15,4177.67,In Stock,2026-08-01
INV00775,P00711,Deluxe Wallet (White),Accessories,LOC00775,109,40,587.43,In Stock,2026-08-06
INV00776,P00547,Compact Marker Pack (Black),Stationery,LOC00776,26,30,1595.85,Low Stock,2026-08-02
INV00777,P00539,Compact Stapler (Grey),Stationery,LOC00777,50,25,1153.05,In Stock,2026-08-23
INV00778,P00487,Premium Candle Holder (Silver),Home,LOC00778,76,10,2297.39,In Stock,2026-08-18
INV00779,P00669,Mini Calculator (Beige),Stationery,LOC00779,28,15,3916.28,In Stock,2026-08-30
INV00780,P00033,Lite Wallet (Beige),Accessories,LOC00780,171,30,2014.53,In Stock,2026-08-25
INV00781,P00425,Plus Smart Watch (White),Electronics,LOC00781,69,40,1864.92,In Stock,2026-08-03
INV00782,P00420,Premium Curtain (White),Home,LOC00782,298,30,1759.92,In Stock,2026-08-01
INV00783,P00488,Deluxe Loafers (Blue),Footwear,LOC00783,160,30,568.32,In Stock,2026-08-01
INV00784,P00250,Premium Tablet Stand (White),Electronics,LOC00784,170,15,4830.91,In Stock,2026-08-26
INV00785,P00027,Mini Belt (Silver),Accessories,LOC00785,110,25,537.43,In Stock,2026-08-20
INV00786,P00771,Premium Sticky Notes (Green),Stationery,LOC00786,231,10,557.27,In Stock,2026-08-06
INV00787,P00210,Standard Marker Pack (White),Stationery,LOC00787,194,30,3740.9,In Stock,2026-08-19
INV00788,P00484,Lite Bed Sheet Set (Grey),Home,LOC00788,199,10,1008.63,In Stock,2026-08-16
INV00789,P00026,Deluxe File Folder (Beige),Stationery,LOC00789,161,20,3742.06,In Stock,2026-08-28
INV00790,P00115,Standard Photo Frame (Grey),Home,LOC00790,56,25,2780.07,In Stock,2026-08-19
INV00791,P00071,Mini Pen Set (White),Stationery,LOC00791,3,25,1600.33,Low Stock,2026-08-15
INV00792,P00417,Mini Belt (Beige),Accessories,LOC00792,74,10,3820.92,In Stock,2026-08-27
INV00793,P00301,Classic Hiking Boots (Black),Footwear,LOC00793,94,15,553.93,In Stock,2026-08-12
INV00794,P00407,Mini Wallet (Grey),Accessories,LOC00794,73,10,1150.9,In Stock,2026-08-11
INV00795,P00602,Plus Bed Sheet Set (Beige),Home,LOC00795,42,20,3678.08,In Stock,2026-08-05
INV00796,P00598,Mini Boots (Red),Footwear,LOC00796,156,20,4008.4,In Stock,2026-08-24
INV00797,P00486,Classic Table Lamp (Blue),Home,LOC00797,192,15,1119.4,In Stock,2026-08-20
INV00798,P00188,Deluxe Calculator (Grey),Stationery,LOC00798,180,25,1199.78,In Stock,2026-08-11
INV00799,P00134,Max Wall Clock (Grey),Home,LOC00799,209,25,2380.53,In Stock,2026-08-03
INV00800,P00308,Max Webcam (Green),Electronics,LOC00800,285,40,755.29,In Stock,2026-08-01
INV00801,P00354,Plus Calculator (White),Stationery,LOC00801,183,40,1817.7,In Stock,2026-08-19
INV00802,P00392,Max Sunglasses (Green),Accessories,LOC00802,67,10,2916.37,In Stock,2026-08-04
INV00803,P00114,Lite Charger (Grey),Electronics,LOC00803,274,20,935.57,In Stock,2026-08-19
INV00804,P00441,Lite Travel Pouch (White),Accessories,LOC00804,207,30,1498.13,In Stock,2026-08-25
INV00805,P00622,Compact Power Bank (Beige),Electronics,LOC00805,211,30,2823.41,In Stock,2026-08-09
INV00806,P00527,Mini Charger (Red),Electronics,LOC00806,215,40,2370.68,In Stock,2026-08-05
INV00807,P00061,Compact Monitor (Black),Electronics,LOC00807,256,10,1627.61,In Stock,2026-08-17
INV00808,P00266,Premium HDMI Cable (Grey),Electronics,LOC00808,261,10,2246.78,In Stock,2026-08-24
INV00809,P00674,Premium Belt (Red),Accessories,LOC00809,45,30,2901.25,In Stock,2026-08-19
INV00810,P00503,Plus Watch Strap (Black),Accessories,LOC00810,290,20,2241.2,In Stock,2026-08-05
INV00811,P00045,Premium Photo Frame (Silver),Home,LOC00811,206,10,4672.12,In Stock,2026-08-19
INV00812,P00787,Standard File Folder (Beige),Stationery,LOC00812,201,15,725.5,In Stock,2026-08-20
INV00813,P00203,Classic Desk Organizer (White),Stationery,LOC00813,117,20,1417.18,In Stock,2026-08-09
INV00814,P00448,Standard Headphones (Green),Electronics,LOC00814,229,20,871.83,In Stock,2026-08-02
INV00815,P00230,Max Water Bottle (Grey),Home,LOC00815,270,30,1443.17,In Stock,2026-08-14
INV00816,P00192,Classic Backpack (Grey),Accessories,LOC00816,4,15,4988.57,Low Stock,2026-08-06
INV00817,P00205,Mini Sneakers (White),Footwear,LOC00817,251,40,4343.48,In Stock,2026-08-22
INV00818,P00368,Deluxe Door Mat (Silver),Home,LOC00818,0,20,3829.68,Out of Stock,2026-08-29
INV00819,P00003,Classic File Folder (Black),Stationery,LOC00819,10,10,2642.09,Low Stock,2026-08-01
INV00820,P00255,Compact Umbrella (Black),Accessories,LOC00820,206,20,3008.34,In Stock,2026-08-15
INV00821,P00627,Mini Sunglasses (Silver),Accessories,LOC00821,1,10,2900.51,Low Stock,2026-08-17
INV00822,P00797,Compact Travel Pouch (Grey),Accessories,LOC00822,46,30,682.64,In Stock,2026-08-04
INV00823,P00003,Classic File Folder (Black),Stationery,LOC00823,296,10,1982.97,In Stock,2026-08-28
INV00824,P00772,Standard Sandals (Silver),Footwear,LOC00824,77,40,779.43,In Stock,2026-08-27
INV00825,P00507,Pro Desk Organizer (Blue),Stationery,LOC00825,233,15,3397.95,In Stock,2026-08-24
INV00826,P00792,Classic Cushion (Red),Home,LOC00826,235,30,318.17,In Stock,2026-08-24
INV00827,P00010,Plus Webcam (Grey),Electronics,LOC00827,172,30,4945.06,In Stock,2026-08-10
INV00828,P00085,Pro Wallet (Blue),Accessories,LOC00828,217,30,2002.69,In Stock,2026-08-16
INV00829,P00042,Mini Sticky Notes (Silver),Stationery,LOC00829,11,10,4097.08,In Stock,2026-08-30
INV00830,P00604,Premium Flip Flops (Red),Footwear,LOC00830,141,30,1319.3,In Stock,2026-08-22
INV00831,P00122,Deluxe Travel Pouch (Green),Accessories,LOC00831,125,10,4653.89,In Stock,2026-08-15
INV00832,P00536,Lite Sunglasses (Black),Accessories,LOC00832,162,10,3059.23,In Stock,2026-08-03
INV00833,P00662,Premium Power Bank (Green),Electronics,LOC00833,132,20,792.46,In Stock,2026-08-11
INV00834,P00588,Standard Bed Sheet Set (Beige),Home,LOC00834,76,20,3215.02,In Stock,2026-08-01
INV00835,P00681,Max Curtain (Green),Home,LOC00835,35,10,1686.32,In Stock,2026-08-12
INV00836,P00245,Max Photo Frame (Red),Home,LOC00836,211,20,2286.74,In Stock,2026-08-14
INV00837,P00385,Lite File Folder (Grey),Stationery,LOC00837,128,30,4462.8,In Stock,2026-08-10
INV00838,P00280,Compact Scissors (Grey),Stationery,LOC00838,221,25,3607.96,In Stock,2026-08-15
INV00839,P00098,Classic Sports Shoes (Blue),Footwear,LOC00839,281,10,4417.05,In Stock,2026-08-05
INV00840,P00739,Mini Hiking Boots (Red),Footwear,LOC00840,71,10,4559.22,In Stock,2026-08-23
INV00841,P00706,Plus Sticky Notes (Beige),Stationery,LOC00841,77,30,3296.83,In Stock,2026-08-30
INV00842,P00526,Deluxe Bed Sheet Set (Silver),Home,LOC00842,147,25,4807.76,In Stock,2026-08-01
INV00843,P00401,Max Umbrella (Green),Accessories,LOC00843,17,15,2552.91,In Stock,2026-08-17
INV00844,P00072,Max Pen Set (Beige),Stationery,LOC00844,134,25,4532.69,In Stock,2026-08-23
INV00845,P00479,Deluxe Sticky Notes (Blue),Stationery,LOC00845,183,15,2115.77,In Stock,2026-08-21
INV00846,P00164,Lite Charger (White),Electronics,LOC00846,176,15,140.26,In Stock,2026-08-15
INV00847,P00090,Mini Boots (Silver),Footwear,LOC00847,48,15,4756.05,In Stock,2026-08-25
INV00848,P00565,Deluxe Handbag (Red),Accessories,LOC00848,169,40,668.36,In Stock,2026-08-04
INV00849,P00429,Max Webcam (White),Electronics,LOC00849,90,10,4874.31,In Stock,2026-08-26
INV00850,P00355,Standard Water Bottle (Black),Home,LOC00850,9,30,4343.76,Low Stock,2026-08-10
INV00851,P00408,Mini Bed Sheet Set (Beige),Home,LOC00851,16,10,3046.91,In Stock,2026-08-02
INV00852,P00225,Classic Bed Sheet Set (Silver),Home,LOC00852,135,10,214.3,In Stock,2026-08-14
INV00853,P00088,Pro Backpack (Beige),Accessories,LOC00853,287,15,801.29,In Stock,2026-08-08
INV00854,P00089,Classic Backpack (Green),Accessories,LOC00854,45,10,1081.47,In Stock,2026-08-24
INV00855,P00131,Premium Storage Box (Green),Home,LOC00855,218,30,537.9,In Stock,2026-08-03
INV00856,P00031,Compact Stapler (Black),Stationery,LOC00856,135,40,155.49,In Stock,2026-08-18
INV00857,P00754,Mini Desk Organizer (Silver),Stationery,LOC00857,222,25,1198.5,In Stock,2026-08-25
INV00858,P00791,Pro Curtain (Grey),Home,LOC00858,132,40,3653.49,In Stock,2026-08-10
INV00859,P00313,Deluxe Marker Pack (Black),Stationery,LOC00859,90,40,4893.5,In Stock,2026-08-29
INV00860,P00430,Mini Scissors (Black),Stationery,LOC00860,153,15,623.65,In Stock,2026-08-13
INV00861,P00091,Compact File Folder (Black),Stationery,LOC00861,121,20,2545.18,In Stock,2026-08-01
INV00862,P00762,Pro Charger (Black),Electronics,LOC00862,104,40,2508.91,In Stock,2026-08-24
INV00863,P00153,Standard Wall Clock (Grey),Home,LOC00863,120,20,4808.4,In Stock,2026-08-12
INV00864,P00086,Deluxe Cap (Red),Accessories,LOC00864,209,25,898.59,In Stock,2026-08-18
INV00865,P00326,Pro Headphones (White),Electronics,LOC00865,64,10,3373.07,In Stock,2026-08-27
INV00866,P00188,Deluxe Calculator (Grey),Stationery,LOC00866,231,25,2019.72,In Stock,2026-08-01
INV00867,P00429,Max Webcam (White),Electronics,LOC00867,198,40,4665.22,In Stock,2026-08-30
INV00868,P00410,Standard Backpack (Black),Accessories,LOC00868,66,15,4785.32,In Stock,2026-08-09
INV00869,P00637,Deluxe Sneakers (Grey),Footwear,LOC00869,209,25,2264.79,In Stock,2026-08-28
INV00870,P00277,Deluxe Water Bottle (Green),Home,LOC00870,150,30,4165.36,In Stock,2026-08-16
INV00871,P00679,Premium Marker Pack (Green),Stationery,LOC00871,296,15,1116.7,In Stock,2026-08-02
INV00872,P00016,Premium Wall Clock (Green),Home,LOC00872,211,10,4049.75,In Stock,2026-08-30
INV00873,P00311,Premium Laptop Stand (Green),Electronics,LOC00873,289,30,4869.42,In Stock,2026-08-16
INV00874,P00129,Compact Sandals (Silver),Footwear,LOC00874,160,15,4076.31,In Stock,2026-08-28
INV00875,P00315,Standard Laptop Stand (Beige),Electronics,LOC00875,157,10,4404.66,In Stock,2026-08-24
INV00876,P00772,Standard Sandals (Silver),Footwear,LOC00876,280,25,838.0,In Stock,2026-08-05
INV00877,P00345,Premium Curtain (Beige),Home,LOC00877,221,40,3061.55,In Stock,2026-08-27
INV00878,P00770,Deluxe Smart Watch (Black),Electronics,LOC00878,83,20,2915.68,In Stock,2026-08-12
INV00879,P00177,Compact Notebook (Red),Stationery,LOC00879,204,10,1453.42,In Stock,2026-08-22
INV00880,P00290,Pro Watch Strap (Blue),Accessories,LOC00880,45,40,594.27,In Stock,2026-08-25
INV00881,P00728,Premium Candle Holder (Silver),Home,LOC00881,252,30,2777.84,In Stock,2026-08-25
INV00882,P00083,Deluxe Stapler (Black),Stationery,LOC00882,75,30,111.36,In Stock,2026-08-15
INV00883,P00685,Premium Cushion (Grey),Home,LOC00883,119,25,1752.08,In Stock,2026-08-10
INV00884,P00601,Classic Highlighter Set (Green),Stationery,LOC00884,256,20,4049.83,In Stock,2026-08-28
INV00885,P00742,Lite Cap (Grey),Accessories,LOC00885,270,10,2973.76,In Stock,2026-08-17
INV00886,P00430,Mini Scissors (Black),Stationery,LOC00886,11,30,1371.38,Low Stock,2026-08-13
INV00887,P00793,Standard HDMI Cable (White),Electronics,LOC00887,177,10,4100.14,In Stock,2026-08-28
INV00888,P00045,Premium Photo Frame (Silver),Home,LOC00888,46,15,1622.91,In Stock,2026-08-06
INV00889,P00673,Pro Umbrella (Green),Accessories,LOC00889,142,40,1309.96,In Stock,2026-08-03
INV00890,P00031,Compact Stapler (Black),Stationery,LOC00890,205,10,3094.37,In Stock,2026-08-02
INV00891,P00541,Compact Running Shoes (Red),Footwear,LOC00891,2,25,2532.69,Low Stock,2026-08-27
INV00892,P00103,Max Monitor (Beige),Electronics,LOC00892,258,40,4937.53,In Stock,2026-08-13
INV00893,P00208,Lite Boots (Silver),Footwear,LOC00893,31,15,613.67,In Stock,2026-08-23
INV00894,P00458,Premium Cap (Red),Accessories,LOC00894,25,30,4056.18,Low Stock,2026-08-03
INV00895,P00034,Classic Slippers (Grey),Footwear,LOC00895,107,10,4084.13,In Stock,2026-08-10
INV00896,P00247,Premium Webcam (Beige),Electronics,LOC00896,254,10,2988.5,In Stock,2026-08-24
INV00897,P00478,Compact Keychain (White),Accessories,LOC00897,284,40,3924.3,In Stock,2026-08-14
INV00898,P00108,Plus File Folder (Green),Stationery,LOC00898,198,40,3825.74,In Stock,2026-08-29
INV00899,P00364,Max Calculator (Green),Stationery,LOC00899,26,40,1365.02,Low Stock,2026-08-24
INV00900,P00596,Lite Flip Flops (Red),Footwear,LOC00900,145,40,2385.63,In Stock,2026-08-28
INV00901,P00537,Plus Wallet (Silver),Accessories,LOC00901,186,20,3179.56,In Stock,2026-08-30
INV00902,P00079,Deluxe Curtain (White),Home,LOC00902,224,15,1753.72,In Stock,2026-08-11
INV00903,P00170,Premium Calculator (Silver),Stationery,LOC00903,61,40,4619.86,In Stock,2026-08-01
INV00904,P00572,Mini Calculator (Blue),Stationery,LOC00904,227,30,2410.2,In Stock,2026-08-17
INV00905,P00799,Classic Earbuds (Green),Electronics,LOC00905,28,25,2391.95,In Stock,2026-08-23
INV00906,P00426,Compact Calculator (Black),Stationery,LOC00906,218,10,3481.27,In Stock,2026-08-01
INV00907,P00114,Lite Charger (Grey),Electronics,LOC00907,240,30,734.91,In Stock,2026-08-27
INV00908,P00208,Lite Boots (Silver),Footwear,LOC00908,196,40,2502.01,In Stock,2026-08-09
INV00909,P00124,Mini Sneakers (Black),Footwear,LOC00909,101,30,4202.76,In Stock,2026-08-16
INV00910,P00042,Mini Sticky Notes (Silver),Stationery,LOC00910,214,25,4507.38,In Stock,2026-08-18
INV00911,P00008,Mini Cap (Red),Accessories,LOC00911,146,15,3400.31,In Stock,2026-08-18
INV00912,P00734,Premium Notebook (Red),Stationery,LOC00912,187,30,2380.06,In Stock,2026-08-26
INV00913,P00513,Mini Calculator (Green),Stationery,LOC00913,7,10,1357.78,Low Stock,2026-08-06
INV00914,P00301,Classic Hiking Boots (Black),Footwear,LOC00914,69,15,4822.64,In Stock,2026-08-07
INV00915,P00167,Standard Tablet Stand (Silver),Electronics,LOC00915,200,10,3966.78,In Stock,2026-08-19
INV00916,P00394,Lite Formal Shoes (White),Footwear,LOC00916,195,30,4248.89,In Stock,2026-08-18
INV00917,P00266,Premium HDMI Cable (Grey),Electronics,LOC00917,241,25,4023.15,In Stock,2026-08-01
INV00918,P00699,Pro Table Lamp (Blue),Home,LOC00918,182,40,3135.74,In Stock,2026-08-03
INV00919,P00122,Deluxe Travel Pouch (Green),Accessories,LOC00919,295,15,3514.21,In Stock,2026-08-28
INV00920,P00146,Standard Water Bottle (Green),Home,LOC00920,164,10,4208.77,In Stock,2026-08-02
INV00921,P00306,Compact Sandals (Grey),Footwear,LOC00921,198,15,2452.68,In Stock,2026-08-03
INV00922,P00010,Plus Webcam (Grey),Electronics,LOC00922,101,15,4897.2,In Stock,2026-08-12
INV00923,P00665,Pro Wireless Mouse (Green),Electronics,LOC00923,132,30,1481.14,In Stock,2026-08-29
INV00924,P00217,Deluxe Photo Frame (Grey),Home,LOC00924,57,40,4340.94,In Stock,2026-08-20
INV00925,P00592,Pro Sneakers (White),Footwear,LOC00925,147,15,2565.61,In Stock,2026-08-18
INV00926,P00226,Lite Webcam (Green),Electronics,LOC00926,5,10,3718.09,Low Stock,2026-08-10
INV00927,P00616,Compact Cushion (Green),Home,LOC00927,7,10,328.57,Low Stock,2026-08-11
INV00928,P00104,Pro Cap (Grey),Accessories,LOC00928,36,20,3625.51,In Stock,2026-08-13
INV00929,P00782,Mini Handbag (Beige),Accessories,LOC00929,281,40,1523.93,In Stock,2026-08-13
INV00930,P00731,Lite Flip Flops (Blue),Footwear,LOC00930,118,15,4325.26,In Stock,2026-08-22
INV00931,P00239,Compact Hiking Boots (Blue),Footwear,LOC00931,281,20,114.39,In Stock,2026-08-03
INV00932,P00018,Deluxe Wallet (Blue),Accessories,LOC00932,141,10,2159.99,In Stock,2026-08-30
INV00933,P00788,Compact Monitor (Blue),Electronics,LOC00933,251,15,3956.47,In Stock,2026-08-17
INV00934,P00126,Deluxe Candle Holder (Red),Home,LOC00934,241,20,1750.1,In Stock,2026-08-08
INV00935,P00763,Pro Slippers (Blue),Footwear,LOC00935,70,10,4537.58,In Stock,2026-08-18
INV00936,P00505,Lite Travel Pouch (White),Accessories,LOC00936,50,20,3001.15,In Stock,2026-08-05
INV00937,P00784,Classic Table Lamp (White),Home,LOC00937,254,30,1771.69,In Stock,2026-08-17
INV00938,P00266,Premium HDMI Cable (Grey),Electronics,LOC00938,192,15,322.51,In Stock,2026-08-28
INV00939,P00688,Standard Sports Shoes (White),Footwear,LOC00939,236,30,3697.32,In Stock,2026-08-06
INV00940,P00020,Compact Wall Clock (Red),Home,LOC00940,151,15,2231.15,In Stock,2026-08-26
INV00941,P00756,Pro Water Bottle (Blue),Home,LOC00941,143,20,2394.96,In Stock,2026-08-14
INV00942,P00038,Premium Scissors (Black),Stationery,LOC00942,33,20,232.85,In Stock,2026-08-15
INV00943,P00209,Max Monitor (Grey),Electronics,LOC00943,256,10,1871.1,In Stock,2026-08-15
INV00944,P00270,Pro Door Mat (Red),Home,LOC00944,246,40,3786.93,In Stock,2026-08-18
INV00945,P00493,Lite Wireless Mouse (Beige),Electronics,LOC00945,31,40,2483.71,Low Stock,2026-08-07
INV00946,P00315,Standard Laptop Stand (Beige),Electronics,LOC00946,271,15,4453.47,In Stock,2026-08-01
INV00947,P00304,Max Marker Pack (Green),Stationery,LOC00947,154,10,3556.82,In Stock,2026-08-17
INV00948,P00688,Standard Sports Shoes (White),Footwear,LOC00948,196,15,2855.85,In Stock,2026-08-02
INV00949,P00341,Mini Photo Frame (Green),Home,LOC00949,201,20,2072.85,In Stock,2026-08-22
INV00950,P00152,Plus Slippers (Green),Footwear,LOC00950,95,25,4185.14,In Stock,2026-08-18
INV00951,P00047,Deluxe Backpack (Red),Accessories,LOC00951,213,25,765.92,In Stock,2026-08-14
INV00952,P00457,Compact File Folder (White),Stationery,LOC00952,193,40,803.7,In Stock,2026-08-22
INV00953,P00070,Mini Calculator (Black),Stationery,LOC00953,105,40,3659.48,In Stock,2026-08-11
INV00954,P00411,Plus Bed Sheet Set (Red),Home,LOC00954,213,25,1853.86,In Stock,2026-08-23
INV00955,P00129,Compact Sandals (Silver),Footwear,LOC00955,270,15,4194.89,In Stock,2026-08-14
INV00956,P00622,Compact Power Bank (Beige),Electronics,LOC00956,208,10,3500.0,In Stock,2026-08-29
INV00957,P00270,Pro Door Mat (Red),Home,LOC00957,267,30,3428.17,In Stock,2026-08-13
INV00958,P00181,Max Sports Shoes (Grey),Footwear,LOC00958,171,10,3908.36,In Stock,2026-08-25
INV00959,P00266,Premium HDMI Cable (Grey),Electronics,LOC00959,177,10,3466.79,In Stock,2026-08-26
INV00960,P00619,Premium Table Lamp (Green),Home,LOC00960,242,15,2147.79,In Stock,2026-08-07
INV00961,P00086,Deluxe Cap (Red),Accessories,LOC00961,230,20,3903.91,In Stock,2026-08-14
INV00962,P00322,Max Door Mat (Beige),Home,LOC00962,164,15,382.09,In Stock,2026-08-14
INV00963,P00486,Classic Table Lamp (Blue),Home,LOC00963,237,30,1785.88,In Stock,2026-08-16
INV00964,P00163,Deluxe Formal Shoes (Red),Footwear,LOC00964,39,25,1281.08,In Stock,2026-08-19
INV00965,P00540,Deluxe Formal Shoes (Red),Footwear,LOC00965,75,20,2435.6,In Stock,2026-08-28
INV00966,P00413,Pro Webcam (Green),Electronics,LOC00966,66,40,982.29,In Stock,2026-08-15
INV00967,P00724,Plus Sandals (Silver),Footwear,LOC00967,89,15,2461.51,In Stock,2026-08-21
INV00968,P00109,Compact Curtain (White),Home,LOC00968,237,10,3290.12,In Stock,2026-08-27
INV00969,P00502,Mini Keyboard (Grey),Electronics,LOC00969,61,25,2171.38,In Stock,2026-08-16
INV00970,P00059,Premium Boots (Red),Footwear,LOC00970,80,20,1921.55,In Stock,2026-08-20
INV00971,P00296,Plus Charger (Red),Electronics,LOC00971,282,20,2810.95,In Stock,2026-08-13
INV00972,P00034,Classic Slippers (Grey),Footwear,LOC00972,89,20,4780.23,In Stock,2026-08-04
INV00973,P00009,Pro Wallet (Beige),Accessories,LOC00973,299,15,1016.18,In Stock,2026-08-28
INV00974,P00185,Max Formal Shoes (Green),Footwear,LOC00974,211,40,167.18,In Stock,2026-08-19
INV00975,P00273,Classic Router (Silver),Electronics,LOC00975,203,15,4160.24,In Stock,2026-08-09
INV00976,P00063,Premium Door Mat (Red),Home,LOC00976,279,25,2306.83,In Stock,2026-08-01
INV00977,P00778,Compact Desk Organizer (Red),Stationery,LOC00977,110,10,2059.3,In Stock,2026-08-26
INV00978,P00199,Pro USB-C Cable (Beige),Electronics,LOC00978,20,25,3456.73,Low Stock,2026-08-29
INV00979,P00034,Classic Slippers (Grey),Footwear,LOC00979,298,20,1004.27,In Stock,2026-08-07
INV00980,P00470,Pro Loafers (Silver),Footwear,LOC00980,129,15,1945.0,In Stock,2026-08-30
INV00981,P00230,Max Water Bottle (Grey),Home,LOC00981,225,10,1464.32,In Stock,2026-08-06
INV00982,P00455,Lite Photo Frame (Red),Home,LOC00982,123,25,125.11,In Stock,2026-08-30
INV00983,P00228,Standard Highlighter Set (Black),Stationery,LOC00983,16,30,3804.54,Low Stock,2026-08-24
INV00984,P00333,Plus Travel Pouch (White),Accessories,LOC00984,31,20,3116.33,In Stock,2026-08-06
INV00985,P00628,Classic Flip Flops (Black),Footwear,LOC00985,166,30,3056.75,In Stock,2026-08-04
INV00986,P00756,Pro Water Bottle (Blue),Home,LOC00986,115,30,3532.5,In Stock,2026-08-05
INV00987,P00777,Lite Tablet Stand (Red),Electronics,LOC00987,92,25,883.32,In Stock,2026-08-18
INV00988,P00587,Classic Running Shoes (Grey),Footwear,LOC00988,198,10,3294.87,In Stock,2026-08-08
INV00989,P00306,Compact Sandals (Grey),Footwear,LOC00989,219,30,4168.18,In Stock,2026-08-02
INV00990,P00736,Lite Laptop Stand (Green),Electronics,LOC00990,231,25,1721.53,In Stock,2026-08-13
INV00991,P00176,Lite Handbag (Grey),Accessories,LOC00991,85,25,1587.24,In Stock,2026-08-18
INV00992,P00211,Mini Marker Pack (Grey),Stationery,LOC00992,250,30,3768.7,In Stock,2026-08-09
INV00993,P00601,Classic Highlighter Set (Green),Stationery,LOC00993,11,20,2576.76,Low Stock,2026-08-15
INV00994,P00560,Premium Cushion (Grey),Home,LOC00994,154,25,2150.61,In Stock,2026-08-27
INV00995,P00508,Plus Keyboard (Green),Electronics,LOC00995,211,20,930.27,In Stock,2026-08-28
INV00996,P00559,Classic Belt (Grey),Accessories,LOC00996,52,10,3014.61,In Stock,2026-08-19
INV00997,P00170,Premium Calculator (Silver),Stationery,LOC00997,39,15,3904.48,In Stock,2026-08-29
INV00998,P00307,Classic Formal Shoes (Blue),Footwear,LOC00998,16,15,2755.85,In Stock,2026-08-09
INV00999,P00036,Deluxe Travel Pouch (Red),Accessories,LOC00999,115,30,1806.63,In Stock,2026-08-06
INV01000,P00198,Deluxe Sandals (Grey),Footwear,LOC01000,105,15,4790.28,In Stock,2026-08-06
INV01001,P00251,Classic Highlighter Set (Blue),Stationery,LOC01001,34,20,4065.98,In Stock,2026-08-02
INV01002,P00668,Compact Table Lamp (Red),Home,LOC01002,176,20,655.26,In Stock,2026-08-28
INV01003,P00747,Premium Candle Holder (White),Home,LOC01003,172,15,4000.45,In Stock,2026-08-10
INV01004,P00700,Plus Cap (Silver),Accessories,LOC01004,115,10,2945.39,In Stock,2026-08-28
INV01005,P00568,Compact Highlighter Set (Red),Stationery,LOC01005,145,30,3155.53,In Stock,2026-08-23
INV01006,P00774,Standard Router (Green),Electronics,LOC01006,98,15,1542.26,In Stock,2026-08-29
INV01007,P00253,Deluxe Handbag (Beige),Accessories,LOC01007,83,25,747.09,In Stock,2026-08-19
INV01008,P00551,Premium Cap (Silver),Accessories,LOC01008,177,10,4998.12,In Stock,2026-08-19
INV01009,P00237,Premium Door Mat (Red),Home,LOC01009,64,10,3787.03,In Stock,2026-08-27
INV01010,P00093,Compact Keychain (Blue),Accessories,LOC01010,296,15,3921.37,In Stock,2026-08-02
INV01011,P00770,Deluxe Smart Watch (Black),Electronics,LOC01011,201,30,3044.6,In Stock,2026-08-11
INV01012,P00138,Max Sandals (Beige),Footwear,LOC01012,60,10,4837.21,In Stock,2026-08-05
INV01013,P00412,Plus Table Lamp (Red),Home,LOC01013,38,15,1613.05,In Stock,2026-08-16
INV01014,P00381,Premium Slippers (Blue),Footwear,LOC01014,81,20,1980.26,In Stock,2026-08-03
INV01015,P00610,Max Smart Watch (Black),Electronics,LOC01015,47,20,4517.27,In Stock,2026-08-19
INV01016,P00351,Lite Boots (Green),Footwear,LOC01016,50,30,984.98,In Stock,2026-08-19
INV01017,P00458,Premium Cap (Red),Accessories,LOC01017,117,10,1923.65,In Stock,2026-08-04
INV01018,P00740,Deluxe Running Shoes (Green),Footwear,LOC01018,65,25,2418.92,In Stock,2026-08-14
INV01019,P00155,Pro Belt (Black),Accessories,LOC01019,260,40,1333.19,In Stock,2026-08-21
INV01020,P00106,Lite Headphones (Blue),Electronics,LOC01020,13,15,2185.04,Low Stock,2026-08-29
INV01021,P00460,Pro Bluetooth Speaker (Silver),Electronics,LOC01021,13,15,3005.15,Low Stock,2026-08-01
INV01022,P00676,Plus Keyboard (Beige),Electronics,LOC01022,272,40,1644.48,In Stock,2026-08-29
INV01023,P00141,Max Water Bottle (Beige),Home,LOC01023,31,20,3554.24,In Stock,2026-08-07
INV01024,P00065,Lite Keyboard (Silver),Electronics,LOC01024,117,20,1836.67,In Stock,2026-08-28
INV01025,P00326,Pro Headphones (White),Electronics,LOC01025,138,10,590.8,In Stock,2026-08-07
INV01026,P00656,Plus Cushion (Beige),Home,LOC01026,153,10,4221.45,In Stock,2026-08-08
INV01027,P00530,Lite Scissors (Silver),Stationery,LOC01027,248,25,2357.88,In Stock,2026-08-30
INV01028,P00144,Compact Candle Holder (Red),Home,LOC01028,238,20,1933.37,In Stock,2026-08-20
INV01029,P00760,Mini Webcam (Black),Electronics,LOC01029,67,20,2557.42,In Stock,2026-08-05
INV01030,P00242,Deluxe Keychain (Silver),Accessories,LOC01030,130,40,1673.55,In Stock,2026-08-21
INV01031,P00553,Plus Formal Shoes (Blue),Footwear,LOC01031,92,10,1581.3,In Stock,2026-08-24
INV01032,P00556,Standard Hiking Boots (Beige),Footwear,LOC01032,252,25,2513.28,In Stock,2026-08-02
INV01033,P00392,Max Sunglasses (Green),Accessories,LOC01033,101,30,3811.01,In Stock,2026-08-07
INV01034,P00604,Premium Flip Flops (Red),Footwear,LOC01034,285,30,565.85,In Stock,2026-08-14
INV01035,P00633,Classic Water Bottle (Beige),Home,LOC01035,84,10,3609.42,In Stock,2026-08-11
INV01036,P00682,Standard Wall Clock (Green),Home,LOC01036,221,20,4427.76,In Stock,2026-08-09
INV01037,P00342,Deluxe Handbag (White),Accessories,LOC01037,257,40,3701.68,In Stock,2026-08-26
INV01038,P00544,Mini Smart Watch (Beige),Electronics,LOC01038,277,15,3526.41,In Stock,2026-08-06
INV01039,P00728,Premium Candle Holder (Silver),Home,LOC01039,69,25,187.15,In Stock,2026-08-13
INV01040,P00521,Premium Router (Blue),Electronics,LOC01040,203,20,3325.46,In Stock,2026-08-16
INV01041,P00798,Mini Loafers (Grey),Footwear,LOC01041,185,15,4324.09,In Stock,2026-08-10
INV01042,P00653,Max Keyboard (White),Electronics,LOC01042,191,20,2018.77,In Stock,2026-08-03
INV01043,P00569,Pro Hiking Boots (Silver),Footwear,LOC01043,88,15,141.25,In Stock,2026-08-06
INV01044,P00109,Compact Curtain (White),Home,LOC01044,93,30,4674.75,In Stock,2026-08-12
INV01045,P00416,Pro Notebook (Black),Stationery,LOC01045,153,15,2806.11,In Stock,2026-08-15
INV01046,P00194,Premium Stapler (Silver),Stationery,LOC01046,128,30,3264.98,In Stock,2026-08-29
INV01047,P00093,Compact Keychain (Blue),Accessories,LOC01047,83,15,526.23,In Stock,2026-08-08
INV01048,P00584,Standard Candle Holder (White),Home,LOC01048,89,30,3960.5,In Stock,2026-08-20
INV01049,P00621,Max Router (Blue),Electronics,LOC01049,213,40,4173.23,In Stock,2026-08-13
INV01050,P00455,Lite Photo Frame (Red),Home,LOC01050,68,10,100.21,In Stock,2026-08-14
INV01051,P00351,Lite Boots (Green),Footwear,LOC01051,297,10,1050.61,In Stock,2026-08-12
INV01052,P00069,Classic Backpack (Silver),Accessories,LOC01052,145,25,190.94,In Stock,2026-08-21
INV01053,P00238,Mini Bed Sheet Set (Beige),Home,LOC01053,38,30,2916.11,In Stock,2026-08-02
INV01054,P00252,Pro Storage Box (Silver),Home,LOC01054,102,20,969.42,In Stock,2026-08-18
INV01055,P00165,Plus Notebook (Beige),Stationery,LOC01055,237,20,4752.22,In Stock,2026-08-03
INV01056,P00228,Standard Highlighter Set (Black),Stationery,LOC01056,2,25,2156.37,Low Stock,2026-08-23
INV01057,P00022,Lite Watch Strap (White),Accessories,LOC01057,73,30,3328.47,In Stock,2026-08-15
INV01058,P00329,Plus Keyboard (Beige),Electronics,LOC01058,143,25,4624.0,In Stock,2026-08-13
INV01059,P00767,Pro Sports Shoes (White),Footwear,LOC01059,28,25,4363.51,In Stock,2026-08-16
INV01060,P00401,Max Umbrella (Green),Accessories,LOC01060,111,20,3593.82,In Stock,2026-08-23
INV01061,P00363,Pro Sunglasses (White),Accessories,LOC01061,7,10,1217.52,Low Stock,2026-08-19
INV01062,P00178,Standard USB-C Cable (Silver),Electronics,LOC01062,138,15,2278.0,In Stock,2026-08-14
INV01063,P00436,Lite Highlighter Set (Black),Stationery,LOC01063,75,40,3398.15,In Stock,2026-08-28
INV01064,P00211,Mini Marker Pack (Grey),Stationery,LOC01064,210,15,3249.28,In Stock,2026-08-04
INV01065,P00633,Classic Water Bottle (Beige),Home,LOC01065,144,20,4827.49,In Stock,2026-08-23
INV01066,P00307,Classic Formal Shoes (Blue),Footwear,LOC01066,102,15,2005.54,In Stock,2026-08-23
INV01067,P00283,Standard Sneakers (Green),Footwear,LOC01067,59,20,2351.86,In Stock,2026-08-30
INV01068,P00476,Pro Stapler (Grey),Stationery,LOC01068,198,25,2434.38,In Stock,2026-08-17
INV01069,P00431,Plus Travel Pouch (Blue),Accessories,LOC01069,216,10,1120.3,In Stock,2026-08-28
INV01070,P00258,Mini Laptop Stand (Grey),Electronics,LOC01070,149,30,4874.92,In Stock,2026-08-06
INV01071,P00285,Pro Travel Pouch (Silver),Accessories,LOC01071,35,25,4304.91,In Stock,2026-08-16
INV01072,P00103,Max Monitor (Beige),Electronics,LOC01072,281,30,4989.23,In Stock,2026-08-15
INV01073,P00507,Pro Desk Organizer (Blue),Stationery,LOC01073,289,30,1567.92,In Stock,2026-08-07
INV01074,P00188,Deluxe Calculator (Grey),Stationery,LOC01074,86,10,1173.04,In Stock,2026-08-10
INV01075,P00316,Premium Laptop Stand (White),Electronics,LOC01075,136,20,923.27,In Stock,2026-08-03
INV01076,P00276,Classic Formal Shoes (Grey),Footwear,LOC01076,219,20,4000.04,In Stock,2026-08-25
INV01077,P00514,Mini Scissors (Beige),Stationery,LOC01077,293,25,2893.34,In Stock,2026-08-09
INV01078,P00012,Compact Table Lamp (Grey),Home,LOC01078,183,15,3885.28,In Stock,2026-08-28
INV01079,P00379,Pro Laptop Stand (Green),Electronics,LOC01079,115,40,2147.31,In Stock,2026-08-13
INV01080,P00582,Standard Power Bank (Blue),Electronics,LOC01080,143,10,946.49,In Stock,2026-08-23
INV01081,P00529,Premium Sunglasses (Green),Accessories,LOC01081,136,25,158.23,In Stock,2026-08-03
INV01082,P00004,Max USB-C Cable (Black),Electronics,LOC01082,173,30,4383.54,In Stock,2026-08-08
INV01083,P00641,Standard Keyboard (Beige),Electronics,LOC01083,246,20,953.47,In Stock,2026-08-24
INV01084,P00401,Max Umbrella (Green),Accessories,LOC01084,142,40,3922.13,In Stock,2026-08-08
INV01085,P00618,Plus Cap (Silver),Accessories,LOC01085,16,10,2436.08,In Stock,2026-08-19
INV01086,P00080,Max Smart Watch (Grey),Electronics,LOC01086,218,20,2493.77,In Stock,2026-08-02
INV01087,P00664,Premium Sports Shoes (Beige),Footwear,LOC01087,210,40,1537.64,In Stock,2026-08-24
INV01088,P00467,Mini Bed Sheet Set (White),Home,LOC01088,267,30,1139.17,In Stock,2026-08-09
INV01089,P00053,Max Candle Holder (White),Home,LOC01089,192,25,3785.96,In Stock,2026-08-03
INV01090,P00668,Compact Table Lamp (Red),Home,LOC01090,212,20,4259.49,In Stock,2026-08-09
INV01091,P00135,Max Highlighter Set (Grey),Stationery,LOC01091,198,40,2079.25,In Stock,2026-08-25
INV01092,P00069,Classic Backpack (Silver),Accessories,LOC01092,152,20,525.93,In Stock,2026-08-29
INV01093,P00382,Lite Handbag (Beige),Accessories,LOC01093,292,30,829.85,In Stock,2026-08-02
INV01094,P00487,Premium Candle Holder (Silver),Home,LOC01094,85,40,153.36,In Stock,2026-08-19
INV01095,P00530,Lite Scissors (Silver),Stationery,LOC01095,171,20,2325.67,In Stock,2026-08-02
INV01096,P00576,Standard Flip Flops (Silver),Footwear,LOC01096,10,25,1879.37,Low Stock,2026-08-10
INV01097,P00771,Premium Sticky Notes (Green),Stationery,LOC01097,17,25,1215.68,Low Stock,2026-08-11
INV01098,P00254,Plus Tablet Stand (Beige),Electronics,LOC01098,136,25,3000.49,In Stock,2026-08-30
INV01099,P00252,Pro Storage Box (Silver),Home,LOC01099,13,15,3257.6,Low Stock,2026-08-13
INV01100,P00682,Standard Wall Clock (Green),Home,LOC01100,11,15,2406.92,Low Stock,2026-08-27
INV01101,P00124,Mini Sneakers (Black),Footwear,LOC01101,69,30,2160.09,In Stock,2026-08-06
INV01102,P00487,Premium Candle Holder (Silver),Home,LOC01102,143,30,3109.11,In Stock,2026-08-25
INV01103,P00790,Mini Marker Pack (Green),Stationery,LOC01103,231,30,2583.63,In Stock,2026-08-17
INV01104,P00337,Plus Cap (Green),Accessories,LOC01104,257,15,3412.64,In Stock,2026-08-25
INV01105,P00048,Classic Marker Pack (White),Stationery,LOC01105,241,25,2904.94,In Stock,2026-08-25
INV01106,P00210,Standard Marker Pack (White),Stationery,LOC01106,86,20,3497.64,In Stock,2026-08-23
INV01107,P00516,Compact Calculator (Silver),Stationery,LOC01107,204,25,4013.22,In Stock,2026-08-01
INV01108,P00653,Max Keyboard (White),Electronics,LOC01108,11,20,3219.32,Low Stock,2026-08-28
INV01109,P00585,Plus Sticky Notes (White),Stationery,LOC01109,71,15,3501.9,In Stock,2026-08-27
INV01110,P00061,Compact Monitor (Black),Electronics,LOC01110,287,20,3846.73,In Stock,2026-08-14
INV01111,P00559,Classic Belt (Grey),Accessories,LOC01111,226,25,2013.7,In Stock,2026-08-01
INV01112,P00192,Classic Backpack (Grey),Accessories,LOC01112,35,10,2930.61,In Stock,2026-08-13
INV01113,P00693,Classic Hiking Boots (Beige),Footwear,LOC01113,242,10,2947.64,In Stock,2026-08-07
INV01114,P00786,Standard Earbuds (Grey),Electronics,LOC01114,41,30,4099.37,In Stock,2026-08-22
INV01115,P00164,Lite Charger (White),Electronics,LOC01115,61,25,2150.53,In Stock,2026-08-18
INV01116,P00331,Deluxe Wallet (Red),Accessories,LOC01116,119,15,2340.95,In Stock,2026-08-15
INV01117,P00007,Mini Earbuds (Beige),Electronics,LOC01117,216,30,3091.66,In Stock,2026-08-27
INV01118,P00176,Lite Handbag (Grey),Accessories,LOC01118,300,25,247.01,In Stock,2026-08-10
INV01119,P00736,Lite Laptop Stand (Green),Electronics,LOC01119,274,40,1247.65,In Stock,2026-08-22
INV01120,P00090,Mini Boots (Silver),Footwear,LOC01120,121,40,3465.73,In Stock,2026-08-11
INV01121,P00656,Plus Cushion (Beige),Home,LOC01121,9,30,1857.08,Low Stock,2026-08-04
INV01122,P00580,Plus Keyboard (White),Electronics,LOC01122,214,30,4969.03,In Stock,2026-08-15
INV01123,P00614,Max USB-C Cable (White),Electronics,LOC01123,32,15,4114.68,In Stock,2026-08-20
INV01124,P00450,Classic Highlighter Set (Blue),Stationery,LOC01124,1,15,4980.55,Low Stock,2026-08-12
INV01125,P00544,Mini Smart Watch (Beige),Electronics,LOC01125,139,15,4570.07,In Stock,2026-08-08
INV01126,P00761,Max Wall Clock (Beige),Home,LOC01126,125,20,3516.14,In Stock,2026-08-26
INV01127,P00711,Deluxe Wallet (White),Accessories,LOC01127,38,40,646.07,Low Stock,2026-08-15
INV01128,P00483,Standard Hiking Boots (Black),Footwear,LOC01128,2,30,1945.84,Low Stock,2026-08-13
INV01129,P00657,Deluxe Storage Box (Beige),Home,LOC01129,113,20,1783.33,In Stock,2026-08-22
INV01130,P00661,Pro Handbag (White),Accessories,LOC01130,296,30,603.49,In Stock,2026-08-28
INV01131,P00667,Lite Water Bottle (Beige),Home,LOC01131,297,20,794.39,In Stock,2026-08-30
INV01132,P00670,Lite Sandals (Grey),Footwear,LOC01132,47,30,1077.59,In Stock,2026-08-11
INV01133,P00460,Pro Bluetooth Speaker (Silver),Electronics,LOC01133,58,10,4689.89,In Stock,2026-08-16
INV01134,P00160,Pro Desk Organizer (Blue),Stationery,LOC01134,152,25,4410.19,In Stock,2026-08-02
INV01135,P00209,Max Monitor (Grey),Electronics,LOC01135,262,10,253.08,In Stock,2026-08-21
INV01136,P00656,Plus Cushion (Beige),Home,LOC01136,232,10,835.09,In Stock,2026-08-06
INV01137,P00170,Premium Calculator (Silver),Stationery,LOC01137,212,30,3290.28,In Stock,2026-08-18
INV01138,P00789,Lite Wallet (White),Accessories,LOC01138,153,20,1697.62,In Stock,2026-08-27
INV01139,P00031,Compact Stapler (Black),Stationery,LOC01139,9,40,2629.07,Low Stock,2026-08-15
INV01140,P00676,Plus Keyboard (Beige),Electronics,LOC01140,173,30,3242.77,In Stock,2026-08-19
INV01141,P00479,Deluxe Sticky Notes (Blue),Stationery,LOC01141,141,40,2151.85,In Stock,2026-08-03
INV01142,P00003,Classic File Folder (Black),Stationery,LOC01142,57,25,4433.34,In Stock,2026-08-24
INV01143,P00395,Compact Calculator (Black),Stationery,LOC01143,87,10,2089.11,In Stock,2026-08-26
INV01144,P00136,Lite Table Lamp (Red),Home,LOC01144,285,10,753.0,In Stock,2026-08-02
INV01145,P00018,Deluxe Wallet (Blue),Accessories,LOC01145,61,15,3213.45,In Stock,2026-08-15
INV01146,P00180,Pro Water Bottle (Grey),Home,LOC01146,99,25,1473.99,In Stock,2026-08-22
INV01147,P00224,Premium Watch Strap (Grey),Accessories,LOC01147,195,20,1000.01,In Stock,2026-08-21
INV01148,P00260,Plus Handbag (Beige),Accessories,LOC01148,267,20,4508.95,In Stock,2026-08-22
INV01149,P00084,Pro Stapler (Blue),Stationery,LOC01149,5,15,4070.48,Low Stock,2026-08-24
INV01150,P00674,Premium Belt (Red),Accessories,LOC01150,152,15,4395.84,In Stock,2026-08-06
INV01151,P00221,Standard Hiking Boots (Silver),Footwear,LOC01151,9,25,4699.06,Low Stock,2026-08-19
INV01152,P00160,Pro Desk Organizer (Blue),Stationery,LOC01152,234,15,142.88,In Stock,2026-08-12
INV01153,P00565,Deluxe Handbag (Red),Accessories,LOC01153,291,20,4131.3,In Stock,2026-08-15
INV01154,P00722,Premium Storage Box (Blue),Home,LOC01154,127,10,3279.22,In Stock,2026-08-20
INV01155,P00460,Pro Bluetooth Speaker (Silver),Electronics,LOC01155,67,10,1286.19,In Stock,2026-08-30
INV01156,P00326,Pro Headphones (White),Electronics,LOC01156,157,15,1837.81,In Stock,2026-08-02
INV01157,P00716,Premium Handbag (Blue),Accessories,LOC01157,130,25,3528.57,In Stock,2026-08-17
INV01158,P00451,Plus USB-C Cable (Green),Electronics,LOC01158,142,20,4856.4,In Stock,2026-08-22
INV01159,P00410,Standard Backpack (Black),Accessories,LOC01159,139,40,2778.24,In Stock,2026-08-27
INV01160,P00122,Deluxe Travel Pouch (Green),Accessories,LOC01160,291,20,1317.97,In Stock,2026-08-15
INV01161,P00379,Pro Laptop Stand (Green),Electronics,LOC01161,204,20,4994.41,In Stock,2026-08-14
INV01162,P00131,Premium Storage Box (Green),Home,LOC01162,219,15,2074.84,In Stock,2026-08-02
INV01163,P00475,Max Loafers (Green),Footwear,LOC01163,270,30,2967.01,In Stock,2026-08-14
INV01164,P00133,Mini Highlighter Set (Silver),Stationery,LOC01164,297,20,4100.32,In Stock,2026-08-10
INV01165,P00683,Deluxe HDMI Cable (Red),Electronics,LOC01165,69,15,4760.45,In Stock,2026-08-24
INV01166,P00191,Compact Charger (Blue),Electronics,LOC01166,268,30,911.35,In Stock,2026-08-13
INV01167,P00421,Premium Tablet Stand (Black),Electronics,LOC01167,65,30,2142.07,In Stock,2026-08-01
INV01168,P00075,Deluxe Curtain (Green),Home,LOC01168,291,25,965.91,In Stock,2026-08-19
INV01169,P00354,Plus Calculator (White),Stationery,LOC01169,79,25,3975.52,In Stock,2026-08-19
INV01170,P00752,Max Sports Shoes (Silver),Footwear,LOC01170,126,30,3781.33,In Stock,2026-08-07
INV01171,P00753,Lite Handbag (Green),Accessories,LOC01171,204,25,2372.56,In Stock,2026-08-18
INV01172,P00508,Plus Keyboard (Green),Electronics,LOC01172,95,25,159.55,In Stock,2026-08-12
INV01173,P00125,Premium USB-C Cable (White),Electronics,LOC01173,130,15,338.39,In Stock,2026-08-17
INV01174,P00258,Mini Laptop Stand (Grey),Electronics,LOC01174,126,30,1079.7,In Stock,2026-08-04
INV01175,P00541,Compact Running Shoes (Red),Footwear,LOC01175,97,40,513.73,In Stock,2026-08-25
INV01176,P00130,Max Smart Watch (White),Electronics,LOC01176,5,25,4493.34,Low Stock,2026-08-01
INV01177,P00297,Max Door Mat (Green),Home,LOC01177,25,20,3521.14,In Stock,2026-08-21
INV01178,P00409,Max HDMI Cable (Silver),Electronics,LOC01178,34,15,3730.84,In Stock,2026-08-26
INV01179,P00678,Lite Sticky Notes (Green),Stationery,LOC01179,17,15,3681.34,In Stock,2026-08-28
INV01180,P00578,Standard Backpack (Grey),Accessories,LOC01180,111,10,180.75,In Stock,2026-08-10
INV01181,P00529,Premium Sunglasses (Green),Accessories,LOC01181,253,30,4514.55,In Stock,2026-08-11
INV01182,P00557,Pro Scissors (Beige),Stationery,LOC01182,67,25,3102.2,In Stock,2026-08-02
INV01183,P00446,Premium Photo Frame (Black),Home,LOC01183,167,40,1979.35,In Stock,2026-08-27
INV01184,P00164,Lite Charger (White),Electronics,LOC01184,69,40,1713.58,In Stock,2026-08-10
INV01185,P00727,Premium Calculator (Beige),Stationery,LOC01185,77,40,993.99,In Stock,2026-08-02
INV01186,P00345,Premium Curtain (Beige),Home,LOC01186,15,15,4966.3,Low Stock,2026-08-19
INV01187,P00439,Premium Candle Holder (Beige),Home,LOC01187,52,30,2836.63,In Stock,2026-08-20
INV01188,P00636,Pro Formal Shoes (Blue),Footwear,LOC01188,64,25,4705.81,In Stock,2026-08-30
INV01189,P00796,Mini Running Shoes (Silver),Footwear,LOC01189,17,30,2070.26,Low Stock,2026-08-21
INV01190,P00135,Max Highlighter Set (Grey),Stationery,LOC01190,43,10,1885.03,In Stock,2026-08-16
INV01191,P00644,Pro Keychain (Black),Accessories,LOC01191,229,10,2103.3,In Stock,2026-08-20
INV01192,P00539,Compact Stapler (Grey),Stationery,LOC01192,292,25,848.38,In Stock,2026-08-11
INV01193,P00783,Plus File Folder (Blue),Stationery,LOC01193,148,40,1616.14,In Stock,2026-08-28
INV01194,P00315,Standard Laptop Stand (Beige),Electronics,LOC01194,131,25,1657.14,In Stock,2026-08-04
INV01195,P00075,Deluxe Curtain (Green),Home,LOC01195,99,40,3130.5,In Stock,2026-08-16
INV01196,P00415,Premium Storage Box (Silver),Home,LOC01196,6,10,2500.94,Low Stock,2026-08-02
INV01197,P00202,Standard Keychain (Grey),Accessories,LOC01197,86,40,4952.84,In Stock,2026-08-03
INV01198,P00359,Premium Hiking Boots (Green),Footwear,LOC01198,115,10,3811.09,In Stock,2026-08-14
INV01199,P00781,Pro Curtain (Black),Home,LOC01199,91,40,3504.55,In Stock,2026-08-02
INV01200,P00637,Deluxe Sneakers (Grey),Footwear,LOC01200,298,40,2993.85,In Stock,2026-08-20
INV01201,P00529,Premium Sunglasses (Green),Accessories,LOC01201,99,25,296.54,In Stock,2026-08-07
INV01202,P00306,Compact Sandals (Grey),Footwear,LOC01202,94,40,4272.74,In Stock,2026-08-26
INV01203,P00318,Lite Bluetooth Speaker (Green),Electronics,LOC01203,229,20,3082.78,In Stock,2026-08-10
INV01204,P00799,Classic Earbuds (Green),Electronics,LOC01204,252,20,2274.26,In Stock,2026-08-14
INV01205,P00548,Mini Sports Shoes (Black),Footwear,LOC01205,65,25,1643.54,In Stock,2026-08-25
INV01206,P00068,Compact Router (Black),Electronics,LOC01206,240,10,472.46,In Stock,2026-08-14
INV01207,P00776,Max Wallet (Grey),Accessories,LOC01207,36,30,3185.39,In Stock,2026-08-26
INV01208,P00705,Compact Sneakers (Blue),Footwear,LOC01208,182,30,3504.87,In Stock,2026-08-03
INV01209,P00674,Premium Belt (Red),Accessories,LOC01209,275,15,483.44,In Stock,2026-08-19
INV01210,P00361,Standard Curtain (White),Home,LOC01210,98,25,3063.59,In Stock,2026-08-09
INV01211,P00076,Plus Belt (Red),Accessories,LOC01211,181,30,1786.13,In Stock,2026-08-17
INV01212,P00558,Mini Bluetooth Speaker (Silver),Electronics,LOC01212,40,40,1671.71,Low Stock,2026-08-24
INV01213,P00463,Mini Sunglasses (Green),Accessories,LOC01213,138,20,2021.76,In Stock,2026-08-23
INV01214,P00375,Compact Desk Organizer (Beige),Stationery,LOC01214,59,15,328.77,In Stock,2026-08-30
INV01215,P00504,Deluxe Water Bottle (Red),Home,LOC01215,1,25,154.41,Low Stock,2026-08-02
INV01216,P00252,Pro Storage Box (Silver),Home,LOC01216,159,10,673.43,In Stock,2026-08-11
INV01217,P00283,Standard Sneakers (Green),Footwear,LOC01217,127,10,832.1,In Stock,2026-08-20
INV01218,P00084,Pro Stapler (Blue),Stationery,LOC01218,12,30,2982.98,Low Stock,2026-08-22
INV01219,P00404,Deluxe Sneakers (Blue),Footwear,LOC01219,20,15,1920.56,In Stock,2026-08-08
INV01220,P00558,Mini Bluetooth Speaker (Silver),Electronics,LOC01220,204,30,3177.88,In Stock,2026-08-22
INV01221,P00711,Deluxe Wallet (White),Accessories,LOC01221,10,40,2716.47,Low Stock,2026-08-22
INV01222,P00013,Deluxe Scissors (Red),Stationery,LOC01222,200,15,3078.59,In Stock,2026-08-11
INV01223,P00347,Pro Watch Strap (Grey),Accessories,LOC01223,195,10,2241.91,In Stock,2026-08-10
INV01224,P00615,Deluxe Cushion (Red),Home,LOC01224,104,15,1777.47,In Stock,2026-08-24
INV01225,P00428,Classic Cap (Green),Accessories,LOC01225,102,15,3063.02,In Stock,2026-08-02
INV01226,P00480,Deluxe Hiking Boots (Green),Footwear,LOC01226,134,20,2564.37,In Stock,2026-08-28
INV01227,P00520,Deluxe Keychain (Red),Accessories,LOC01227,221,10,2576.39,In Stock,2026-08-16
INV01228,P00620,Plus Loafers (Beige),Footwear,LOC01228,247,30,923.12,In Stock,2026-08-02
INV01229,P00696,Standard Photo Frame (Silver),Home,LOC01229,60,40,3113.15,In Stock,2026-08-20
INV01230,P00554,Mini Wall Clock (Black),Home,LOC01230,144,40,485.42,In Stock,2026-08-28
INV01231,P00205,Mini Sneakers (White),Footwear,LOC01231,74,40,1954.0,In Stock,2026-08-26
INV01232,P00099,Max Watch Strap (Grey),Accessories,LOC01232,275,20,1757.67,In Stock,2026-08-09
INV01233,P00049,Pro USB-C Cable (Black),Electronics,LOC01233,83,20,1279.75,In Stock,2026-08-26
INV01234,P00674,Premium Belt (Red),Accessories,LOC01234,57,10,2075.06,In Stock,2026-08-20
INV01235,P00303,Compact Tablet Stand (Red),Electronics,LOC01235,81,25,1635.34,In Stock,2026-08-05
INV01236,P00616,Compact Cushion (Green),Home,LOC01236,3,25,4763.67,Low Stock,2026-08-16
INV01237,P00373,Classic Door Mat (Black),Home,LOC01237,142,40,3658.41,In Stock,2026-08-10
INV01238,P00059,Premium Boots (Red),Footwear,LOC01238,70,30,4486.46,In Stock,2026-08-30
INV01239,P00082,Mini Cap (Silver),Accessories,LOC01239,32,25,3753.9,In Stock,2026-08-10
INV01240,P00633,Classic Water Bottle (Beige),Home,LOC01240,173,30,2924.24,In Stock,2026-08-24
INV01241,P00432,Mini Door Mat (Blue),Home,LOC01241,198,25,4375.62,In Stock,2026-08-14
INV01242,P00185,Max Formal Shoes (Green),Footwear,LOC01242,167,15,1941.04,In Stock,2026-08-23
INV01243,P00003,Classic File Folder (Black),Stationery,LOC01243,118,20,3769.3,In Stock,2026-08-01
INV01244,P00076,Plus Belt (Red),Accessories,LOC01244,273,40,734.73,In Stock,2026-08-10
INV01245,P00498,Compact Keyboard (Silver),Electronics,LOC01245,229,30,4542.56,In Stock,2026-08-01
INV01246,P00530,Lite Scissors (Silver),Stationery,LOC01246,24,25,2026.52,Low Stock,2026-08-11
INV01247,P00043,Lite Sticky Notes (Beige),Stationery,LOC01247,202,25,4162.25,In Stock,2026-08-08
INV01248,P00380,Mini Smart Watch (Black),Electronics,LOC01248,66,10,4445.79,In Stock,2026-08-24
INV01249,P00090,Mini Boots (Silver),Footwear,LOC01249,219,40,3155.84,In Stock,2026-08-09
INV01250,P00602,Plus Bed Sheet Set (Beige),Home,LOC01250,5,10,2973.54,Low Stock,2026-08-28
INV01251,P00607,Mini Calculator (Beige),Stationery,LOC01251,84,10,3230.56,In Stock,2026-08-02
INV01252,P00147,Premium Storage Box (Blue),Home,LOC01252,69,20,1384.23,In Stock,2026-08-01
INV01253,P00162,Standard Keychain (Beige),Accessories,LOC01253,102,40,3808.18,In Stock,2026-08-25
INV01254,P00583,Plus Sports Shoes (Beige),Footwear,LOC01254,187,25,2913.94,In Stock,2026-08-08
INV01255,P00192,Classic Backpack (Grey),Accessories,LOC01255,21,25,3610.38,Low Stock,2026-08-02
INV01256,P00441,Lite Travel Pouch (White),Accessories,LOC01256,68,10,1808.2,In Stock,2026-08-28
INV01257,P00505,Lite Travel Pouch (White),Accessories,LOC01257,164,20,4908.26,In Stock,2026-08-09
INV01258,P00605,Mini Boots (Silver),Footwear,LOC01258,22,15,3760.12,In Stock,2026-08-11
INV01259,P00620,Plus Loafers (Beige),Footwear,LOC01259,146,20,1202.13,In Stock,2026-08-30
INV01260,P00093,Compact Keychain (Blue),Accessories,LOC01260,285,10,2848.19,In Stock,2026-08-01
INV01261,P00736,Lite Laptop Stand (Green),Electronics,LOC01261,199,30,1815.92,In Stock,2026-08-12
INV01262,P00217,Deluxe Photo Frame (Grey),Home,LOC01262,144,20,2049.87,In Stock,2026-08-25
INV01263,P00416,Pro Notebook (Black),Stationery,LOC01263,85,15,1916.87,In Stock,2026-08-20
INV01264,P00127,Standard Door Mat (Red),Home,LOC01264,253,25,3526.12,In Stock,2026-08-02
INV01265,P00390,Pro Flip Flops (Beige),Footwear,LOC01265,120,10,601.49,In Stock,2026-08-26
INV01266,P00431,Plus Travel Pouch (Blue),Accessories,LOC01266,158,15,248.37,In Stock,2026-08-18
INV01267,P00011,Premium Charger (White),Electronics,LOC01267,229,20,854.89,In Stock,2026-08-28
INV01268,P00432,Mini Door Mat (Blue),Home,LOC01268,8,25,1830.27,Low Stock,2026-08-05
INV01269,P00065,Lite Keyboard (Silver),Electronics,LOC01269,258,20,446.93,In Stock,2026-08-12
INV01270,P00204,Lite Sneakers (White),Footwear,LOC01270,2,40,1227.96,Low Stock,2026-08-03
INV01271,P00744,Mini Power Bank (Blue),Electronics,LOC01271,46,40,4062.92,In Stock,2026-08-14
INV01272,P00324,Standard Webcam (Green),Electronics,LOC01272,27,25,2255.18,In Stock,2026-08-12
INV01273,P00064,Mini Water Bottle (Beige),Home,LOC01273,66,20,1579.89,In Stock,2026-08-06
INV01274,P00215,Compact Wall Clock (Silver),Home,LOC01274,167,15,2878.12,In Stock,2026-08-10
INV01275,P00058,Mini Highlighter Set (Beige),Stationery,LOC01275,192,40,1146.59,In Stock,2026-08-09
INV01276,P00697,Mini Calculator (Green),Stationery,LOC01276,239,20,1663.66,In Stock,2026-08-19
INV01277,P00472,Mini Desk Organizer (Blue),Stationery,LOC01277,293,10,3815.51,In Stock,2026-08-30
INV01278,P00538,Max Umbrella (Red),Accessories,LOC01278,294,40,2229.16,In Stock,2026-08-18
INV01279,P00762,Pro Charger (Black),Electronics,LOC01279,207,20,2204.46,In Stock,2026-08-19
INV01280,P00398,Standard Water Bottle (Green),Home,LOC01280,283,10,4416.42,In Stock,2026-08-08
INV01281,P00731,Lite Flip Flops (Blue),Footwear,LOC01281,253,30,3384.71,In Stock,2026-08-09
INV01282,P00472,Mini Desk Organizer (Blue),Stationery,LOC01282,280,25,3463.66,In Stock,2026-08-01
INV01283,P00051,Max Umbrella (Blue),Accessories,LOC01283,124,15,2442.52,In Stock,2026-08-24
INV01284,P00486,Classic Table Lamp (Blue),Home,LOC01284,45,40,1296.37,In Stock,2026-08-18
INV01285,P00007,Mini Earbuds (Beige),Electronics,LOC01285,51,40,902.32,In Stock,2026-08-19
INV01286,P00618,Plus Cap (Silver),Accessories,LOC01286,221,20,1162.37,In Stock,2026-08-16
INV01287,P00148,Classic Calculator (Beige),Stationery,LOC01287,245,40,751.98,In Stock,2026-08-07
INV01288,P00580,Plus Keyboard (White),Electronics,LOC01288,148,25,1010.61,In Stock,2026-08-09
INV01289,P00575,Classic Highlighter Set (Silver),Stationery,LOC01289,164,15,4094.84,In Stock,2026-08-08
INV01290,P00472,Mini Desk Organizer (Blue),Stationery,LOC01290,95,25,2251.55,In Stock,2026-08-09
INV01291,P00243,Compact Slippers (Silver),Footwear,LOC01291,81,30,4349.58,In Stock,2026-08-08
INV01292,P00668,Compact Table Lamp (Red),Home,LOC01292,23,15,3460.45,In Stock,2026-08-05
INV01293,P00023,Plus Hiking Boots (Red),Footwear,LOC01293,48,30,4957.72,In Stock,2026-08-09
INV01294,P00067,Lite Sneakers (Red),Footwear,LOC01294,96,25,2628.7,In Stock,2026-08-08
INV01295,P00301,Classic Hiking Boots (Black),Footwear,LOC01295,108,15,3332.23,In Stock,2026-08-10
INV01296,P00620,Plus Loafers (Beige),Footwear,LOC01296,268,30,143.55,In Stock,2026-08-05
INV01297,P00689,Premium Curtain (Beige),Home,LOC01297,169,25,4322.89,In Stock,2026-08-27
INV01298,P00337,Plus Cap (Green),Accessories,LOC01298,175,20,381.14,In Stock,2026-08-05
INV01299,P00454,Mini Router (Green),Electronics,LOC01299,223,20,3084.82,In Stock,2026-08-19
INV01300,P00072,Max Pen Set (Beige),Stationery,LOC01300,282,15,243.33,In Stock,2026-08-08
INV01301,P00734,Premium Notebook (Red),Stationery,LOC01301,145,25,3398.83,In Stock,2026-08-08
INV01302,P00189,Max Tablet Stand (Grey),Electronics,LOC01302,77,25,2513.54,In Stock,2026-08-30
INV01303,P00479,Deluxe Sticky Notes (Blue),Stationery,LOC01303,111,25,2128.42,In Stock,2026-08-07
INV01304,P00744,Mini Power Bank (Blue),Electronics,LOC01304,17,30,4649.04,Low Stock,2026-08-13
INV01305,P00748,Compact Keyboard (Grey),Electronics,LOC01305,14,25,115.9,Low Stock,2026-08-30
INV01306,P00572,Mini Calculator (Blue),Stationery,LOC01306,26,20,4007.1,In Stock,2026-08-08
INV01307,P00344,Premium Power Bank (Beige),Electronics,LOC01307,160,30,2565.77,In Stock,2026-08-06
INV01308,P00312,Pro Desk Organizer (Silver),Stationery,LOC01308,147,15,3236.53,In Stock,2026-08-03
INV01309,P00726,Max Storage Box (Beige),Home,LOC01309,27,20,1423.22,In Stock,2026-08-05
INV01310,P00692,Max Earbuds (Green),Electronics,LOC01310,222,40,2580.06,In Stock,2026-08-16
INV01311,P00439,Premium Candle Holder (Beige),Home,LOC01311,215,25,2887.96,In Stock,2026-08-05
INV01312,P00003,Classic File Folder (Black),Stationery,LOC01312,81,25,1300.04,In Stock,2026-08-01
INV01313,P00415,Premium Storage Box (Silver),Home,LOC01313,260,15,3207.03,In Stock,2026-08-22
INV01314,P00414,Classic Sandals (Grey),Footwear,LOC01314,210,20,1484.35,In Stock,2026-08-24
INV01315,P00459,Premium Stapler (Red),Stationery,LOC01315,161,20,3262.88,In Stock,2026-08-20
INV01316,P00214,Premium Table Lamp (Grey),Home,LOC01316,267,10,4905.61,In Stock,2026-08-30
INV01317,P00716,Premium Handbag (Blue),Accessories,LOC01317,248,30,4208.35,In Stock,2026-08-24
INV01318,P00726,Max Storage Box (Beige),Home,LOC01318,39,20,4577.08,In Stock,2026-08-09
INV01319,P00519,Classic Stapler (Silver),Stationery,LOC01319,17,25,4453.85,Low Stock,2026-08-19
INV01320,P00322,Max Door Mat (Beige),Home,LOC01320,144,10,4021.13,In Stock,2026-08-20
INV01321,P00213,Deluxe Keychain (Grey),Accessories,LOC01321,213,15,1552.33,In Stock,2026-08-25
INV01322,P00131,Premium Storage Box (Green),Home,LOC01322,113,15,4475.62,In Stock,2026-08-19
INV01323,P00104,Pro Cap (Grey),Accessories,LOC01323,51,15,2969.05,In Stock,2026-08-06
INV01324,P00547,Compact Marker Pack (Black),Stationery,LOC01324,38,40,1713.77,Low Stock,2026-08-22
INV01325,P00296,Plus Charger (Red),Electronics,LOC01325,173,30,178.79,In Stock,2026-08-08
INV01326,P00717,Deluxe Keychain (White),Accessories,LOC01326,93,10,2239.99,In Stock,2026-08-22
INV01327,P00716,Premium Handbag (Blue),Accessories,LOC01327,70,15,4100.44,In Stock,2026-08-30
INV01328,P00544,Mini Smart Watch (Beige),Electronics,LOC01328,155,40,944.86,In Stock,2026-08-16
INV01329,P00653,Max Keyboard (White),Electronics,LOC01329,174,15,3756.96,In Stock,2026-08-13
INV01330,P00713,Pro Slippers (Grey),Footwear,LOC01330,32,25,3893.32,In Stock,2026-08-28
INV01331,P00539,Compact Stapler (Grey),Stationery,LOC01331,65,15,2675.71,In Stock,2026-08-07
INV01332,P00560,Premium Cushion (Grey),Home,LOC01332,247,40,3319.6,In Stock,2026-08-02
INV01333,P00298,Plus Monitor (Green),Electronics,LOC01333,198,10,1982.66,In Stock,2026-08-17
INV01334,P00079,Deluxe Curtain (White),Home,LOC01334,102,40,2919.12,In Stock,2026-08-23
INV01335,P00379,Pro Laptop Stand (Green),Electronics,LOC01335,156,25,3036.35,In Stock,2026-08-15
INV01336,P00278,Lite Formal Shoes (Green),Footwear,LOC01336,12,25,1689.38,Low Stock,2026-08-25
INV01337,P00439,Premium Candle Holder (Beige),Home,LOC01337,227,40,2879.11,In Stock,2026-08-20
INV01338,P00397,Mini Sandals (Blue),Footwear,LOC01338,277,15,4294.95,In Stock,2026-08-08
INV01339,P00456,Mini Wireless Mouse (Silver),Electronics,LOC01339,103,15,347.41,In Stock,2026-08-13
INV01340,P00557,Pro Scissors (Beige),Stationery,LOC01340,293,10,2143.19,In Stock,2026-08-29
INV01341,P00394,Lite Formal Shoes (White),Footwear,LOC01341,67,25,2150.6,In Stock,2026-08-01
INV01342,P00365,Max Sunglasses (White),Accessories,LOC01342,230,20,2090.12,In Stock,2026-08-22
INV01343,P00285,Pro Travel Pouch (Silver),Accessories,LOC01343,255,20,4739.41,In Stock,2026-08-22
INV01344,P00331,Deluxe Wallet (Red),Accessories,LOC01344,183,20,1824.12,In Stock,2026-08-29
INV01345,P00177,Compact Notebook (Red),Stationery,LOC01345,240,20,127.03,In Stock,2026-08-14
INV01346,P00054,Standard Monitor (Green),Electronics,LOC01346,268,25,2652.0,In Stock,2026-08-15
INV01347,P00425,Plus Smart Watch (White),Electronics,LOC01347,67,30,380.7,In Stock,2026-08-10
INV01348,P00074,Classic Desk Organizer (White),Stationery,LOC01348,195,25,1691.97,In Stock,2026-08-12
INV01349,P00158,Deluxe Table Lamp (Red),Home,LOC01349,131,15,1373.06,In Stock,2026-08-28
INV01350,P00789,Lite Wallet (White),Accessories,LOC01350,241,30,123.2,In Stock,2026-08-30
INV01351,P00207,Lite Highlighter Set (Black),Stationery,LOC01351,270,15,4989.75,In Stock,2026-08-14
INV01352,P00018,Deluxe Wallet (Blue),Accessories,LOC01352,119,30,4119.85,In Stock,2026-08-27
INV01353,P00043,Lite Sticky Notes (Beige),Stationery,LOC01353,32,40,4794.82,Low Stock,2026-08-15
INV01354,P00419,Classic Wallet (Red),Accessories,LOC01354,23,15,1560.67,In Stock,2026-08-29
INV01355,P00275,Deluxe Sneakers (Grey),Footwear,LOC01355,108,15,2113.94,In Stock,2026-08-17
INV01356,P00178,Standard USB-C Cable (Silver),Electronics,LOC01356,170,10,2747.73,In Stock,2026-08-24
INV01357,P00754,Mini Desk Organizer (Silver),Stationery,LOC01357,114,30,3905.61,In Stock,2026-08-01
INV01358,P00285,Pro Travel Pouch (Silver),Accessories,LOC01358,35,40,3372.07,Low Stock,2026-08-07
INV01359,P00013,Deluxe Scissors (Red),Stationery,LOC01359,221,30,4135.0,In Stock,2026-08-21
INV01360,P00488,Deluxe Loafers (Blue),Footwear,LOC01360,248,30,4399.44,In Stock,2026-08-28
INV01361,P00139,Pro Sneakers (Beige),Footwear,LOC01361,172,20,1415.76,In Stock,2026-08-05
INV01362,P00215,Compact Wall Clock (Silver),Home,LOC01362,199,20,2679.47,In Stock,2026-08-20
INV01363,P00306,Compact Sandals (Grey),Footwear,LOC01363,21,20,1833.29,In Stock,2026-08-15
INV01364,P00789,Lite Wallet (White),Accessories,LOC01364,251,25,4870.05,In Stock,2026-08-10
INV01365,P00015,Max Tablet Stand (White),Electronics,LOC01365,164,30,3230.88,In Stock,2026-08-16
INV01366,P00229,Plus Flip Flops (Silver),Footwear,LOC01366,128,30,4451.53,In Stock,2026-08-22
INV01367,P00599,Lite Wall Clock (Black),Home,LOC01367,280,40,3322.52,In Stock,2026-08-02
INV01368,P00443,Plus Stapler (White),Stationery,LOC01368,86,10,1328.78,In Stock,2026-08-23
INV01369,P00151,Standard Power Bank (Green),Electronics,LOC01369,22,40,4849.29,Low Stock,2026-08-26
INV01370,P00363,Pro Sunglasses (White),Accessories,LOC01370,71,30,1472.8,In Stock,2026-08-11
INV01371,P00018,Deluxe Wallet (Blue),Accessories,LOC01371,97,25,851.47,In Stock,2026-08-28
INV01372,P00233,Compact Boots (Black),Footwear,LOC01372,288,10,3357.44,In Stock,2026-08-24
INV01373,P00483,Standard Hiking Boots (Black),Footwear,LOC01373,272,20,1875.61,In Stock,2026-08-14
INV01374,P00375,Compact Desk Organizer (Beige),Stationery,LOC01374,158,10,4505.83,In Stock,2026-08-03
INV01375,P00756,Pro Water Bottle (Blue),Home,LOC01375,267,20,1086.19,In Stock,2026-08-24
INV01376,P00513,Mini Calculator (Green),Stationery,LOC01376,66,30,1667.0,In Stock,2026-08-27
INV01377,P00657,Deluxe Storage Box (Beige),Home,LOC01377,202,30,4048.31,In Stock,2026-08-23
INV01378,P00284,Standard Earbuds (Black),Electronics,LOC01378,292,10,1297.99,In Stock,2026-08-14
INV01379,P00785,Max Power Bank (Black),Electronics,LOC01379,86,15,251.53,In Stock,2026-08-29
INV01380,P00659,Pro Formal Shoes (Grey),Footwear,LOC01380,280,20,3807.05,In Stock,2026-08-13
INV01381,P00170,Premium Calculator (Silver),Stationery,LOC01381,215,25,1532.42,In Stock,2026-08-27
INV01382,P00529,Premium Sunglasses (Green),Accessories,LOC01382,50,15,1042.1,In Stock,2026-08-28
INV01383,P00003,Classic File Folder (Black),Stationery,LOC01383,206,25,1145.82,In Stock,2026-08-06
INV01384,P00658,Deluxe Earbuds (Grey),Electronics,LOC01384,44,40,4909.46,In Stock,2026-08-12
INV01385,P00543,Pro Umbrella (Blue),Accessories,LOC01385,239,10,831.95,In Stock,2026-08-18
INV01386,P00798,Mini Loafers (Grey),Footwear,LOC01386,195,15,4125.34,In Stock,2026-08-27
INV01387,P00577,Compact Notebook (Silver),Stationery,LOC01387,212,20,3008.23,In Stock,2026-08-20
INV01388,P00024,Premium Candle Holder (Blue),Home,LOC01388,78,25,2353.82,In Stock,2026-08-08
INV01389,P00148,Classic Calculator (Beige),Stationery,LOC01389,242,15,3159.9,In Stock,2026-08-04
INV01390,P00594,Standard Running Shoes (Silver),Footwear,LOC01390,77,10,1216.2,In Stock,2026-08-29
INV01391,P00696,Standard Photo Frame (Silver),Home,LOC01391,28,30,1649.16,Low Stock,2026-08-02
INV01392,P00280,Compact Scissors (Grey),Stationery,LOC01392,277,40,2294.3,In Stock,2026-08-21
INV01393,P00688,Standard Sports Shoes (White),Footwear,LOC01393,143,30,4922.71,In Stock,2026-08-26
INV01394,P00595,Max Flip Flops (Black),Footwear,LOC01394,132,20,3975.2,In Stock,2026-08-03
INV01395,P00431,Plus Travel Pouch (Blue),Accessories,LOC01395,160,25,3006.41,In Stock,2026-08-11
INV01396,P00080,Max Smart Watch (Grey),Electronics,LOC01396,276,30,293.98,In Stock,2026-08-20
INV01397,P00464,Pro Marker Pack (Red),Stationery,LOC01397,107,40,423.91,In Stock,2026-08-15
INV01398,P00598,Mini Boots (Red),Footwear,LOC01398,164,10,383.58,In Stock,2026-08-16
INV01399,P00595,Max Flip Flops (Black),Footwear,LOC01399,189,20,3833.32,In Stock,2026-08-17
INV01400,P00643,Premium Formal Shoes (Beige),Footwear,LOC01400,85,25,1128.48,In Stock,2026-08-13
INV01401,P00270,Pro Door Mat (Red),Home,LOC01401,262,30,1105.28,In Stock,2026-08-15
INV01402,P00024,Premium Candle Holder (Blue),Home,LOC01402,8,15,2052.11,Low Stock,2026-08-22
INV01403,P00155,Pro Belt (Black),Accessories,LOC01403,204,15,982.99,In Stock,2026-08-22
INV01404,P00647,Classic Desk Organizer (Blue),Stationery,LOC01404,14,40,3716.32,Low Stock,2026-08-21
INV01405,P00561,Deluxe Cap (Black),Accessories,LOC01405,51,30,3269.5,In Stock,2026-08-05
INV01406,P00553,Plus Formal Shoes (Blue),Footwear,LOC01406,198,30,3941.28,In Stock,2026-08-28
INV01407,P00101,Max Cushion (Silver),Home,LOC01407,68,30,3278.39,In Stock,2026-08-27
INV01408,P00501,Lite Highlighter Set (Black),Stationery,LOC01408,205,10,278.57,In Stock,2026-08-13
INV01409,P00122,Deluxe Travel Pouch (Green),Accessories,LOC01409,232,10,1174.29,In Stock,2026-08-19
INV01410,P00799,Classic Earbuds (Green),Electronics,LOC01410,284,15,2810.07,In Stock,2026-08-05
INV01411,P00237,Premium Door Mat (Red),Home,LOC01411,140,15,3346.49,In Stock,2026-08-29
INV01412,P00448,Standard Headphones (Green),Electronics,LOC01412,155,40,4613.47,In Stock,2026-08-20
INV01413,P00249,Deluxe Flip Flops (Green),Footwear,LOC01413,161,40,2504.07,In Stock,2026-08-02
INV01414,P00472,Mini Desk Organizer (Blue),Stationery,LOC01414,211,30,3935.41,In Stock,2026-08-28
INV01415,P00231,Lite Sticky Notes (Silver),Stationery,LOC01415,173,15,2284.85,In Stock,2026-08-12
INV01416,P00499,Deluxe Sneakers (Green),Footwear,LOC01416,120,25,3852.12,In Stock,2026-08-24
INV01417,P00674,Premium Belt (Red),Accessories,LOC01417,51,15,1766.29,In Stock,2026-08-11
INV01418,P00044,Max Flip Flops (Grey),Footwear,LOC01418,162,40,4533.83,In Stock,2026-08-15
INV01419,P00367,Pro Sticky Notes (Blue),Stationery,LOC01419,47,15,3126.55,In Stock,2026-08-17
INV01420,P00692,Max Earbuds (Green),Electronics,LOC01420,113,40,3582.45,In Stock,2026-08-17
INV01421,P00287,Max Wallet (Silver),Accessories,LOC01421,22,20,4910.09,In Stock,2026-08-10
INV01422,P00551,Premium Cap (Silver),Accessories,LOC01422,53,15,412.07,In Stock,2026-08-03
INV01423,P00495,Plus Keychain (Red),Accessories,LOC01423,52,10,4686.42,In Stock,2026-08-25
INV01424,P00664,Premium Sports Shoes (Beige),Footwear,LOC01424,25,20,2724.2,In Stock,2026-08-07
INV01425,P00455,Lite Photo Frame (Red),Home,LOC01425,166,10,4112.76,In Stock,2026-08-21
INV01426,P00796,Mini Running Shoes (Silver),Footwear,LOC01426,38,30,2954.62,In Stock,2026-08-24
INV01427,P00449,Classic Sticky Notes (Blue),Stationery,LOC01427,228,25,4380.18,In Stock,2026-08-18
INV01428,P00146,Standard Water Bottle (Green),Home,LOC01428,154,15,1407.35,In Stock,2026-08-26
INV01429,P00437,Plus Boots (Black),Footwear,LOC01429,149,30,4883.0,In Stock,2026-08-09
INV01430,P00589,Premium Sneakers (Green),Footwear,LOC01430,12,20,4114.07,Low Stock,2026-08-30
INV01431,P00434,Classic Belt (Red),Accessories,LOC01431,218,40,424.33,In Stock,2026-08-10
INV01432,P00224,Premium Watch Strap (Grey),Accessories,LOC01432,163,15,3815.07,In Stock,2026-08-16
INV01433,P00519,Classic Stapler (Silver),Stationery,LOC01433,106,40,1838.83,In Stock,2026-08-28
INV01434,P00511,Mini Wireless Mouse (Green),Electronics,LOC01434,231,20,3045.96,In Stock,2026-08-23
INV01435,P00721,Deluxe Sticky Notes (Beige),Stationery,LOC01435,75,40,1243.25,In Stock,2026-08-22
INV01436,P00522,Standard Desk Organizer (Blue),Stationery,LOC01436,286,25,3581.28,In Stock,2026-08-25
INV01437,P00140,Compact Photo Frame (Silver),Home,LOC01437,45,30,1903.61,In Stock,2026-08-11
INV01438,P00723,Premium Sticky Notes (Grey),Stationery,LOC01438,155,40,4979.06,In Stock,2026-08-21
INV01439,P00233,Compact Boots (Black),Footwear,LOC01439,89,15,1940.98,In Stock,2026-08-10
INV01440,P00755,Classic Backpack (White),Accessories,LOC01440,35,20,3170.46,In Stock,2026-08-18
INV01441,P00261,Compact Sneakers (Beige),Footwear,LOC01441,126,30,4004.78,In Stock,2026-08-19
INV01442,P00025,Max Sunglasses (Grey),Accessories,LOC01442,106,25,3993.07,In Stock,2026-08-10
INV01443,P00483,Standard Hiking Boots (Black),Footwear,LOC01443,130,40,3662.06,In Stock,2026-08-13
INV01444,P00354,Plus Calculator (White),Stationery,LOC01444,293,40,1487.83,In Stock,2026-08-12
INV01445,P00085,Pro Wallet (Blue),Accessories,LOC01445,249,40,662.03,In Stock,2026-08-09
INV01446,P00066,Compact Watch Strap (Silver),Accessories,LOC01446,1,25,4745.69,Low Stock,2026-08-11
INV01447,P00170,Premium Calculator (Silver),Stationery,LOC01447,262,10,2081.0,In Stock,2026-08-22
INV01448,P00566,Premium Sandals (Blue),Footwear,LOC01448,146,10,1215.84,In Stock,2026-08-29
INV01449,P00782,Mini Handbag (Beige),Accessories,LOC01449,140,20,1993.36,In Stock,2026-08-22
INV01450,P00060,Compact Laptop Stand (White),Electronics,LOC01450,130,40,1095.64,In Stock,2026-08-27
INV01451,P00499,Deluxe Sneakers (Green),Footwear,LOC01451,147,25,2997.31,In Stock,2026-08-01
INV01452,P00737,Pro Laptop Stand (Red),Electronics,LOC01452,274,15,3354.75,In Stock,2026-08-13
INV01453,P00248,Premium Storage Box (Black),Home,LOC01453,14,15,2180.29,Low Stock,2026-08-26
INV01454,P00650,Deluxe Marker Pack (Beige),Stationery,LOC01454,15,20,2966.2,Low Stock,2026-08-19
INV01455,P00725,Plus Notebook (Black),Stationery,LOC01455,59,15,2135.52,In Stock,2026-08-18
INV01456,P00464,Pro Marker Pack (Red),Stationery,LOC01456,63,25,4949.74,In Stock,2026-08-20
INV01457,P00424,Standard Hiking Boots (Blue),Footwear,LOC01457,39,25,4986.17,In Stock,2026-08-01
INV01458,P00765,Plus Wireless Mouse (White),Electronics,LOC01458,123,25,4074.41,In Stock,2026-08-09
INV01459,P00033,Lite Wallet (Beige),Accessories,LOC01459,65,15,3523.85,In Stock,2026-08-05
INV01460,P00226,Lite Webcam (Green),Electronics,LOC01460,278,20,4507.26,In Stock,2026-08-02
INV01461,P00214,Premium Table Lamp (Grey),Home,LOC01461,224,40,1180.47,In Stock,2026-08-14
INV01462,P00432,Mini Door Mat (Blue),Home,LOC01462,183,25,558.56,In Stock,2026-08-20
INV01463,P00464,Pro Marker Pack (Red),Stationery,LOC01463,36,30,3213.76,In Stock,2026-08-11
INV01464,P00283,Standard Sneakers (Green),Footwear,LOC01464,61,25,230.82,In Stock,2026-08-09
INV01465,P00169,Mini Sports Shoes (Grey),Footwear,LOC01465,125,15,406.07,In Stock,2026-08-25
INV01466,P00312,Pro Desk Organizer (Silver),Stationery,LOC01466,184,25,785.55,In Stock,2026-08-14
INV01467,P00386,Plus Sticky Notes (White),Stationery,LOC01467,56,10,1306.03,In Stock,2026-08-18
INV01468,P00770,Deluxe Smart Watch (Black),Electronics,LOC01468,194,15,2880.3,In Stock,2026-08-07
INV01469,P00769,Mini Sports Shoes (Blue),Footwear,LOC01469,195,20,3204.16,In Stock,2026-08-29
INV01470,P00365,Max Sunglasses (White),Accessories,LOC01470,80,30,2480.24,In Stock,2026-08-21
INV01471,P00450,Classic Highlighter Set (Blue),Stationery,LOC01471,134,25,1562.29,In Stock,2026-08-26
INV01472,P00047,Deluxe Backpack (Red),Accessories,LOC01472,110,10,1683.54,In Stock,2026-08-30
INV01473,P00184,Lite Wall Clock (Grey),Home,LOC01473,171,40,3669.18,In Stock,2026-08-11
INV01474,P00214,Premium Table Lamp (Grey),Home,LOC01474,147,20,1352.51,In Stock,2026-08-30
INV01475,P00563,Lite Laptop Stand (Blue),Electronics,LOC01475,246,25,2712.88,In Stock,2026-08-05
INV01476,P00549,Mini Door Mat (Grey),Home,LOC01476,293,15,2396.23,In Stock,2026-08-01
INV01477,P00247,Premium Webcam (Beige),Electronics,LOC01477,33,15,1451.37,In Stock,2026-08-09
INV01478,P00749,Premium Umbrella (Green),Accessories,LOC01478,42,40,2461.79,In Stock,2026-08-12
INV01479,P00595,Max Flip Flops (Black),Footwear,LOC01479,76,15,659.84,In Stock,2026-08-12
INV01480,P00714,Plus Bed Sheet Set (Beige),Home,LOC01480,234,30,2385.13,In Stock,2026-08-17
INV01481,P00325,Mini Handbag (Silver),Accessories,LOC01481,32,15,138.58,In Stock,2026-08-05
INV01482,P00015,Max Tablet Stand (White),Electronics,LOC01482,164,30,2258.98,In Stock,2026-08-10
INV01483,P00667,Lite Water Bottle (Beige),Home,LOC01483,217,25,1051.16,In Stock,2026-08-04
INV01484,P00716,Premium Handbag (Blue),Accessories,LOC01484,191,30,391.9,In Stock,2026-08-17
INV01485,P00741,Deluxe Stapler (Blue),Stationery,LOC01485,274,40,519.29,In Stock,2026-08-16
INV01486,P00212,Classic Formal Shoes (Blue),Footwear,LOC01486,43,30,4696.76,In Stock,2026-08-11
INV01487,P00257,Standard Formal Shoes (White),Footwear,LOC01487,221,15,2120.51,In Stock,2026-08-16
INV01488,P00647,Classic Desk Organizer (Blue),Stationery,LOC01488,7,10,479.32,Low Stock,2026-08-16
INV01489,P00468,Standard Power Bank (Silver),Electronics,LOC01489,23,10,2085.41,In Stock,2026-08-20
INV01490,P00538,Max Umbrella (Red),Accessories,LOC01490,216,20,1719.28,In Stock,2026-08-10
INV01491,P00466,Deluxe Travel Pouch (Green),Accessories,LOC01491,208,10,3292.32,In Stock,2026-08-21
INV01492,P00003,Classic File Folder (Black),Stationery,LOC01492,219,15,3316.07,In Stock,2026-08-27
INV01493,P00251,Classic Highlighter Set (Blue),Stationery,LOC01493,36,40,977.11,Low Stock,2026-08-12
INV01494,P00761,Max Wall Clock (Beige),Home,LOC01494,6,15,357.69,Low Stock,2026-08-13
INV01495,P00200,Deluxe Desk Organizer (Red),Stationery,LOC01495,94,10,4382.97,In Stock,2026-08-17
INV01496,P00663,Mini Wallet (White),Accessories,LOC01496,171,40,191.45,In Stock,2026-08-30
INV01497,P00335,Deluxe Desk Organizer (Black),Stationery,LOC01497,86,15,568.6,In Stock,2026-08-10
INV01498,P00158,Deluxe Table Lamp (Red),Home,LOC01498,206,10,278.67,In Stock,2026-08-14
INV01499,P00323,Standard Umbrella (Beige),Accessories,LOC01499,131,10,2874.31,In Stock,2026-08-11
INV01500,P00020,Compact Wall Clock (Red),Home,LOC01500,205,10,1107.45,In Stock,2026-08-14
INV01501,P00758,Lite Sandals (Blue),Footwear,LOC01501,72,30,4278.11,In Stock,2026-08-05
INV01502,P00285,Pro Travel Pouch (Silver),Accessories,LOC01502,16,10,4357.4,In Stock,2026-08-11
INV01503,P00602,Plus Bed Sheet Set (Beige),Home,LOC01503,94,15,330.24,In Stock,2026-08-22
INV01504,P00387,Plus Sticky Notes (Grey),Stationery,LOC01504,14,15,3720.88,Low Stock,2026-08-04
INV01505,P00776,Max Wallet (Grey),Accessories,LOC01505,38,10,1353.53,In Stock,2026-08-04
INV01506,P00315,Standard Laptop Stand (Beige),Electronics,LOC01506,114,15,1041.97,In Stock,2026-08-19
INV01507,P00658,Deluxe Earbuds (Grey),Electronics,LOC01507,186,15,1955.28,In Stock,2026-08-06
INV01508,P00120,Premium Door Mat (Red),Home,LOC01508,81,15,1344.4,In Stock,2026-08-08
INV01509,P00422,Max Desk Organizer (Blue),Stationery,LOC01509,145,40,1160.23,In Stock,2026-08-11
INV01510,P00191,Compact Charger (Blue),Electronics,LOC01510,204,30,3085.12,In Stock,2026-08-10
INV01511,P00439,Premium Candle Holder (Beige),Home,LOC01511,88,10,2607.79,In Stock,2026-08-09
INV01512,P00440,Premium Sunglasses (Silver),Accessories,LOC01512,137,15,3674.44,In Stock,2026-08-06
INV01513,P00598,Mini Boots (Red),Footwear,LOC01513,126,20,3218.62,In Stock,2026-08-14
INV01514,P00485,Standard Cushion (Grey),Home,LOC01514,124,40,2905.96,In Stock,2026-08-09
INV01515,P00653,Max Keyboard (White),Electronics,LOC01515,184,40,2411.3,In Stock,2026-08-06
INV01516,P00238,Mini Bed Sheet Set (Beige),Home,LOC01516,207,20,1738.58,In Stock,2026-08-27
INV01517,P00182,Premium Scissors (Green),Stationery,LOC01517,206,25,2856.33,In Stock,2026-08-12
INV01518,P00068,Compact Router (Black),Electronics,LOC01518,249,20,4805.16,In Stock,2026-08-25
INV01519,P00379,Pro Laptop Stand (Green),Electronics,LOC01519,261,15,4588.0,In Stock,2026-08-02
INV01520,P00427,Classic Door Mat (Beige),Home,LOC01520,53,20,3934.51,In Stock,2026-08-09
INV01521,P00379,Pro Laptop Stand (Green),Electronics,LOC01521,127,15,3519.05,In Stock,2026-08-13
INV01522,P00164,Lite Charger (White),Electronics,LOC01522,226,20,4625.64,In Stock,2026-08-25
INV01523,P00404,Deluxe Sneakers (Blue),Footwear,LOC01523,162,25,1755.51,In Stock,2026-08-22
INV01524,P00575,Classic Highlighter Set (Silver),Stationery,LOC01524,208,30,4414.41,In Stock,2026-08-05
INV01525,P00591,Standard Earbuds (Black),Electronics,LOC01525,173,30,854.07,In Stock,2026-08-24
INV01526,P00208,Lite Boots (Silver),Footwear,LOC01526,198,40,837.6,In Stock,2026-08-16
INV01527,P00106,Lite Headphones (Blue),Electronics,LOC01527,243,20,3239.67,In Stock,2026-08-03
INV01528,P00661,Pro Handbag (White),Accessories,LOC01528,214,40,2779.56,In Stock,2026-08-07
INV01529,P00230,Max Water Bottle (Grey),Home,LOC01529,138,20,1503.43,In Stock,2026-08-07
INV01530,P00562,Max Handbag (Black),Accessories,LOC01530,256,20,1306.12,In Stock,2026-08-24
INV01531,P00592,Pro Sneakers (White),Footwear,LOC01531,211,10,2026.15,In Stock,2026-08-26
INV01532,P00552,Premium Flip Flops (Grey),Footwear,LOC01532,151,15,2991.16,In Stock,2026-08-19
INV01533,P00243,Compact Slippers (Silver),Footwear,LOC01533,279,30,477.1,In Stock,2026-08-26
INV01534,P00099,Max Watch Strap (Grey),Accessories,LOC01534,114,20,507.18,In Stock,2026-08-22
INV01535,P00404,Deluxe Sneakers (Blue),Footwear,LOC01535,100,30,532.08,In Stock,2026-08-23
INV01536,P00251,Classic Highlighter Set (Blue),Stationery,LOC01536,254,10,2421.52,In Stock,2026-08-26
INV01537,P00389,Standard Travel Pouch (Green),Accessories,LOC01537,241,10,3896.58,In Stock,2026-08-23
INV01538,P00792,Classic Cushion (Red),Home,LOC01538,48,10,3105.37,In Stock,2026-08-09
INV01539,P00494,Max File Folder (Blue),Stationery,LOC01539,9,30,1993.33,Low Stock,2026-08-18
INV01540,P00282,Premium Wallet (White),Accessories,LOC01540,106,30,4897.14,In Stock,2026-08-04
INV01541,P00293,Plus Door Mat (Beige),Home,LOC01541,100,25,3935.69,In Stock,2026-08-19
INV01542,P00453,Plus Photo Frame (Silver),Home,LOC01542,94,25,1461.06,In Stock,2026-08-11
INV01543,P00148,Classic Calculator (Beige),Stationery,LOC01543,296,40,904.79,In Stock,2026-08-27
INV01544,P00720,Standard Flip Flops (Beige),Footwear,LOC01544,176,20,1104.06,In Stock,2026-08-25
INV01545,P00196,Pro Umbrella (White),Accessories,LOC01545,55,30,3764.45,In Stock,2026-08-15
INV01546,P00600,Mini Desk Organizer (Beige),Stationery,LOC01546,153,30,2036.52,In Stock,2026-08-01
INV01547,P00587,Classic Running Shoes (Grey),Footwear,LOC01547,258,20,490.63,In Stock,2026-08-28
INV01548,P00684,Mini Calculator (Black),Stationery,LOC01548,92,10,3541.33,In Stock,2026-08-21
INV01549,P00393,Max Cushion (Blue),Home,LOC01549,149,40,532.31,In Stock,2026-08-19
INV01550,P00420,Premium Curtain (White),Home,LOC01550,13,25,4455.13,Low Stock,2026-08-14
INV01551,P00230,Max Water Bottle (Grey),Home,LOC01551,168,15,642.59,In Stock,2026-08-08
INV01552,P00108,Plus File Folder (Green),Stationery,LOC01552,55,25,3946.81,In Stock,2026-08-06
INV01553,P00585,Plus Sticky Notes (White),Stationery,LOC01553,58,10,2880.66,In Stock,2026-08-13
INV01554,P00279,Max Storage Box (Blue),Home,LOC01554,299,40,1052.97,In Stock,2026-08-02
INV01555,P00238,Mini Bed Sheet Set (Beige),Home,LOC01555,139,20,4595.45,In Stock,2026-08-07
INV01556,P00430,Mini Scissors (Black),Stationery,LOC01556,105,25,2713.05,In Stock,2026-08-22
INV01557,P00103,Max Monitor (Beige),Electronics,LOC01557,23,20,2771.93,In Stock,2026-08-27
INV01558,P00708,Standard Sports Shoes (Black),Footwear,LOC01558,45,20,4778.57,In Stock,2026-08-24
INV01559,P00445,Standard Curtain (Blue),Home,LOC01559,110,25,4969.48,In Stock,2026-08-02
INV01560,P00558,Mini Bluetooth Speaker (Silver),Electronics,LOC01560,53,10,4878.07,In Stock,2026-08-13
INV01561,P00593,Premium Notebook (Black),Stationery,LOC01561,42,40,332.05,In Stock,2026-08-25
INV01562,P00320,Deluxe Bed Sheet Set (Beige),Home,LOC01562,82,40,836.56,In Stock,2026-08-29
INV01563,P00576,Standard Flip Flops (Silver),Footwear,LOC01563,213,25,2079.57,In Stock,2026-08-30
INV01564,P00558,Mini Bluetooth Speaker (Silver),Electronics,LOC01564,37,10,3049.89,In Stock,2026-08-29
INV01565,P00253,Deluxe Handbag (Beige),Accessories,LOC01565,73,20,1362.3,In Stock,2026-08-04
INV01566,P00761,Max Wall Clock (Beige),Home,LOC01566,154,20,4450.96,In Stock,2026-08-18
INV01567,P00062,Max HDMI Cable (Blue),Electronics,LOC01567,163,15,2183.79,In Stock,2026-08-07
INV01568,P00713,Pro Slippers (Grey),Footwear,LOC01568,289,25,2478.75,In Stock,2026-08-22
INV01569,P00606,Standard Smart Watch (Beige),Electronics,LOC01569,105,10,1971.57,In Stock,2026-08-30
INV01570,P00082,Mini Cap (Silver),Accessories,LOC01570,246,20,4429.42,In Stock,2026-08-04
INV01571,P00508,Plus Keyboard (Green),Electronics,LOC01571,104,10,3934.19,In Stock,2026-08-29
INV01572,P00101,Max Cushion (Silver),Home,LOC01572,158,30,4981.16,In Stock,2026-08-30
INV01573,P00311,Premium Laptop Stand (Green),Electronics,LOC01573,2,25,2821.66,Low Stock,2026-08-06
INV01574,P00671,Mini Umbrella (White),Accessories,LOC01574,148,10,748.35,In Stock,2026-08-03
INV01575,P00547,Compact Marker Pack (Black),Stationery,LOC01575,153,25,4551.33,In Stock,2026-08-11
INV01576,P00714,Plus Bed Sheet Set (Beige),Home,LOC01576,109,10,4259.75,In Stock,2026-08-14
INV01577,P00378,Compact Highlighter Set (Blue),Stationery,LOC01577,194,25,1017.86,In Stock,2026-08-10
INV01578,P00074,Classic Desk Organizer (White),Stationery,LOC01578,283,15,282.8,In Stock,2026-08-26
INV01579,P00653,Max Keyboard (White),Electronics,LOC01579,154,25,3321.34,In Stock,2026-08-20
INV01580,P00389,Standard Travel Pouch (Green),Accessories,LOC01580,295,10,1321.57,In Stock,2026-08-10
INV01581,P00156,Max USB-C Cable (Black),Electronics,LOC01581,178,10,472.06,In Stock,2026-08-10
INV01582,P00244,Compact Handbag (Beige),Accessories,LOC01582,171,10,350.86,In Stock,2026-08-07
INV01583,P00612,Deluxe USB-C Cable (Red),Electronics,LOC01583,221,40,2002.83,In Stock,2026-08-22
INV01584,P00417,Mini Belt (Beige),Accessories,LOC01584,129,30,1750.96,In Stock,2026-08-27
INV01585,P00331,Deluxe Wallet (Red),Accessories,LOC01585,254,15,4476.76,In Stock,2026-08-24
INV01586,P00003,Classic File Folder (Black),Stationery,LOC01586,186,15,3630.25,In Stock,2026-08-10
INV01587,P00067,Lite Sneakers (Red),Footwear,LOC01587,238,40,3025.33,In Stock,2026-08-19
INV01588,P00629,Classic Tablet Stand (Black),Electronics,LOC01588,266,20,2186.0,In Stock,2026-08-17
INV01589,P00620,Plus Loafers (Beige),Footwear,LOC01589,259,20,1181.44,In Stock,2026-08-19
INV01590,P00060,Compact Laptop Stand (White),Electronics,LOC01590,189,10,4952.0,In Stock,2026-08-04
INV01591,P00718,Pro Loafers (Red),Footwear,LOC01591,174,40,1803.55,In Stock,2026-08-14
INV01592,P00680,Plus Sports Shoes (Grey),Footwear,LOC01592,106,25,3912.65,In Stock,2026-08-12
INV01593,P00304,Max Marker Pack (Green),Stationery,LOC01593,94,15,3648.61,In Stock,2026-08-15
INV01594,P00467,Mini Bed Sheet Set (White),Home,LOC01594,199,15,3825.07,In Stock,2026-08-13
INV01595,P00371,Lite Wall Clock (Black),Home,LOC01595,187,25,1974.63,In Stock,2026-08-01
INV01596,P00009,Pro Wallet (Beige),Accessories,LOC01596,11,25,505.72,Low Stock,2026-08-22
INV01597,P00670,Lite Sandals (Grey),Footwear,LOC01597,56,20,123.96,In Stock,2026-08-27
INV01598,P00388,Deluxe Storage Box (White),Home,LOC01598,215,30,1376.32,In Stock,2026-08-28
INV01599,P00718,Pro Loafers (Red),Footwear,LOC01599,227,30,4396.05,In Stock,2026-08-25
INV01600,P00004,Max USB-C Cable (Black),Electronics,LOC01600,210,40,3036.57,In Stock,2026-08-14
INV01601,P00689,Premium Curtain (Beige),Home,LOC01601,51,20,2726.86,In Stock,2026-08-16
INV01602,P00008,Mini Cap (Red),Accessories,LOC01602,208,25,2556.36,In Stock,2026-08-06
INV01603,P00114,Lite Charger (Grey),Electronics,LOC01603,179,10,889.56,In Stock,2026-08-28
INV01604,P00235,Pro Laptop Stand (Blue),Electronics,LOC01604,282,15,956.45,In Stock,2026-08-05
INV01605,P00159,Plus Wall Clock (Blue),Home,LOC01605,6,20,2407.11,Low Stock,2026-08-18
INV01606,P00160,Pro Desk Organizer (Blue),Stationery,LOC01606,98,30,2995.17,In Stock,2026-08-12
INV01607,P00305,Classic Hiking Boots (Grey),Footwear,LOC01607,0,10,290.17,Out of Stock,2026-08-09
INV01608,P00770,Deluxe Smart Watch (Black),Electronics,LOC01608,137,30,4031.42,In Stock,2026-08-15
INV01609,P00234,Pro File Folder (Red),Stationery,LOC01609,52,20,4685.46,In Stock,2026-08-23
INV01610,P00356,Plus Table Lamp (Beige),Home,LOC01610,15,40,1050.78,Low Stock,2026-08-27
INV01611,P00799,Classic Earbuds (Green),Electronics,LOC01611,74,25,2699.0,In Stock,2026-08-06
INV01612,P00135,Max Highlighter Set (Grey),Stationery,LOC01612,223,10,3232.83,In Stock,2026-08-10
INV01613,P00681,Max Curtain (Green),Home,LOC01613,250,20,3033.1,In Stock,2026-08-18
INV01614,P00476,Pro Stapler (Grey),Stationery,LOC01614,123,30,4639.51,In Stock,2026-08-01
INV01615,P00018,Deluxe Wallet (Blue),Accessories,LOC01615,12,10,600.4,In Stock,2026-08-29
INV01616,P00295,Standard Curtain (Grey),Home,LOC01616,168,40,477.29,In Stock,2026-08-08
INV01617,P00341,Mini Photo Frame (Green),Home,LOC01617,261,15,4655.19,In Stock,2026-08-25
INV01618,P00269,Lite Umbrella (Red),Accessories,LOC01618,240,20,4018.35,In Stock,2026-08-18
INV01619,P00295,Standard Curtain (Grey),Home,LOC01619,65,40,957.9,In Stock,2026-08-18
INV01620,P00657,Deluxe Storage Box (Beige),Home,LOC01620,284,30,1193.04,In Stock,2026-08-30
INV01621,P00395,Compact Calculator (Black),Stationery,LOC01621,176,15,3247.13,In Stock,2026-08-16
INV01622,P00026,Deluxe File Folder (Beige),Stationery,LOC01622,116,40,2966.4,In Stock,2026-08-15
INV01623,P00119,Standard Belt (Green),Accessories,LOC01623,74,40,4136.15,In Stock,2026-08-04
INV01624,P00636,Pro Formal Shoes (Blue),Footwear,LOC01624,227,40,4126.89,In Stock,2026-08-09
INV01625,P00413,Pro Webcam (Green),Electronics,LOC01625,294,30,4089.17,In Stock,2026-08-01
INV01626,P00566,Premium Sandals (Blue),Footwear,LOC01626,176,20,3941.81,In Stock,2026-08-30
INV01627,P00607,Mini Calculator (Beige),Stationery,LOC01627,156,30,2768.18,In Stock,2026-08-23
INV01628,P00285,Pro Travel Pouch (Silver),Accessories,LOC01628,294,15,4186.17,In Stock,2026-08-29
INV01629,P00618,Plus Cap (Silver),Accessories,LOC01629,290,25,3477.41,In Stock,2026-08-21
INV01630,P00368,Deluxe Door Mat (Silver),Home,LOC01630,266,15,2201.84,In Stock,2026-08-20
INV01631,P00387,Plus Sticky Notes (Grey),Stationery,LOC01631,24,10,2158.86,In Stock,2026-08-13
INV01632,P00247,Premium Webcam (Beige),Electronics,LOC01632,231,15,1918.15,In Stock,2026-08-25
INV01633,P00045,Premium Photo Frame (Silver),Home,LOC01633,204,10,2275.38,In Stock,2026-08-11
INV01634,P00096,Plus Formal Shoes (Beige),Footwear,LOC01634,214,15,437.65,In Stock,2026-08-22
INV01635,P00602,Plus Bed Sheet Set (Beige),Home,LOC01635,29,30,1176.76,Low Stock,2026-08-05
INV01636,P00021,Max Backpack (Black),Accessories,LOC01636,143,30,3641.14,In Stock,2026-08-07
INV01637,P00631,Max Running Shoes (Silver),Footwear,LOC01637,82,30,4258.51,In Stock,2026-08-21
INV01638,P00303,Compact Tablet Stand (Red),Electronics,LOC01638,154,20,4311.44,In Stock,2026-08-15
INV01639,P00185,Max Formal Shoes (Green),Footwear,LOC01639,4,20,3408.03,Low Stock,2026-08-18
INV01640,P00247,Premium Webcam (Beige),Electronics,LOC01640,72,40,952.13,In Stock,2026-08-29
INV01641,P00309,Lite Bluetooth Speaker (Black),Electronics,LOC01641,2,30,1441.14,Low Stock,2026-08-25
INV01642,P00466,Deluxe Travel Pouch (Green),Accessories,LOC01642,64,40,3627.72,In Stock,2026-08-10
INV01643,P00351,Lite Boots (Green),Footwear,LOC01643,203,15,1704.38,In Stock,2026-08-20
INV01644,P00347,Pro Watch Strap (Grey),Accessories,LOC01644,234,20,4647.02,In Stock,2026-08-10
INV01645,P00394,Lite Formal Shoes (White),Footwear,LOC01645,255,15,172.24,In Stock,2026-08-19
INV01646,P00285,Pro Travel Pouch (Silver),Accessories,LOC01646,188,15,1270.89,In Stock,2026-08-15
INV01647,P00782,Mini Handbag (Beige),Accessories,LOC01647,113,15,3139.85,In Stock,2026-08-22
INV01648,P00347,Pro Watch Strap (Grey),Accessories,LOC01648,149,40,4660.5,In Stock,2026-08-12
INV01649,P00085,Pro Wallet (Blue),Accessories,LOC01649,275,20,2673.27,In Stock,2026-08-30
INV01650,P00232,Classic Table Lamp (Red),Home,LOC01650,143,10,3063.99,In Stock,2026-08-01
INV01651,P00402,Premium Highlighter Set (Grey),Stationery,LOC01651,46,15,585.12,In Stock,2026-08-15
INV01652,P00303,Compact Tablet Stand (Red),Electronics,LOC01652,71,15,228.57,In Stock,2026-08-27
INV01653,P00090,Mini Boots (Silver),Footwear,LOC01653,237,25,4534.35,In Stock,2026-08-18
INV01654,P00368,Deluxe Door Mat (Silver),Home,LOC01654,123,40,4508.25,In Stock,2026-08-19
INV01655,P00392,Max Sunglasses (Green),Accessories,LOC01655,107,30,2040.45,In Stock,2026-08-16
INV01656,P00130,Max Smart Watch (White),Electronics,LOC01656,16,20,4210.11,Low Stock,2026-08-07
INV01657,P00601,Classic Highlighter Set (Green),Stationery,LOC01657,256,15,2704.03,In Stock,2026-08-02
INV01658,P00367,Pro Sticky Notes (Blue),Stationery,LOC01658,94,10,2147.14,In Stock,2026-08-05
INV01659,P00688,Standard Sports Shoes (White),Footwear,LOC01659,24,30,1271.86,Low Stock,2026-08-04
INV01660,P00250,Premium Tablet Stand (White),Electronics,LOC01660,191,15,2497.1,In Stock,2026-08-20
INV01661,P00499,Deluxe Sneakers (Green),Footwear,LOC01661,31,10,3265.03,In Stock,2026-08-01
INV01662,P00189,Max Tablet Stand (Grey),Electronics,LOC01662,297,40,2207.41,In Stock,2026-08-21
INV01663,P00386,Plus Sticky Notes (White),Stationery,LOC01663,94,15,1944.21,In Stock,2026-08-27
INV01664,P00736,Lite Laptop Stand (Green),Electronics,LOC01664,143,40,412.55,In Stock,2026-08-23
INV01665,P00758,Lite Sandals (Blue),Footwear,LOC01665,181,20,111.04,In Stock,2026-08-20
INV01666,P00461,Pro Slippers (Green),Footwear,LOC01666,73,30,1498.71,In Stock,2026-08-08
INV01667,P00799,Classic Earbuds (Green),Electronics,LOC01667,111,20,504.93,In Stock,2026-08-05
INV01668,P00395,Compact Calculator (Black),Stationery,LOC01668,239,40,3864.06,In Stock,2026-08-15
INV01669,P00292,Max Headphones (Blue),Electronics,LOC01669,192,20,3695.19,In Stock,2026-08-10
INV01670,P00251,Classic Highlighter Set (Blue),Stationery,LOC01670,6,25,3112.2,Low Stock,2026-08-26
INV01671,P00776,Max Wallet (Grey),Accessories,LOC01671,100,20,3525.57,In Stock,2026-08-22
INV01672,P00107,Classic Stapler (White),Stationery,LOC01672,231,10,4848.06,In Stock,2026-08-16
INV01673,P00729,Deluxe Formal Shoes (Black),Footwear,LOC01673,174,25,965.3,In Stock,2026-08-02
INV01674,P00483,Standard Hiking Boots (Black),Footwear,LOC01674,214,40,228.86,In Stock,2026-08-03
INV01675,P00590,Max Boots (White),Footwear,LOC01675,283,15,3274.21,In Stock,2026-08-03
INV01676,P00489,Plus Handbag (Beige),Accessories,LOC01676,28,30,462.48,Low Stock,2026-08-14
INV01677,P00739,Mini Hiking Boots (Red),Footwear,LOC01677,30,30,1303.94,Low Stock,2026-08-05
INV01678,P00692,Max Earbuds (Green),Electronics,LOC01678,200,10,2779.76,In Stock,2026-08-16
INV01679,P00453,Plus Photo Frame (Silver),Home,LOC01679,197,10,3198.79,In Stock,2026-08-21
INV01680,P00210,Standard Marker Pack (White),Stationery,LOC01680,125,20,1071.27,In Stock,2026-08-05
INV01681,P00498,Compact Keyboard (Silver),Electronics,LOC01681,276,10,860.03,In Stock,2026-08-12
INV01682,P00142,Classic Curtain (Beige),Home,LOC01682,264,25,3269.9,In Stock,2026-08-24
INV01683,P00377,Max Curtain (Green),Home,LOC01683,112,25,509.56,In Stock,2026-08-30
INV01684,P00293,Plus Door Mat (Beige),Home,LOC01684,159,15,295.21,In Stock,2026-08-07
INV01685,P00765,Plus Wireless Mouse (White),Electronics,LOC01685,232,15,3886.25,In Stock,2026-08-27
INV01686,P00252,Pro Storage Box (Silver),Home,LOC01686,275,30,826.66,In Stock,2026-08-19
INV01687,P00250,Premium Tablet Stand (White),Electronics,LOC01687,37,40,1371.3,Low Stock,2026-08-07
INV01688,P00353,Standard Sandals (Red),Footwear,LOC01688,257,30,1960.95,In Stock,2026-08-28
INV01689,P00214,Premium Table Lamp (Grey),Home,LOC01689,245,15,3595.67,In Stock,2026-08-25
INV01690,P00106,Lite Headphones (Blue),Electronics,LOC01690,283,25,2533.97,In Stock,2026-08-07
INV01691,P00351,Lite Boots (Green),Footwear,LOC01691,36,30,4487.03,In Stock,2026-08-29
INV01692,P00537,Plus Wallet (Silver),Accessories,LOC01692,21,15,3915.82,In Stock,2026-08-04
INV01693,P00684,Mini Calculator (Black),Stationery,LOC01693,198,10,900.97,In Stock,2026-08-26
INV01694,P00439,Premium Candle Holder (Beige),Home,LOC01694,149,25,2280.07,In Stock,2026-08-06
INV01695,P00226,Lite Webcam (Green),Electronics,LOC01695,32,20,2489.47,In Stock,2026-08-26
INV01696,P00287,Max Wallet (Silver),Accessories,LOC01696,176,20,2495.14,In Stock,2026-08-08
INV01697,P00375,Compact Desk Organizer (Beige),Stationery,LOC01697,200,40,3105.62,In Stock,2026-08-11
INV01698,P00421,Premium Tablet Stand (Black),Electronics,LOC01698,270,20,1537.18,In Stock,2026-08-15
INV01699,P00437,Plus Boots (Black),Footwear,LOC01699,84,15,1510.1,In Stock,2026-08-09
INV01700,P00377,Max Curtain (Green),Home,LOC01700,11,10,3163.82,In Stock,2026-08-10
INV01701,P00323,Standard Umbrella (Beige),Accessories,LOC01701,211,10,4855.4,In Stock,2026-08-19
INV01702,P00429,Max Webcam (White),Electronics,LOC01702,196,20,4306.87,In Stock,2026-08-18
INV01703,P00147,Premium Storage Box (Blue),Home,LOC01703,27,40,3851.99,Low Stock,2026-08-28
INV01704,P00769,Mini Sports Shoes (Blue),Footwear,LOC01704,213,25,977.68,In Stock,2026-08-23
INV01705,P00237,Premium Door Mat (Red),Home,LOC01705,163,40,3107.06,In Stock,2026-08-23
INV01706,P00599,Lite Wall Clock (Black),Home,LOC01706,131,15,4344.72,In Stock,2026-08-22
INV01707,P00075,Deluxe Curtain (Green),Home,LOC01707,294,15,2240.72,In Stock,2026-08-04
INV01708,P00673,Pro Umbrella (Green),Accessories,LOC01708,2,20,3957.37,Low Stock,2026-08-06
INV01709,P00300,Premium Tablet Stand (White),Electronics,LOC01709,236,25,4680.1,In Stock,2026-08-18
INV01710,P00717,Deluxe Keychain (White),Accessories,LOC01710,3,40,4864.08,Low Stock,2026-08-10
INV01711,P00741,Deluxe Stapler (Blue),Stationery,LOC01711,237,30,1929.54,In Stock,2026-08-28
INV01712,P00533,Premium Photo Frame (Green),Home,LOC01712,26,20,1096.7,In Stock,2026-08-15
INV01713,P00666,Deluxe Pen Set (Green),Stationery,LOC01713,271,30,1532.76,In Stock,2026-08-05
INV01714,P00569,Pro Hiking Boots (Silver),Footwear,LOC01714,73,40,1045.03,In Stock,2026-08-25
INV01715,P00661,Pro Handbag (White),Accessories,LOC01715,79,40,4638.68,In Stock,2026-08-23
INV01716,P00716,Premium Handbag (Blue),Accessories,LOC01716,138,40,3616.06,In Stock,2026-08-11
INV01717,P00405,Premium Backpack (Green),Accessories,LOC01717,204,25,156.58,In Stock,2026-08-25
INV01718,P00202,Standard Keychain (Grey),Accessories,LOC01718,112,25,4257.64,In Stock,2026-08-22
INV01719,P00533,Premium Photo Frame (Green),Home,LOC01719,102,25,429.08,In Stock,2026-08-01
INV01720,P00142,Classic Curtain (Beige),Home,LOC01720,13,15,4466.57,Low Stock,2026-08-27
INV01721,P00738,Plus Hiking Boots (Beige),Footwear,LOC01721,265,40,4597.72,In Stock,2026-08-10
INV01722,P00130,Max Smart Watch (White),Electronics,LOC01722,129,25,1096.35,In Stock,2026-08-25
INV01723,P00771,Premium Sticky Notes (Green),Stationery,LOC01723,216,15,3409.91,In Stock,2026-08-28
INV01724,P00391,Classic Scissors (Green),Stationery,LOC01724,260,10,2746.26,In Stock,2026-08-06
INV01725,P00416,Pro Notebook (Black),Stationery,LOC01725,43,25,1966.83,In Stock,2026-08-23
INV01726,P00344,Premium Power Bank (Beige),Electronics,LOC01726,129,40,4463.2,In Stock,2026-08-20
INV01727,P00614,Max USB-C Cable (White),Electronics,LOC01727,12,15,4593.41,Low Stock,2026-08-18
INV01728,P00287,Max Wallet (Silver),Accessories,LOC01728,26,30,812.3,Low Stock,2026-08-04
INV01729,P00637,Deluxe Sneakers (Grey),Footwear,LOC01729,47,20,4658.59,In Stock,2026-08-30
INV01730,P00384,Plus Wallet (White),Accessories,LOC01730,0,10,4503.72,Out of Stock,2026-08-03
INV01731,P00299,Lite Keyboard (Red),Electronics,LOC01731,56,25,3955.71,In Stock,2026-08-16
INV01732,P00544,Mini Smart Watch (Beige),Electronics,LOC01732,30,40,1161.01,Low Stock,2026-08-18
INV01733,P00537,Plus Wallet (Silver),Accessories,LOC01733,260,40,3809.93,In Stock,2026-08-19
INV01734,P00753,Lite Handbag (Green),Accessories,LOC01734,146,10,432.87,In Stock,2026-08-09
INV01735,P00289,Pro Marker Pack (Silver),Stationery,LOC01735,139,10,1807.0,In Stock,2026-08-08
INV01736,P00395,Compact Calculator (Black),Stationery,LOC01736,174,30,1145.53,In Stock,2026-08-03
INV01737,P00339,Classic Bluetooth Speaker (White),Electronics,LOC01737,267,15,603.84,In Stock,2026-08-21
INV01738,P00528,Premium Scissors (Beige),Stationery,LOC01738,111,40,2343.6,In Stock,2026-08-16
INV01739,P00361,Standard Curtain (White),Home,LOC01739,25,30,3158.88,Low Stock,2026-08-07
INV01740,P00013,Deluxe Scissors (Red),Stationery,LOC01740,206,10,1968.02,In Stock,2026-08-17
INV01741,P00459,Premium Stapler (Red),Stationery,LOC01741,249,10,2788.68,In Stock,2026-08-27
INV01742,P00037,Mini Loafers (Black),Footwear,LOC01742,19,10,3971.52,In Stock,2026-08-05
INV01743,P00673,Pro Umbrella (Green),Accessories,LOC01743,207,10,2681.86,In Stock,2026-08-29
INV01744,P00573,Premium Travel Pouch (White),Accessories,LOC01744,104,40,602.87,In Stock,2026-08-16
INV01745,P00096,Plus Formal Shoes (Beige),Footwear,LOC01745,187,10,2178.04,In Stock,2026-08-17
INV01746,P00530,Lite Scissors (Silver),Stationery,LOC01746,57,25,2898.3,In Stock,2026-08-03
INV01747,P00395,Compact Calculator (Black),Stationery,LOC01747,182,25,1088.63,In Stock,2026-08-19
INV01748,P00204,Lite Sneakers (White),Footwear,LOC01748,211,15,4360.95,In Stock,2026-08-03
INV01749,P00737,Pro Laptop Stand (Red),Electronics,LOC01749,14,20,1115.16,Low Stock,2026-08-11
INV01750,P00195,Mini Photo Frame (Black),Home,LOC01750,182,20,427.17,In Stock,2026-08-21
INV01751,P00357,Standard File Folder (Grey),Stationery,LOC01751,167,25,2771.62,In Stock,2026-08-15
INV01752,P00253,Deluxe Handbag (Beige),Accessories,LOC01752,122,20,3314.05,In Stock,2026-08-08
INV01753,P00789,Lite Wallet (White),Accessories,LOC01753,83,30,1999.69,In Stock,2026-08-10
INV01754,P00676,Plus Keyboard (Beige),Electronics,LOC01754,48,15,2460.69,In Stock,2026-08-15
INV01755,P00573,Premium Travel Pouch (White),Accessories,LOC01755,34,10,2742.19,In Stock,2026-08-22
INV01756,P00275,Deluxe Sneakers (Grey),Footwear,LOC01756,219,25,3062.29,In Stock,2026-08-18
INV01757,P00214,Premium Table Lamp (Grey),Home,LOC01757,103,10,3963.6,In Stock,2026-08-01
INV01758,P00350,Lite USB-C Cable (Red),Electronics,LOC01758,80,15,974.97,In Stock,2026-08-29
INV01759,P00773,Pro Formal Shoes (Blue),Footwear,LOC01759,220,25,4073.48,In Stock,2026-08-19
INV01760,P00228,Standard Highlighter Set (Black),Stationery,LOC01760,162,20,1916.78,In Stock,2026-08-03
INV01761,P00757,Classic Door Mat (Beige),Home,LOC01761,31,40,715.33,Low Stock,2026-08-06
INV01762,P00531,Lite Sneakers (Grey),Footwear,LOC01762,153,20,4843.58,In Stock,2026-08-14
INV01763,P00005,Compact Marker Pack (Beige),Stationery,LOC01763,239,30,4711.75,In Stock,2026-08-27
INV01764,P00008,Mini Cap (Red),Accessories,LOC01764,288,30,711.8,In Stock,2026-08-30
INV01765,P00740,Deluxe Running Shoes (Green),Footwear,LOC01765,233,10,2821.29,In Stock,2026-08-25
INV01766,P00733,Lite Pen Set (Green),Stationery,LOC01766,247,15,2397.8,In Stock,2026-08-26
INV01767,P00765,Plus Wireless Mouse (White),Electronics,LOC01767,61,10,1532.2,In Stock,2026-08-29
INV01768,P00327,Plus Table Lamp (Blue),Home,LOC01768,246,15,4614.55,In Stock,2026-08-21
INV01769,P00204,Lite Sneakers (White),Footwear,LOC01769,31,10,4545.26,In Stock,2026-08-01
INV01770,P00150,Premium Storage Box (Blue),Home,LOC01770,24,10,3609.01,In Stock,2026-08-27
INV01771,P00286,Deluxe Cap (Beige),Accessories,LOC01771,99,15,1521.31,In Stock,2026-08-10
INV01772,P00222,Plus Laptop Stand (Beige),Electronics,LOC01772,26,40,2467.8,Low Stock,2026-08-12
INV01773,P00709,Premium Marker Pack (Beige),Stationery,LOC01773,228,40,3810.22,In Stock,2026-08-16
INV01774,P00729,Deluxe Formal Shoes (Black),Footwear,LOC01774,61,25,2953.56,In Stock,2026-08-22
INV01775,P00487,Premium Candle Holder (Silver),Home,LOC01775,192,10,2228.06,In Stock,2026-08-12
INV01776,P00791,Pro Curtain (Grey),Home,LOC01776,206,25,2091.93,In Stock,2026-08-25
INV01777,P00042,Mini Sticky Notes (Silver),Stationery,LOC01777,193,30,1053.38,In Stock,2026-08-17
INV01778,P00798,Mini Loafers (Grey),Footwear,LOC01778,8,20,3594.66,Low Stock,2026-08-01
INV01779,P00156,Max USB-C Cable (Black),Electronics,LOC01779,144,15,1960.32,In Stock,2026-08-05
INV01780,P00730,Classic Boots (Grey),Footwear,LOC01780,100,20,3157.3,In Stock,2026-08-25
INV01781,P00712,Plus Sticky Notes (Green),Stationery,LOC01781,65,15,2938.33,In Stock,2026-08-27
INV01782,P00779,Classic Wall Clock (Red),Home,LOC01782,124,20,2346.41,In Stock,2026-08-20
INV01783,P00371,Lite Wall Clock (Black),Home,LOC01783,145,40,1290.91,In Stock,2026-08-16
INV01784,P00052,Premium Desk Organizer (Red),Stationery,LOC01784,171,10,2974.04,In Stock,2026-08-16
INV01785,P00085,Pro Wallet (Blue),Accessories,LOC01785,19,20,570.3,Low Stock,2026-08-24
INV01786,P00071,Mini Pen Set (White),Stationery,LOC01786,77,25,249.58,In Stock,2026-08-14
INV01787,P00034,Classic Slippers (Grey),Footwear,LOC01787,205,15,2900.92,In Stock,2026-08-12
INV01788,P00214,Premium Table Lamp (Grey),Home,LOC01788,133,40,4556.7,In Stock,2026-08-28
INV01789,P00613,Plus Cushion (Grey),Home,LOC01789,284,25,1180.22,In Stock,2026-08-30
INV01790,P00296,Plus Charger (Red),Electronics,LOC01790,256,30,1853.97,In Stock,2026-08-23
INV01791,P00092,Mini Headphones (Black),Electronics,LOC01791,95,30,2894.23,In Stock,2026-08-04
INV01792,P00484,Lite Bed Sheet Set (Grey),Home,LOC01792,46,30,1982.58,In Stock,2026-08-27
INV01793,P00728,Premium Candle Holder (Silver),Home,LOC01793,211,30,4279.01,In Stock,2026-08-21
INV01794,P00696,Standard Photo Frame (Silver),Home,LOC01794,79,15,547.93,In Stock,2026-08-01
INV01795,P00507,Pro Desk Organizer (Blue),Stationery,LOC01795,71,40,2096.57,In Stock,2026-08-27
INV01796,P00374,Pro Cap (White),Accessories,LOC01796,265,15,2023.94,In Stock,2026-08-05
INV01797,P00342,Deluxe Handbag (White),Accessories,LOC01797,85,20,3381.07,In Stock,2026-08-24
INV01798,P00298,Plus Monitor (Green),Electronics,LOC01798,20,10,3476.11,In Stock,2026-08-26
INV01799,P00753,Lite Handbag (Green),Accessories,LOC01799,72,40,2015.5,In Stock,2026-08-01
INV01800,P00051,Max Umbrella (Blue),Accessories,LOC01800,155,10,3969.56,In Stock,2026-08-22
INV01801,P00328,Deluxe Notebook (Green),Stationery,LOC01801,12,10,1470.04,In Stock,2026-08-18
INV01802,P00147,Premium Storage Box (Blue),Home,LOC01802,58,25,1093.3,In Stock,2026-08-13
INV01803,P00059,Premium Boots (Red),Footwear,LOC01803,101,40,4502.14,In Stock,2026-08-08
INV01804,P00672,Lite Sports Shoes (Beige),Footwear,LOC01804,195,15,4076.94,In Stock,2026-08-20
INV01805,P00092,Mini Headphones (Black),Electronics,LOC01805,29,10,2986.73,In Stock,2026-08-24
INV01806,P00539,Compact Stapler (Grey),Stationery,LOC01806,120,30,2271.5,In Stock,2026-08-03
INV01807,P00117,Deluxe Storage Box (Grey),Home,LOC01807,1,40,4281.68,Low Stock,2026-08-26
INV01808,P00545,Max Door Mat (Grey),Home,LOC01808,88,10,4912.75,In Stock,2026-08-17
INV01809,P00237,Premium Door Mat (Red),Home,LOC01809,142,20,2763.4,In Stock,2026-08-03
INV01810,P00615,Deluxe Cushion (Red),Home,LOC01810,25,15,340.91,In Stock,2026-08-20
INV01811,P00269,Lite Umbrella (Red),Accessories,LOC01811,112,40,2143.08,In Stock,2026-08-21
INV01812,P00091,Compact File Folder (Black),Stationery,LOC01812,213,15,2714.57,In Stock,2026-08-13
INV01813,P00659,Pro Formal Shoes (Grey),Footwear,LOC01813,262,10,786.62,In Stock,2026-08-26
INV01814,P00141,Max Water Bottle (Beige),Home,LOC01814,219,40,1808.07,In Stock,2026-08-17
INV01815,P00780,Pro Candle Holder (Red),Home,LOC01815,155,30,4480.23,In Stock,2026-08-25
INV01816,P00263,Standard Router (Red),Electronics,LOC01816,1,25,4564.67,Low Stock,2026-08-28
INV01817,P00226,Lite Webcam (Green),Electronics,LOC01817,45,10,3435.32,In Stock,2026-08-02
INV01818,P00218,Max Headphones (Black),Electronics,LOC01818,125,40,2218.99,In Stock,2026-08-01
INV01819,P00208,Lite Boots (Silver),Footwear,LOC01819,229,30,1521.06,In Stock,2026-08-20
INV01820,P00143,Plus Water Bottle (Grey),Home,LOC01820,285,10,3759.28,In Stock,2026-08-19
INV01821,P00144,Compact Candle Holder (Red),Home,LOC01821,216,40,2423.42,In Stock,2026-08-20
INV01822,P00418,Lite Earbuds (Red),Electronics,LOC01822,182,40,3810.59,In Stock,2026-08-21
INV01823,P00107,Classic Stapler (White),Stationery,LOC01823,248,25,3480.39,In Stock,2026-08-14
INV01824,P00101,Max Cushion (Silver),Home,LOC01824,253,30,4360.69,In Stock,2026-08-16
INV01825,P00129,Compact Sandals (Silver),Footwear,LOC01825,271,40,2103.92,In Stock,2026-08-18
INV01826,P00242,Deluxe Keychain (Silver),Accessories,LOC01826,278,25,3366.16,In Stock,2026-08-17
INV01827,P00026,Deluxe File Folder (Beige),Stationery,LOC01827,203,10,890.18,In Stock,2026-08-29
INV01828,P00412,Plus Table Lamp (Red),Home,LOC01828,81,15,2217.05,In Stock,2026-08-06
INV01829,P00455,Lite Photo Frame (Red),Home,LOC01829,263,30,3525.26,In Stock,2026-08-01
INV01830,P00200,Deluxe Desk Organizer (Red),Stationery,LOC01830,203,25,4947.6,In Stock,2026-08-03
INV01831,P00333,Plus Travel Pouch (White),Accessories,LOC01831,95,15,3049.91,In Stock,2026-08-18
INV01832,P00732,Premium Curtain (White),Home,LOC01832,0,30,2944.82,Out of Stock,2026-08-15
INV01833,P00248,Premium Storage Box (Black),Home,LOC01833,289,20,763.34,In Stock,2026-08-18
INV01834,P00350,Lite USB-C Cable (Red),Electronics,LOC01834,244,30,845.24,In Stock,2026-08-16
INV01835,P00331,Deluxe Wallet (Red),Accessories,LOC01835,253,30,221.19,In Stock,2026-08-13
INV01836,P00193,Pro Slippers (Black),Footwear,LOC01836,189,30,219.72,In Stock,2026-08-24
INV01837,P00031,Compact Stapler (Black),Stationery,LOC01837,148,10,634.87,In Stock,2026-08-04
INV01838,P00800,Compact Wall Clock (White),Home,LOC01838,168,25,2954.29,In Stock,2026-08-16
INV01839,P00586,Standard Flip Flops (Blue),Footwear,LOC01839,71,10,4349.27,In Stock,2026-08-19
INV01840,P00360,Pro Keyboard (Red),Electronics,LOC01840,273,10,492.37,In Stock,2026-08-18
INV01841,P00117,Deluxe Storage Box (Grey),Home,LOC01841,269,20,373.8,In Stock,2026-08-14
INV01842,P00668,Compact Table Lamp (Red),Home,LOC01842,22,20,998.81,In Stock,2026-08-01
INV01843,P00277,Deluxe Water Bottle (Green),Home,LOC01843,92,30,2848.77,In Stock,2026-08-17
INV01844,P00504,Deluxe Water Bottle (Red),Home,LOC01844,237,20,1240.28,In Stock,2026-08-02
INV01845,P00018,Deluxe Wallet (Blue),Accessories,LOC01845,100,15,597.21,In Stock,2026-08-01
INV01846,P00154,Classic Laptop Stand (Black),Electronics,LOC01846,6,20,2584.16,Low Stock,2026-08-03
INV01847,P00641,Standard Keyboard (Beige),Electronics,LOC01847,252,10,2899.94,In Stock,2026-08-09
INV01848,P00024,Premium Candle Holder (Blue),Home,LOC01848,176,25,893.05,In Stock,2026-08-05
INV01849,P00194,Premium Stapler (Silver),Stationery,LOC01849,107,25,3205.54,In Stock,2026-08-27
INV01850,P00017,Plus Loafers (Red),Footwear,LOC01850,86,25,165.84,In Stock,2026-08-29
INV01851,P00511,Mini Wireless Mouse (Green),Electronics,LOC01851,100,40,4079.69,In Stock,2026-08-01
INV01852,P00177,Compact Notebook (Red),Stationery,LOC01852,216,25,3537.57,In Stock,2026-08-05
INV01853,P00588,Standard Bed Sheet Set (Beige),Home,LOC01853,186,25,4730.43,In Stock,2026-08-08
INV01854,P00753,Lite Handbag (Green),Accessories,LOC01854,147,40,4062.97,In Stock,2026-08-01
INV01855,P00507,Pro Desk Organizer (Blue),Stationery,LOC01855,47,40,3835.94,In Stock,2026-08-26
INV01856,P00313,Deluxe Marker Pack (Black),Stationery,LOC01856,188,25,3422.62,In Stock,2026-08-29
INV01857,P00508,Plus Keyboard (Green),Electronics,LOC01857,25,20,2758.48,In Stock,2026-08-24
INV01858,P00505,Lite Travel Pouch (White),Accessories,LOC01858,185,15,1339.44,In Stock,2026-08-21
INV01859,P00382,Lite Handbag (Beige),Accessories,LOC01859,130,15,1474.37,In Stock,2026-08-11
INV01860,P00672,Lite Sports Shoes (Beige),Footwear,LOC01860,281,25,4130.33,In Stock,2026-08-18
INV01861,P00363,Pro Sunglasses (White),Accessories,LOC01861,101,30,2581.71,In Stock,2026-08-22
INV01862,P00304,Max Marker Pack (Green),Stationery,LOC01862,117,30,3308.08,In Stock,2026-08-22
INV01863,P00440,Premium Sunglasses (Silver),Accessories,LOC01863,81,40,4176.41,In Stock,2026-08-28
INV01864,P00222,Plus Laptop Stand (Beige),Electronics,LOC01864,200,25,2635.17,In Stock,2026-08-27
INV01865,P00247,Premium Webcam (Beige),Electronics,LOC01865,15,15,4074.88,Low Stock,2026-08-28
INV01866,P00485,Standard Cushion (Grey),Home,LOC01866,268,20,4628.13,In Stock,2026-08-16
INV01867,P00624,Deluxe Sports Shoes (Red),Footwear,LOC01867,124,20,2100.71,In Stock,2026-08-06
INV01868,P00625,Plus Bed Sheet Set (Grey),Home,LOC01868,111,30,1332.93,In Stock,2026-08-22
INV01869,P00250,Premium Tablet Stand (White),Electronics,LOC01869,220,40,1751.36,In Stock,2026-08-20
INV01870,P00549,Mini Door Mat (Grey),Home,LOC01870,182,10,1662.72,In Stock,2026-08-01
INV01871,P00062,Max HDMI Cable (Blue),Electronics,LOC01871,16,20,2705.86,Low Stock,2026-08-20
INV01872,P00411,Plus Bed Sheet Set (Red),Home,LOC01872,84,25,349.57,In Stock,2026-08-24
INV01873,P00202,Standard Keychain (Grey),Accessories,LOC01873,88,20,3815.59,In Stock,2026-08-30
INV01874,P00581,Pro Notebook (Silver),Stationery,LOC01874,239,10,4580.92,In Stock,2026-08-15
INV01875,P00502,Mini Keyboard (Grey),Electronics,LOC01875,161,15,3962.5,In Stock,2026-08-09
INV01876,P00354,Plus Calculator (White),Stationery,LOC01876,2,40,4633.34,Low Stock,2026-08-08
INV01877,P00065,Lite Keyboard (Silver),Electronics,LOC01877,70,25,4963.75,In Stock,2026-08-11
INV01878,P00113,Plus Table Lamp (Green),Home,LOC01878,19,20,3475.73,Low Stock,2026-08-22
INV01879,P00652,Plus Smart Watch (Black),Electronics,LOC01879,153,10,3322.87,In Stock,2026-08-11
INV01880,P00576,Standard Flip Flops (Silver),Footwear,LOC01880,159,10,1211.18,In Stock,2026-08-07
INV01881,P00067,Lite Sneakers (Red),Footwear,LOC01881,237,15,3880.72,In Stock,2026-08-20
INV01882,P00704,Plus Wireless Mouse (White),Electronics,LOC01882,119,40,3776.92,In Stock,2026-08-27
INV01883,P00636,Pro Formal Shoes (Blue),Footwear,LOC01883,96,20,646.21,In Stock,2026-08-03
INV01884,P00245,Max Photo Frame (Red),Home,LOC01884,180,40,1445.38,In Stock,2026-08-19
INV01885,P00171,Lite Curtain (Green),Home,LOC01885,183,25,4102.86,In Stock,2026-08-06
INV01886,P00153,Standard Wall Clock (Grey),Home,LOC01886,222,30,1962.49,In Stock,2026-08-27
INV01887,P00188,Deluxe Calculator (Grey),Stationery,LOC01887,176,40,349.45,In Stock,2026-08-04
INV01888,P00373,Classic Door Mat (Black),Home,LOC01888,114,25,2813.64,In Stock,2026-08-17
INV01889,P00694,Pro Watch Strap (Black),Accessories,LOC01889,178,20,4776.34,In Stock,2026-08-10
INV01890,P00266,Premium HDMI Cable (Grey),Electronics,LOC01890,220,40,4135.61,In Stock,2026-08-02
INV01891,P00641,Standard Keyboard (Beige),Electronics,LOC01891,299,10,558.46,In Stock,2026-08-08
INV01892,P00489,Plus Handbag (Beige),Accessories,LOC01892,155,40,1631.06,In Stock,2026-08-12
INV01893,P00701,Premium Flip Flops (Green),Footwear,LOC01893,232,15,4625.65,In Stock,2026-08-23
INV01894,P00428,Classic Cap (Green),Accessories,LOC01894,242,15,4240.49,In Stock,2026-08-06
INV01895,P00426,Compact Calculator (Black),Stationery,LOC01895,102,25,1324.88,In Stock,2026-08-08
INV01896,P00098,Classic Sports Shoes (Blue),Footwear,LOC01896,44,15,4168.23,In Stock,2026-08-22
INV01897,P00384,Plus Wallet (White),Accessories,LOC01897,85,25,1359.91,In Stock,2026-08-25
INV01898,P00104,Pro Cap (Grey),Accessories,LOC01898,217,15,1360.94,In Stock,2026-08-01
INV01899,P00122,Deluxe Travel Pouch (Green),Accessories,LOC01899,226,30,168.17,In Stock,2026-08-13
INV01900,P00637,Deluxe Sneakers (Grey),Footwear,LOC01900,217,10,509.8,In Stock,2026-08-19
INV01901,P00442,Standard Table Lamp (Blue),Home,LOC01901,10,15,4621.44,Low Stock,2026-08-26
INV01902,P00613,Plus Cushion (Grey),Home,LOC01902,37,20,4710.02,In Stock,2026-08-14
INV01903,P00319,Compact Curtain (Grey),Home,LOC01903,16,20,3632.41,Low Stock,2026-08-23
INV01904,P00605,Mini Boots (Silver),Footwear,LOC01904,73,30,4579.46,In Stock,2026-08-30
INV01905,P00721,Deluxe Sticky Notes (Beige),Stationery,LOC01905,214,40,3414.82,In Stock,2026-08-15
INV01906,P00103,Max Monitor (Beige),Electronics,LOC01906,110,15,4155.14,In Stock,2026-08-09
INV01907,P00544,Mini Smart Watch (Beige),Electronics,LOC01907,271,30,2559.2,In Stock,2026-08-02
INV01908,P00093,Compact Keychain (Blue),Accessories,LOC01908,149,40,379.2,In Stock,2026-08-21
INV01909,P00379,Pro Laptop Stand (Green),Electronics,LOC01909,124,30,1893.71,In Stock,2026-08-13
INV01910,P00696,Standard Photo Frame (Silver),Home,LOC01910,283,15,623.63,In Stock,2026-08-06
INV01911,P00262,Mini Sticky Notes (Blue),Stationery,LOC01911,241,15,2262.66,In Stock,2026-08-12
INV01912,P00478,Compact Keychain (White),Accessories,LOC01912,32,15,1533.74,In Stock,2026-08-04
INV01913,P00025,Max Sunglasses (Grey),Accessories,LOC01913,146,40,1050.0,In Stock,2026-08-21
INV01914,P00088,Pro Backpack (Beige),Accessories,LOC01914,103,30,1317.78,In Stock,2026-08-21
INV01915,P00630,Max Storage Box (White),Home,LOC01915,115,20,4443.33,In Stock,2026-08-30
INV01916,P00703,Lite Wallet (Black),Accessories,LOC01916,80,40,2469.66,In Stock,2026-08-22
INV01917,P00122,Deluxe Travel Pouch (Green),Accessories,LOC01917,54,40,2098.2,In Stock,2026-08-11
INV01918,P00700,Plus Cap (Silver),Accessories,LOC01918,58,30,3063.29,In Stock,2026-08-22
INV01919,P00400,Compact Cushion (Red),Home,LOC01919,32,20,1145.78,In Stock,2026-08-30
INV01920,P00166,Compact Wallet (Green),Accessories,LOC01920,57,30,791.15,In Stock,2026-08-27
INV01921,P00630,Max Storage Box (White),Home,LOC01921,27,10,2495.94,In Stock,2026-08-24
INV01922,P00634,Compact Wireless Mouse (Grey),Electronics,LOC01922,80,15,2793.73,In Stock,2026-08-04
INV01923,P00407,Mini Wallet (Grey),Accessories,LOC01923,38,30,2268.0,In Stock,2026-08-26
INV01924,P00696,Standard Photo Frame (Silver),Home,LOC01924,222,25,657.15,In Stock,2026-08-25
INV01925,P00028,Classic Earbuds (White),Electronics,LOC01925,70,20,3442.98,In Stock,2026-08-19
INV01926,P00500,Lite Wireless Mouse (Silver),Electronics,LOC01926,226,10,1795.66,In Stock,2026-08-21
INV01927,P00610,Max Smart Watch (Black),Electronics,LOC01927,41,40,375.75,In Stock,2026-08-12
INV01928,P00281,Premium Boots (Grey),Footwear,LOC01928,26,20,127.8,In Stock,2026-08-01
INV01929,P00795,Pro Sunglasses (Black),Accessories,LOC01929,193,40,1294.78,In Stock,2026-08-24
INV01930,P00507,Pro Desk Organizer (Blue),Stationery,LOC01930,17,30,3748.4,Low Stock,2026-08-29
INV01931,P00318,Lite Bluetooth Speaker (Green),Electronics,LOC01931,177,40,932.49,In Stock,2026-08-29
INV01932,P00324,Standard Webcam (Green),Electronics,LOC01932,204,30,330.43,In Stock,2026-08-15
INV01933,P00665,Pro Wireless Mouse (Green),Electronics,LOC01933,139,10,3925.27,In Stock,2026-08-01
INV01934,P00211,Mini Marker Pack (Grey),Stationery,LOC01934,208,20,2349.27,In Stock,2026-08-22
INV01935,P00357,Standard File Folder (Grey),Stationery,LOC01935,35,20,1275.46,In Stock,2026-08-18
INV01936,P00435,Lite Webcam (Beige),Electronics,LOC01936,258,30,469.03,In Stock,2026-08-04
INV01937,P00250,Premium Tablet Stand (White),Electronics,LOC01937,67,30,450.19,In Stock,2026-08-15
INV01938,P00769,Mini Sports Shoes (Blue),Footwear,LOC01938,51,20,1475.0,In Stock,2026-08-08
INV01939,P00062,Max HDMI Cable (Blue),Electronics,LOC01939,279,10,828.6,In Stock,2026-08-10
INV01940,P00101,Max Cushion (Silver),Home,LOC01940,274,15,927.39,In Stock,2026-08-22
INV01941,P00242,Deluxe Keychain (Silver),Accessories,LOC01941,16,15,3726.14,In Stock,2026-08-25
INV01942,P00702,Premium Table Lamp (Silver),Home,LOC01942,39,40,1994.0,Low Stock,2026-08-29
INV01943,P00125,Premium USB-C Cable (White),Electronics,LOC01943,210,40,4220.37,In Stock,2026-08-08
INV01944,P00244,Compact Handbag (Beige),Accessories,LOC01944,289,30,3432.08,In Stock,2026-08-22
INV01945,P00665,Pro Wireless Mouse (Green),Electronics,LOC01945,245,40,3040.14,In Stock,2026-08-08
INV01946,P00478,Compact Keychain (White),Accessories,LOC01946,261,40,3274.28,In Stock,2026-08-19
INV01947,P00439,Premium Candle Holder (Beige),Home,LOC01947,94,25,212.36,In Stock,2026-08-02
INV01948,P00133,Mini Highlighter Set (Silver),Stationery,LOC01948,131,10,3923.66,In Stock,2026-08-23
INV01949,P00486,Classic Table Lamp (Blue),Home,LOC01949,233,10,1282.08,In Stock,2026-08-04
INV01950,P00575,Classic Highlighter Set (Silver),Stationery,LOC01950,14,20,3388.33,Low Stock,2026-08-26
INV01951,P00622,Compact Power Bank (Beige),Electronics,LOC01951,53,20,2347.01,In Stock,2026-08-06
INV01952,P00542,Pro Running Shoes (Beige),Footwear,LOC01952,41,20,4421.55,In Stock,2026-08-25
INV01953,P00599,Lite Wall Clock (Black),Home,LOC01953,135,10,1588.27,In Stock,2026-08-26
INV01954,P00266,Premium HDMI Cable (Grey),Electronics,LOC01954,215,20,793.66,In Stock,2026-08-20
INV01955,P00405,Premium Backpack (Green),Accessories,LOC01955,173,20,3039.2,In Stock,2026-08-13
INV01956,P00465,Premium Sneakers (Black),Footwear,LOC01956,255,25,2251.03,In Stock,2026-08-03
INV01957,P00752,Max Sports Shoes (Silver),Footwear,LOC01957,59,40,2554.03,In Stock,2026-08-23
INV01958,P00426,Compact Calculator (Black),Stationery,LOC01958,217,15,1835.44,In Stock,2026-08-08
INV01959,P00110,Max Curtain (Grey),Home,LOC01959,205,15,4624.97,In Stock,2026-08-25
INV01960,P00452,Classic Curtain (Blue),Home,LOC01960,112,30,1879.94,In Stock,2026-08-01
INV01961,P00213,Deluxe Keychain (Grey),Accessories,LOC01961,50,25,4244.73,In Stock,2026-08-07
INV01962,P00538,Max Umbrella (Red),Accessories,LOC01962,146,25,911.78,In Stock,2026-08-27
INV01963,P00144,Compact Candle Holder (Red),Home,LOC01963,147,15,4809.93,In Stock,2026-08-22
INV01964,P00310,Compact Sports Shoes (White),Footwear,LOC01964,200,20,960.95,In Stock,2026-08-29
INV01965,P00435,Lite Webcam (Beige),Electronics,LOC01965,111,15,4761.0,In Stock,2026-08-01
INV01966,P00114,Lite Charger (Grey),Electronics,LOC01966,234,10,3451.57,In Stock,2026-08-14
INV01967,P00179,Premium Marker Pack (Silver),Stationery,LOC01967,52,40,1547.06,In Stock,2026-08-12
INV01968,P00233,Compact Boots (Black),Footwear,LOC01968,203,10,1114.32,In Stock,2026-08-18
INV01969,P00426,Compact Calculator (Black),Stationery,LOC01969,245,20,2001.66,In Stock,2026-08-01
INV01970,P00387,Plus Sticky Notes (Grey),Stationery,LOC01970,289,30,2600.52,In Stock,2026-08-13
INV01971,P00495,Plus Keychain (Red),Accessories,LOC01971,110,10,2836.79,In Stock,2026-08-13
INV01972,P00237,Premium Door Mat (Red),Home,LOC01972,14,10,1176.46,In Stock,2026-08-09
INV01973,P00700,Plus Cap (Silver),Accessories,LOC01973,116,30,3480.47,In Stock,2026-08-13
INV01974,P00081,Pro Loafers (Red),Footwear,LOC01974,295,20,3918.38,In Stock,2026-08-06
INV01975,P00724,Plus Sandals (Silver),Footwear,LOC01975,58,30,920.57,In Stock,2026-08-22
INV01976,P00060,Compact Laptop Stand (White),Electronics,LOC01976,168,25,1471.78,In Stock,2026-08-20
INV01977,P00045,Premium Photo Frame (Silver),Home,LOC01977,25,20,810.25,In Stock,2026-08-13
INV01978,P00097,Max Sticky Notes (Blue),Stationery,LOC01978,278,10,727.58,In Stock,2026-08-15
INV01979,P00161,Deluxe Wallet (Black),Accessories,LOC01979,245,20,1042.64,In Stock,2026-08-04
INV01980,P00090,Mini Boots (Silver),Footwear,LOC01980,58,30,2957.61,In Stock,2026-08-15
INV01981,P00411,Plus Bed Sheet Set (Red),Home,LOC01981,27,40,1738.86,Low Stock,2026-08-28
INV01982,P00459,Premium Stapler (Red),Stationery,LOC01982,266,30,4178.89,In Stock,2026-08-21
INV01983,P00489,Plus Handbag (Beige),Accessories,LOC01983,297,20,3157.98,In Stock,2026-08-20
INV01984,P00059,Premium Boots (Red),Footwear,LOC01984,82,20,620.63,In Stock,2026-08-30
INV01985,P00128,Pro Running Shoes (Beige),Footwear,LOC01985,142,10,3972.58,In Stock,2026-08-18
INV01986,P00428,Classic Cap (Green),Accessories,LOC01986,264,20,2808.17,In Stock,2026-08-24
INV01987,P00548,Mini Sports Shoes (Black),Footwear,LOC01987,52,40,2219.08,In Stock,2026-08-29
INV01988,P00505,Lite Travel Pouch (White),Accessories,LOC01988,160,15,563.09,In Stock,2026-08-14
INV01989,P00418,Lite Earbuds (Red),Electronics,LOC01989,48,15,2357.89,In Stock,2026-08-06
INV01990,P00376,Compact Curtain (Black),Home,LOC01990,229,20,3748.75,In Stock,2026-08-27
INV01991,P00772,Standard Sandals (Silver),Footwear,LOC01991,52,25,1593.93,In Stock,2026-08-14
INV01992,P00421,Premium Tablet Stand (Black),Electronics,LOC01992,249,15,2583.87,In Stock,2026-08-30
INV01993,P00091,Compact File Folder (Black),Stationery,LOC01993,108,30,3580.58,In Stock,2026-08-17
INV01994,P00664,Premium Sports Shoes (Beige),Footwear,LOC01994,299,30,2697.97,In Stock,2026-08-02
INV01995,P00171,Lite Curtain (Green),Home,LOC01995,24,40,3249.71,Low Stock,2026-08-04
INV01996,P00014,Max Wireless Mouse (Grey),Electronics,LOC01996,39,25,1804.49,In Stock,2026-08-14
INV01997,P00700,Plus Cap (Silver),Accessories,LOC01997,87,40,1185.84,In Stock,2026-08-04
INV01998,P00708,Standard Sports Shoes (Black),Footwear,LOC01998,215,15,4030.42,In Stock,2026-08-30
INV01999,P00248,Premium Storage Box (Black),Home,LOC01999,240,10,1713.17,In Stock,2026-08-20
INV02000,P00593,Premium Notebook (Black),Stationery,LOC02000,23,10,3049.05,In Stock,2026-08-10
INV02001,P00058,Mini Highlighter Set (Beige),Stationery,LOC02001,243,15,3045.75,In Stock,2026-08-22
INV02002,P00768,Plus Webcam (Grey),Electronics,LOC02002,190,20,2566.26,In Stock,2026-08-17
INV02003,P00350,Lite USB-C Cable (Red),Electronics,LOC02003,215,40,3431.4,In Stock,2026-08-29
INV02004,P00601,Classic Highlighter Set (Green),Stationery,LOC02004,63,30,4267.0,In Stock,2026-08-05
INV02005,P00751,Compact Wallet (Beige),Accessories,LOC02005,78,15,3907.26,In Stock,2026-08-05
INV02006,P00351,Lite Boots (Green),Footwear,LOC02006,224,10,440.73,In Stock,2026-08-26
INV02007,P00615,Deluxe Cushion (Red),Home,LOC02007,94,40,4413.86,In Stock,2026-08-11
INV02008,P00069,Classic Backpack (Silver),Accessories,LOC02008,130,40,4350.47,In Stock,2026-08-27
INV02009,P00184,Lite Wall Clock (Grey),Home,LOC02009,93,10,2087.5,In Stock,2026-08-23
INV02010,P00039,Plus HDMI Cable (Grey),Electronics,LOC02010,277,10,2899.1,In Stock,2026-08-13
INV02011,P00268,Lite Keychain (Beige),Accessories,LOC02011,132,20,3643.31,In Stock,2026-08-04
INV02012,P00569,Pro Hiking Boots (Silver),Footwear,LOC02012,162,20,1637.36,In Stock,2026-08-08
INV02013,P00223,Pro Handbag (Blue),Accessories,LOC02013,124,10,3028.3,In Stock,2026-08-01
INV02014,P00534,Lite Stapler (White),Stationery,LOC02014,172,40,325.09,In Stock,2026-08-25
INV02015,P00602,Plus Bed Sheet Set (Beige),Home,LOC02015,156,25,2737.06,In Stock,2026-08-12
INV02016,P00139,Pro Sneakers (Beige),Footwear,LOC02016,142,40,2854.78,In Stock,2026-08-30
INV02017,P00768,Plus Webcam (Grey),Electronics,LOC02017,90,30,2357.42,In Stock,2026-08-23
INV02018,P00652,Plus Smart Watch (Black),Electronics,LOC02018,168,15,2149.83,In Stock,2026-08-21
INV02019,P00521,Premium Router (Blue),Electronics,LOC02019,34,10,1156.38,In Stock,2026-08-29
INV02020,P00637,Deluxe Sneakers (Grey),Footwear,LOC02020,98,25,2317.82,In Stock,2026-08-30
INV02021,P00490,Compact Loafers (White),Footwear,LOC02021,69,40,3317.63,In Stock,2026-08-04
INV02022,P00724,Plus Sandals (Silver),Footwear,LOC02022,5,20,1596.59,Low Stock,2026-08-23
INV02023,P00667,Lite Water Bottle (Beige),Home,LOC02023,87,15,559.88,In Stock,2026-08-24
INV02024,P00632,Deluxe Backpack (Silver),Accessories,LOC02024,117,30,2116.79,In Stock,2026-08-26
INV02025,P00252,Pro Storage Box (Silver),Home,LOC02025,120,15,1610.85,In Stock,2026-08-14
INV02026,P00015,Max Tablet Stand (White),Electronics,LOC02026,278,10,3974.42,In Stock,2026-08-04
INV02027,P00298,Plus Monitor (Green),Electronics,LOC02027,86,20,4374.81,In Stock,2026-08-10
INV02028,P00278,Lite Formal Shoes (Green),Footwear,LOC02028,15,15,1468.6,Low Stock,2026-08-06
INV02029,P00773,Pro Formal Shoes (Blue),Footwear,LOC02029,3,20,1606.49,Low Stock,2026-08-23
INV02030,P00422,Max Desk Organizer (Blue),Stationery,LOC02030,46,20,3704.61,In Stock,2026-08-04
INV02031,P00437,Plus Boots (Black),Footwear,LOC02031,33,40,4948.5,Low Stock,2026-08-11
INV02032,P00009,Pro Wallet (Beige),Accessories,LOC02032,294,30,1612.75,In Stock,2026-08-10
INV02033,P00360,Pro Keyboard (Red),Electronics,LOC02033,276,15,4495.55,In Stock,2026-08-20
INV02034,P00479,Deluxe Sticky Notes (Blue),Stationery,LOC02034,163,10,756.75,In Stock,2026-08-10
INV02035,P00333,Plus Travel Pouch (White),Accessories,LOC02035,28,10,1988.16,In Stock,2026-08-17
INV02036,P00078,Pro Photo Frame (Black),Home,LOC02036,36,40,1077.21,Low Stock,2026-08-01
INV02037,P00393,Max Cushion (Blue),Home,LOC02037,136,20,3007.8,In Stock,2026-08-06
INV02038,P00180,Pro Water Bottle (Grey),Home,LOC02038,89,10,1971.93,In Stock,2026-08-08
INV02039,P00391,Classic Scissors (Green),Stationery,LOC02039,298,25,3038.75,In Stock,2026-08-22
INV02040,P00794,Deluxe Curtain (Black),Home,LOC02040,291,15,1234.39,In Stock,2026-08-12
INV02041,P00393,Max Cushion (Blue),Home,LOC02041,291,10,4189.35,In Stock,2026-08-09
INV02042,P00641,Standard Keyboard (Beige),Electronics,LOC02042,98,30,178.59,In Stock,2026-08-20
INV02043,P00637,Deluxe Sneakers (Grey),Footwear,LOC02043,156,15,3302.15,In Stock,2026-08-05
INV02044,P00153,Standard Wall Clock (Grey),Home,LOC02044,1,20,3398.4,Low Stock,2026-08-13
INV02045,P00525,Standard Storage Box (Red),Home,LOC02045,96,40,1036.45,In Stock,2026-08-09
INV02046,P00308,Max Webcam (Green),Electronics,LOC02046,264,40,1226.35,In Stock,2026-08-18
INV02047,P00244,Compact Handbag (Beige),Accessories,LOC02047,106,20,601.39,In Stock,2026-08-16
INV02048,P00756,Pro Water Bottle (Blue),Home,LOC02048,195,30,1345.57,In Stock,2026-08-14
INV02049,P00039,Plus HDMI Cable (Grey),Electronics,LOC02049,222,30,4077.48,In Stock,2026-08-25
INV02050,P00180,Pro Water Bottle (Grey),Home,LOC02050,127,20,964.32,In Stock,2026-08-24
INV02051,P00636,Pro Formal Shoes (Blue),Footwear,LOC02051,283,15,201.04,In Stock,2026-08-11
INV02052,P00276,Classic Formal Shoes (Grey),Footwear,LOC02052,174,15,2929.33,In Stock,2026-08-27
INV02053,P00356,Plus Table Lamp (Beige),Home,LOC02053,286,15,4053.11,In Stock,2026-08-21
INV02054,P00383,Deluxe Photo Frame (Black),Home,LOC02054,139,30,4232.29,In Stock,2026-08-29
INV02055,P00009,Pro Wallet (Beige),Accessories,LOC02055,291,15,4379.76,In Stock,2026-08-14
INV02056,P00433,Premium Charger (Black),Electronics,LOC02056,167,20,3043.6,In Stock,2026-08-07
INV02057,P00482,Deluxe Monitor (Grey),Electronics,LOC02057,168,25,2342.74,In Stock,2026-08-02
INV02058,P00563,Lite Laptop Stand (Blue),Electronics,LOC02058,103,30,3832.91,In Stock,2026-08-01
INV02059,P00603,Lite Storage Box (Beige),Home,LOC02059,140,20,2591.43,In Stock,2026-08-05
INV02060,P00467,Mini Bed Sheet Set (White),Home,LOC02060,140,15,3259.78,In Stock,2026-08-10
INV02061,P00683,Deluxe HDMI Cable (Red),Electronics,LOC02061,264,25,2303.87,In Stock,2026-08-14
INV02062,P00552,Premium Flip Flops (Grey),Footwear,LOC02062,296,30,179.37,In Stock,2026-08-09
INV02063,P00718,Pro Loafers (Red),Footwear,LOC02063,234,10,208.02,In Stock,2026-08-23
INV02064,P00444,Lite Webcam (Grey),Electronics,LOC02064,26,30,3143.0,Low Stock,2026-08-03
INV02065,P00085,Pro Wallet (Blue),Accessories,LOC02065,13,10,4011.26,In Stock,2026-08-25
INV02066,P00267,Pro Sticky Notes (Silver),Stationery,LOC02066,229,40,2020.73,In Stock,2026-08-04
INV02067,P00368,Deluxe Door Mat (Silver),Home,LOC02067,221,25,99.25,In Stock,2026-08-24
INV02068,P00347,Pro Watch Strap (Grey),Accessories,LOC02068,277,10,2168.65,In Stock,2026-08-24
INV02069,P00021,Max Backpack (Black),Accessories,LOC02069,49,40,3343.71,In Stock,2026-08-13
INV02070,P00268,Lite Keychain (Beige),Accessories,LOC02070,92,30,3501.04,In Stock,2026-08-07
INV02071,P00377,Max Curtain (Green),Home,LOC02071,222,30,1704.56,In Stock,2026-08-19
INV02072,P00285,Pro Travel Pouch (Silver),Accessories,LOC02072,8,20,3928.55,Low Stock,2026-08-21
INV02073,P00419,Classic Wallet (Red),Accessories,LOC02073,295,40,2472.92,In Stock,2026-08-26
INV02074,P00319,Compact Curtain (Grey),Home,LOC02074,69,10,4515.08,In Stock,2026-08-27
INV02075,P00575,Classic Highlighter Set (Silver),Stationery,LOC02075,36,25,2730.59,In Stock,2026-08-16
INV02076,P00172,Lite Formal Shoes (Silver),Footwear,LOC02076,228,20,4797.93,In Stock,2026-08-04
INV02077,P00134,Max Wall Clock (Grey),Home,LOC02077,28,20,4309.4,In Stock,2026-08-28
INV02078,P00552,Premium Flip Flops (Grey),Footwear,LOC02078,251,20,3801.29,In Stock,2026-08-14
INV02079,P00309,Lite Bluetooth Speaker (Black),Electronics,LOC02079,36,30,3825.9,In Stock,2026-08-21
INV02080,P00256,Max Pen Set (Grey),Stationery,LOC02080,147,30,3816.83,In Stock,2026-08-19
INV02081,P00417,Mini Belt (Beige),Accessories,LOC02081,26,30,1058.73,Low Stock,2026-08-22
INV02082,P00525,Standard Storage Box (Red),Home,LOC02082,113,20,205.5,In Stock,2026-08-01
INV02083,P00082,Mini Cap (Silver),Accessories,LOC02083,224,15,1948.13,In Stock,2026-08-18
INV02084,P00342,Deluxe Handbag (White),Accessories,LOC02084,106,10,3248.23,In Stock,2026-08-01
INV02085,P00516,Compact Calculator (Silver),Stationery,LOC02085,75,20,2351.37,In Stock,2026-08-30
INV02086,P00537,Plus Wallet (Silver),Accessories,LOC02086,243,25,1996.73,In Stock,2026-08-02
INV02087,P00425,Plus Smart Watch (White),Electronics,LOC02087,26,15,1155.6,In Stock,2026-08-07
INV02088,P00312,Pro Desk Organizer (Silver),Stationery,LOC02088,144,40,3015.15,In Stock,2026-08-07
INV02089,P00413,Pro Webcam (Green),Electronics,LOC02089,193,30,1238.88,In Stock,2026-08-24
INV02090,P00551,Premium Cap (Silver),Accessories,LOC02090,77,10,1915.84,In Stock,2026-08-07
INV02091,P00696,Standard Photo Frame (Silver),Home,LOC02091,45,25,2296.62,In Stock,2026-08-16
INV02092,P00226,Lite Webcam (Green),Electronics,LOC02092,228,10,4344.3,In Stock,2026-08-10
INV02093,P00473,Classic Bed Sheet Set (White),Home,LOC02093,219,25,2125.03,In Stock,2026-08-06
INV02094,P00140,Compact Photo Frame (Silver),Home,LOC02094,125,25,2736.1,In Stock,2026-08-13
INV02095,P00714,Plus Bed Sheet Set (Beige),Home,LOC02095,260,10,4581.67,In Stock,2026-08-20
INV02096,P00620,Plus Loafers (Beige),Footwear,LOC02096,253,25,4833.32,In Stock,2026-08-09
INV02097,P00384,Plus Wallet (White),Accessories,LOC02097,139,30,3284.31,In Stock,2026-08-22
INV02098,P00293,Plus Door Mat (Beige),Home,LOC02098,171,30,1834.29,In Stock,2026-08-05
INV02099,P00195,Mini Photo Frame (Black),Home,LOC02099,235,25,4402.07,In Stock,2026-08-26
INV02100,P00029,Standard Sandals (White),Footwear,LOC02100,243,15,2156.47,In Stock,2026-08-13
INV02101,P00487,Premium Candle Holder (Silver),Home,LOC02101,12,20,209.38,Low Stock,2026-08-09
INV02102,P00492,Max Umbrella (Blue),Accessories,LOC02102,239,25,1608.81,In Stock,2026-08-12
INV02103,P00456,Mini Wireless Mouse (Silver),Electronics,LOC02103,102,20,471.55,In Stock,2026-08-10
INV02104,P00773,Pro Formal Shoes (Blue),Footwear,LOC02104,106,25,390.04,In Stock,2026-08-21
INV02105,P00603,Lite Storage Box (Beige),Home,LOC02105,16,10,2896.78,In Stock,2026-08-21
INV02106,P00285,Pro Travel Pouch (Silver),Accessories,LOC02106,17,40,1924.74,Low Stock,2026-08-26
INV02107,P00366,Max Boots (Blue),Footwear,LOC02107,259,40,3748.84,In Stock,2026-08-05
INV02108,P00740,Deluxe Running Shoes (Green),Footwear,LOC02108,175,20,4916.64,In Stock,2026-08-08
INV02109,P00342,Deluxe Handbag (White),Accessories,LOC02109,216,40,1774.59,In Stock,2026-08-12
INV02110,P00185,Max Formal Shoes (Green),Footwear,LOC02110,66,15,4919.88,In Stock,2026-08-14
INV02111,P00647,Classic Desk Organizer (Blue),Stationery,LOC02111,6,40,1374.12,Low Stock,2026-08-28
INV02112,P00030,Deluxe Candle Holder (Silver),Home,LOC02112,40,30,3703.5,In Stock,2026-08-03
INV02113,P00316,Premium Laptop Stand (White),Electronics,LOC02113,185,30,480.2,In Stock,2026-08-27
INV02114,P00615,Deluxe Cushion (Red),Home,LOC02114,256,40,3703.43,In Stock,2026-08-19
INV02115,P00322,Max Door Mat (Beige),Home,LOC02115,44,10,3444.95,In Stock,2026-08-18
INV02116,P00326,Pro Headphones (White),Electronics,LOC02116,110,30,3958.02,In Stock,2026-08-24
INV02117,P00284,Standard Earbuds (Black),Electronics,LOC02117,218,25,3676.81,In Stock,2026-08-03
INV02118,P00482,Deluxe Monitor (Grey),Electronics,LOC02118,217,25,2601.56,In Stock,2026-08-30
INV02119,P00783,Plus File Folder (Blue),Stationery,LOC02119,209,40,3376.75,In Stock,2026-08-17
INV02120,P00288,Compact Router (Green),Electronics,LOC02120,236,40,2115.88,In Stock,2026-08-24
INV02121,P00688,Standard Sports Shoes (White),Footwear,LOC02121,196,40,3569.03,In Stock,2026-08-18
INV02122,P00017,Plus Loafers (Red),Footwear,LOC02122,190,40,1906.41,In Stock,2026-08-23
INV02123,P00352,Premium Wireless Mouse (Beige),Electronics,LOC02123,300,30,2680.09,In Stock,2026-08-12
INV02124,P00634,Compact Wireless Mouse (Grey),Electronics,LOC02124,141,10,3535.78,In Stock,2026-08-23
INV02125,P00709,Premium Marker Pack (Beige),Stationery,LOC02125,1,15,2912.83,Low Stock,2026-08-24
INV02126,P00191,Compact Charger (Blue),Electronics,LOC02126,216,25,4290.29,In Stock,2026-08-30
INV02127,P00324,Standard Webcam (Green),Electronics,LOC02127,246,20,3152.39,In Stock,2026-08-22
INV02128,P00433,Premium Charger (Black),Electronics,LOC02128,79,15,367.5,In Stock,2026-08-03
INV02129,P00069,Classic Backpack (Silver),Accessories,LOC02129,45,15,1941.87,In Stock,2026-08-18
INV02130,P00316,Premium Laptop Stand (White),Electronics,LOC02130,157,25,1143.75,In Stock,2026-08-15
INV02131,P00605,Mini Boots (Silver),Footwear,LOC02131,129,10,1762.96,In Stock,2026-08-15
INV02132,P00268,Lite Keychain (Beige),Accessories,LOC02132,153,25,4154.31,In Stock,2026-08-28
INV02133,P00003,Classic File Folder (Black),Stationery,LOC02133,167,15,1480.93,In Stock,2026-08-20
INV02134,P00018,Deluxe Wallet (Blue),Accessories,LOC02134,85,40,3936.15,In Stock,2026-08-30
INV02135,P00493,Lite Wireless Mouse (Beige),Electronics,LOC02135,115,40,4960.35,In Stock,2026-08-27
INV02136,P00551,Premium Cap (Silver),Accessories,LOC02136,208,40,4634.79,In Stock,2026-08-14
INV02137,P00509,Mini Scissors (Red),Stationery,LOC02137,154,25,540.85,In Stock,2026-08-04
INV02138,P00209,Max Monitor (Grey),Electronics,LOC02138,39,20,1019.7,In Stock,2026-08-17
INV02139,P00145,Lite Cushion (Beige),Home,LOC02139,263,20,1409.93,In Stock,2026-08-12
INV02140,P00429,Max Webcam (White),Electronics,LOC02140,273,20,1810.38,In Stock,2026-08-27
INV02141,P00637,Deluxe Sneakers (Grey),Footwear,LOC02141,275,30,921.16,In Stock,2026-08-12
INV02142,P00122,Deluxe Travel Pouch (Green),Accessories,LOC02142,281,25,1783.26,In Stock,2026-08-20
INV02143,P00638,Standard Cap (White),Accessories,LOC02143,29,30,2659.32,Low Stock,2026-08-26
INV02144,P00723,Premium Sticky Notes (Grey),Stationery,LOC02144,38,40,4857.52,Low Stock,2026-08-30
INV02145,P00568,Compact Highlighter Set (Red),Stationery,LOC02145,169,25,4212.57,In Stock,2026-08-12
INV02146,P00114,Lite Charger (Grey),Electronics,LOC02146,235,25,970.29,In Stock,2026-08-12
INV02147,P00551,Premium Cap (Silver),Accessories,LOC02147,49,15,1623.14,In Stock,2026-08-19
INV02148,P00781,Pro Curtain (Black),Home,LOC02148,46,30,3687.46,In Stock,2026-08-18
INV02149,P00201,Premium File Folder (Silver),Stationery,LOC02149,33,30,4343.13,In Stock,2026-08-27
INV02150,P00194,Premium Stapler (Silver),Stationery,LOC02150,65,20,4910.95,In Stock,2026-08-23
INV02151,P00178,Standard USB-C Cable (Silver),Electronics,LOC02151,80,20,3079.5,In Stock,2026-08-04
INV02152,P00379,Pro Laptop Stand (Green),Electronics,LOC02152,237,30,4891.57,In Stock,2026-08-24
INV02153,P00054,Standard Monitor (Green),Electronics,LOC02153,52,30,2622.55,In Stock,2026-08-06
INV02154,P00159,Plus Wall Clock (Blue),Home,LOC02154,98,25,4950.72,In Stock,2026-08-10
INV02155,P00303,Compact Tablet Stand (Red),Electronics,LOC02155,205,40,1321.35,In Stock,2026-08-03
INV02156,P00341,Mini Photo Frame (Green),Home,LOC02156,182,40,4258.98,In Stock,2026-08-12
INV02157,P00065,Lite Keyboard (Silver),Electronics,LOC02157,114,20,387.54,In Stock,2026-08-02
INV02158,P00315,Standard Laptop Stand (Beige),Electronics,LOC02158,5,20,2709.84,Low Stock,2026-08-15
INV02159,P00688,Standard Sports Shoes (White),Footwear,LOC02159,51,40,3120.53,In Stock,2026-08-29
INV02160,P00759,Plus Wallet (Grey),Accessories,LOC02160,184,25,1584.09,In Stock,2026-08-20
INV02161,P00787,Standard File Folder (Beige),Stationery,LOC02161,163,20,3731.97,In Stock,2026-08-15
INV02162,P00725,Plus Notebook (Black),Stationery,LOC02162,121,25,1694.13,In Stock,2026-08-24
INV02163,P00311,Premium Laptop Stand (Green),Electronics,LOC02163,285,10,3027.42,In Stock,2026-08-24
INV02164,P00101,Max Cushion (Silver),Home,LOC02164,208,15,1406.81,In Stock,2026-08-20
INV02165,P00157,Max Sticky Notes (Blue),Stationery,LOC02165,213,10,500.97,In Stock,2026-08-10
INV02166,P00633,Classic Water Bottle (Beige),Home,LOC02166,52,40,4860.32,In Stock,2026-08-01
INV02167,P00712,Plus Sticky Notes (Green),Stationery,LOC02167,195,40,3480.11,In Stock,2026-08-21
INV02168,P00096,Plus Formal Shoes (Beige),Footwear,LOC02168,30,10,3659.88,In Stock,2026-08-29
INV02169,P00652,Plus Smart Watch (Black),Electronics,LOC02169,81,15,755.59,In Stock,2026-08-22
INV02170,P00758,Lite Sandals (Blue),Footwear,LOC02170,207,10,2144.28,In Stock,2026-08-18
INV02171,P00516,Compact Calculator (Silver),Stationery,LOC02171,77,15,3199.82,In Stock,2026-08-22
INV02172,P00512,Premium Bed Sheet Set (Blue),Home,LOC02172,205,20,3931.6,In Stock,2026-08-06
INV02173,P00634,Compact Wireless Mouse (Grey),Electronics,LOC02173,195,30,2691.48,In Stock,2026-08-05
INV02174,P00647,Classic Desk Organizer (Blue),Stationery,LOC02174,254,20,3753.2,In Stock,2026-08-19
INV02175,P00012,Compact Table Lamp (Grey),Home,LOC02175,291,20,3343.04,In Stock,2026-08-08
INV02176,P00650,Deluxe Marker Pack (Beige),Stationery,LOC02176,180,40,3823.31,In Stock,2026-08-16
INV02177,P00565,Deluxe Handbag (Red),Accessories,LOC02177,233,40,872.71,In Stock,2026-08-02
INV02178,P00032,Compact Monitor (Grey),Electronics,LOC02178,237,10,2837.4,In Stock,2026-08-30
INV02179,P00631,Max Running Shoes (Silver),Footwear,LOC02179,65,25,2825.86,In Stock,2026-08-09
INV02180,P00126,Deluxe Candle Holder (Red),Home,LOC02180,179,15,1738.92,In Stock,2026-08-03
INV02181,P00735,Max Table Lamp (Grey),Home,LOC02181,169,10,4433.46,In Stock,2026-08-22
INV02182,P00658,Deluxe Earbuds (Grey),Electronics,LOC02182,75,10,4742.85,In Stock,2026-08-30
INV02183,P00410,Standard Backpack (Black),Accessories,LOC02183,194,10,2805.85,In Stock,2026-08-02
INV02184,P00178,Standard USB-C Cable (Silver),Electronics,LOC02184,134,15,3936.56,In Stock,2026-08-01
INV02185,P00308,Max Webcam (Green),Electronics,LOC02185,134,25,3492.69,In Stock,2026-08-15
INV02186,P00622,Compact Power Bank (Beige),Electronics,LOC02186,21,20,213.14,In Stock,2026-08-23
INV02187,P00086,Deluxe Cap (Red),Accessories,LOC02187,257,40,2573.79,In Stock,2026-08-24
INV02188,P00447,Standard Keychain (Grey),Accessories,LOC02188,132,25,558.46,In Stock,2026-08-07
INV02189,P00399,Deluxe Slippers (Grey),Footwear,LOC02189,181,20,1179.73,In Stock,2026-08-14
INV02190,P00573,Premium Travel Pouch (White),Accessories,LOC02190,271,25,2268.71,In Stock,2026-08-17
INV02191,P00391,Classic Scissors (Green),Stationery,LOC02191,217,20,3153.86,In Stock,2026-08-23
INV02192,P00244,Compact Handbag (Beige),Accessories,LOC02192,105,10,4798.01,In Stock,2026-08-13
INV02193,P00427,Classic Door Mat (Beige),Home,LOC02193,65,40,4231.39,In Stock,2026-08-29
INV02194,P00024,Premium Candle Holder (Blue),Home,LOC02194,50,10,2823.46,In Stock,2026-08-26
INV02195,P00010,Plus Webcam (Grey),Electronics,LOC02195,246,20,1456.76,In Stock,2026-08-27
INV02196,P00772,Standard Sandals (Silver),Footwear,LOC02196,40,25,3114.45,In Stock,2026-08-25
INV02197,P00220,Premium Bed Sheet Set (Grey),Home,LOC02197,8,30,693.14,Low Stock,2026-08-07
INV02198,P00739,Mini Hiking Boots (Red),Footwear,LOC02198,131,40,2974.63,In Stock,2026-08-28
INV02199,P00784,Classic Table Lamp (White),Home,LOC02199,125,20,4757.62,In Stock,2026-08-18
INV02200,P00584,Standard Candle Holder (White),Home,LOC02200,157,20,3584.36,In Stock,2026-08-03
INV02201,P00125,Premium USB-C Cable (White),Electronics,LOC02201,235,20,3681.28,In Stock,2026-08-26
INV02202,P00371,Lite Wall Clock (Black),Home,LOC02202,157,15,2846.89,In Stock,2026-08-15
INV02203,P00603,Lite Storage Box (Beige),Home,LOC02203,47,20,2422.74,In Stock,2026-08-24
INV02204,P00655,Lite Backpack (Silver),Accessories,LOC02204,288,10,716.86,In Stock,2026-08-11
INV02205,P00748,Compact Keyboard (Grey),Electronics,LOC02205,252,25,1352.65,In Stock,2026-08-01
INV02206,P00523,Deluxe Running Shoes (White),Footwear,LOC02206,206,30,2689.73,In Stock,2026-08-27
INV02207,P00789,Lite Wallet (White),Accessories,LOC02207,169,25,3337.06,In Stock,2026-08-13
INV02208,P00608,Max Boots (Green),Footwear,LOC02208,188,15,4701.38,In Stock,2026-08-25
INV02209,P00548,Mini Sports Shoes (Black),Footwear,LOC02209,95,40,2674.13,In Stock,2026-08-28
INV02210,P00169,Mini Sports Shoes (Grey),Footwear,LOC02210,274,40,3823.67,In Stock,2026-08-29
INV02211,P00114,Lite Charger (Grey),Electronics,LOC02211,111,30,1929.23,In Stock,2026-08-05
INV02212,P00043,Lite Sticky Notes (Beige),Stationery,LOC02212,261,25,2191.76,In Stock,2026-08-17
INV02213,P00745,Plus Sandals (Red),Footwear,LOC02213,216,20,3230.78,In Stock,2026-08-16
INV02214,P00515,Deluxe Stapler (Green),Stationery,LOC02214,204,10,4027.38,In Stock,2026-08-09
INV02215,P00225,Classic Bed Sheet Set (Silver),Home,LOC02215,137,25,2914.21,In Stock,2026-08-24
INV02216,P00589,Premium Sneakers (Green),Footwear,LOC02216,171,25,1231.15,In Stock,2026-08-05
INV02217,P00652,Plus Smart Watch (Black),Electronics,LOC02217,41,15,4495.39,In Stock,2026-08-16
INV02218,P00701,Premium Flip Flops (Green),Footwear,LOC02218,168,40,876.34,In Stock,2026-08-20
INV02219,P00516,Compact Calculator (Silver),Stationery,LOC02219,250,40,3570.83,In Stock,2026-08-09
INV02220,P00284,Standard Earbuds (Black),Electronics,LOC02220,32,10,1525.55,In Stock,2026-08-23
INV02221,P00540,Deluxe Formal Shoes (Red),Footwear,LOC02221,80,25,1682.83,In Stock,2026-08-14
INV02222,P00124,Mini Sneakers (Black),Footwear,LOC02222,60,40,3131.21,In Stock,2026-08-26
INV02223,P00435,Lite Webcam (Beige),Electronics,LOC02223,171,20,3103.33,In Stock,2026-08-08
INV02224,P00365,Max Sunglasses (White),Accessories,LOC02224,36,20,3914.38,In Stock,2026-08-25
INV02225,P00447,Standard Keychain (Grey),Accessories,LOC02225,57,20,2257.94,In Stock,2026-08-20
INV02226,P00614,Max USB-C Cable (White),Electronics,LOC02226,121,25,4575.22,In Stock,2026-08-30
INV02227,P00052,Premium Desk Organizer (Red),Stationery,LOC02227,105,30,4108.06,In Stock,2026-08-12
INV02228,P00063,Premium Door Mat (Red),Home,LOC02228,202,10,4200.91,In Stock,2026-08-26
INV02229,P00088,Pro Backpack (Beige),Accessories,LOC02229,167,40,3294.82,In Stock,2026-08-19
INV02230,P00159,Plus Wall Clock (Blue),Home,LOC02230,143,15,2668.2,In Stock,2026-08-05
INV02231,P00778,Compact Desk Organizer (Red),Stationery,LOC02231,110,30,3039.99,In Stock,2026-08-10
INV02232,P00492,Max Umbrella (Blue),Accessories,LOC02232,210,25,2880.86,In Stock,2026-08-18
INV02233,P00533,Premium Photo Frame (Green),Home,LOC02233,223,20,340.64,In Stock,2026-08-21
INV02234,P00085,Pro Wallet (Blue),Accessories,LOC02234,259,40,138.72,In Stock,2026-08-02
INV02235,P00209,Max Monitor (Grey),Electronics,LOC02235,153,15,451.75,In Stock,2026-08-18
INV02236,P00342,Deluxe Handbag (White),Accessories,LOC02236,224,15,1935.17,In Stock,2026-08-24
INV02237,P00540,Deluxe Formal Shoes (Red),Footwear,LOC02237,204,25,610.2,In Stock,2026-08-24
INV02238,P00355,Standard Water Bottle (Black),Home,LOC02238,133,20,4414.68,In Stock,2026-08-09
INV02239,P00354,Plus Calculator (White),Stationery,LOC02239,299,15,299.42,In Stock,2026-08-05
INV02240,P00448,Standard Headphones (Green),Electronics,LOC02240,136,25,3200.66,In Stock,2026-08-30
INV02241,P00142,Classic Curtain (Beige),Home,LOC02241,69,25,1729.51,In Stock,2026-08-02
INV02242,P00212,Classic Formal Shoes (Blue),Footwear,LOC02242,153,25,407.54,In Stock,2026-08-20
INV02243,P00614,Max USB-C Cable (White),Electronics,LOC02243,78,40,4121.96,In Stock,2026-08-23
INV02244,P00358,Classic Keyboard (Green),Electronics,LOC02244,227,25,4633.89,In Stock,2026-08-24
INV02245,P00158,Deluxe Table Lamp (Red),Home,LOC02245,186,30,935.49,In Stock,2026-08-24
INV02246,P00088,Pro Backpack (Beige),Accessories,LOC02246,164,20,4207.31,In Stock,2026-08-24
INV02247,P00223,Pro Handbag (Blue),Accessories,LOC02247,125,30,3399.53,In Stock,2026-08-28
INV02248,P00465,Premium Sneakers (Black),Footwear,LOC02248,163,20,536.77,In Stock,2026-08-18
INV02249,P00163,Deluxe Formal Shoes (Red),Footwear,LOC02249,93,25,1164.97,In Stock,2026-08-14
INV02250,P00622,Compact Power Bank (Beige),Electronics,LOC02250,203,20,2607.79,In Stock,2026-08-16
INV02251,P00296,Plus Charger (Red),Electronics,LOC02251,202,40,2848.78,In Stock,2026-08-01
INV02252,P00796,Mini Running Shoes (Silver),Footwear,LOC02252,246,10,501.71,In Stock,2026-08-27
INV02253,P00577,Compact Notebook (Silver),Stationery,LOC02253,291,40,2572.87,In Stock,2026-08-04
INV02254,P00468,Standard Power Bank (Silver),Electronics,LOC02254,191,25,849.57,In Stock,2026-08-12
INV02255,P00694,Pro Watch Strap (Black),Accessories,LOC02255,141,40,3986.98,In Stock,2026-08-10
INV02256,P00619,Premium Table Lamp (Green),Home,LOC02256,173,15,590.52,In Stock,2026-08-07
INV02257,P00283,Standard Sneakers (Green),Footwear,LOC02257,277,30,3819.74,In Stock,2026-08-06
INV02258,P00779,Classic Wall Clock (Red),Home,LOC02258,264,15,1747.09,In Stock,2026-08-25
INV02259,P00585,Plus Sticky Notes (White),Stationery,LOC02259,139,25,2227.43,In Stock,2026-08-15
INV02260,P00389,Standard Travel Pouch (Green),Accessories,LOC02260,298,20,2457.9,In Stock,2026-08-29
INV02261,P00371,Lite Wall Clock (Black),Home,LOC02261,155,20,1389.29,In Stock,2026-08-24
INV02262,P00726,Max Storage Box (Beige),Home,LOC02262,156,15,2730.51,In Stock,2026-08-08
INV02263,P00674,Premium Belt (Red),Accessories,LOC02263,52,25,4022.45,In Stock,2026-08-11
INV02264,P00179,Premium Marker Pack (Silver),Stationery,LOC02264,1,15,1400.59,Low Stock,2026-08-27
INV02265,P00628,Classic Flip Flops (Black),Footwear,LOC02265,249,10,1279.86,In Stock,2026-08-13
INV02266,P00116,Max Sticky Notes (Beige),Stationery,LOC02266,107,20,2371.68,In Stock,2026-08-12
INV02267,P00128,Pro Running Shoes (Beige),Footwear,LOC02267,24,10,4752.76,In Stock,2026-08-04
INV02268,P00659,Pro Formal Shoes (Grey),Footwear,LOC02268,236,20,3854.85,In Stock,2026-08-15
INV02269,P00630,Max Storage Box (White),Home,LOC02269,123,20,4110.37,In Stock,2026-08-22
INV02270,P00676,Plus Keyboard (Beige),Electronics,LOC02270,274,20,946.45,In Stock,2026-08-16
INV02271,P00375,Compact Desk Organizer (Beige),Stationery,LOC02271,256,25,1346.36,In Stock,2026-08-11
INV02272,P00229,Plus Flip Flops (Silver),Footwear,LOC02272,138,20,2489.21,In Stock,2026-08-21
INV02273,P00098,Classic Sports Shoes (Blue),Footwear,LOC02273,273,25,1932.05,In Stock,2026-08-11
INV02274,P00220,Premium Bed Sheet Set (Grey),Home,LOC02274,160,30,4316.45,In Stock,2026-08-05
INV02275,P00550,Lite Wireless Mouse (White),Electronics,LOC02275,190,20,185.5,In Stock,2026-08-12
INV02276,P00794,Deluxe Curtain (Black),Home,LOC02276,298,40,2480.32,In Stock,2026-08-26
INV02277,P00613,Plus Cushion (Grey),Home,LOC02277,249,20,577.83,In Stock,2026-08-12
INV02278,P00419,Classic Wallet (Red),Accessories,LOC02278,22,25,3888.72,Low Stock,2026-08-05
INV02279,P00269,Lite Umbrella (Red),Accessories,LOC02279,60,40,2110.67,In Stock,2026-08-25
INV02280,P00245,Max Photo Frame (Red),Home,LOC02280,154,15,1571.86,In Stock,2026-08-15
INV02281,P00477,Lite Flip Flops (Blue),Footwear,LOC02281,128,10,4984.75,In Stock,2026-08-13
INV02282,P00456,Mini Wireless Mouse (Silver),Electronics,LOC02282,49,40,3379.26,In Stock,2026-08-09
INV02283,P00501,Lite Highlighter Set (Black),Stationery,LOC02283,125,40,2823.26,In Stock,2026-08-10
INV02284,P00731,Lite Flip Flops (Blue),Footwear,LOC02284,292,20,2638.19,In Stock,2026-08-11
INV02285,P00222,Plus Laptop Stand (Beige),Electronics,LOC02285,145,25,280.69,In Stock,2026-08-12
INV02286,P00473,Classic Bed Sheet Set (White),Home,LOC02286,97,10,592.79,In Stock,2026-08-20
INV02287,P00080,Max Smart Watch (Grey),Electronics,LOC02287,178,25,252.07,In Stock,2026-08-20
INV02288,P00041,Premium Charger (White),Electronics,LOC02288,224,10,4705.57,In Stock,2026-08-24
INV02289,P00472,Mini Desk Organizer (Blue),Stationery,LOC02289,138,30,2494.52,In Stock,2026-08-19
INV02290,P00443,Plus Stapler (White),Stationery,LOC02290,91,40,1636.7,In Stock,2026-08-17
INV02291,P00101,Max Cushion (Silver),Home,LOC02291,79,25,2932.67,In Stock,2026-08-04
INV02292,P00800,Compact Wall Clock (White),Home,LOC02292,281,15,2177.68,In Stock,2026-08-25
INV02293,P00412,Plus Table Lamp (Red),Home,LOC02293,127,40,3972.87,In Stock,2026-08-12
INV02294,P00499,Deluxe Sneakers (Green),Footwear,LOC02294,188,15,3997.36,In Stock,2026-08-29
INV02295,P00721,Deluxe Sticky Notes (Beige),Stationery,LOC02295,208,30,382.19,In Stock,2026-08-02
INV02296,P00132,Compact Curtain (Beige),Home,LOC02296,273,15,1422.44,In Stock,2026-08-18
INV02297,P00088,Pro Backpack (Beige),Accessories,LOC02297,118,15,4118.34,In Stock,2026-08-26
INV02298,P00772,Standard Sandals (Silver),Footwear,LOC02298,3,15,1027.85,Low Stock,2026-08-03
INV02299,P00619,Premium Table Lamp (Green),Home,LOC02299,158,25,3211.74,In Stock,2026-08-06
INV02300,P00630,Max Storage Box (White),Home,LOC02300,221,15,4621.13,In Stock,2026-08-13
INV02301,P00322,Max Door Mat (Beige),Home,LOC02301,290,25,3865.27,In Stock,2026-08-14
INV02302,P00065,Lite Keyboard (Silver),Electronics,LOC02302,137,40,1059.48,In Stock,2026-08-17
INV02303,P00787,Standard File Folder (Beige),Stationery,LOC02303,5,40,4578.45,Low Stock,2026-08-22
INV02304,P00690,Standard Calculator (Black),Stationery,LOC02304,116,40,3892.48,In Stock,2026-08-26
INV02305,P00448,Standard Headphones (Green),Electronics,LOC02305,287,20,2009.18,In Stock,2026-08-27
INV02306,P00026,Deluxe File Folder (Beige),Stationery,LOC02306,89,30,988.23,In Stock,2026-08-28
INV02307,P00686,Standard Tablet Stand (Silver),Electronics,LOC02307,121,25,4066.91,In Stock,2026-08-29
INV02308,P00271,Plus Curtain (Grey),Home,LOC02308,34,40,4332.52,Low Stock,2026-08-05
INV02309,P00536,Lite Sunglasses (Black),Accessories,LOC02309,219,25,532.46,In Stock,2026-08-19
INV02310,P00130,Max Smart Watch (White),Electronics,LOC02310,65,40,469.24,In Stock,2026-08-07
INV02311,P00642,Classic Highlighter Set (Black),Stationery,LOC02311,85,40,4044.01,In Stock,2026-08-11
INV02312,P00085,Pro Wallet (Blue),Accessories,LOC02312,299,10,2777.12,In Stock,2026-08-16
INV02313,P00151,Standard Power Bank (Green),Electronics,LOC02313,156,20,2311.37,In Stock,2026-08-13
INV02314,P00271,Plus Curtain (Grey),Home,LOC02314,139,40,3529.33,In Stock,2026-08-13
INV02315,P00186,Compact Charger (Blue),Electronics,LOC02315,162,20,4629.22,In Stock,2026-08-09
INV02316,P00113,Plus Table Lamp (Green),Home,LOC02316,49,30,2707.39,In Stock,2026-08-26
INV02317,P00783,Plus File Folder (Blue),Stationery,LOC02317,175,40,1971.03,In Stock,2026-08-03
INV02318,P00461,Pro Slippers (Green),Footwear,LOC02318,261,15,1755.82,In Stock,2026-08-01
INV02319,P00060,Compact Laptop Stand (White),Electronics,LOC02319,282,15,3251.99,In Stock,2026-08-27
INV02320,P00103,Max Monitor (Beige),Electronics,LOC02320,110,40,2612.66,In Stock,2026-08-15
INV02321,P00800,Compact Wall Clock (White),Home,LOC02321,274,10,4322.58,In Stock,2026-08-25
INV02322,P00083,Deluxe Stapler (Black),Stationery,LOC02322,195,20,911.48,In Stock,2026-08-22
INV02323,P00077,Mini Watch Strap (Grey),Accessories,LOC02323,267,20,1289.38,In Stock,2026-08-08
INV02324,P00274,Deluxe Belt (Green),Accessories,LOC02324,49,10,2269.29,In Stock,2026-08-04
INV02325,P00555,Deluxe Cap (Red),Accessories,LOC02325,199,15,106.94,In Stock,2026-08-01
INV02326,P00494,Max File Folder (Blue),Stationery,LOC02326,149,25,325.43,In Stock,2026-08-15
INV02327,P00587,Classic Running Shoes (Grey),Footwear,LOC02327,215,10,2466.53,In Stock,2026-08-22
INV02328,P00112,Max Calculator (Green),Stationery,LOC02328,121,30,1947.36,In Stock,2026-08-25
INV02329,P00759,Plus Wallet (Grey),Accessories,LOC02329,191,30,2162.23,In Stock,2026-08-01
INV02330,P00495,Plus Keychain (Red),Accessories,LOC02330,33,40,1008.15,Low Stock,2026-08-21
INV02331,P00097,Max Sticky Notes (Blue),Stationery,LOC02331,75,25,2772.44,In Stock,2026-08-02
INV02332,P00529,Premium Sunglasses (Green),Accessories,LOC02332,287,25,1568.04,In Stock,2026-08-02
INV02333,P00514,Mini Scissors (Beige),Stationery,LOC02333,294,25,1207.32,In Stock,2026-08-08
INV02334,P00688,Standard Sports Shoes (White),Footwear,LOC02334,198,15,3305.27,In Stock,2026-08-28
INV02335,P00411,Plus Bed Sheet Set (Red),Home,LOC02335,219,20,634.02,In Stock,2026-08-15
INV02336,P00628,Classic Flip Flops (Black),Footwear,LOC02336,205,10,3616.83,In Stock,2026-08-02
INV02337,P00702,Premium Table Lamp (Silver),Home,LOC02337,10,15,3999.81,Low Stock,2026-08-13
INV02338,P00583,Plus Sports Shoes (Beige),Footwear,LOC02338,289,10,3260.35,In Stock,2026-08-24
INV02339,P00235,Pro Laptop Stand (Blue),Electronics,LOC02339,66,20,4989.44,In Stock,2026-08-11
INV02340,P00723,Premium Sticky Notes (Grey),Stationery,LOC02340,230,30,703.58,In Stock,2026-08-22
INV02341,P00071,Mini Pen Set (White),Stationery,LOC02341,191,40,588.22,In Stock,2026-08-18
INV02342,P00407,Mini Wallet (Grey),Accessories,LOC02342,72,30,2375.28,In Stock,2026-08-19
INV02343,P00012,Compact Table Lamp (Grey),Home,LOC02343,141,25,4806.56,In Stock,2026-08-06
INV02344,P00253,Deluxe Handbag (Beige),Accessories,LOC02344,127,10,3669.26,In Stock,2026-08-21
INV02345,P00800,Compact Wall Clock (White),Home,LOC02345,87,20,787.92,In Stock,2026-08-13
INV02346,P00116,Max Sticky Notes (Beige),Stationery,LOC02346,292,25,2795.97,In Stock,2026-08-24
INV02347,P00523,Deluxe Running Shoes (White),Footwear,LOC02347,187,25,2619.56,In Stock,2026-08-26
INV02348,P00145,Lite Cushion (Beige),Home,LOC02348,118,30,2770.66,In Stock,2026-08-07
INV02349,P00775,Mini Photo Frame (Red),Home,LOC02349,152,30,4211.06,In Stock,2026-08-07
INV02350,P00655,Lite Backpack (Silver),Accessories,LOC02350,2,10,2297.31,Low Stock,2026-08-14
INV02351,P00335,Deluxe Desk Organizer (Black),Stationery,LOC02351,245,10,4598.55,In Stock,2026-08-10
INV02352,P00387,Plus Sticky Notes (Grey),Stationery,LOC02352,111,30,3558.49,In Stock,2026-08-25
INV02353,P00126,Deluxe Candle Holder (Red),Home,LOC02353,83,10,1589.87,In Stock,2026-08-24
INV02354,P00784,Classic Table Lamp (White),Home,LOC02354,77,10,1297.26,In Stock,2026-08-30
INV02355,P00089,Classic Backpack (Green),Accessories,LOC02355,169,30,4761.41,In Stock,2026-08-12
INV02356,P00597,Deluxe Scissors (Green),Stationery,LOC02356,246,40,157.48,In Stock,2026-08-19
INV02357,P00226,Lite Webcam (Green),Electronics,LOC02357,232,20,4650.84,In Stock,2026-08-04
INV02358,P00084,Pro Stapler (Blue),Stationery,LOC02358,13,25,1791.46,Low Stock,2026-08-07
INV02359,P00513,Mini Calculator (Green),Stationery,LOC02359,29,25,1585.98,In Stock,2026-08-29
INV02360,P00133,Mini Highlighter Set (Silver),Stationery,LOC02360,195,20,555.79,In Stock,2026-08-01
INV02361,P00402,Premium Highlighter Set (Grey),Stationery,LOC02361,276,20,3826.75,In Stock,2026-08-26
INV02362,P00647,Classic Desk Organizer (Blue),Stationery,LOC02362,164,30,2295.27,In Stock,2026-08-07
INV02363,P00573,Premium Travel Pouch (White),Accessories,LOC02363,59,20,2321.37,In Stock,2026-08-25
INV02364,P00414,Classic Sandals (Grey),Footwear,LOC02364,237,25,2233.36,In Stock,2026-08-28
INV02365,P00063,Premium Door Mat (Red),Home,LOC02365,198,10,1618.8,In Stock,2026-08-09
INV02366,P00672,Lite Sports Shoes (Beige),Footwear,LOC02366,300,40,3412.98,In Stock,2026-08-26
INV02367,P00685,Premium Cushion (Grey),Home,LOC02367,40,15,3824.49,In Stock,2026-08-21
INV02368,P00046,Max USB-C Cable (White),Electronics,LOC02368,115,15,2941.71,In Stock,2026-08-06
INV02369,P00431,Plus Travel Pouch (Blue),Accessories,LOC02369,231,40,4490.07,In Stock,2026-08-11
INV02370,P00271,Plus Curtain (Grey),Home,LOC02370,59,20,1579.75,In Stock,2026-08-25
INV02371,P00288,Compact Router (Green),Electronics,LOC02371,22,30,3533.46,Low Stock,2026-08-19
INV02372,P00450,Classic Highlighter Set (Blue),Stationery,LOC02372,111,40,2751.87,In Stock,2026-08-27
INV02373,P00353,Standard Sandals (Red),Footwear,LOC02373,10,25,4240.12,Low Stock,2026-08-28
INV02374,P00167,Standard Tablet Stand (Silver),Electronics,LOC02374,26,25,3918.31,In Stock,2026-08-15
INV02375,P00598,Mini Boots (Red),Footwear,LOC02375,296,20,4032.46,In Stock,2026-08-23
INV02376,P00424,Standard Hiking Boots (Blue),Footwear,LOC02376,53,10,2471.17,In Stock,2026-08-04
INV02377,P00590,Max Boots (White),Footwear,LOC02377,200,25,1873.08,In Stock,2026-08-10
INV02378,P00690,Standard Calculator (Black),Stationery,LOC02378,179,40,2359.54,In Stock,2026-08-14
INV02379,P00525,Standard Storage Box (Red),Home,LOC02379,233,30,1997.27,In Stock,2026-08-05
INV02380,P00591,Standard Earbuds (Black),Electronics,LOC02380,151,15,1413.98,In Stock,2026-08-17
INV02381,P00697,Mini Calculator (Green),Stationery,LOC02381,104,10,3082.39,In Stock,2026-08-19
INV02382,P00265,Premium Wall Clock (Grey),Home,LOC02382,194,40,3733.05,In Stock,2026-08-17
INV02383,P00012,Compact Table Lamp (Grey),Home,LOC02383,194,25,3670.68,In Stock,2026-08-24
INV02384,P00187,Premium Sneakers (Grey),Footwear,LOC02384,208,40,2644.07,In Stock,2026-08-03
INV02385,P00420,Premium Curtain (White),Home,LOC02385,243,30,3859.9,In Stock,2026-08-02
INV02386,P00454,Mini Router (Green),Electronics,LOC02386,233,25,1934.47,In Stock,2026-08-15
INV02387,P00042,Mini Sticky Notes (Silver),Stationery,LOC02387,105,40,4475.09,In Stock,2026-08-19
INV02388,P00417,Mini Belt (Beige),Accessories,LOC02388,192,15,2394.34,In Stock,2026-08-08
INV02389,P00189,Max Tablet Stand (Grey),Electronics,LOC02389,227,40,3947.09,In Stock,2026-08-03
INV02390,P00057,Max USB-C Cable (Red),Electronics,LOC02390,122,25,736.08,In Stock,2026-08-12
INV02391,P00612,Deluxe USB-C Cable (Red),Electronics,LOC02391,88,25,3984.57,In Stock,2026-08-06
INV02392,P00417,Mini Belt (Beige),Accessories,LOC02392,85,30,902.42,In Stock,2026-08-10
INV02393,P00198,Deluxe Sandals (Grey),Footwear,LOC02393,123,40,1155.81,In Stock,2026-08-02
INV02394,P00604,Premium Flip Flops (Red),Footwear,LOC02394,129,15,209.53,In Stock,2026-08-09
INV02395,P00411,Plus Bed Sheet Set (Red),Home,LOC02395,14,40,2872.39,Low Stock,2026-08-27
INV02396,P00265,Premium Wall Clock (Grey),Home,LOC02396,116,40,2053.25,In Stock,2026-08-22
INV02397,P00353,Standard Sandals (Red),Footwear,LOC02397,66,40,2243.47,In Stock,2026-08-07
INV02398,P00402,Premium Highlighter Set (Grey),Stationery,LOC02398,71,20,541.69,In Stock,2026-08-20
INV02399,P00518,Pro Handbag (Beige),Accessories,LOC02399,124,20,260.73,In Stock,2026-08-16
INV02400,P00392,Max Sunglasses (Green),Accessories,LOC02400,129,20,1747.03,In Stock,2026-08-17
INV02401,P00545,Max Door Mat (Grey),Home,LOC02401,174,25,669.59,In Stock,2026-08-08
INV02402,P00593,Premium Notebook (Black),Stationery,LOC02402,266,40,1353.03,In Stock,2026-08-26
INV02403,P00371,Lite Wall Clock (Black),Home,LOC02403,159,20,2693.1,In Stock,2026-08-29
INV02404,P00007,Mini Earbuds (Beige),Electronics,LOC02404,126,20,3823.65,In Stock,2026-08-15
INV02405,P00310,Compact Sports Shoes (White),Footwear,LOC02405,186,15,2449.39,In Stock,2026-08-11
INV02406,P00435,Lite Webcam (Beige),Electronics,LOC02406,271,30,2766.35,In Stock,2026-08-21
INV02407,P00029,Standard Sandals (White),Footwear,LOC02407,92,40,3637.32,In Stock,2026-08-02
INV02408,P00134,Max Wall Clock (Grey),Home,LOC02408,62,15,4592.56,In Stock,2026-08-08
INV02409,P00036,Deluxe Travel Pouch (Red),Accessories,LOC02409,166,10,4824.84,In Stock,2026-08-18
INV02410,P00214,Premium Table Lamp (Grey),Home,LOC02410,295,30,2744.73,In Stock,2026-08-22
INV02411,P00484,Lite Bed Sheet Set (Grey),Home,LOC02411,268,30,880.45,In Stock,2026-08-25
INV02412,P00532,Lite Boots (Red),Footwear,LOC02412,103,25,472.81,In Stock,2026-08-27
INV02413,P00162,Standard Keychain (Beige),Accessories,LOC02413,290,20,950.04,In Stock,2026-08-12
INV02414,P00116,Max Sticky Notes (Beige),Stationery,LOC02414,295,25,1571.04,In Stock,2026-08-13
INV02415,P00438,Pro Cap (Green),Accessories,LOC02415,120,10,2754.32,In Stock,2026-08-07
INV02416,P00519,Classic Stapler (Silver),Stationery,LOC02416,241,10,1687.49,In Stock,2026-08-01
INV02417,P00719,Mini Wallet (Green),Accessories,LOC02417,91,10,1628.88,In Stock,2026-08-17
INV02418,P00702,Premium Table Lamp (Silver),Home,LOC02418,76,10,3436.42,In Stock,2026-08-01
INV02419,P00749,Premium Umbrella (Green),Accessories,LOC02419,1,40,1867.18,Low Stock,2026-08-03
INV02420,P00376,Compact Curtain (Black),Home,LOC02420,34,20,2695.15,In Stock,2026-08-13
INV02421,P00635,Classic Stapler (Beige),Stationery,LOC02421,34,15,2087.37,In Stock,2026-08-02
INV02422,P00135,Max Highlighter Set (Grey),Stationery,LOC02422,163,25,3920.6,In Stock,2026-08-21
INV02423,P00365,Max Sunglasses (White),Accessories,LOC02423,207,15,2897.65,In Stock,2026-08-22
INV02424,P00259,Plus Wireless Mouse (Black),Electronics,LOC02424,87,20,1225.08,In Stock,2026-08-27
INV02425,P00739,Mini Hiking Boots (Red),Footwear,LOC02425,28,25,4550.88,In Stock,2026-08-16
INV02426,P00350,Lite USB-C Cable (Red),Electronics,LOC02426,277,20,1087.15,In Stock,2026-08-30
INV02427,P00587,Classic Running Shoes (Grey),Footwear,LOC02427,259,20,4519.23,In Stock,2026-08-16
INV02428,P00706,Plus Sticky Notes (Beige),Stationery,LOC02428,110,30,3564.37,In Stock,2026-08-13
INV02429,P00011,Premium Charger (White),Electronics,LOC02429,25,25,4334.7,Low Stock,2026-08-26
INV02430,P00344,Premium Power Bank (Beige),Electronics,LOC02430,78,25,2065.55,In Stock,2026-08-08
INV02431,P00078,Pro Photo Frame (Black),Home,LOC02431,272,20,3547.1,In Stock,2026-08-11
INV02432,P00636,Pro Formal Shoes (Blue),Footwear,LOC02432,235,40,1887.41,In Stock,2026-08-01
INV02433,P00740,Deluxe Running Shoes (Green),Footwear,LOC02433,289,10,3084.59,In Stock,2026-08-14
INV02434,P00495,Plus Keychain (Red),Accessories,LOC02434,67,40,731.72,In Stock,2026-08-01
INV02435,P00076,Plus Belt (Red),Accessories,LOC02435,66,30,4256.09,In Stock,2026-08-02
INV02436,P00159,Plus Wall Clock (Blue),Home,LOC02436,180,30,1210.54,In Stock,2026-08-05
INV02437,P00153,Standard Wall Clock (Grey),Home,LOC02437,230,30,4172.57,In Stock,2026-08-27
INV02438,P00590,Max Boots (White),Footwear,LOC02438,101,40,2967.9,In Stock,2026-08-25
INV02439,P00518,Pro Handbag (Beige),Accessories,LOC02439,52,15,4825.87,In Stock,2026-08-11
INV02440,P00647,Classic Desk Organizer (Blue),Stationery,LOC02440,165,20,477.89,In Stock,2026-08-26
INV02441,P00217,Deluxe Photo Frame (Grey),Home,LOC02441,227,30,3046.56,In Stock,2026-08-03
INV02442,P00020,Compact Wall Clock (Red),Home,LOC02442,171,25,1582.25,In Stock,2026-08-27
INV02443,P00114,Lite Charger (Grey),Electronics,LOC02443,93,20,4071.44,In Stock,2026-08-10
INV02444,P00244,Compact Handbag (Beige),Accessories,LOC02444,210,30,737.4,In Stock,2026-08-06
INV02445,P00616,Compact Cushion (Green),Home,LOC02445,264,10,1263.9,In Stock,2026-08-30
INV02446,P00072,Max Pen Set (Beige),Stationery,LOC02446,153,15,4766.1,In Stock,2026-08-21
INV02447,P00482,Deluxe Monitor (Grey),Electronics,LOC02447,230,40,2226.79,In Stock,2026-08-08
INV02448,P00473,Classic Bed Sheet Set (White),Home,LOC02448,87,25,1554.63,In Stock,2026-08-29
INV02449,P00651,Standard Scissors (Blue),Stationery,LOC02449,101,20,4312.65,In Stock,2026-08-21
INV02450,P00638,Standard Cap (White),Accessories,LOC02450,265,25,3056.65,In Stock,2026-08-16
INV02451,P00386,Plus Sticky Notes (White),Stationery,LOC02451,243,20,4528.62,In Stock,2026-08-04
INV02452,P00771,Premium Sticky Notes (Green),Stationery,LOC02452,157,40,4345.09,In Stock,2026-08-08
INV02453,P00664,Premium Sports Shoes (Beige),Footwear,LOC02453,80,10,328.69,In Stock,2026-08-20
INV02454,P00232,Classic Table Lamp (Red),Home,LOC02454,273,20,3238.47,In Stock,2026-08-21
INV02455,P00129,Compact Sandals (Silver),Footwear,LOC02455,241,20,4807.94,In Stock,2026-08-19
INV02456,P00642,Classic Highlighter Set (Black),Stationery,LOC02456,25,10,145.47,In Stock,2026-08-19
INV02457,P00068,Compact Router (Black),Electronics,LOC02457,181,25,2440.62,In Stock,2026-08-16
INV02458,P00131,Premium Storage Box (Green),Home,LOC02458,85,20,3502.16,In Stock,2026-08-13
INV02459,P00711,Deluxe Wallet (White),Accessories,LOC02459,64,15,3009.11,In Stock,2026-08-12
INV02460,P00034,Classic Slippers (Grey),Footwear,LOC02460,211,15,1230.55,In Stock,2026-08-26
INV02461,P00610,Max Smart Watch (Black),Electronics,LOC02461,137,10,4874.26,In Stock,2026-08-30
INV02462,P00103,Max Monitor (Beige),Electronics,LOC02462,170,40,1283.46,In Stock,2026-08-05
INV02463,P00728,Premium Candle Holder (Silver),Home,LOC02463,235,10,2039.41,In Stock,2026-08-06
INV02464,P00068,Compact Router (Black),Electronics,LOC02464,251,20,2162.41,In Stock,2026-08-28
INV02465,P00014,Max Wireless Mouse (Grey),Electronics,LOC02465,33,10,715.78,In Stock,2026-08-17
INV02466,P00626,Premium Door Mat (Blue),Home,LOC02466,111,15,2683.69,In Stock,2026-08-11
INV02467,P00755,Classic Backpack (White),Accessories,LOC02467,229,20,900.56,In Stock,2026-08-26
INV02468,P00590,Max Boots (White),Footwear,LOC02468,124,30,3832.67,In Stock,2026-08-27
INV02469,P00632,Deluxe Backpack (Silver),Accessories,LOC02469,212,25,2457.37,In Stock,2026-08-30
INV02470,P00489,Plus Handbag (Beige),Accessories,LOC02470,180,10,196.41,In Stock,2026-08-08
INV02471,P00173,Deluxe Slippers (Beige),Footwear,LOC02471,220,15,3733.59,In Stock,2026-08-25
INV02472,P00477,Lite Flip Flops (Blue),Footwear,LOC02472,120,40,150.93,In Stock,2026-08-13
INV02473,P00737,Pro Laptop Stand (Red),Electronics,LOC02473,73,15,176.91,In Stock,2026-08-20
INV02474,P00039,Plus HDMI Cable (Grey),Electronics,LOC02474,28,40,4226.89,Low Stock,2026-08-14
INV02475,P00417,Mini Belt (Beige),Accessories,LOC02475,159,10,2311.89,In Stock,2026-08-10
INV02476,P00501,Lite Highlighter Set (Black),Stationery,LOC02476,166,15,3326.43,In Stock,2026-08-11
INV02477,P00054,Standard Monitor (Green),Electronics,LOC02477,145,40,1317.06,In Stock,2026-08-06
INV02478,P00411,Plus Bed Sheet Set (Red),Home,LOC02478,252,30,3647.18,In Stock,2026-08-20
INV02479,P00768,Plus Webcam (Grey),Electronics,LOC02479,221,10,4074.98,In Stock,2026-08-15
INV02480,P00275,Deluxe Sneakers (Grey),Footwear,LOC02480,115,30,1597.31,In Stock,2026-08-20
INV02481,P00237,Premium Door Mat (Red),Home,LOC02481,294,40,193.2,In Stock,2026-08-13
INV02482,P00328,Deluxe Notebook (Green),Stationery,LOC02482,93,15,1798.12,In Stock,2026-08-26
INV02483,P00526,Deluxe Bed Sheet Set (Silver),Home,LOC02483,285,25,1737.43,In Stock,2026-08-23
INV02484,P00203,Classic Desk Organizer (White),Stationery,LOC02484,261,15,1305.74,In Stock,2026-08-04
INV02485,P00493,Lite Wireless Mouse (Beige),Electronics,LOC02485,141,15,3181.45,In Stock,2026-08-11
INV02486,P00696,Standard Photo Frame (Silver),Home,LOC02486,25,15,2172.19,In Stock,2026-08-06
INV02487,P00104,Pro Cap (Grey),Accessories,LOC02487,78,15,4672.68,In Stock,2026-08-10
INV02488,P00023,Plus Hiking Boots (Red),Footwear,LOC02488,291,40,1034.3,In Stock,2026-08-18
INV02489,P00470,Pro Loafers (Silver),Footwear,LOC02489,28,15,1798.52,In Stock,2026-08-08
INV02490,P00332,Max Slippers (White),Footwear,LOC02490,204,10,1316.84,In Stock,2026-08-02
INV02491,P00136,Lite Table Lamp (Red),Home,LOC02491,49,20,2487.62,In Stock,2026-08-27
INV02492,P00092,Mini Headphones (Black),Electronics,LOC02492,182,20,4309.08,In Stock,2026-08-11
INV02493,P00056,Standard Wireless Mouse (Green),Electronics,LOC02493,136,30,355.4,In Stock,2026-08-21
INV02494,P00156,Max USB-C Cable (Black),Electronics,LOC02494,153,15,1596.19,In Stock,2026-08-11
INV02495,P00081,Pro Loafers (Red),Footwear,LOC02495,80,30,4292.67,In Stock,2026-08-12
INV02496,P00135,Max Highlighter Set (Grey),Stationery,LOC02496,119,20,4711.76,In Stock,2026-08-17
INV02497,P00790,Mini Marker Pack (Green),Stationery,LOC02497,38,30,4236.95,In Stock,2026-08-19
INV02498,P00751,Compact Wallet (Beige),Accessories,LOC02498,10,20,3672.21,Low Stock,2026-08-12
INV02499,P00318,Lite Bluetooth Speaker (Green),Electronics,LOC02499,130,30,3119.7,In Stock,2026-08-30
INV02500,P00482,Deluxe Monitor (Grey),Electronics,LOC02500,170,10,4304.78,In Stock,2026-08-23
INV02501,P00322,Max Door Mat (Beige),Home,LOC02501,254,20,2216.99,In Stock,2026-08-04
INV02502,P00237,Premium Door Mat (Red),Home,LOC02502,263,15,743.16,In Stock,2026-08-21
INV02503,P00285,Pro Travel Pouch (Silver),Accessories,LOC02503,125,25,688.59,In Stock,2026-08-01
INV02504,P00421,Premium Tablet Stand (Black),Electronics,LOC02504,38,15,4374.78,In Stock,2026-08-22
INV02505,P00673,Pro Umbrella (Green),Accessories,LOC02505,221,20,742.97,In Stock,2026-08-08
INV02506,P00798,Mini Loafers (Grey),Footwear,LOC02506,234,10,1631.04,In Stock,2026-08-14
INV02507,P00297,Max Door Mat (Green),Home,LOC02507,28,15,2854.65,In Stock,2026-08-11
INV02508,P00395,Compact Calculator (Black),Stationery,LOC02508,183,30,2157.13,In Stock,2026-08-22
INV02509,P00457,Compact File Folder (White),Stationery,LOC02509,39,25,3459.61,In Stock,2026-08-10
INV02510,P00710,Max Water Bottle (Red),Home,LOC02510,12,25,304.96,Low Stock,2026-08-30
INV02511,P00784,Classic Table Lamp (White),Home,LOC02511,19,30,484.37,Low Stock,2026-08-04
INV02512,P00292,Max Headphones (Blue),Electronics,LOC02512,49,25,3689.13,In Stock,2026-08-28
INV02513,P00615,Deluxe Cushion (Red),Home,LOC02513,248,15,2668.78,In Stock,2026-08-27
INV02514,P00571,Compact Tablet Stand (Red),Electronics,LOC02514,275,10,286.5,In Stock,2026-08-20
INV02515,P00401,Max Umbrella (Green),Accessories,LOC02515,58,40,2817.83,In Stock,2026-08-13
INV02516,P00117,Deluxe Storage Box (Grey),Home,LOC02516,260,25,3694.91,In Stock,2026-08-16
INV02517,P00091,Compact File Folder (Black),Stationery,LOC02517,180,30,4660.72,In Stock,2026-08-30
INV02518,P00047,Deluxe Backpack (Red),Accessories,LOC02518,18,20,1969.87,Low Stock,2026-08-22
INV02519,P00410,Standard Backpack (Black),Accessories,LOC02519,274,30,1961.95,In Stock,2026-08-25
INV02520,P00181,Max Sports Shoes (Grey),Footwear,LOC02520,17,30,4750.31,Low Stock,2026-08-01
INV02521,P00732,Premium Curtain (White),Home,LOC02521,80,25,3646.61,In Stock,2026-08-27
INV02522,P00568,Compact Highlighter Set (Red),Stationery,LOC02522,148,10,3197.14,In Stock,2026-08-15
INV02523,P00470,Pro Loafers (Silver),Footwear,LOC02523,180,15,185.94,In Stock,2026-08-14
INV02524,P00529,Premium Sunglasses (Green),Accessories,LOC02524,14,15,342.61,Low Stock,2026-08-18
INV02525,P00410,Standard Backpack (Black),Accessories,LOC02525,227,30,3824.15,In Stock,2026-08-29
INV02526,P00599,Lite Wall Clock (Black),Home,LOC02526,291,40,3242.56,In Stock,2026-08-12
INV02527,P00355,Standard Water Bottle (Black),Home,LOC02527,280,20,2360.11,In Stock,2026-08-07
INV02528,P00082,Mini Cap (Silver),Accessories,LOC02528,198,20,2864.06,In Stock,2026-08-16
INV02529,P00446,Premium Photo Frame (Black),Home,LOC02529,269,25,2301.26,In Stock,2026-08-17
INV02530,P00071,Mini Pen Set (White),Stationery,LOC02530,172,30,4475.76,In Stock,2026-08-25
INV02531,P00087,Lite Belt (Silver),Accessories,LOC02531,155,25,321.63,In Stock,2026-08-12
INV02532,P00685,Premium Cushion (Grey),Home,LOC02532,187,30,1114.42,In Stock,2026-08-27
INV02533,P00311,Premium Laptop Stand (Green),Electronics,LOC02533,45,15,4587.91,In Stock,2026-08-17
INV02534,P00672,Lite Sports Shoes (Beige),Footwear,LOC02534,107,25,178.66,In Stock,2026-08-19
INV02535,P00034,Classic Slippers (Grey),Footwear,LOC02535,178,15,2198.76,In Stock,2026-08-17
INV02536,P00777,Lite Tablet Stand (Red),Electronics,LOC02536,122,15,3546.18,In Stock,2026-08-25
INV02537,P00494,Max File Folder (Blue),Stationery,LOC02537,9,15,586.17,Low Stock,2026-08-22
INV02538,P00508,Plus Keyboard (Green),Electronics,LOC02538,285,40,2999.32,In Stock,2026-08-16
INV02539,P00165,Plus Notebook (Beige),Stationery,LOC02539,55,25,2781.78,In Stock,2026-08-12
INV02540,P00690,Standard Calculator (Black),Stationery,LOC02540,6,15,802.53,Low Stock,2026-08-28
INV02541,P00681,Max Curtain (Green),Home,LOC02541,70,10,1750.37,In Stock,2026-08-12
INV02542,P00025,Max Sunglasses (Grey),Accessories,LOC02542,29,40,2989.28,Low Stock,2026-08-11
INV02543,P00033,Lite Wallet (Beige),Accessories,LOC02543,18,30,2971.13,Low Stock,2026-08-22
INV02544,P00564,Lite Bed Sheet Set (White),Home,LOC02544,290,15,2066.16,In Stock,2026-08-28
INV02545,P00470,Pro Loafers (Silver),Footwear,LOC02545,266,15,761.01,In Stock,2026-08-17
INV02546,P00387,Plus Sticky Notes (Grey),Stationery,LOC02546,200,10,1089.77,In Stock,2026-08-07
INV02547,P00791,Pro Curtain (Grey),Home,LOC02547,127,20,3883.99,In Stock,2026-08-17
INV02548,P00061,Compact Monitor (Black),Electronics,LOC02548,15,10,1525.14,In Stock,2026-08-19
INV02549,P00321,Pro Earbuds (Red),Electronics,LOC02549,157,15,4929.99,In Stock,2026-08-20
INV02550,P00504,Deluxe Water Bottle (Red),Home,LOC02550,142,40,4957.79,In Stock,2026-08-04
INV02551,P00580,Plus Keyboard (White),Electronics,LOC02551,211,40,2124.23,In Stock,2026-08-11
INV02552,P00397,Mini Sandals (Blue),Footwear,LOC02552,262,15,3495.62,In Stock,2026-08-20
INV02553,P00368,Deluxe Door Mat (Silver),Home,LOC02553,267,10,867.14,In Stock,2026-08-20
INV02554,P00345,Premium Curtain (Beige),Home,LOC02554,231,15,3195.0,In Stock,2026-08-25
INV02555,P00058,Mini Highlighter Set (Beige),Stationery,LOC02555,84,10,282.04,In Stock,2026-08-05
INV02556,P00230,Max Water Bottle (Grey),Home,LOC02556,19,20,3742.43,Low Stock,2026-08-12
INV02557,P00463,Mini Sunglasses (Green),Accessories,LOC02557,94,10,3329.55,In Stock,2026-08-12
INV02558,P00532,Lite Boots (Red),Footwear,LOC02558,22,30,600.22,Low Stock,2026-08-27
INV02559,P00529,Premium Sunglasses (Green),Accessories,LOC02559,84,40,4423.55,In Stock,2026-08-25
INV02560,P00013,Deluxe Scissors (Red),Stationery,LOC02560,35,20,2212.65,In Stock,2026-08-14
INV02561,P00727,Premium Calculator (Beige),Stationery,LOC02561,58,30,1164.8,In Stock,2026-08-28
INV02562,P00131,Premium Storage Box (Green),Home,LOC02562,269,25,3878.49,In Stock,2026-08-18
INV02563,P00498,Compact Keyboard (Silver),Electronics,LOC02563,17,40,1968.93,Low Stock,2026-08-19
INV02564,P00199,Pro USB-C Cable (Beige),Electronics,LOC02564,42,25,2419.81,In Stock,2026-08-11
INV02565,P00627,Mini Sunglasses (Silver),Accessories,LOC02565,282,20,1582.46,In Stock,2026-08-26
INV02566,P00160,Pro Desk Organizer (Blue),Stationery,LOC02566,74,10,3499.99,In Stock,2026-08-06
INV02567,P00153,Standard Wall Clock (Grey),Home,LOC02567,274,20,1036.82,In Stock,2026-08-18
INV02568,P00073,Deluxe HDMI Cable (Red),Electronics,LOC02568,236,15,475.37,In Stock,2026-08-08
INV02569,P00376,Compact Curtain (Black),Home,LOC02569,115,10,4574.66,In Stock,2026-08-03
INV02570,P00033,Lite Wallet (Beige),Accessories,LOC02570,78,40,1964.18,In Stock,2026-08-13
INV02571,P00602,Plus Bed Sheet Set (Beige),Home,LOC02571,134,10,3059.99,In Stock,2026-08-26
INV02572,P00255,Compact Umbrella (Black),Accessories,LOC02572,293,40,1976.85,In Stock,2026-08-14
INV02573,P00026,Deluxe File Folder (Beige),Stationery,LOC02573,232,20,4378.45,In Stock,2026-08-30
INV02574,P00582,Standard Power Bank (Blue),Electronics,LOC02574,63,40,4090.46,In Stock,2026-08-27
INV02575,P00631,Max Running Shoes (Silver),Footwear,LOC02575,161,15,4785.42,In Stock,2026-08-28
INV02576,P00693,Classic Hiking Boots (Beige),Footwear,LOC02576,73,30,3657.78,In Stock,2026-08-29
INV02577,P00420,Premium Curtain (White),Home,LOC02577,282,30,1517.38,In Stock,2026-08-22
INV02578,P00047,Deluxe Backpack (Red),Accessories,LOC02578,134,15,555.86,In Stock,2026-08-03
INV02579,P00774,Standard Router (Green),Electronics,LOC02579,264,10,4723.95,In Stock,2026-08-04
INV02580,P00576,Standard Flip Flops (Silver),Footwear,LOC02580,53,40,4748.01,In Stock,2026-08-10
INV02581,P00351,Lite Boots (Green),Footwear,LOC02581,118,10,3216.29,In Stock,2026-08-06
INV02582,P00456,Mini Wireless Mouse (Silver),Electronics,LOC02582,1,30,2306.14,Low Stock,2026-08-10
INV02583,P00515,Deluxe Stapler (Green),Stationery,LOC02583,212,20,3748.72,In Stock,2026-08-01
INV02584,P00049,Pro USB-C Cable (Black),Electronics,LOC02584,232,25,3335.85,In Stock,2026-08-04
INV02585,P00516,Compact Calculator (Silver),Stationery,LOC02585,269,25,205.73,In Stock,2026-08-07
INV02586,P00108,Plus File Folder (Green),Stationery,LOC02586,181,20,1430.65,In Stock,2026-08-25
INV02587,P00486,Classic Table Lamp (Blue),Home,LOC02587,78,15,3339.82,In Stock,2026-08-15
INV02588,P00484,Lite Bed Sheet Set (Grey),Home,LOC02588,137,30,2328.47,In Stock,2026-08-26
INV02589,P00275,Deluxe Sneakers (Grey),Footwear,LOC02589,113,10,1400.07,In Stock,2026-08-07
INV02590,P00634,Compact Wireless Mouse (Grey),Electronics,LOC02590,297,40,2302.91,In Stock,2026-08-20
INV02591,P00619,Premium Table Lamp (Green),Home,LOC02591,126,15,3568.29,In Stock,2026-08-20
INV02592,P00403,Compact Bed Sheet Set (Beige),Home,LOC02592,147,40,4096.52,In Stock,2026-08-03
INV02593,P00415,Premium Storage Box (Silver),Home,LOC02593,36,20,181.91,In Stock,2026-08-01
INV02594,P00172,Lite Formal Shoes (Silver),Footwear,LOC02594,230,25,4706.49,In Stock,2026-08-12
INV02595,P00720,Standard Flip Flops (Beige),Footwear,LOC02595,284,40,2494.66,In Stock,2026-08-02
INV02596,P00407,Mini Wallet (Grey),Accessories,LOC02596,44,15,496.95,In Stock,2026-08-22
INV02597,P00547,Compact Marker Pack (Black),Stationery,LOC02597,207,30,1546.08,In Stock,2026-08-21
INV02598,P00097,Max Sticky Notes (Blue),Stationery,LOC02598,164,15,282.51,In Stock,2026-08-08
INV02599,P00296,Plus Charger (Red),Electronics,LOC02599,31,10,1522.91,In Stock,2026-08-09
INV02600,P00534,Lite Stapler (White),Stationery,LOC02600,237,25,4395.39,In Stock,2026-08-20
INV02601,P00388,Deluxe Storage Box (White),Home,LOC02601,298,40,2994.62,In Stock,2026-08-27
INV02602,P00521,Premium Router (Blue),Electronics,LOC02602,264,20,158.37,In Stock,2026-08-03
INV02603,P00666,Deluxe Pen Set (Green),Stationery,LOC02603,207,15,223.23,In Stock,2026-08-26
INV02604,P00055,Premium Candle Holder (Black),Home,LOC02604,239,25,2277.13,In Stock,2026-08-01
INV02605,P00784,Classic Table Lamp (White),Home,LOC02605,246,15,4545.52,In Stock,2026-08-11
INV02606,P00610,Max Smart Watch (Black),Electronics,LOC02606,103,15,2275.34,In Stock,2026-08-27
INV02607,P00106,Lite Headphones (Blue),Electronics,LOC02607,37,10,2910.3,In Stock,2026-08-15
INV02608,P00778,Compact Desk Organizer (Red),Stationery,LOC02608,26,25,3117.83,In Stock,2026-08-02
INV02609,P00175,Max Slippers (Green),Footwear,LOC02609,137,10,521.04,In Stock,2026-08-10
INV02610,P00366,Max Boots (Blue),Footwear,LOC02610,216,20,1213.5,In Stock,2026-08-15
INV02611,P00239,Compact Hiking Boots (Blue),Footwear,LOC02611,265,40,2865.76,In Stock,2026-08-10
INV02612,P00417,Mini Belt (Beige),Accessories,LOC02612,175,40,1220.18,In Stock,2026-08-12
INV02613,P00112,Max Calculator (Green),Stationery,LOC02613,13,25,3660.77,Low Stock,2026-08-27
INV02614,P00369,Plus Desk Organizer (Green),Stationery,LOC02614,0,15,1623.47,Out of Stock,2026-08-29
INV02615,P00712,Plus Sticky Notes (Green),Stationery,LOC02615,298,30,3168.89,In Stock,2026-08-06
INV02616,P00357,Standard File Folder (Grey),Stationery,LOC02616,197,15,4789.5,In Stock,2026-08-23
INV02617,P00629,Classic Tablet Stand (Black),Electronics,LOC02617,233,25,4971.8,In Stock,2026-08-08
INV02618,P00222,Plus Laptop Stand (Beige),Electronics,LOC02618,155,30,3501.91,In Stock,2026-08-25
INV02619,P00159,Plus Wall Clock (Blue),Home,LOC02619,259,20,4651.56,In Stock,2026-08-16
INV02620,P00201,Premium File Folder (Silver),Stationery,LOC02620,286,40,4243.41,In Stock,2026-08-27
INV02621,P00386,Plus Sticky Notes (White),Stationery,LOC02621,124,20,850.83,In Stock,2026-08-27
INV02622,P00491,Premium Belt (White),Accessories,LOC02622,198,40,3351.53,In Stock,2026-08-18
INV02623,P00268,Lite Keychain (Beige),Accessories,LOC02623,40,40,1439.05,Low Stock,2026-08-30
INV02624,P00206,Standard Running Shoes (Silver),Footwear,LOC02624,246,10,2012.53,In Stock,2026-08-30
INV02625,P00035,Compact Sticky Notes (White),Stationery,LOC02625,3,25,2839.15,Low Stock,2026-08-12
INV02626,P00104,Pro Cap (Grey),Accessories,LOC02626,117,25,2365.29,In Stock,2026-08-27
INV02627,P00129,Compact Sandals (Silver),Footwear,LOC02627,62,10,1760.11,In Stock,2026-08-13
INV02628,P00403,Compact Bed Sheet Set (Beige),Home,LOC02628,300,40,1020.09,In Stock,2026-08-18
INV02629,P00380,Mini Smart Watch (Black),Electronics,LOC02629,201,20,1121.27,In Stock,2026-08-10
INV02630,P00607,Mini Calculator (Beige),Stationery,LOC02630,229,30,4698.49,In Stock,2026-08-01
INV02631,P00679,Premium Marker Pack (Green),Stationery,LOC02631,167,40,123.02,In Stock,2026-08-12
INV02632,P00237,Premium Door Mat (Red),Home,LOC02632,121,30,747.37,In Stock,2026-08-09
INV02633,P00713,Pro Slippers (Grey),Footwear,LOC02633,276,10,4772.45,In Stock,2026-08-13
INV02634,P00598,Mini Boots (Red),Footwear,LOC02634,185,15,3060.25,In Stock,2026-08-11
INV02635,P00665,Pro Wireless Mouse (Green),Electronics,LOC02635,168,10,4626.19,In Stock,2026-08-01
INV02636,P00399,Deluxe Slippers (Grey),Footwear,LOC02636,3,10,492.0,Low Stock,2026-08-02
INV02637,P00114,Lite Charger (Grey),Electronics,LOC02637,28,40,2177.25,Low Stock,2026-08-03
INV02638,P00426,Compact Calculator (Black),Stationery,LOC02638,299,10,2852.06,In Stock,2026-08-15
INV02639,P00259,Plus Wireless Mouse (Black),Electronics,LOC02639,263,40,4742.04,In Stock,2026-08-03
INV02640,P00237,Premium Door Mat (Red),Home,LOC02640,24,10,2607.77,In Stock,2026-08-22
INV02641,P00671,Mini Umbrella (White),Accessories,LOC02641,271,15,3362.45,In Stock,2026-08-28
INV02642,P00385,Lite File Folder (Grey),Stationery,LOC02642,26,30,3463.33,Low Stock,2026-08-25
INV02643,P00726,Max Storage Box (Beige),Home,LOC02643,207,30,1062.55,In Stock,2026-08-16
INV02644,P00224,Premium Watch Strap (Grey),Accessories,LOC02644,31,10,1384.76,In Stock,2026-08-09
INV02645,P00128,Pro Running Shoes (Beige),Footwear,LOC02645,238,25,3176.84,In Stock,2026-08-21
INV02646,P00423,Classic Watch Strap (Green),Accessories,LOC02646,162,20,443.02,In Stock,2026-08-24
INV02647,P00142,Classic Curtain (Beige),Home,LOC02647,36,15,2779.06,In Stock,2026-08-25
INV02648,P00144,Compact Candle Holder (Red),Home,LOC02648,210,10,2677.72,In Stock,2026-08-07
INV02649,P00408,Mini Bed Sheet Set (Beige),Home,LOC02649,62,20,408.34,In Stock,2026-08-16
INV02650,P00645,Deluxe Sneakers (Silver),Footwear,LOC02650,114,40,861.15,In Stock,2026-08-27
INV02651,P00424,Standard Hiking Boots (Blue),Footwear,LOC02651,59,20,2237.17,In Stock,2026-08-23
INV02652,P00245,Max Photo Frame (Red),Home,LOC02652,259,25,4573.0,In Stock,2026-08-07
INV02653,P00625,Plus Bed Sheet Set (Grey),Home,LOC02653,33,30,2228.27,In Stock,2026-08-14
INV02654,P00016,Premium Wall Clock (Green),Home,LOC02654,75,15,3364.48,In Stock,2026-08-08
INV02655,P00731,Lite Flip Flops (Blue),Footwear,LOC02655,116,30,4888.8,In Stock,2026-08-22
INV02656,P00144,Compact Candle Holder (Red),Home,LOC02656,76,30,4043.7,In Stock,2026-08-29
INV02657,P00466,Deluxe Travel Pouch (Green),Accessories,LOC02657,89,10,1276.96,In Stock,2026-08-13
INV02658,P00598,Mini Boots (Red),Footwear,LOC02658,290,20,4686.78,In Stock,2026-08-11
INV02659,P00321,Pro Earbuds (Red),Electronics,LOC02659,212,15,1363.88,In Stock,2026-08-25
INV02660,P00701,Premium Flip Flops (Green),Footwear,LOC02660,142,30,4026.03,In Stock,2026-08-25
INV02661,P00765,Plus Wireless Mouse (White),Electronics,LOC02661,219,40,2230.53,In Stock,2026-08-25
INV02662,P00116,Max Sticky Notes (Beige),Stationery,LOC02662,38,10,1180.85,In Stock,2026-08-10
INV02663,P00437,Plus Boots (Black),Footwear,LOC02663,12,20,219.16,Low Stock,2026-08-20
INV02664,P00576,Standard Flip Flops (Silver),Footwear,LOC02664,245,25,1653.59,In Stock,2026-08-03
INV02665,P00357,Standard File Folder (Grey),Stationery,LOC02665,28,30,4557.25,Low Stock,2026-08-25
INV02666,P00716,Premium Handbag (Blue),Accessories,LOC02666,246,15,4651.45,In Stock,2026-08-17
INV02667,P00054,Standard Monitor (Green),Electronics,LOC02667,182,15,3470.67,In Stock,2026-08-19
INV02668,P00017,Plus Loafers (Red),Footwear,LOC02668,136,40,2392.01,In Stock,2026-08-13
INV02669,P00120,Premium Door Mat (Red),Home,LOC02669,91,25,2035.82,In Stock,2026-08-29
INV02670,P00024,Premium Candle Holder (Blue),Home,LOC02670,74,15,2591.73,In Stock,2026-08-07
INV02671,P00075,Deluxe Curtain (Green),Home,LOC02671,3,30,1664.43,Low Stock,2026-08-06
INV02672,P00674,Premium Belt (Red),Accessories,LOC02672,290,30,3869.85,In Stock,2026-08-16
INV02673,P00739,Mini Hiking Boots (Red),Footwear,LOC02673,292,25,4168.83,In Stock,2026-08-07
INV02674,P00501,Lite Highlighter Set (Black),Stationery,LOC02674,161,30,429.5,In Stock,2026-08-25
INV02675,P00659,Pro Formal Shoes (Grey),Footwear,LOC02675,130,15,1419.22,In Stock,2026-08-24
INV02676,P00088,Pro Backpack (Beige),Accessories,LOC02676,32,10,1160.2,In Stock,2026-08-16
INV02677,P00401,Max Umbrella (Green),Accessories,LOC02677,6,25,2184.91,Low Stock,2026-08-07
INV02678,P00364,Max Calculator (Green),Stationery,LOC02678,237,25,608.96,In Stock,2026-08-28
INV02679,P00165,Plus Notebook (Beige),Stationery,LOC02679,284,20,1104.9,In Stock,2026-08-10
INV02680,P00032,Compact Monitor (Grey),Electronics,LOC02680,278,10,2048.82,In Stock,2026-08-02
INV02681,P00256,Max Pen Set (Grey),Stationery,LOC02681,260,10,2931.38,In Stock,2026-08-23
INV02682,P00171,Lite Curtain (Green),Home,LOC02682,129,40,781.65,In Stock,2026-08-21
INV02683,P00478,Compact Keychain (White),Accessories,LOC02683,87,15,291.65,In Stock,2026-08-26
INV02684,P00484,Lite Bed Sheet Set (Grey),Home,LOC02684,267,40,506.8,In Stock,2026-08-17
INV02685,P00652,Plus Smart Watch (Black),Electronics,LOC02685,117,25,4908.79,In Stock,2026-08-23
INV02686,P00781,Pro Curtain (Black),Home,LOC02686,278,20,1000.07,In Stock,2026-08-12
INV02687,P00484,Lite Bed Sheet Set (Grey),Home,LOC02687,3,15,2300.03,Low Stock,2026-08-03
INV02688,P00024,Premium Candle Holder (Blue),Home,LOC02688,151,30,2401.81,In Stock,2026-08-05
INV02689,P00690,Standard Calculator (Black),Stationery,LOC02689,223,10,2500.28,In Stock,2026-08-22
INV02690,P00715,Deluxe File Folder (White),Stationery,LOC02690,107,25,1697.61,In Stock,2026-08-21
INV02691,P00161,Deluxe Wallet (Black),Accessories,LOC02691,167,30,546.73,In Stock,2026-08-12
INV02692,P00727,Premium Calculator (Beige),Stationery,LOC02692,9,10,257.57,Low Stock,2026-08-12
INV02693,P00118,Classic Bed Sheet Set (Grey),Home,LOC02693,155,30,3865.06,In Stock,2026-08-23
INV02694,P00728,Premium Candle Holder (Silver),Home,LOC02694,65,15,1118.16,In Stock,2026-08-14
INV02695,P00049,Pro USB-C Cable (Black),Electronics,LOC02695,107,10,4979.56,In Stock,2026-08-14
INV02696,P00138,Max Sandals (Beige),Footwear,LOC02696,123,15,851.35,In Stock,2026-08-11
INV02697,P00670,Lite Sandals (Grey),Footwear,LOC02697,118,30,3380.36,In Stock,2026-08-01
INV02698,P00700,Plus Cap (Silver),Accessories,LOC02698,140,15,1720.38,In Stock,2026-08-07
INV02699,P00210,Standard Marker Pack (White),Stationery,LOC02699,58,30,792.57,In Stock,2026-08-14
INV02700,P00574,Premium Hiking Boots (White),Footwear,LOC02700,57,10,3575.37,In Stock,2026-08-28
INV02701,P00227,Standard Earbuds (Black),Electronics,LOC02701,216,10,3098.86,In Stock,2026-08-27
INV02702,P00572,Mini Calculator (Blue),Stationery,LOC02702,156,25,1110.07,In Stock,2026-08-01
INV02703,P00002,Pro Sandals (White),Footwear,LOC02703,191,20,413.96,In Stock,2026-08-09
INV02704,P00020,Compact Wall Clock (Red),Home,LOC02704,50,25,1392.13,In Stock,2026-08-14
INV02705,P00476,Pro Stapler (Grey),Stationery,LOC02705,15,10,1507.23,In Stock,2026-08-22
INV02706,P00753,Lite Handbag (Green),Accessories,LOC02706,282,20,1712.07,In Stock,2026-08-01
INV02707,P00672,Lite Sports Shoes (Beige),Footwear,LOC02707,250,10,798.24,In Stock,2026-08-14
INV02708,P00423,Classic Watch Strap (Green),Accessories,LOC02708,87,40,2972.11,In Stock,2026-08-17
INV02709,P00303,Compact Tablet Stand (Red),Electronics,LOC02709,60,10,1656.47,In Stock,2026-08-12
INV02710,P00019,Mini Marker Pack (Silver),Stationery,LOC02710,208,40,4892.3,In Stock,2026-08-20
INV02711,P00426,Compact Calculator (Black),Stationery,LOC02711,99,10,4197.64,In Stock,2026-08-04
INV02712,P00726,Max Storage Box (Beige),Home,LOC02712,190,20,1297.26,In Stock,2026-08-06
INV02713,P00167,Standard Tablet Stand (Silver),Electronics,LOC02713,282,15,1688.45,In Stock,2026-08-30
INV02714,P00562,Max Handbag (Black),Accessories,LOC02714,233,15,3215.21,In Stock,2026-08-21
INV02715,P00241,Classic Stapler (Grey),Stationery,LOC02715,138,20,4776.77,In Stock,2026-08-24
INV02716,P00731,Lite Flip Flops (Blue),Footwear,LOC02716,254,20,4697.26,In Stock,2026-08-13
INV02717,P00765,Plus Wireless Mouse (White),Electronics,LOC02717,101,40,327.94,In Stock,2026-08-20
INV02718,P00110,Max Curtain (Grey),Home,LOC02718,59,10,3902.84,In Stock,2026-08-30
INV02719,P00333,Plus Travel Pouch (White),Accessories,LOC02719,259,20,4189.64,In Stock,2026-08-22
INV02720,P00475,Max Loafers (Green),Footwear,LOC02720,278,25,967.12,In Stock,2026-08-18
INV02721,P00042,Mini Sticky Notes (Silver),Stationery,LOC02721,42,15,2703.47,In Stock,2026-08-15
INV02722,P00020,Compact Wall Clock (Red),Home,LOC02722,10,15,4030.47,Low Stock,2026-08-09
INV02723,P00547,Compact Marker Pack (Black),Stationery,LOC02723,3,30,2406.35,Low Stock,2026-08-23
INV02724,P00557,Pro Scissors (Beige),Stationery,LOC02724,34,25,4150.4,In Stock,2026-08-26
INV02725,P00135,Max Highlighter Set (Grey),Stationery,LOC02725,112,15,1708.54,In Stock,2026-08-12
INV02726,P00709,Premium Marker Pack (Beige),Stationery,LOC02726,186,20,320.46,In Stock,2026-08-20
INV02727,P00755,Classic Backpack (White),Accessories,LOC02727,288,20,1672.76,In Stock,2026-08-14
INV02728,P00508,Plus Keyboard (Green),Electronics,LOC02728,45,30,1022.0,In Stock,2026-08-04
INV02729,P00460,Pro Bluetooth Speaker (Silver),Electronics,LOC02729,280,30,3571.34,In Stock,2026-08-08
INV02730,P00777,Lite Tablet Stand (Red),Electronics,LOC02730,239,20,2265.54,In Stock,2026-08-14
INV02731,P00257,Standard Formal Shoes (White),Footwear,LOC02731,53,20,101.76,In Stock,2026-08-03
INV02732,P00584,Standard Candle Holder (White),Home,LOC02732,271,20,4565.66,In Stock,2026-08-19
INV02733,P00040,Max Running Shoes (White),Footwear,LOC02733,178,10,988.52,In Stock,2026-08-22
INV02734,P00796,Mini Running Shoes (Silver),Footwear,LOC02734,103,15,3015.05,In Stock,2026-08-13
INV02735,P00385,Lite File Folder (Grey),Stationery,LOC02735,3,10,1058.21,Low Stock,2026-08-30
INV02736,P00470,Pro Loafers (Silver),Footwear,LOC02736,36,25,2586.18,In Stock,2026-08-05
INV02737,P00592,Pro Sneakers (White),Footwear,LOC02737,300,30,133.46,In Stock,2026-08-20
INV02738,P00508,Plus Keyboard (Green),Electronics,LOC02738,199,20,3727.32,In Stock,2026-08-29
INV02739,P00766,Premium Storage Box (White),Home,LOC02739,292,15,2446.91,In Stock,2026-08-20
INV02740,P00609,Premium HDMI Cable (Green),Electronics,LOC02740,238,15,4540.18,In Stock,2026-08-04
INV02741,P00337,Plus Cap (Green),Accessories,LOC02741,201,40,4569.59,In Stock,2026-08-30
INV02742,P00226,Lite Webcam (Green),Electronics,LOC02742,266,15,3765.02,In Stock,2026-08-22
INV02743,P00532,Lite Boots (Red),Footwear,LOC02743,180,40,2614.48,In Stock,2026-08-29
INV02744,P00752,Max Sports Shoes (Silver),Footwear,LOC02744,287,40,2608.3,In Stock,2026-08-28
INV02745,P00525,Standard Storage Box (Red),Home,LOC02745,53,40,3901.12,In Stock,2026-08-18
INV02746,P00590,Max Boots (White),Footwear,LOC02746,202,25,349.63,In Stock,2026-08-23
INV02747,P00583,Plus Sports Shoes (Beige),Footwear,LOC02747,2,10,2531.56,Low Stock,2026-08-16
INV02748,P00292,Max Headphones (Blue),Electronics,LOC02748,298,30,4135.93,In Stock,2026-08-20
INV02749,P00284,Standard Earbuds (Black),Electronics,LOC02749,236,20,3330.29,In Stock,2026-08-22
INV02750,P00318,Lite Bluetooth Speaker (Green),Electronics,LOC02750,56,20,2313.31,In Stock,2026-08-28
INV02751,P00596,Lite Flip Flops (Red),Footwear,LOC02751,218,15,3236.22,In Stock,2026-08-05
INV02752,P00352,Premium Wireless Mouse (Beige),Electronics,LOC02752,118,20,4167.69,In Stock,2026-08-10
INV02753,P00582,Standard Power Bank (Blue),Electronics,LOC02753,200,10,1321.48,In Stock,2026-08-01
INV02754,P00594,Standard Running Shoes (Silver),Footwear,LOC02754,263,40,2626.05,In Stock,2026-08-07
INV02755,P00642,Classic Highlighter Set (Black),Stationery,LOC02755,290,40,2363.1,In Stock,2026-08-24
INV02756,P00621,Max Router (Blue),Electronics,LOC02756,293,40,2579.78,In Stock,2026-08-14
INV02757,P00322,Max Door Mat (Beige),Home,LOC02757,259,25,4616.47,In Stock,2026-08-25
INV02758,P00509,Mini Scissors (Red),Stationery,LOC02758,213,20,452.01,In Stock,2026-08-22
INV02759,P00489,Plus Handbag (Beige),Accessories,LOC02759,158,30,4954.81,In Stock,2026-08-27
INV02760,P00694,Pro Watch Strap (Black),Accessories,LOC02760,250,10,1130.53,In Stock,2026-08-27
INV02761,P00454,Mini Router (Green),Electronics,LOC02761,50,40,4215.97,In Stock,2026-08-26
INV02762,P00477,Lite Flip Flops (Blue),Footwear,LOC02762,48,25,3219.42,In Stock,2026-08-29
INV02763,P00198,Deluxe Sandals (Grey),Footwear,LOC02763,13,20,111.81,Low Stock,2026-08-21
INV02764,P00521,Premium Router (Blue),Electronics,LOC02764,111,30,866.94,In Stock,2026-08-13
INV02765,P00196,Pro Umbrella (White),Accessories,LOC02765,256,15,165.9,In Stock,2026-08-11
INV02766,P00194,Premium Stapler (Silver),Stationery,LOC02766,297,25,1765.33,In Stock,2026-08-19
INV02767,P00568,Compact Highlighter Set (Red),Stationery,LOC02767,22,20,1197.62,In Stock,2026-08-24
INV02768,P00784,Classic Table Lamp (White),Home,LOC02768,201,15,876.25,In Stock,2026-08-11
INV02769,P00244,Compact Handbag (Beige),Accessories,LOC02769,169,20,1494.24,In Stock,2026-08-26
INV02770,P00462,Compact Wallet (Grey),Accessories,LOC02770,134,15,361.79,In Stock,2026-08-20
INV02771,P00144,Compact Candle Holder (Red),Home,LOC02771,125,15,2486.76,In Stock,2026-08-09
INV02772,P00300,Premium Tablet Stand (White),Electronics,LOC02772,168,25,2966.28,In Stock,2026-08-29
INV02773,P00728,Premium Candle Holder (Silver),Home,LOC02773,160,20,3503.82,In Stock,2026-08-12
INV02774,P00043,Lite Sticky Notes (Beige),Stationery,LOC02774,18,15,655.38,In Stock,2026-08-02
INV02775,P00258,Mini Laptop Stand (Grey),Electronics,LOC02775,99,10,1399.8,In Stock,2026-08-14
INV02776,P00370,Pro Slippers (Silver),Footwear,LOC02776,140,30,4015.06,In Stock,2026-08-26
INV02777,P00114,Lite Charger (Grey),Electronics,LOC02777,55,15,1320.48,In Stock,2026-08-18
INV02778,P00679,Premium Marker Pack (Green),Stationery,LOC02778,47,30,2439.28,In Stock,2026-08-21
INV02779,P00750,Pro Notebook (Silver),Stationery,LOC02779,214,10,2243.24,In Stock,2026-08-11
INV02780,P00415,Premium Storage Box (Silver),Home,LOC02780,78,10,4540.12,In Stock,2026-08-06
INV02781,P00555,Deluxe Cap (Red),Accessories,LOC02781,121,40,228.43,In Stock,2026-08-21
INV02782,P00396,Mini Keychain (Beige),Accessories,LOC02782,145,20,3504.38,In Stock,2026-08-14
INV02783,P00255,Compact Umbrella (Black),Accessories,LOC02783,2,40,1916.79,Low Stock,2026-08-30
INV02784,P00332,Max Slippers (White),Footwear,LOC02784,297,20,716.74,In Stock,2026-08-11
INV02785,P00418,Lite Earbuds (Red),Electronics,LOC02785,170,15,2547.64,In Stock,2026-08-14
INV02786,P00499,Deluxe Sneakers (Green),Footwear,LOC02786,159,30,1236.23,In Stock,2026-08-30
INV02787,P00141,Max Water Bottle (Beige),Home,LOC02787,209,25,2924.14,In Stock,2026-08-28
INV02788,P00616,Compact Cushion (Green),Home,LOC02788,134,10,272.29,In Stock,2026-08-22
INV02789,P00533,Premium Photo Frame (Green),Home,LOC02789,125,15,1946.45,In Stock,2026-08-13
INV02790,P00677,Plus Umbrella (Beige),Accessories,LOC02790,217,15,184.12,In Stock,2026-08-29
INV02791,P00703,Lite Wallet (Black),Accessories,LOC02791,76,15,2275.2,In Stock,2026-08-02
INV02792,P00346,Compact Belt (White),Accessories,LOC02792,11,40,2342.77,Low Stock,2026-08-13
INV02793,P00621,Max Router (Blue),Electronics,LOC02793,221,10,215.41,In Stock,2026-08-21
INV02794,P00739,Mini Hiking Boots (Red),Footwear,LOC02794,174,10,944.95,In Stock,2026-08-22
INV02795,P00058,Mini Highlighter Set (Beige),Stationery,LOC02795,299,15,1337.97,In Stock,2026-08-28
INV02796,P00627,Mini Sunglasses (Silver),Accessories,LOC02796,234,10,2429.55,In Stock,2026-08-14
INV02797,P00168,Plus Keyboard (Silver),Electronics,LOC02797,195,10,2800.04,In Stock,2026-08-06
INV02798,P00199,Pro USB-C Cable (Beige),Electronics,LOC02798,121,40,4106.7,In Stock,2026-08-25
INV02799,P00603,Lite Storage Box (Beige),Home,LOC02799,37,40,871.0,Low Stock,2026-08-24
INV02800,P00387,Plus Sticky Notes (Grey),Stationery,LOC02800,75,40,4264.49,In Stock,2026-08-04
INV02801,P00230,Max Water Bottle (Grey),Home,LOC02801,245,10,948.35,In Stock,2026-08-03
INV02802,P00428,Classic Cap (Green),Accessories,LOC02802,28,10,716.02,In Stock,2026-08-29
INV02803,P00149,Classic Desk Organizer (White),Stationery,LOC02803,119,30,2276.91,In Stock,2026-08-21
INV02804,P00287,Max Wallet (Silver),Accessories,LOC02804,232,15,1645.23,In Stock,2026-08-25
INV02805,P00636,Pro Formal Shoes (Blue),Footwear,LOC02805,165,30,2722.69,In Stock,2026-08-16
INV02806,P00456,Mini Wireless Mouse (Silver),Electronics,LOC02806,280,15,403.48,In Stock,2026-08-30
INV02807,P00199,Pro USB-C Cable (Beige),Electronics,LOC02807,81,15,2639.91,In Stock,2026-08-23
INV02808,P00711,Deluxe Wallet (White),Accessories,LOC02808,13,40,2163.8,Low Stock,2026-08-03
INV02809,P00591,Standard Earbuds (Black),Electronics,LOC02809,27,30,1366.56,Low Stock,2026-08-29
INV02810,P00721,Deluxe Sticky Notes (Beige),Stationery,LOC02810,187,25,1686.82,In Stock,2026-08-17
INV02811,P00759,Plus Wallet (Grey),Accessories,LOC02811,251,20,4237.75,In Stock,2026-08-14
INV02812,P00427,Classic Door Mat (Beige),Home,LOC02812,9,40,4440.97,Low Stock,2026-08-21
INV02813,P00272,Standard Backpack (Grey),Accessories,LOC02813,79,25,1358.64,In Stock,2026-08-23
INV02814,P00351,Lite Boots (Green),Footwear,LOC02814,185,15,2318.94,In Stock,2026-08-15
INV02815,P00477,Lite Flip Flops (Blue),Footwear,LOC02815,128,40,2781.53,In Stock,2026-08-16
INV02816,P00550,Lite Wireless Mouse (White),Electronics,LOC02816,7,20,4070.27,Low Stock,2026-08-15
INV02817,P00716,Premium Handbag (Blue),Accessories,LOC02817,139,30,2443.9,In Stock,2026-08-14
INV02818,P00470,Pro Loafers (Silver),Footwear,LOC02818,222,10,4532.92,In Stock,2026-08-03
INV02819,P00527,Mini Charger (Red),Electronics,LOC02819,232,30,2773.2,In Stock,2026-08-30
INV02820,P00159,Plus Wall Clock (Blue),Home,LOC02820,267,25,767.02,In Stock,2026-08-02
INV02821,P00151,Standard Power Bank (Green),Electronics,LOC02821,36,25,3802.86,In Stock,2026-08-23
INV02822,P00264,Mini Curtain (Red),Home,LOC02822,224,10,1772.84,In Stock,2026-08-01
INV02823,P00505,Lite Travel Pouch (White),Accessories,LOC02823,264,10,1738.98,In Stock,2026-08-14
INV02824,P00747,Premium Candle Holder (White),Home,LOC02824,203,40,150.81,In Stock,2026-08-18
INV02825,P00207,Lite Highlighter Set (Black),Stationery,LOC02825,205,10,4996.34,In Stock,2026-08-13
INV02826,P00592,Pro Sneakers (White),Footwear,LOC02826,32,20,2953.9,In Stock,2026-08-05
INV02827,P00196,Pro Umbrella (White),Accessories,LOC02827,89,10,753.33,In Stock,2026-08-25
INV02828,P00702,Premium Table Lamp (Silver),Home,LOC02828,121,20,3458.8,In Stock,2026-08-12
INV02829,P00086,Deluxe Cap (Red),Accessories,LOC02829,9,25,3058.26,Low Stock,2026-08-03
INV02830,P00632,Deluxe Backpack (Silver),Accessories,LOC02830,133,30,2658.27,In Stock,2026-08-18
INV02831,P00003,Classic File Folder (Black),Stationery,LOC02831,60,40,3490.48,In Stock,2026-08-16
INV02832,P00799,Classic Earbuds (Green),Electronics,LOC02832,204,40,1897.39,In Stock,2026-08-16
INV02833,P00041,Premium Charger (White),Electronics,LOC02833,239,25,3649.2,In Stock,2026-08-21
INV02834,P00057,Max USB-C Cable (Red),Electronics,LOC02834,146,25,1206.84,In Stock,2026-08-02
INV02835,P00435,Lite Webcam (Beige),Electronics,LOC02835,296,30,3024.8,In Stock,2026-08-12
INV02836,P00464,Pro Marker Pack (Red),Stationery,LOC02836,77,40,2119.19,In Stock,2026-08-21
INV02837,P00686,Standard Tablet Stand (Silver),Electronics,LOC02837,167,10,270.44,In Stock,2026-08-03
INV02838,P00585,Plus Sticky Notes (White),Stationery,LOC02838,26,10,348.88,In Stock,2026-08-22
INV02839,P00109,Compact Curtain (White),Home,LOC02839,284,25,236.58,In Stock,2026-08-24
INV02840,P00181,Max Sports Shoes (Grey),Footwear,LOC02840,190,10,1804.28,In Stock,2026-08-02
INV02841,P00296,Plus Charger (Red),Electronics,LOC02841,242,30,3835.75,In Stock,2026-08-06
INV02842,P00642,Classic Highlighter Set (Black),Stationery,LOC02842,89,15,157.58,In Stock,2026-08-02
INV02843,P00691,Deluxe Travel Pouch (White),Accessories,LOC02843,240,15,3972.72,In Stock,2026-08-12
INV02844,P00485,Standard Cushion (Grey),Home,LOC02844,235,20,3303.37,In Stock,2026-08-22
INV02845,P00342,Deluxe Handbag (White),Accessories,LOC02845,117,40,2168.08,In Stock,2026-08-28
INV02846,P00610,Max Smart Watch (Black),Electronics,LOC02846,231,40,1345.58,In Stock,2026-08-24
INV02847,P00779,Classic Wall Clock (Red),Home,LOC02847,177,15,3348.22,In Stock,2026-08-05
INV02848,P00697,Mini Calculator (Green),Stationery,LOC02848,132,30,911.24,In Stock,2026-08-22
INV02849,P00289,Pro Marker Pack (Silver),Stationery,LOC02849,207,10,1810.19,In Stock,2026-08-10
INV02850,P00737,Pro Laptop Stand (Red),Electronics,LOC02850,225,15,4710.67,In Stock,2026-08-10
INV02851,P00697,Mini Calculator (Green),Stationery,LOC02851,47,20,1266.94,In Stock,2026-08-29
INV02852,P00800,Compact Wall Clock (White),Home,LOC02852,117,30,3967.13,In Stock,2026-08-28
INV02853,P00770,Deluxe Smart Watch (Black),Electronics,LOC02853,293,25,3077.83,In Stock,2026-08-25
INV02854,P00389,Standard Travel Pouch (Green),Accessories,LOC02854,58,30,4511.5,In Stock,2026-08-24
INV02855,P00786,Standard Earbuds (Grey),Electronics,LOC02855,271,10,2531.38,In Stock,2026-08-11
INV02856,P00091,Compact File Folder (Black),Stationery,LOC02856,154,25,326.49,In Stock,2026-08-20
INV02857,P00372,Pro Travel Pouch (Grey),Accessories,LOC02857,152,30,2628.43,In Stock,2026-08-20
INV02858,P00081,Pro Loafers (Red),Footwear,LOC02858,139,20,269.81,In Stock,2026-08-19
INV02859,P00060,Compact Laptop Stand (White),Electronics,LOC02859,172,15,936.49,In Stock,2026-08-17
INV02860,P00753,Lite Handbag (Green),Accessories,LOC02860,182,10,1400.11,In Stock,2026-08-15
INV02861,P00028,Classic Earbuds (White),Electronics,LOC02861,295,30,1123.59,In Stock,2026-08-18
INV02862,P00265,Premium Wall Clock (Grey),Home,LOC02862,124,20,4871.67,In Stock,2026-08-11
INV02863,P00755,Classic Backpack (White),Accessories,LOC02863,55,30,542.59,In Stock,2026-08-04
INV02864,P00059,Premium Boots (Red),Footwear,LOC02864,265,40,4320.85,In Stock,2026-08-12
INV02865,P00548,Mini Sports Shoes (Black),Footwear,LOC02865,210,20,4494.63,In Stock,2026-08-22
INV02866,P00625,Plus Bed Sheet Set (Grey),Home,LOC02866,164,30,4109.68,In Stock,2026-08-20
INV02867,P00079,Deluxe Curtain (White),Home,LOC02867,182,15,2118.04,In Stock,2026-08-27
INV02868,P00513,Mini Calculator (Green),Stationery,LOC02868,107,40,2323.4,In Stock,2026-08-02
INV02869,P00712,Plus Sticky Notes (Green),Stationery,LOC02869,140,15,139.74,In Stock,2026-08-23
INV02870,P00778,Compact Desk Organizer (Red),Stationery,LOC02870,79,10,4305.29,In Stock,2026-08-05
INV02871,P00272,Standard Backpack (Grey),Accessories,LOC02871,177,15,3346.22,In Stock,2026-08-20
INV02872,P00138,Max Sandals (Beige),Footwear,LOC02872,171,10,1551.88,In Stock,2026-08-28
INV02873,P00168,Plus Keyboard (Silver),Electronics,LOC02873,264,30,4613.8,In Stock,2026-08-28
INV02874,P00562,Max Handbag (Black),Accessories,LOC02874,72,10,2404.35,In Stock,2026-08-03
INV02875,P00700,Plus Cap (Silver),Accessories,LOC02875,276,20,1593.73,In Stock,2026-08-09
INV02876,P00006,Deluxe Slippers (Grey),Footwear,LOC02876,89,20,4682.83,In Stock,2026-08-19
INV02877,P00107,Classic Stapler (White),Stationery,LOC02877,280,25,3441.75,In Stock,2026-08-30
INV02878,P00185,Max Formal Shoes (Green),Footwear,LOC02878,134,10,2343.25,In Stock,2026-08-14
INV02879,P00512,Premium Bed Sheet Set (Blue),Home,LOC02879,274,20,1785.27,In Stock,2026-08-02
INV02880,P00148,Classic Calculator (Beige),Stationery,LOC02880,92,30,4333.94,In Stock,2026-08-14
INV02881,P00439,Premium Candle Holder (Beige),Home,LOC02881,257,30,3130.43,In Stock,2026-08-17
INV02882,P00604,Premium Flip Flops (Red),Footwear,LOC02882,268,30,1719.15,In Stock,2026-08-15
INV02883,P00286,Deluxe Cap (Beige),Accessories,LOC02883,262,20,3815.61,In Stock,2026-08-09
INV02884,P00071,Mini Pen Set (White),Stationery,LOC02884,142,15,4597.53,In Stock,2026-08-01
INV02885,P00140,Compact Photo Frame (Silver),Home,LOC02885,297,40,2137.15,In Stock,2026-08-23
INV02886,P00004,Max USB-C Cable (Black),Electronics,LOC02886,168,40,990.78,In Stock,2026-08-20
INV02887,P00465,Premium Sneakers (Black),Footwear,LOC02887,32,20,1122.09,In Stock,2026-08-23
INV02888,P00386,Plus Sticky Notes (White),Stationery,LOC02888,264,15,642.31,In Stock,2026-08-20
INV02889,P00286,Deluxe Cap (Beige),Accessories,LOC02889,146,30,2443.73,In Stock,2026-08-26
INV02890,P00249,Deluxe Flip Flops (Green),Footwear,LOC02890,178,25,4612.5,In Stock,2026-08-14
INV02891,P00072,Max Pen Set (Beige),Stationery,LOC02891,209,20,765.91,In Stock,2026-08-18
INV02892,P00136,Lite Table Lamp (Red),Home,LOC02892,122,40,4832.83,In Stock,2026-08-28
INV02893,P00477,Lite Flip Flops (Blue),Footwear,LOC02893,214,10,1335.38,In Stock,2026-08-11
INV02894,P00031,Compact Stapler (Black),Stationery,LOC02894,118,20,271.1,In Stock,2026-08-04
INV02895,P00724,Plus Sandals (Silver),Footwear,LOC02895,230,15,1281.24,In Stock,2026-08-21
INV02896,P00055,Premium Candle Holder (Black),Home,LOC02896,225,15,4060.29,In Stock,2026-08-22
INV02897,P00667,Lite Water Bottle (Beige),Home,LOC02897,251,40,2126.9,In Stock,2026-08-03
INV02898,P00665,Pro Wireless Mouse (Green),Electronics,LOC02898,145,15,4372.8,In Stock,2026-08-10
INV02899,P00361,Standard Curtain (White),Home,LOC02899,96,25,4018.02,In Stock,2026-08-28
INV02900,P00108,Plus File Folder (Green),Stationery,LOC02900,39,15,3521.79,In Stock,2026-08-07
INV02901,P00504,Deluxe Water Bottle (Red),Home,LOC02901,95,30,2742.97,In Stock,2026-08-18
INV02902,P00049,Pro USB-C Cable (Black),Electronics,LOC02902,213,25,3514.08,In Stock,2026-08-03
INV02903,P00306,Compact Sandals (Grey),Footwear,LOC02903,261,20,2065.57,In Stock,2026-08-11
INV02904,P00238,Mini Bed Sheet Set (Beige),Home,LOC02904,221,20,490.53,In Stock,2026-08-11
INV02905,P00030,Deluxe Candle Holder (Silver),Home,LOC02905,282,15,961.5,In Stock,2026-08-22
INV02906,P00143,Plus Water Bottle (Grey),Home,LOC02906,87,10,2663.23,In Stock,2026-08-30
INV02907,P00554,Mini Wall Clock (Black),Home,LOC02907,221,25,4564.53,In Stock,2026-08-19
INV02908,P00324,Standard Webcam (Green),Electronics,LOC02908,139,30,4618.48,In Stock,2026-08-13
INV02909,P00621,Max Router (Blue),Electronics,LOC02909,158,30,2556.36,In Stock,2026-08-06
INV02910,P00161,Deluxe Wallet (Black),Accessories,LOC02910,272,40,4427.8,In Stock,2026-08-10
INV02911,P00337,Plus Cap (Green),Accessories,LOC02911,22,15,3381.26,In Stock,2026-08-08
INV02912,P00691,Deluxe Travel Pouch (White),Accessories,LOC02912,276,15,545.74,In Stock,2026-08-18
INV02913,P00752,Max Sports Shoes (Silver),Footwear,LOC02913,107,15,4597.02,In Stock,2026-08-24
INV02914,P00213,Deluxe Keychain (Grey),Accessories,LOC02914,195,25,4901.8,In Stock,2026-08-17
INV02915,P00130,Max Smart Watch (White),Electronics,LOC02915,246,25,766.3,In Stock,2026-08-18
INV02916,P00555,Deluxe Cap (Red),Accessories,LOC02916,173,40,804.72,In Stock,2026-08-06
INV02917,P00474,Lite Sticky Notes (Blue),Stationery,LOC02917,193,40,831.76,In Stock,2026-08-01
INV02918,P00518,Pro Handbag (Beige),Accessories,LOC02918,229,25,4171.69,In Stock,2026-08-18
INV02919,P00449,Classic Sticky Notes (Blue),Stationery,LOC02919,3,10,3361.61,Low Stock,2026-08-14
INV02920,P00234,Pro File Folder (Red),Stationery,LOC02920,136,15,1799.1,In Stock,2026-08-21
INV02921,P00773,Pro Formal Shoes (Blue),Footwear,LOC02921,188,40,1775.4,In Stock,2026-08-16
INV02922,P00436,Lite Highlighter Set (Black),Stationery,LOC02922,98,15,4307.01,In Stock,2026-08-21
INV02923,P00464,Pro Marker Pack (Red),Stationery,LOC02923,18,25,1718.9,Low Stock,2026-08-02
INV02924,P00348,Compact Highlighter Set (Grey),Stationery,LOC02924,182,30,2401.1,In Stock,2026-08-23
INV02925,P00063,Premium Door Mat (Red),Home,LOC02925,236,15,3378.05,In Stock,2026-08-08
INV02926,P00130,Max Smart Watch (White),Electronics,LOC02926,281,15,4620.63,In Stock,2026-08-12
INV02927,P00024,Premium Candle Holder (Blue),Home,LOC02927,83,20,303.62,In Stock,2026-08-26
INV02928,P00745,Plus Sandals (Red),Footwear,LOC02928,169,15,1521.73,In Stock,2026-08-11
INV02929,P00421,Premium Tablet Stand (Black),Electronics,LOC02929,114,30,4471.63,In Stock,2026-08-19
INV02930,P00470,Pro Loafers (Silver),Footwear,LOC02930,19,40,608.59,Low Stock,2026-08-10
INV02931,P00489,Plus Handbag (Beige),Accessories,LOC02931,275,30,1861.46,In Stock,2026-08-28
INV02932,P00598,Mini Boots (Red),Footwear,LOC02932,146,25,2354.15,In Stock,2026-08-13
INV02933,P00541,Compact Running Shoes (Red),Footwear,LOC02933,175,25,148.78,In Stock,2026-08-13
INV02934,P00286,Deluxe Cap (Beige),Accessories,LOC02934,135,30,2212.05,In Stock,2026-08-24
INV02935,P00765,Plus Wireless Mouse (White),Electronics,LOC02935,106,15,3154.64,In Stock,2026-08-06
INV02936,P00073,Deluxe HDMI Cable (Red),Electronics,LOC02936,83,40,3050.21,In Stock,2026-08-10
INV02937,P00361,Standard Curtain (White),Home,LOC02937,238,30,2243.75,In Stock,2026-08-30
INV02938,P00011,Premium Charger (White),Electronics,LOC02938,216,40,1270.84,In Stock,2026-08-29
INV02939,P00630,Max Storage Box (White),Home,LOC02939,160,20,3418.7,In Stock,2026-08-19
INV02940,P00286,Deluxe Cap (Beige),Accessories,LOC02940,215,15,2491.13,In Stock,2026-08-09
INV02941,P00025,Max Sunglasses (Grey),Accessories,LOC02941,284,40,1110.01,In Stock,2026-08-20
INV02942,P00088,Pro Backpack (Beige),Accessories,LOC02942,24,15,2921.01,In Stock,2026-08-08
INV02943,P00030,Deluxe Candle Holder (Silver),Home,LOC02943,60,40,2543.12,In Stock,2026-08-08
INV02944,P00778,Compact Desk Organizer (Red),Stationery,LOC02944,73,25,1312.98,In Stock,2026-08-18
INV02945,P00435,Lite Webcam (Beige),Electronics,LOC02945,27,30,3896.8,Low Stock,2026-08-11
INV02946,P00078,Pro Photo Frame (Black),Home,LOC02946,276,10,4737.56,In Stock,2026-08-22
INV02947,P00375,Compact Desk Organizer (Beige),Stationery,LOC02947,105,15,4203.76,In Stock,2026-08-15
INV02948,P00203,Classic Desk Organizer (White),Stationery,LOC02948,206,20,732.57,In Stock,2026-08-15
INV02949,P00672,Lite Sports Shoes (Beige),Footwear,LOC02949,251,25,3857.04,In Stock,2026-08-06
INV02950,P00073,Deluxe HDMI Cable (Red),Electronics,LOC02950,195,20,2213.32,In Stock,2026-08-12
INV02951,P00636,Pro Formal Shoes (Blue),Footwear,LOC02951,236,20,3371.15,In Stock,2026-08-23
INV02952,P00303,Compact Tablet Stand (Red),Electronics,LOC02952,253,20,1780.97,In Stock,2026-08-11
INV02953,P00584,Standard Candle Holder (White),Home,LOC02953,188,20,1687.63,In Stock,2026-08-01
INV02954,P00665,Pro Wireless Mouse (Green),Electronics,LOC02954,198,15,3578.36,In Stock,2026-08-05
INV02955,P00085,Pro Wallet (Blue),Accessories,LOC02955,58,25,1885.29,In Stock,2026-08-10
INV02956,P00294,Standard Sticky Notes (White),Stationery,LOC02956,286,10,1789.37,In Stock,2026-08-08
INV02957,P00165,Plus Notebook (Beige),Stationery,LOC02957,160,40,4493.73,In Stock,2026-08-05
INV02958,P00147,Premium Storage Box (Blue),Home,LOC02958,232,10,3889.84,In Stock,2026-08-29
INV02959,P00661,Pro Handbag (White),Accessories,LOC02959,83,30,2031.35,In Stock,2026-08-25
INV02960,P00321,Pro Earbuds (Red),Electronics,LOC02960,34,10,3576.85,In Stock,2026-08-20
INV02961,P00095,Plus Backpack (Red),Accessories,LOC02961,191,20,3580.61,In Stock,2026-08-16
INV02962,P00328,Deluxe Notebook (Green),Stationery,LOC02962,30,15,296.76,In Stock,2026-08-26
INV02963,P00681,Max Curtain (Green),Home,LOC02963,242,15,3847.67,In Stock,2026-08-21
INV02964,P00269,Lite Umbrella (Red),Accessories,LOC02964,103,25,3679.19,In Stock,2026-08-01
INV02965,P00561,Deluxe Cap (Black),Accessories,LOC02965,153,15,4129.42,In Stock,2026-08-02
INV02966,P00372,Pro Travel Pouch (Grey),Accessories,LOC02966,123,40,3949.29,In Stock,2026-08-06
INV02967,P00756,Pro Water Bottle (Blue),Home,LOC02967,146,20,946.08,In Stock,2026-08-01
INV02968,P00206,Standard Running Shoes (Silver),Footwear,LOC02968,119,25,4192.93,In Stock,2026-08-10
INV02969,P00023,Plus Hiking Boots (Red),Footwear,LOC02969,128,30,4005.36,In Stock,2026-08-03
INV02970,P00091,Compact File Folder (Black),Stationery,LOC02970,19,30,906.35,Low Stock,2026-08-12
INV02971,P00490,Compact Loafers (White),Footwear,LOC02971,162,30,398.54,In Stock,2026-08-19
INV02972,P00028,Classic Earbuds (White),Electronics,LOC02972,244,20,532.85,In Stock,2026-08-20
INV02973,P00672,Lite Sports Shoes (Beige),Footwear,LOC02973,78,15,2091.52,In Stock,2026-08-11
INV02974,P00089,Classic Backpack (Green),Accessories,LOC02974,44,30,1098.34,In Stock,2026-08-26
INV02975,P00310,Compact Sports Shoes (White),Footwear,LOC02975,119,40,3578.26,In Stock,2026-08-09
INV02976,P00485,Standard Cushion (Grey),Home,LOC02976,103,10,3857.97,In Stock,2026-08-07
INV02977,P00639,Premium Watch Strap (Red),Accessories,LOC02977,90,25,2193.84,In Stock,2026-08-29
INV02978,P00426,Compact Calculator (Black),Stationery,LOC02978,95,10,1521.74,In Stock,2026-08-16
INV02979,P00132,Compact Curtain (Beige),Home,LOC02979,59,10,3888.03,In Stock,2026-08-05
INV02980,P00635,Classic Stapler (Beige),Stationery,LOC02980,104,10,4969.27,In Stock,2026-08-17
INV02981,P00041,Premium Charger (White),Electronics,LOC02981,148,10,2845.37,In Stock,2026-08-19
INV02982,P00167,Standard Tablet Stand (Silver),Electronics,LOC02982,269,30,2823.68,In Stock,2026-08-20
INV02983,P00661,Pro Handbag (White),Accessories,LOC02983,35,30,3418.39,In Stock,2026-08-19
INV02984,P00310,Compact Sports Shoes (White),Footwear,LOC02984,80,20,4139.06,In Stock,2026-08-07
INV02985,P00111,Standard Charger (Black),Electronics,LOC02985,294,40,275.89,In Stock,2026-08-28
INV02986,P00158,Deluxe Table Lamp (Red),Home,LOC02986,111,10,2022.52,In Stock,2026-08-07
INV02987,P00576,Standard Flip Flops (Silver),Footwear,LOC02987,105,40,4798.59,In Stock,2026-08-04
INV02988,P00240,Standard Power Bank (Green),Electronics,LOC02988,204,25,4958.34,In Stock,2026-08-16
INV02989,P00729,Deluxe Formal Shoes (Black),Footwear,LOC02989,35,40,515.87,Low Stock,2026-08-30
INV02990,P00671,Mini Umbrella (White),Accessories,LOC02990,280,15,550.98,In Stock,2026-08-29
INV02991,P00118,Classic Bed Sheet Set (Grey),Home,LOC02991,245,30,1672.19,In Stock,2026-08-10
INV02992,P00031,Compact Stapler (Black),Stationery,LOC02992,122,10,3929.44,In Stock,2026-08-24
INV02993,P00024,Premium Candle Holder (Blue),Home,LOC02993,139,15,3001.93,In Stock,2026-08-26
INV02994,P00441,Lite Travel Pouch (White),Accessories,LOC02994,252,10,4481.39,In Stock,2026-08-03
INV02995,P00487,Premium Candle Holder (Silver),Home,LOC02995,176,25,2322.53,In Stock,2026-08-02
INV02996,P00770,Deluxe Smart Watch (Black),Electronics,LOC02996,78,40,2349.23,In Stock,2026-08-12
INV02997,P00232,Classic Table Lamp (Red),Home,LOC02997,193,10,675.59,In Stock,2026-08-25
INV02998,P00027,Mini Belt (Silver),Accessories,LOC02998,254,15,3666.64,In Stock,2026-08-21
INV02999,P00096,Plus Formal Shoes (Beige),Footwear,LOC02999,28,40,3798.71,Low Stock,2026-08-11
INV03000,P00032,Compact Monitor (Grey),Electronics,LOC03000,293,15,4311.6,In Stock,2026-08-20
INV03001,P00211,Mini Marker Pack (Grey),Stationery,LOC03001,217,10,210.28,In Stock,2026-08-13
INV03002,P00354,Plus Calculator (White),Stationery,LOC03002,143,30,4326.05,In Stock,2026-08-13
INV03003,P00407,Mini Wallet (Grey),Accessories,LOC03003,125,25,4934.39,In Stock,2026-08-28
INV03004,P00254,Plus Tablet Stand (Beige),Electronics,LOC03004,236,15,2515.45,In Stock,2026-08-02
INV03005,P00761,Max Wall Clock (Beige),Home,LOC03005,162,40,3927.62,In Stock,2026-08-17
INV03006,P00594,Standard Running Shoes (Silver),Footwear,LOC03006,33,25,336.93,In Stock,2026-08-09
INV03007,P00431,Plus Travel Pouch (Blue),Accessories,LOC03007,127,15,1560.4,In Stock,2026-08-06
INV03008,P00032,Compact Monitor (Grey),Electronics,LOC03008,172,25,3912.75,In Stock,2026-08-29
INV03009,P00301,Classic Hiking Boots (Black),Footwear,LOC03009,277,20,2804.09,In Stock,2026-08-23
INV03010,P00639,Premium Watch Strap (Red),Accessories,LOC03010,87,40,1740.76,In Stock,2026-08-08
INV03011,P00750,Pro Notebook (Silver),Stationery,LOC03011,295,10,795.49,In Stock,2026-08-16
INV03012,P00333,Plus Travel Pouch (White),Accessories,LOC03012,72,30,2796.01,In Stock,2026-08-22
INV03013,P00346,Compact Belt (White),Accessories,LOC03013,140,40,4993.79,In Stock,2026-08-12
INV03014,P00116,Max Sticky Notes (Beige),Stationery,LOC03014,58,15,4777.6,In Stock,2026-08-29
INV03015,P00025,Max Sunglasses (Grey),Accessories,LOC03015,159,15,3912.6,In Stock,2026-08-17
INV03016,P00241,Classic Stapler (Grey),Stationery,LOC03016,253,25,4552.49,In Stock,2026-08-18
INV03017,P00561,Deluxe Cap (Black),Accessories,LOC03017,250,40,4401.37,In Stock,2026-08-07
INV03018,P00651,Standard Scissors (Blue),Stationery,LOC03018,74,15,182.27,In Stock,2026-08-08
INV03019,P00265,Premium Wall Clock (Grey),Home,LOC03019,120,40,2249.98,In Stock,2026-08-14
INV03020,P00532,Lite Boots (Red),Footwear,LOC03020,211,20,2633.58,In Stock,2026-08-14
INV03021,P00756,Pro Water Bottle (Blue),Home,LOC03021,136,25,1230.35,In Stock,2026-08-04
INV03022,P00786,Standard Earbuds (Grey),Electronics,LOC03022,66,10,1216.13,In Stock,2026-08-02
INV03023,P00469,Standard File Folder (White),Stationery,LOC03023,176,20,2916.93,In Stock,2026-08-29
INV03024,P00493,Lite Wireless Mouse (Beige),Electronics,LOC03024,19,25,1854.92,Low Stock,2026-08-04
INV03025,P00310,Compact Sports Shoes (White),Footwear,LOC03025,262,10,3770.55,In Stock,2026-08-04
INV03026,P00276,Classic Formal Shoes (Grey),Footwear,LOC03026,40,20,972.49,In Stock,2026-08-12
INV03027,P00116,Max Sticky Notes (Beige),Stationery,LOC03027,159,40,3543.93,In Stock,2026-08-23
INV03028,P00071,Mini Pen Set (White),Stationery,LOC03028,212,10,678.49,In Stock,2026-08-18
INV03029,P00315,Standard Laptop Stand (Beige),Electronics,LOC03029,15,25,4398.51,Low Stock,2026-08-28
INV03030,P00078,Pro Photo Frame (Black),Home,LOC03030,264,10,2057.38,In Stock,2026-08-20
INV03031,P00767,Pro Sports Shoes (White),Footwear,LOC03031,170,10,3574.46,In Stock,2026-08-11
INV03032,P00277,Deluxe Water Bottle (Green),Home,LOC03032,179,25,958.7,In Stock,2026-08-30
INV03033,P00408,Mini Bed Sheet Set (Beige),Home,LOC03033,126,30,3788.99,In Stock,2026-08-13
INV03034,P00798,Mini Loafers (Grey),Footwear,LOC03034,255,15,4943.33,In Stock,2026-08-15
INV03035,P00028,Classic Earbuds (White),Electronics,LOC03035,148,15,1435.19,In Stock,2026-08-29
INV03036,P00703,Lite Wallet (Black),Accessories,LOC03036,143,20,1834.44,In Stock,2026-08-11
INV03037,P00421,Premium Tablet Stand (Black),Electronics,LOC03037,14,25,4962.13,Low Stock,2026-08-01
INV03038,P00089,Classic Backpack (Green),Accessories,LOC03038,211,10,844.72,In Stock,2026-08-21
INV03039,P00795,Pro Sunglasses (Black),Accessories,LOC03039,112,15,4018.32,In Stock,2026-08-17
INV03040,P00483,Standard Hiking Boots (Black),Footwear,LOC03040,64,20,3292.0,In Stock,2026-08-23
INV03041,P00745,Plus Sandals (Red),Footwear,LOC03041,106,25,1234.59,In Stock,2026-08-13
INV03042,P00377,Max Curtain (Green),Home,LOC03042,28,40,4203.89,Low Stock,2026-08-19
INV03043,P00647,Classic Desk Organizer (Blue),Stationery,LOC03043,10,25,1048.03,Low Stock,2026-08-26
INV03044,P00031,Compact Stapler (Black),Stationery,LOC03044,293,40,3445.54,In Stock,2026-08-03
INV03045,P00370,Pro Slippers (Silver),Footwear,LOC03045,278,10,1024.98,In Stock,2026-08-04
INV03046,P00710,Max Water Bottle (Red),Home,LOC03046,9,20,4098.61,Low Stock,2026-08-08
INV03047,P00644,Pro Keychain (Black),Accessories,LOC03047,287,20,4369.86,In Stock,2026-08-09
INV03048,P00486,Classic Table Lamp (Blue),Home,LOC03048,17,25,2156.86,Low Stock,2026-08-01
INV03049,P00499,Deluxe Sneakers (Green),Footwear,LOC03049,169,30,2923.37,In Stock,2026-08-23
INV03050,P00727,Premium Calculator (Beige),Stationery,LOC03050,156,10,3009.2,In Stock,2026-08-26
INV03051,P00364,Max Calculator (Green),Stationery,LOC03051,145,20,2194.96,In Stock,2026-08-20
INV03052,P00338,Mini Bluetooth Speaker (Beige),Electronics,LOC03052,70,20,4905.76,In Stock,2026-08-27
INV03053,P00770,Deluxe Smart Watch (Black),Electronics,LOC03053,243,40,3520.0,In Stock,2026-08-27
INV03054,P00363,Pro Sunglasses (White),Accessories,LOC03054,66,25,924.92,In Stock,2026-08-16
INV03055,P00008,Mini Cap (Red),Accessories,LOC03055,57,10,3275.97,In Stock,2026-08-14
INV03056,P00458,Premium Cap (Red),Accessories,LOC03056,138,15,2940.8,In Stock,2026-08-10
INV03057,P00292,Max Headphones (Blue),Electronics,LOC03057,163,40,1246.75,In Stock,2026-08-19
INV03058,P00691,Deluxe Travel Pouch (White),Accessories,LOC03058,209,10,2797.93,In Stock,2026-08-23
INV03059,P00167,Standard Tablet Stand (Silver),Electronics,LOC03059,142,25,3068.59,In Stock,2026-08-30
INV03060,P00736,Lite Laptop Stand (Green),Electronics,LOC03060,23,10,2279.28,In Stock,2026-08-02
INV03061,P00477,Lite Flip Flops (Blue),Footwear,LOC03061,52,30,3588.3,In Stock,2026-08-05
INV03062,P00291,Lite Wireless Mouse (Silver),Electronics,LOC03062,172,40,4763.99,In Stock,2026-08-15
INV03063,P00756,Pro Water Bottle (Blue),Home,LOC03063,122,40,4381.39,In Stock,2026-08-02
INV03064,P00797,Compact Travel Pouch (Grey),Accessories,LOC03064,154,30,539.32,In Stock,2026-08-18
INV03065,P00296,Plus Charger (Red),Electronics,LOC03065,125,15,3890.96,In Stock,2026-08-11
INV03066,P00555,Deluxe Cap (Red),Accessories,LOC03066,109,15,3404.06,In Stock,2026-08-16
INV03067,P00484,Lite Bed Sheet Set (Grey),Home,LOC03067,183,40,3325.33,In Stock,2026-08-28
INV03068,P00588,Standard Bed Sheet Set (Beige),Home,LOC03068,63,30,335.56,In Stock,2026-08-22
INV03069,P00142,Classic Curtain (Beige),Home,LOC03069,166,25,3221.35,In Stock,2026-08-13
INV03070,P00729,Deluxe Formal Shoes (Black),Footwear,LOC03070,49,25,1773.09,In Stock,2026-08-27
INV03071,P00574,Premium Hiking Boots (White),Footwear,LOC03071,33,15,4338.99,In Stock,2026-08-27
INV03072,P00480,Deluxe Hiking Boots (Green),Footwear,LOC03072,267,10,1459.22,In Stock,2026-08-26
INV03073,P00739,Mini Hiking Boots (Red),Footwear,LOC03073,249,10,691.02,In Stock,2026-08-24
INV03074,P00427,Classic Door Mat (Beige),Home,LOC03074,38,10,1362.2,In Stock,2026-08-10
INV03075,P00391,Classic Scissors (Green),Stationery,LOC03075,41,40,4294.67,In Stock,2026-08-04
INV03076,P00247,Premium Webcam (Beige),Electronics,LOC03076,295,10,4020.2,In Stock,2026-08-15
INV03077,P00177,Compact Notebook (Red),Stationery,LOC03077,154,40,1142.14,In Stock,2026-08-28
INV03078,P00750,Pro Notebook (Silver),Stationery,LOC03078,264,40,4303.1,In Stock,2026-08-30
INV03079,P00784,Classic Table Lamp (White),Home,LOC03079,94,20,4998.95,In Stock,2026-08-08
INV03080,P00686,Standard Tablet Stand (Silver),Electronics,LOC03080,149,25,4209.03,In Stock,2026-08-18
INV03081,P00746,Mini Door Mat (Grey),Home,LOC03081,234,25,2395.91,In Stock,2026-08-01
INV03082,P00574,Premium Hiking Boots (White),Footwear,LOC03082,75,10,944.65,In Stock,2026-08-11
INV03083,P00098,Classic Sports Shoes (Blue),Footwear,LOC03083,44,15,3661.66,In Stock,2026-08-25
INV03084,P00569,Pro Hiking Boots (Silver),Footwear,LOC03084,281,10,2089.28,In Stock,2026-08-06
INV03085,P00586,Standard Flip Flops (Blue),Footwear,LOC03085,30,30,3361.64,Low Stock,2026-08-20
INV03086,P00422,Max Desk Organizer (Blue),Stationery,LOC03086,9,40,2207.85,Low Stock,2026-08-05
INV03087,P00737,Pro Laptop Stand (Red),Electronics,LOC03087,281,15,3267.28,In Stock,2026-08-07
INV03088,P00370,Pro Slippers (Silver),Footwear,LOC03088,32,25,2071.3,In Stock,2026-08-14
INV03089,P00685,Premium Cushion (Grey),Home,LOC03089,68,30,4161.63,In Stock,2026-08-04
INV03090,P00194,Premium Stapler (Silver),Stationery,LOC03090,241,40,4228.63,In Stock,2026-08-01
INV03091,P00022,Lite Watch Strap (White),Accessories,LOC03091,23,25,2487.35,Low Stock,2026-08-26
INV03092,P00796,Mini Running Shoes (Silver),Footwear,LOC03092,270,10,3782.89,In Stock,2026-08-21
INV03093,P00427,Classic Door Mat (Beige),Home,LOC03093,222,40,1200.5,In Stock,2026-08-25
INV03094,P00038,Premium Scissors (Black),Stationery,LOC03094,17,25,1248.43,Low Stock,2026-08-19
INV03095,P00517,Premium Stapler (Black),Stationery,LOC03095,79,20,3487.67,In Stock,2026-08-22
INV03096,P00504,Deluxe Water Bottle (Red),Home,LOC03096,155,40,4338.64,In Stock,2026-08-18
INV03097,P00701,Premium Flip Flops (Green),Footwear,LOC03097,209,15,4275.87,In Stock,2026-08-12
INV03098,P00294,Standard Sticky Notes (White),Stationery,LOC03098,137,40,2034.34,In Stock,2026-08-26
INV03099,P00453,Plus Photo Frame (Silver),Home,LOC03099,218,15,1865.21,In Stock,2026-08-16
INV03100,P00283,Standard Sneakers (Green),Footwear,LOC03100,261,10,603.52,In Stock,2026-08-06
INV03101,P00601,Classic Highlighter Set (Green),Stationery,LOC03101,255,20,1814.12,In Stock,2026-08-16
INV03102,P00042,Mini Sticky Notes (Silver),Stationery,LOC03102,157,15,3797.5,In Stock,2026-08-11
INV03103,P00063,Premium Door Mat (Red),Home,LOC03103,223,15,3095.14,In Stock,2026-08-06
INV03104,P00232,Classic Table Lamp (Red),Home,LOC03104,110,10,3349.18,In Stock,2026-08-05
INV03105,P00262,Mini Sticky Notes (Blue),Stationery,LOC03105,87,20,4765.99,In Stock,2026-08-30
INV03106,P00229,Plus Flip Flops (Silver),Footwear,LOC03106,5,15,4994.56,Low Stock,2026-08-20
INV03107,P00473,Classic Bed Sheet Set (White),Home,LOC03107,20,20,1211.79,Low Stock,2026-08-24
INV03108,P00089,Classic Backpack (Green),Accessories,LOC03108,263,25,3270.75,In Stock,2026-08-11
INV03109,P00279,Max Storage Box (Blue),Home,LOC03109,204,25,1902.67,In Stock,2026-08-24
INV03110,P00129,Compact Sandals (Silver),Footwear,LOC03110,285,20,3823.28,In Stock,2026-08-07
INV03111,P00589,Premium Sneakers (Green),Footwear,LOC03111,12,30,4217.76,Low Stock,2026-08-02
INV03112,P00215,Compact Wall Clock (Silver),Home,LOC03112,208,25,1050.2,In Stock,2026-08-20
INV03113,P00505,Lite Travel Pouch (White),Accessories,LOC03113,118,25,733.64,In Stock,2026-08-07
INV03114,P00546,Classic Cap (White),Accessories,LOC03114,204,20,1230.3,In Stock,2026-08-06
INV03115,P00144,Compact Candle Holder (Red),Home,LOC03115,254,15,1011.57,In Stock,2026-08-22
INV03116,P00769,Mini Sports Shoes (Blue),Footwear,LOC03116,106,30,1241.08,In Stock,2026-08-04
INV03117,P00235,Pro Laptop Stand (Blue),Electronics,LOC03117,241,40,3599.47,In Stock,2026-08-27
INV03118,P00055,Premium Candle Holder (Black),Home,LOC03118,278,10,1628.75,In Stock,2026-08-23
INV03119,P00671,Mini Umbrella (White),Accessories,LOC03119,128,15,1100.63,In Stock,2026-08-30
INV03120,P00457,Compact File Folder (White),Stationery,LOC03120,136,10,1241.79,In Stock,2026-08-07
INV03121,P00780,Pro Candle Holder (Red),Home,LOC03121,63,15,2732.29,In Stock,2026-08-21
INV03122,P00527,Mini Charger (Red),Electronics,LOC03122,273,15,2052.26,In Stock,2026-08-09
INV03123,P00785,Max Power Bank (Black),Electronics,LOC03123,65,10,2484.64,In Stock,2026-08-12
INV03124,P00561,Deluxe Cap (Black),Accessories,LOC03124,6,40,1172.69,Low Stock,2026-08-09
INV03125,P00104,Pro Cap (Grey),Accessories,LOC03125,268,30,3167.87,In Stock,2026-08-26
INV03126,P00771,Premium Sticky Notes (Green),Stationery,LOC03126,58,40,2898.7,In Stock,2026-08-16
INV03127,P00395,Compact Calculator (Black),Stationery,LOC03127,8,30,3175.38,Low Stock,2026-08-29
INV03128,P00303,Compact Tablet Stand (Red),Electronics,LOC03128,182,20,3665.74,In Stock,2026-08-10
INV03129,P00708,Standard Sports Shoes (Black),Footwear,LOC03129,49,15,3360.87,In Stock,2026-08-12
INV03130,P00553,Plus Formal Shoes (Blue),Footwear,LOC03130,237,15,869.98,In Stock,2026-08-20
INV03131,P00297,Max Door Mat (Green),Home,LOC03131,165,10,3182.27,In Stock,2026-08-07
INV03132,P00462,Compact Wallet (Grey),Accessories,LOC03132,219,15,1876.03,In Stock,2026-08-17
INV03133,P00210,Standard Marker Pack (White),Stationery,LOC03133,67,20,1144.58,In Stock,2026-08-17
INV03134,P00586,Standard Flip Flops (Blue),Footwear,LOC03134,113,10,3105.68,In Stock,2026-08-20
INV03135,P00622,Compact Power Bank (Beige),Electronics,LOC03135,265,25,3419.83,In Stock,2026-08-28
INV03136,P00083,Deluxe Stapler (Black),Stationery,LOC03136,190,40,907.41,In Stock,2026-08-01
INV03137,P00609,Premium HDMI Cable (Green),Electronics,LOC03137,191,30,4137.95,In Stock,2026-08-25
INV03138,P00431,Plus Travel Pouch (Blue),Accessories,LOC03138,185,20,3435.58,In Stock,2026-08-25
INV03139,P00745,Plus Sandals (Red),Footwear,LOC03139,65,10,2040.0,In Stock,2026-08-11
INV03140,P00445,Standard Curtain (Blue),Home,LOC03140,268,40,3387.36,In Stock,2026-08-13
INV03141,P00038,Premium Scissors (Black),Stationery,LOC03141,234,25,2520.64,In Stock,2026-08-08
INV03142,P00483,Standard Hiking Boots (Black),Footwear,LOC03142,152,10,2926.33,In Stock,2026-08-27
INV03143,P00545,Max Door Mat (Grey),Home,LOC03143,126,25,2958.52,In Stock,2026-08-05
INV03144,P00742,Lite Cap (Grey),Accessories,LOC03144,45,30,1231.44,In Stock,2026-08-29
INV03145,P00343,Mini Bluetooth Speaker (Black),Electronics,LOC03145,158,15,1966.55,In Stock,2026-08-05
INV03146,P00157,Max Sticky Notes (Blue),Stationery,LOC03146,166,10,3819.93,In Stock,2026-08-12
INV03147,P00248,Premium Storage Box (Black),Home,LOC03147,226,40,2905.53,In Stock,2026-08-10
INV03148,P00425,Plus Smart Watch (White),Electronics,LOC03148,131,15,4592.07,In Stock,2026-08-20
INV03149,P00296,Plus Charger (Red),Electronics,LOC03149,102,10,1803.55,In Stock,2026-08-18
INV03150,P00762,Pro Charger (Black),Electronics,LOC03150,212,20,3914.61,In Stock,2026-08-12
INV03151,P00669,Mini Calculator (Beige),Stationery,LOC03151,101,20,384.22,In Stock,2026-08-03
INV03152,P00503,Plus Watch Strap (Black),Accessories,LOC03152,16,15,3716.82,In Stock,2026-08-02
INV03153,P00094,Classic Storage Box (Grey),Home,LOC03153,74,10,4705.07,In Stock,2026-08-24
INV03154,P00390,Pro Flip Flops (Beige),Footwear,LOC03154,192,40,3739.23,In Stock,2026-08-08
INV03155,P00172,Lite Formal Shoes (Silver),Footwear,LOC03155,199,20,1102.95,In Stock,2026-08-22
INV03156,P00722,Premium Storage Box (Blue),Home,LOC03156,87,15,1495.9,In Stock,2026-08-24
INV03157,P00518,Pro Handbag (Beige),Accessories,LOC03157,137,25,3031.11,In Stock,2026-08-19
INV03158,P00067,Lite Sneakers (Red),Footwear,LOC03158,200,25,2942.28,In Stock,2026-08-01
INV03159,P00035,Compact Sticky Notes (White),Stationery,LOC03159,5,30,2644.05,Low Stock,2026-08-10
INV03160,P00406,Compact Pen Set (White),Stationery,LOC03160,11,40,1117.58,Low Stock,2026-08-24
INV03161,P00764,Compact Marker Pack (Silver),Stationery,LOC03161,211,15,4626.48,In Stock,2026-08-10
INV03162,P00459,Premium Stapler (Red),Stationery,LOC03162,292,30,1067.74,In Stock,2026-08-21
INV03163,P00481,Classic Notebook (White),Stationery,LOC03163,182,30,3186.49,In Stock,2026-08-20
INV03164,P00287,Max Wallet (Silver),Accessories,LOC03164,247,10,3954.77,In Stock,2026-08-14
INV03165,P00632,Deluxe Backpack (Silver),Accessories,LOC03165,11,40,2527.68,Low Stock,2026-08-20
INV03166,P00425,Plus Smart Watch (White),Electronics,LOC03166,187,20,625.47,In Stock,2026-08-21
INV03167,P00293,Plus Door Mat (Beige),Home,LOC03167,251,20,3606.28,In Stock,2026-08-27
INV03168,P00429,Max Webcam (White),Electronics,LOC03168,294,25,1348.21,In Stock,2026-08-27
INV03169,P00506,Premium Bed Sheet Set (Grey),Home,LOC03169,119,15,3862.76,In Stock,2026-08-18
INV03170,P00059,Premium Boots (Red),Footwear,LOC03170,166,40,4721.59,In Stock,2026-08-05
INV03171,P00031,Compact Stapler (Black),Stationery,LOC03171,169,40,1788.38,In Stock,2026-08-13
INV03172,P00090,Mini Boots (Silver),Footwear,LOC03172,97,30,4013.35,In Stock,2026-08-15
INV03173,P00311,Premium Laptop Stand (Green),Electronics,LOC03173,230,40,3006.73,In Stock,2026-08-15
INV03174,P00772,Standard Sandals (Silver),Footwear,LOC03174,257,30,1438.85,In Stock,2026-08-08
INV03175,P00271,Plus Curtain (Grey),Home,LOC03175,22,20,2588.75,In Stock,2026-08-20
INV03176,P00634,Compact Wireless Mouse (Grey),Electronics,LOC03176,257,15,871.94,In Stock,2026-08-02
INV03177,P00332,Max Slippers (White),Footwear,LOC03177,76,10,2605.37,In Stock,2026-08-08
INV03178,P00585,Plus Sticky Notes (White),Stationery,LOC03178,199,40,4029.85,In Stock,2026-08-09
INV03179,P00656,Plus Cushion (Beige),Home,LOC03179,135,15,1560.03,In Stock,2026-08-30
INV03180,P00238,Mini Bed Sheet Set (Beige),Home,LOC03180,128,20,3013.84,In Stock,2026-08-17
INV03181,P00182,Premium Scissors (Green),Stationery,LOC03181,95,10,3460.54,In Stock,2026-08-27
INV03182,P00399,Deluxe Slippers (Grey),Footwear,LOC03182,120,10,410.14,In Stock,2026-08-17
INV03183,P00534,Lite Stapler (White),Stationery,LOC03183,23,30,4351.13,Low Stock,2026-08-07
INV03184,P00430,Mini Scissors (Black),Stationery,LOC03184,148,30,102.39,In Stock,2026-08-13
INV03185,P00307,Classic Formal Shoes (Blue),Footwear,LOC03185,30,30,2070.57,Low Stock,2026-08-07
INV03186,P00452,Classic Curtain (Blue),Home,LOC03186,235,20,699.38,In Stock,2026-08-14
INV03187,P00760,Mini Webcam (Black),Electronics,LOC03187,218,10,968.35,In Stock,2026-08-03
INV03188,P00347,Pro Watch Strap (Grey),Accessories,LOC03188,121,10,4098.12,In Stock,2026-08-24
INV03189,P00415,Premium Storage Box (Silver),Home,LOC03189,160,40,3963.39,In Stock,2026-08-12
INV03190,P00728,Premium Candle Holder (Silver),Home,LOC03190,35,30,4523.41,In Stock,2026-08-21
INV03191,P00046,Max USB-C Cable (White),Electronics,LOC03191,154,10,2652.56,In Stock,2026-08-04
INV03192,P00227,Standard Earbuds (Black),Electronics,LOC03192,110,15,4239.95,In Stock,2026-08-12
INV03193,P00426,Compact Calculator (Black),Stationery,LOC03193,205,40,4092.12,In Stock,2026-08-01
INV03194,P00528,Premium Scissors (Beige),Stationery,LOC03194,161,20,3854.46,In Stock,2026-08-24
INV03195,P00027,Mini Belt (Silver),Accessories,LOC03195,300,15,1044.81,In Stock,2026-08-11
INV03196,P00532,Lite Boots (Red),Footwear,LOC03196,54,10,435.04,In Stock,2026-08-29
INV03197,P00302,Mini Belt (Red),Accessories,LOC03197,238,20,552.95,In Stock,2026-08-04
INV03198,P00384,Plus Wallet (White),Accessories,LOC03198,28,30,4060.26,Low Stock,2026-08-13
INV03199,P00613,Plus Cushion (Grey),Home,LOC03199,290,20,667.09,In Stock,2026-08-25
INV03200,P00411,Plus Bed Sheet Set (Red),Home,LOC03200,191,40,1745.61,In Stock,2026-08-02
INV03201,P00590,Max Boots (White),Footwear,LOC03201,113,10,2116.74,In Stock,2026-08-27
INV03202,P00449,Classic Sticky Notes (Blue),Stationery,LOC03202,256,10,2512.03,In Stock,2026-08-14
INV03203,P00495,Plus Keychain (Red),Accessories,LOC03203,274,10,1623.83,In Stock,2026-08-01
INV03204,P00152,Plus Slippers (Green),Footwear,LOC03204,104,30,3779.95,In Stock,2026-08-23
INV03205,P00572,Mini Calculator (Blue),Stationery,LOC03205,187,40,4599.2,In Stock,2026-08-01
INV03206,P00719,Mini Wallet (Green),Accessories,LOC03206,216,10,4816.91,In Stock,2026-08-03
INV03207,P00226,Lite Webcam (Green),Electronics,LOC03207,71,15,1468.3,In Stock,2026-08-03
INV03208,P00362,Plus Wall Clock (Red),Home,LOC03208,69,15,4369.51,In Stock,2026-08-02
INV03209,P00791,Pro Curtain (Grey),Home,LOC03209,21,20,4722.98,In Stock,2026-08-22
INV03210,P00219,Classic Keychain (Blue),Accessories,LOC03210,37,25,2529.53,In Stock,2026-08-30
INV03211,P00535,Standard Calculator (Beige),Stationery,LOC03211,178,30,3609.11,In Stock,2026-08-13
INV03212,P00262,Mini Sticky Notes (Blue),Stationery,LOC03212,3,30,619.46,Low Stock,2026-08-13
INV03213,P00708,Standard Sports Shoes (Black),Footwear,LOC03213,212,15,3630.99,In Stock,2026-08-26
INV03214,P00666,Deluxe Pen Set (Green),Stationery,LOC03214,30,15,4982.54,In Stock,2026-08-13
INV03215,P00380,Mini Smart Watch (Black),Electronics,LOC03215,219,10,3400.49,In Stock,2026-08-11
INV03216,P00173,Deluxe Slippers (Beige),Footwear,LOC03216,60,10,334.52,In Stock,2026-08-18
INV03217,P00659,Pro Formal Shoes (Grey),Footwear,LOC03217,277,10,3368.4,In Stock,2026-08-03
INV03218,P00135,Max Highlighter Set (Grey),Stationery,LOC03218,117,40,3110.45,In Stock,2026-08-28
INV03219,P00624,Deluxe Sports Shoes (Red),Footwear,LOC03219,100,15,1689.28,In Stock,2026-08-02
INV03220,P00598,Mini Boots (Red),Footwear,LOC03220,260,40,2944.96,In Stock,2026-08-25
INV03221,P00139,Pro Sneakers (Beige),Footwear,LOC03221,219,10,1182.69,In Stock,2026-08-26
INV03222,P00292,Max Headphones (Blue),Electronics,LOC03222,174,40,2818.36,In Stock,2026-08-20
INV03223,P00705,Compact Sneakers (Blue),Footwear,LOC03223,53,30,4418.22,In Stock,2026-08-28
INV03224,P00721,Deluxe Sticky Notes (Beige),Stationery,LOC03224,55,25,4313.87,In Stock,2026-08-19
INV03225,P00050,Compact Wallet (Red),Accessories,LOC03225,183,20,899.06,In Stock,2026-08-01
INV03226,P00067,Lite Sneakers (Red),Footwear,LOC03226,25,15,3982.77,In Stock,2026-08-27
INV03227,P00007,Mini Earbuds (Beige),Electronics,LOC03227,62,30,3901.27,In Stock,2026-08-13
INV03228,P00706,Plus Sticky Notes (Beige),Stationery,LOC03228,6,30,3760.04,Low Stock,2026-08-09
INV03229,P00417,Mini Belt (Beige),Accessories,LOC03229,277,10,3488.78,In Stock,2026-08-23
INV03230,P00512,Premium Bed Sheet Set (Blue),Home,LOC03230,131,10,4218.82,In Stock,2026-08-02
INV03231,P00280,Compact Scissors (Grey),Stationery,LOC03231,288,25,1473.4,In Stock,2026-08-11
INV03232,P00361,Standard Curtain (White),Home,LOC03232,206,10,3431.51,In Stock,2026-08-01
INV03233,P00758,Lite Sandals (Blue),Footwear,LOC03233,256,20,4154.71,In Stock,2026-08-02
INV03234,P00709,Premium Marker Pack (Beige),Stationery,LOC03234,134,25,2216.77,In Stock,2026-08-11
INV03235,P00571,Compact Tablet Stand (Red),Electronics,LOC03235,279,15,2899.34,In Stock,2026-08-30
INV03236,P00042,Mini Sticky Notes (Silver),Stationery,LOC03236,132,25,4914.73,In Stock,2026-08-05
INV03237,P00081,Pro Loafers (Red),Footwear,LOC03237,73,20,3322.83,In Stock,2026-08-22
INV03238,P00298,Plus Monitor (Green),Electronics,LOC03238,183,30,2270.01,In Stock,2026-08-15
INV03239,P00442,Standard Table Lamp (Blue),Home,LOC03239,161,15,3403.97,In Stock,2026-08-28
INV03240,P00643,Premium Formal Shoes (Beige),Footwear,LOC03240,147,30,3787.47,In Stock,2026-08-15
INV03241,P00620,Plus Loafers (Beige),Footwear,LOC03241,176,10,568.06,In Stock,2026-08-07
INV03242,P00293,Plus Door Mat (Beige),Home,LOC03242,71,25,2063.19,In Stock,2026-08-17
INV03243,P00481,Classic Notebook (White),Stationery,LOC03243,192,20,1667.83,In Stock,2026-08-29
INV03244,P00015,Max Tablet Stand (White),Electronics,LOC03244,198,15,4051.53,In Stock,2026-08-05
INV03245,P00398,Standard Water Bottle (Green),Home,LOC03245,61,10,1995.04,In Stock,2026-08-25
INV03246,P00788,Compact Monitor (Blue),Electronics,LOC03246,276,40,137.6,In Stock,2026-08-13
INV03247,P00195,Mini Photo Frame (Black),Home,LOC03247,267,20,4057.78,In Stock,2026-08-05
INV03248,P00410,Standard Backpack (Black),Accessories,LOC03248,211,30,324.27,In Stock,2026-08-16
INV03249,P00406,Compact Pen Set (White),Stationery,LOC03249,193,20,3754.46,In Stock,2026-08-06
INV03250,P00701,Premium Flip Flops (Green),Footwear,LOC03250,22,20,4493.55,In Stock,2026-08-06
INV03251,P00510,Standard Calculator (Black),Stationery,LOC03251,105,15,1678.22,In Stock,2026-08-03
INV03252,P00281,Premium Boots (Grey),Footwear,LOC03252,103,15,1772.7,In Stock,2026-08-11
INV03253,P00761,Max Wall Clock (Beige),Home,LOC03253,17,25,1672.04,Low Stock,2026-08-01
INV03254,P00536,Lite Sunglasses (Black),Accessories,LOC03254,158,30,4403.99,In Stock,2026-08-20
INV03255,P00464,Pro Marker Pack (Red),Stationery,LOC03255,55,15,1762.45,In Stock,2026-08-12
INV03256,P00154,Classic Laptop Stand (Black),Electronics,LOC03256,184,10,1718.24,In Stock,2026-08-30
INV03257,P00786,Standard Earbuds (Grey),Electronics,LOC03257,96,10,2622.67,In Stock,2026-08-24
INV03258,P00381,Premium Slippers (Blue),Footwear,LOC03258,8,25,4806.33,Low Stock,2026-08-11
INV03259,P00639,Premium Watch Strap (Red),Accessories,LOC03259,147,15,1285.78,In Stock,2026-08-22
INV03260,P00130,Max Smart Watch (White),Electronics,LOC03260,63,40,516.47,In Stock,2026-08-01
INV03261,P00151,Standard Power Bank (Green),Electronics,LOC03261,138,30,4455.62,In Stock,2026-08-30
INV03262,P00232,Classic Table Lamp (Red),Home,LOC03262,55,40,4551.99,In Stock,2026-08-26
INV03263,P00657,Deluxe Storage Box (Beige),Home,LOC03263,143,10,4055.48,In Stock,2026-08-28
INV03264,P00552,Premium Flip Flops (Grey),Footwear,LOC03264,262,25,3502.87,In Stock,2026-08-08
INV03265,P00202,Standard Keychain (Grey),Accessories,LOC03265,238,40,2998.53,In Stock,2026-08-29
INV03266,P00558,Mini Bluetooth Speaker (Silver),Electronics,LOC03266,155,15,572.68,In Stock,2026-08-02
INV03267,P00118,Classic Bed Sheet Set (Grey),Home,LOC03267,271,25,553.37,In Stock,2026-08-05
INV03268,P00504,Deluxe Water Bottle (Red),Home,LOC03268,289,30,4514.89,In Stock,2026-08-28
INV03269,P00530,Lite Scissors (Silver),Stationery,LOC03269,257,10,174.91,In Stock,2026-08-04
INV03270,P00044,Max Flip Flops (Grey),Footwear,LOC03270,290,40,4320.43,In Stock,2026-08-13
INV03271,P00167,Standard Tablet Stand (Silver),Electronics,LOC03271,176,25,3883.55,In Stock,2026-08-15
INV03272,P00773,Pro Formal Shoes (Blue),Footwear,LOC03272,111,25,1870.95,In Stock,2026-08-22
INV03273,P00485,Standard Cushion (Grey),Home,LOC03273,144,25,4346.52,In Stock,2026-08-25
INV03274,P00428,Classic Cap (Green),Accessories,LOC03274,153,15,4755.72,In Stock,2026-08-17
INV03275,P00148,Classic Calculator (Beige),Stationery,LOC03275,252,15,829.56,In Stock,2026-08-27
INV03276,P00319,Compact Curtain (Grey),Home,LOC03276,95,20,1676.46,In Stock,2026-08-05
INV03277,P00335,Deluxe Desk Organizer (Black),Stationery,LOC03277,34,10,4851.99,In Stock,2026-08-29
INV03278,P00696,Standard Photo Frame (Silver),Home,LOC03278,95,30,1721.48,In Stock,2026-08-18
INV03279,P00256,Max Pen Set (Grey),Stationery,LOC03279,172,20,2813.69,In Stock,2026-08-12
INV03280,P00540,Deluxe Formal Shoes (Red),Footwear,LOC03280,261,15,133.87,In Stock,2026-08-16
INV03281,P00269,Lite Umbrella (Red),Accessories,LOC03281,203,25,1959.49,In Stock,2026-08-16
INV03282,P00388,Deluxe Storage Box (White),Home,LOC03282,22,40,2746.64,Low Stock,2026-08-18
INV03283,P00508,Plus Keyboard (Green),Electronics,LOC03283,164,20,4155.2,In Stock,2026-08-23
INV03284,P00458,Premium Cap (Red),Accessories,LOC03284,66,10,2414.93,In Stock,2026-08-02
INV03285,P00213,Deluxe Keychain (Grey),Accessories,LOC03285,110,10,2820.68,In Stock,2026-08-23
INV03286,P00619,Premium Table Lamp (Green),Home,LOC03286,52,15,2040.05,In Stock,2026-08-12
INV03287,P00098,Classic Sports Shoes (Blue),Footwear,LOC03287,17,40,3587.17,Low Stock,2026-08-16
INV03288,P00085,Pro Wallet (Blue),Accessories,LOC03288,134,20,3213.29,In Stock,2026-08-08
INV03289,P00125,Premium USB-C Cable (White),Electronics,LOC03289,198,10,4616.68,In Stock,2026-08-03
INV03290,P00365,Max Sunglasses (White),Accessories,LOC03290,195,15,1826.38,In Stock,2026-08-30
INV03291,P00473,Classic Bed Sheet Set (White),Home,LOC03291,138,20,1145.31,In Stock,2026-08-30
INV03292,P00610,Max Smart Watch (Black),Electronics,LOC03292,245,30,3448.27,In Stock,2026-08-04
INV03293,P00372,Pro Travel Pouch (Grey),Accessories,LOC03293,116,15,4446.1,In Stock,2026-08-27
INV03294,P00595,Max Flip Flops (Black),Footwear,LOC03294,84,25,4224.8,In Stock,2026-08-20
INV03295,P00479,Deluxe Sticky Notes (Blue),Stationery,LOC03295,47,10,3755.93,In Stock,2026-08-01
INV03296,P00649,Lite Table Lamp (Blue),Home,LOC03296,115,20,3037.8,In Stock,2026-08-10
INV03297,P00509,Mini Scissors (Red),Stationery,LOC03297,277,20,4086.24,In Stock,2026-08-23
INV03298,P00735,Max Table Lamp (Grey),Home,LOC03298,35,25,2664.12,In Stock,2026-08-24
INV03299,P00095,Plus Backpack (Red),Accessories,LOC03299,262,25,4744.35,In Stock,2026-08-13
INV03300,P00134,Max Wall Clock (Grey),Home,LOC03300,187,10,850.89,In Stock,2026-08-19
INV03301,P00622,Compact Power Bank (Beige),Electronics,LOC03301,111,20,4889.39,In Stock,2026-08-15
INV03302,P00225,Classic Bed Sheet Set (Silver),Home,LOC03302,65,30,2957.52,In Stock,2026-08-16
INV03303,P00047,Deluxe Backpack (Red),Accessories,LOC03303,109,15,919.16,In Stock,2026-08-04
INV03304,P00235,Pro Laptop Stand (Blue),Electronics,LOC03304,164,30,299.69,In Stock,2026-08-09
INV03305,P00450,Classic Highlighter Set (Blue),Stationery,LOC03305,148,10,3459.24,In Stock,2026-08-15
INV03306,P00320,Deluxe Bed Sheet Set (Beige),Home,LOC03306,268,40,2821.32,In Stock,2026-08-07
INV03307,P00318,Lite Bluetooth Speaker (Green),Electronics,LOC03307,241,25,1352.61,In Stock,2026-08-24
INV03308,P00471,Plus Bed Sheet Set (Blue),Home,LOC03308,113,10,2113.54,In Stock,2026-08-13
INV03309,P00781,Pro Curtain (Black),Home,LOC03309,205,20,3392.83,In Stock,2026-08-01
INV03310,P00461,Pro Slippers (Green),Footwear,LOC03310,71,25,4276.25,In Stock,2026-08-06
INV03311,P00124,Mini Sneakers (Black),Footwear,LOC03311,275,15,2946.04,In Stock,2026-08-05
INV03312,P00218,Max Headphones (Black),Electronics,LOC03312,212,30,907.66,In Stock,2026-08-28
INV03313,P00569,Pro Hiking Boots (Silver),Footwear,LOC03313,225,20,1380.0,In Stock,2026-08-05
INV03314,P00221,Standard Hiking Boots (Silver),Footwear,LOC03314,105,30,4539.92,In Stock,2026-08-07
INV03315,P00740,Deluxe Running Shoes (Green),Footwear,LOC03315,300,20,2891.61,In Stock,2026-08-27
INV03316,P00679,Premium Marker Pack (Green),Stationery,LOC03316,205,10,4835.45,In Stock,2026-08-13
INV03317,P00034,Classic Slippers (Grey),Footwear,LOC03317,278,20,562.05,In Stock,2026-08-12
INV03318,P00208,Lite Boots (Silver),Footwear,LOC03318,135,20,2652.15,In Stock,2026-08-07
INV03319,P00745,Plus Sandals (Red),Footwear,LOC03319,296,20,547.7,In Stock,2026-08-29
INV03320,P00534,Lite Stapler (White),Stationery,LOC03320,158,40,1821.27,In Stock,2026-08-28
INV03321,P00158,Deluxe Table Lamp (Red),Home,LOC03321,92,20,4376.3,In Stock,2026-08-04
INV03322,P00768,Plus Webcam (Grey),Electronics,LOC03322,239,15,531.91,In Stock,2026-08-18
INV03323,P00776,Max Wallet (Grey),Accessories,LOC03323,9,40,3579.57,Low Stock,2026-08-10
INV03324,P00231,Lite Sticky Notes (Silver),Stationery,LOC03324,129,25,563.75,In Stock,2026-08-21
INV03325,P00706,Plus Sticky Notes (Beige),Stationery,LOC03325,173,25,4635.01,In Stock,2026-08-19
INV03326,P00756,Pro Water Bottle (Blue),Home,LOC03326,190,30,916.91,In Stock,2026-08-19
INV03327,P00638,Standard Cap (White),Accessories,LOC03327,255,15,4613.84,In Stock,2026-08-19
INV03328,P00214,Premium Table Lamp (Grey),Home,LOC03328,99,25,2029.0,In Stock,2026-08-30
INV03329,P00591,Standard Earbuds (Black),Electronics,LOC03329,90,25,2358.96,In Stock,2026-08-16
INV03330,P00533,Premium Photo Frame (Green),Home,LOC03330,243,25,2881.98,In Stock,2026-08-16
INV03331,P00370,Pro Slippers (Silver),Footwear,LOC03331,217,30,4182.9,In Stock,2026-08-03
INV03332,P00317,Deluxe Webcam (Blue),Electronics,LOC03332,248,10,456.57,In Stock,2026-08-09
INV03333,P00355,Standard Water Bottle (Black),Home,LOC03333,284,15,3295.55,In Stock,2026-08-01
INV03334,P00305,Classic Hiking Boots (Grey),Footwear,LOC03334,221,15,4288.33,In Stock,2026-08-26
INV03335,P00197,Pro Door Mat (Black),Home,LOC03335,6,15,4261.67,Low Stock,2026-08-22
INV03336,P00118,Classic Bed Sheet Set (Grey),Home,LOC03336,14,20,466.48,Low Stock,2026-08-02
INV03337,P00230,Max Water Bottle (Grey),Home,LOC03337,54,30,2674.88,In Stock,2026-08-11
INV03338,P00001,Lite Wireless Mouse (Red),Electronics,LOC03338,144,20,2121.22,In Stock,2026-08-06
INV03339,P00258,Mini Laptop Stand (Grey),Electronics,LOC03339,80,25,1380.59,In Stock,2026-08-25
INV03340,P00600,Mini Desk Organizer (Beige),Stationery,LOC03340,6,30,4332.63,Low Stock,2026-08-03
INV03341,P00538,Max Umbrella (Red),Accessories,LOC03341,49,25,3907.95,In Stock,2026-08-26
INV03342,P00257,Standard Formal Shoes (White),Footwear,LOC03342,9,25,4904.77,Low Stock,2026-08-10
INV03343,P00675,Mini Table Lamp (Grey),Home,LOC03343,292,30,4907.08,In Stock,2026-08-03
INV03344,P00493,Lite Wireless Mouse (Beige),Electronics,LOC03344,271,15,1967.96,In Stock,2026-08-22
INV03345,P00628,Classic Flip Flops (Black),Footwear,LOC03345,195,30,1231.72,In Stock,2026-08-15
INV03346,P00463,Mini Sunglasses (Green),Accessories,LOC03346,18,15,2031.58,In Stock,2026-08-19
INV03347,P00047,Deluxe Backpack (Red),Accessories,LOC03347,99,15,2217.51,In Stock,2026-08-15
INV03348,P00230,Max Water Bottle (Grey),Home,LOC03348,88,40,2592.69,In Stock,2026-08-02
INV03349,P00397,Mini Sandals (Blue),Footwear,LOC03349,289,30,4488.45,In Stock,2026-08-15
INV03350,P00372,Pro Travel Pouch (Grey),Accessories,LOC03350,240,30,4235.83,In Stock,2026-08-04
INV03351,P00662,Premium Power Bank (Green),Electronics,LOC03351,185,20,2274.26,In Stock,2026-08-30
INV03352,P00201,Premium File Folder (Silver),Stationery,LOC03352,250,15,679.87,In Stock,2026-08-15
INV03353,P00698,Pro Laptop Stand (Grey),Electronics,LOC03353,157,20,568.79,In Stock,2026-08-22
INV03354,P00478,Compact Keychain (White),Accessories,LOC03354,255,40,4060.03,In Stock,2026-08-07
INV03355,P00748,Compact Keyboard (Grey),Electronics,LOC03355,2,25,2176.65,Low Stock,2026-08-27
INV03356,P00349,Standard USB-C Cable (Black),Electronics,LOC03356,260,25,2725.6,In Stock,2026-08-18
INV03357,P00657,Deluxe Storage Box (Beige),Home,LOC03357,281,40,270.17,In Stock,2026-08-14
INV03358,P00775,Mini Photo Frame (Red),Home,LOC03358,175,30,2422.99,In Stock,2026-08-22
INV03359,P00356,Plus Table Lamp (Beige),Home,LOC03359,193,30,1536.38,In Stock,2026-08-16
INV03360,P00218,Max Headphones (Black),Electronics,LOC03360,99,40,1440.65,In Stock,2026-08-28
INV03361,P00509,Mini Scissors (Red),Stationery,LOC03361,86,10,835.87,In Stock,2026-08-13
INV03362,P00406,Compact Pen Set (White),Stationery,LOC03362,217,25,3012.19,In Stock,2026-08-29
INV03363,P00271,Plus Curtain (Grey),Home,LOC03363,171,40,3312.53,In Stock,2026-08-17
INV03364,P00397,Mini Sandals (Blue),Footwear,LOC03364,132,25,3200.76,In Stock,2026-08-27
INV03365,P00454,Mini Router (Green),Electronics,LOC03365,40,40,4224.6,Low Stock,2026-08-12
INV03366,P00756,Pro Water Bottle (Blue),Home,LOC03366,140,15,4543.91,In Stock,2026-08-28
INV03367,P00328,Deluxe Notebook (Green),Stationery,LOC03367,18,40,734.57,Low Stock,2026-08-23
INV03368,P00025,Max Sunglasses (Grey),Accessories,LOC03368,123,20,930.3,In Stock,2026-08-15
INV03369,P00663,Mini Wallet (White),Accessories,LOC03369,286,10,3427.21,In Stock,2026-08-24
INV03370,P00766,Premium Storage Box (White),Home,LOC03370,203,30,3243.25,In Stock,2026-08-11
INV03371,P00265,Premium Wall Clock (Grey),Home,LOC03371,13,20,4042.17,Low Stock,2026-08-08
INV03372,P00358,Classic Keyboard (Green),Electronics,LOC03372,283,20,3885.98,In Stock,2026-08-28
INV03373,P00494,Max File Folder (Blue),Stationery,LOC03373,3,30,2706.27,Low Stock,2026-08-12
INV03374,P00204,Lite Sneakers (White),Footwear,LOC03374,273,40,2942.69,In Stock,2026-08-12
INV03375,P00192,Classic Backpack (Grey),Accessories,LOC03375,61,40,3043.09,In Stock,2026-08-08
INV03376,P00311,Premium Laptop Stand (Green),Electronics,LOC03376,268,40,4601.14,In Stock,2026-08-02
INV03377,P00800,Compact Wall Clock (White),Home,LOC03377,243,10,1123.26,In Stock,2026-08-08
INV03378,P00282,Premium Wallet (White),Accessories,LOC03378,180,10,1169.27,In Stock,2026-08-01
INV03379,P00724,Plus Sandals (Silver),Footwear,LOC03379,15,20,323.86,Low Stock,2026-08-11
INV03380,P00756,Pro Water Bottle (Blue),Home,LOC03380,208,15,1228.26,In Stock,2026-08-12
INV03381,P00546,Classic Cap (White),Accessories,LOC03381,297,25,1089.25,In Stock,2026-08-14
INV03382,P00299,Lite Keyboard (Red),Electronics,LOC03382,239,25,2191.5,In Stock,2026-08-09
INV03383,P00709,Premium Marker Pack (Beige),Stationery,LOC03383,221,25,1312.44,In Stock,2026-08-24
INV03384,P00140,Compact Photo Frame (Silver),Home,LOC03384,100,25,3133.72,In Stock,2026-08-27
INV03385,P00271,Plus Curtain (Grey),Home,LOC03385,171,10,3933.54,In Stock,2026-08-20
INV03386,P00726,Max Storage Box (Beige),Home,LOC03386,145,30,360.52,In Stock,2026-08-27
INV03387,P00091,Compact File Folder (Black),Stationery,LOC03387,91,10,2236.43,In Stock,2026-08-21
INV03388,P00495,Plus Keychain (Red),Accessories,LOC03388,56,30,1705.7,In Stock,2026-08-22
INV03389,P00402,Premium Highlighter Set (Grey),Stationery,LOC03389,265,20,4416.65,In Stock,2026-08-09
INV03390,P00488,Deluxe Loafers (Blue),Footwear,LOC03390,240,30,1060.93,In Stock,2026-08-07
INV03391,P00242,Deluxe Keychain (Silver),Accessories,LOC03391,218,10,1331.89,In Stock,2026-08-03
INV03392,P00330,Deluxe Power Bank (Grey),Electronics,LOC03392,190,25,2686.71,In Stock,2026-08-09
INV03393,P00216,Deluxe Table Lamp (Black),Home,LOC03393,11,20,3375.54,Low Stock,2026-08-26
INV03394,P00787,Standard File Folder (Beige),Stationery,LOC03394,93,40,1009.07,In Stock,2026-08-14
INV03395,P00479,Deluxe Sticky Notes (Blue),Stationery,LOC03395,206,10,2403.82,In Stock,2026-08-28
INV03396,P00444,Lite Webcam (Grey),Electronics,LOC03396,30,25,3217.89,In Stock,2026-08-16
INV03397,P00717,Deluxe Keychain (White),Accessories,LOC03397,61,30,992.43,In Stock,2026-08-06
INV03398,P00737,Pro Laptop Stand (Red),Electronics,LOC03398,48,25,2891.93,In Stock,2026-08-28
INV03399,P00131,Premium Storage Box (Green),Home,LOC03399,251,15,1882.19,In Stock,2026-08-15
INV03400,P00661,Pro Handbag (White),Accessories,LOC03400,266,30,601.02,In Stock,2026-08-10
INV03401,P00755,Classic Backpack (White),Accessories,LOC03401,127,15,4681.35,In Stock,2026-08-16
INV03402,P00457,Compact File Folder (White),Stationery,LOC03402,171,10,2573.62,In Stock,2026-08-30
INV03403,P00012,Compact Table Lamp (Grey),Home,LOC03403,296,25,3176.05,In Stock,2026-08-03
INV03404,P00772,Standard Sandals (Silver),Footwear,LOC03404,186,25,4110.48,In Stock,2026-08-04
INV03405,P00274,Deluxe Belt (Green),Accessories,LOC03405,253,10,2684.78,In Stock,2026-08-02
INV03406,P00780,Pro Candle Holder (Red),Home,LOC03406,154,30,3679.68,In Stock,2026-08-15
INV03407,P00525,Standard Storage Box (Red),Home,LOC03407,5,15,2634.97,Low Stock,2026-08-08
INV03408,P00788,Compact Monitor (Blue),Electronics,LOC03408,236,20,4654.51,In Stock,2026-08-07
INV03409,P00337,Plus Cap (Green),Accessories,LOC03409,145,40,134.47,In Stock,2026-08-23
INV03410,P00299,Lite Keyboard (Red),Electronics,LOC03410,66,20,2617.96,In Stock,2026-08-16
INV03411,P00630,Max Storage Box (White),Home,LOC03411,96,10,2814.0,In Stock,2026-08-04
INV03412,P00519,Classic Stapler (Silver),Stationery,LOC03412,199,15,1302.95,In Stock,2026-08-26
INV03413,P00085,Pro Wallet (Blue),Accessories,LOC03413,252,25,1694.55,In Stock,2026-08-24
INV03414,P00640,Pro Boots (Black),Footwear,LOC03414,136,30,4453.91,In Stock,2026-08-09
INV03415,P00565,Deluxe Handbag (Red),Accessories,LOC03415,293,30,4981.93,In Stock,2026-08-29
INV03416,P00602,Plus Bed Sheet Set (Beige),Home,LOC03416,12,15,4860.42,Low Stock,2026-08-07
INV03417,P00035,Compact Sticky Notes (White),Stationery,LOC03417,190,25,4238.23,In Stock,2026-08-14
INV03418,P00351,Lite Boots (Green),Footwear,LOC03418,216,15,3927.07,In Stock,2026-08-20
INV03419,P00128,Pro Running Shoes (Beige),Footwear,LOC03419,185,40,4182.68,In Stock,2026-08-06
INV03420,P00665,Pro Wireless Mouse (Green),Electronics,LOC03420,66,10,3325.14,In Stock,2026-08-20
INV03421,P00412,Plus Table Lamp (Red),Home,LOC03421,100,25,4800.03,In Stock,2026-08-08
INV03422,P00170,Premium Calculator (Silver),Stationery,LOC03422,183,15,1826.86,In Stock,2026-08-28
INV03423,P00004,Max USB-C Cable (Black),Electronics,LOC03423,15,15,3248.07,Low Stock,2026-08-15
INV03424,P00121,Mini Highlighter Set (White),Stationery,LOC03424,140,20,4040.12,In Stock,2026-08-26
INV03425,P00700,Plus Cap (Silver),Accessories,LOC03425,106,25,225.2,In Stock,2026-08-30
INV03426,P00150,Premium Storage Box (Blue),Home,LOC03426,182,40,2835.29,In Stock,2026-08-07
INV03427,P00335,Deluxe Desk Organizer (Black),Stationery,LOC03427,11,10,1081.34,In Stock,2026-08-10
INV03428,P00681,Max Curtain (Green),Home,LOC03428,71,30,3813.51,In Stock,2026-08-23
INV03429,P00710,Max Water Bottle (Red),Home,LOC03429,264,25,1573.69,In Stock,2026-08-05
INV03430,P00128,Pro Running Shoes (Beige),Footwear,LOC03430,16,40,4558.23,Low Stock,2026-08-19
INV03431,P00058,Mini Highlighter Set (Beige),Stationery,LOC03431,152,20,3572.2,In Stock,2026-08-17
INV03432,P00223,Pro Handbag (Blue),Accessories,LOC03432,183,30,3039.01,In Stock,2026-08-15
INV03433,P00210,Standard Marker Pack (White),Stationery,LOC03433,269,30,1426.39,In Stock,2026-08-24
INV03434,P00734,Premium Notebook (Red),Stationery,LOC03434,167,20,4165.35,In Stock,2026-08-08
INV03435,P00384,Plus Wallet (White),Accessories,LOC03435,274,10,811.16,In Stock,2026-08-06
INV03436,P00695,Max Power Bank (Red),Electronics,LOC03436,263,15,2238.29,In Stock,2026-08-28
INV03437,P00282,Premium Wallet (White),Accessories,LOC03437,300,15,2570.77,In Stock,2026-08-12
INV03438,P00190,Mini Loafers (Grey),Footwear,LOC03438,186,20,3458.25,In Stock,2026-08-21
INV03439,P00793,Standard HDMI Cable (White),Electronics,LOC03439,269,30,1748.06,In Stock,2026-08-22
INV03440,P00347,Pro Watch Strap (Grey),Accessories,LOC03440,21,30,4689.62,Low Stock,2026-08-08
INV03441,P00127,Standard Door Mat (Red),Home,LOC03441,216,30,1707.89,In Stock,2026-08-24
INV03442,P00311,Premium Laptop Stand (Green),Electronics,LOC03442,256,20,605.24,In Stock,2026-08-15
INV03443,P00347,Pro Watch Strap (Grey),Accessories,LOC03443,150,10,1479.45,In Stock,2026-08-17
INV03444,P00758,Lite Sandals (Blue),Footwear,LOC03444,166,10,2600.06,In Stock,2026-08-24
INV03445,P00140,Compact Photo Frame (Silver),Home,LOC03445,130,40,3587.04,In Stock,2026-08-10
INV03446,P00043,Lite Sticky Notes (Beige),Stationery,LOC03446,170,15,4669.6,In Stock,2026-08-01
INV03447,P00423,Classic Watch Strap (Green),Accessories,LOC03447,184,30,3045.54,In Stock,2026-08-12
INV03448,P00793,Standard HDMI Cable (White),Electronics,LOC03448,188,15,2589.69,In Stock,2026-08-28
INV03449,P00080,Max Smart Watch (Grey),Electronics,LOC03449,259,10,3352.83,In Stock,2026-08-25
INV03450,P00458,Premium Cap (Red),Accessories,LOC03450,168,25,3860.43,In Stock,2026-08-10
INV03451,P00463,Mini Sunglasses (Green),Accessories,LOC03451,254,40,1429.4,In Stock,2026-08-30
INV03452,P00589,Premium Sneakers (Green),Footwear,LOC03452,189,15,717.34,In Stock,2026-08-10
INV03453,P00527,Mini Charger (Red),Electronics,LOC03453,75,25,3708.64,In Stock,2026-08-28
INV03454,P00255,Compact Umbrella (Black),Accessories,LOC03454,240,25,182.43,In Stock,2026-08-20
INV03455,P00064,Mini Water Bottle (Beige),Home,LOC03455,145,40,4473.27,In Stock,2026-08-28
INV03456,P00615,Deluxe Cushion (Red),Home,LOC03456,280,20,2888.03,In Stock,2026-08-27
INV03457,P00755,Classic Backpack (White),Accessories,LOC03457,236,25,4616.91,In Stock,2026-08-29
INV03458,P00109,Compact Curtain (White),Home,LOC03458,218,25,3419.95,In Stock,2026-08-05
INV03459,P00350,Lite USB-C Cable (Red),Electronics,LOC03459,250,25,1715.47,In Stock,2026-08-04
INV03460,P00601,Classic Highlighter Set (Green),Stationery,LOC03460,175,15,4656.63,In Stock,2026-08-29
INV03461,P00796,Mini Running Shoes (Silver),Footwear,LOC03461,220,25,3156.92,In Stock,2026-08-15
INV03462,P00022,Lite Watch Strap (White),Accessories,LOC03462,154,25,4564.21,In Stock,2026-08-04
INV03463,P00157,Max Sticky Notes (Blue),Stationery,LOC03463,75,25,2045.77,In Stock,2026-08-22
INV03464,P00203,Classic Desk Organizer (White),Stationery,LOC03464,144,10,4746.33,In Stock,2026-08-27
INV03465,P00711,Deluxe Wallet (White),Accessories,LOC03465,103,40,2531.54,In Stock,2026-08-09
INV03466,P00653,Max Keyboard (White),Electronics,LOC03466,28,10,4804.87,In Stock,2026-08-11
INV03467,P00345,Premium Curtain (Beige),Home,LOC03467,123,30,1829.64,In Stock,2026-08-26
INV03468,P00638,Standard Cap (White),Accessories,LOC03468,186,20,4025.96,In Stock,2026-08-30
INV03469,P00126,Deluxe Candle Holder (Red),Home,LOC03469,285,25,1096.33,In Stock,2026-08-22
INV03470,P00674,Premium Belt (Red),Accessories,LOC03470,212,25,363.45,In Stock,2026-08-14
INV03471,P00628,Classic Flip Flops (Black),Footwear,LOC03471,3,20,548.12,Low Stock,2026-08-10
INV03472,P00515,Deluxe Stapler (Green),Stationery,LOC03472,26,25,488.34,In Stock,2026-08-10
INV03473,P00091,Compact File Folder (Black),Stationery,LOC03473,168,20,2838.86,In Stock,2026-08-22
INV03474,P00785,Max Power Bank (Black),Electronics,LOC03474,47,15,2337.28,In Stock,2026-08-21
INV03475,P00238,Mini Bed Sheet Set (Beige),Home,LOC03475,200,15,4446.12,In Stock,2026-08-18
INV03476,P00798,Mini Loafers (Grey),Footwear,LOC03476,124,30,3373.33,In Stock,2026-08-28
INV03477,P00431,Plus Travel Pouch (Blue),Accessories,LOC03477,268,10,4917.29,In Stock,2026-08-19
INV03478,P00560,Premium Cushion (Grey),Home,LOC03478,12,20,1904.91,Low Stock,2026-08-03
INV03479,P00781,Pro Curtain (Black),Home,LOC03479,100,30,553.89,In Stock,2026-08-20
INV03480,P00379,Pro Laptop Stand (Green),Electronics,LOC03480,88,15,2087.9,In Stock,2026-08-02
INV03481,P00050,Compact Wallet (Red),Accessories,LOC03481,97,10,3693.48,In Stock,2026-08-22
INV03482,P00725,Plus Notebook (Black),Stationery,LOC03482,292,15,2547.89,In Stock,2026-08-14
INV03483,P00044,Max Flip Flops (Grey),Footwear,LOC03483,1,15,4457.42,Low Stock,2026-08-22
INV03484,P00557,Pro Scissors (Beige),Stationery,LOC03484,229,30,4722.82,In Stock,2026-08-17
INV03485,P00065,Lite Keyboard (Silver),Electronics,LOC03485,272,30,2687.25,In Stock,2026-08-20
INV03486,P00291,Lite Wireless Mouse (Silver),Electronics,LOC03486,266,25,3886.33,In Stock,2026-08-04
INV03487,P00443,Plus Stapler (White),Stationery,LOC03487,127,25,4414.32,In Stock,2026-08-24
INV03488,P00139,Pro Sneakers (Beige),Footwear,LOC03488,4,40,1563.99,Low Stock,2026-08-18
INV03489,P00717,Deluxe Keychain (White),Accessories,LOC03489,95,10,3739.0,In Stock,2026-08-10
INV03490,P00415,Premium Storage Box (Silver),Home,LOC03490,149,25,828.61,In Stock,2026-08-16
INV03491,P00423,Classic Watch Strap (Green),Accessories,LOC03491,140,20,1361.52,In Stock,2026-08-28
INV03492,P00664,Premium Sports Shoes (Beige),Footwear,LOC03492,99,30,3847.42,In Stock,2026-08-25
INV03493,P00780,Pro Candle Holder (Red),Home,LOC03493,222,25,2266.48,In Stock,2026-08-14
INV03494,P00667,Lite Water Bottle (Beige),Home,LOC03494,265,20,3494.98,In Stock,2026-08-03
INV03495,P00486,Classic Table Lamp (Blue),Home,LOC03495,154,25,2874.74,In Stock,2026-08-09
INV03496,P00319,Compact Curtain (Grey),Home,LOC03496,269,25,531.73,In Stock,2026-08-15
INV03497,P00264,Mini Curtain (Red),Home,LOC03497,111,25,3120.36,In Stock,2026-08-26
INV03498,P00343,Mini Bluetooth Speaker (Black),Electronics,LOC03498,47,15,1717.38,In Stock,2026-08-26
INV03499,P00448,Standard Headphones (Green),Electronics,LOC03499,159,25,1059.32,In Stock,2026-08-21
INV03500,P00286,Deluxe Cap (Beige),Accessories,LOC03500,78,10,3980.97,In Stock,2026-08-21
INV03501,P00598,Mini Boots (Red),Footwear,LOC03501,284,10,1413.52,In Stock,2026-08-19
INV03502,P00604,Premium Flip Flops (Red),Footwear,LOC03502,199,25,4979.4,In Stock,2026-08-14
INV03503,P00532,Lite Boots (Red),Footwear,LOC03503,62,10,991.1,In Stock,2026-08-22
INV03504,P00143,Plus Water Bottle (Grey),Home,LOC03504,74,30,3882.34,In Stock,2026-08-08
INV03505,P00646,Pro Backpack (Grey),Accessories,LOC03505,69,40,2843.91,In Stock,2026-08-09
INV03506,P00141,Max Water Bottle (Beige),Home,LOC03506,26,15,1117.16,In Stock,2026-08-08
INV03507,P00498,Compact Keyboard (Silver),Electronics,LOC03507,285,40,359.85,In Stock,2026-08-25
INV03508,P00397,Mini Sandals (Blue),Footwear,LOC03508,32,40,2126.0,Low Stock,2026-08-07
INV03509,P00309,Lite Bluetooth Speaker (Black),Electronics,LOC03509,266,40,2556.07,In Stock,2026-08-11
INV03510,P00053,Max Candle Holder (White),Home,LOC03510,168,20,1985.71,In Stock,2026-08-11
INV03511,P00334,Max Keychain (Beige),Accessories,LOC03511,230,40,3292.46,In Stock,2026-08-22
INV03512,P00683,Deluxe HDMI Cable (Red),Electronics,LOC03512,235,20,2850.95,In Stock,2026-08-17
INV03513,P00003,Classic File Folder (Black),Stationery,LOC03513,180,10,4262.67,In Stock,2026-08-11
INV03514,P00135,Max Highlighter Set (Grey),Stationery,LOC03514,245,25,1378.58,In Stock,2026-08-21
INV03515,P00262,Mini Sticky Notes (Blue),Stationery,LOC03515,135,30,4584.89,In Stock,2026-08-07
INV03516,P00170,Premium Calculator (Silver),Stationery,LOC03516,18,25,625.12,Low Stock,2026-08-12
INV03517,P00445,Standard Curtain (Blue),Home,LOC03517,98,20,4017.22,In Stock,2026-08-29
INV03518,P00182,Premium Scissors (Green),Stationery,LOC03518,31,10,529.12,In Stock,2026-08-10
INV03519,P00702,Premium Table Lamp (Silver),Home,LOC03519,220,30,2332.97,In Stock,2026-08-15
INV03520,P00103,Max Monitor (Beige),Electronics,LOC03520,70,20,1695.41,In Stock,2026-08-02
INV03521,P00647,Classic Desk Organizer (Blue),Stationery,LOC03521,47,30,1802.25,In Stock,2026-08-19
INV03522,P00674,Premium Belt (Red),Accessories,LOC03522,174,10,3173.01,In Stock,2026-08-14
INV03523,P00242,Deluxe Keychain (Silver),Accessories,LOC03523,162,15,1664.57,In Stock,2026-08-29
INV03524,P00557,Pro Scissors (Beige),Stationery,LOC03524,134,10,4180.48,In Stock,2026-08-07
INV03525,P00727,Premium Calculator (Beige),Stationery,LOC03525,256,30,4504.31,In Stock,2026-08-28
INV03526,P00421,Premium Tablet Stand (Black),Electronics,LOC03526,104,40,3389.93,In Stock,2026-08-06
INV03527,P00709,Premium Marker Pack (Beige),Stationery,LOC03527,24,40,730.4,Low Stock,2026-08-25
INV03528,P00210,Standard Marker Pack (White),Stationery,LOC03528,49,30,297.73,In Stock,2026-08-01
INV03529,P00762,Pro Charger (Black),Electronics,LOC03529,39,30,310.77,In Stock,2026-08-24
INV03530,P00373,Classic Door Mat (Black),Home,LOC03530,64,15,2689.85,In Stock,2026-08-20
INV03531,P00358,Classic Keyboard (Green),Electronics,LOC03531,151,25,1872.06,In Stock,2026-08-19
INV03532,P00613,Plus Cushion (Grey),Home,LOC03532,170,10,2417.1,In Stock,2026-08-28
INV03533,P00721,Deluxe Sticky Notes (Beige),Stationery,LOC03533,179,15,2202.15,In Stock,2026-08-20
INV03534,P00116,Max Sticky Notes (Beige),Stationery,LOC03534,110,20,4124.99,In Stock,2026-08-11
INV03535,P00046,Max USB-C Cable (White),Electronics,LOC03535,3,20,2446.76,Low Stock,2026-08-21
INV03536,P00760,Mini Webcam (Black),Electronics,LOC03536,187,40,295.73,In Stock,2026-08-04
INV03537,P00079,Deluxe Curtain (White),Home,LOC03537,78,10,631.8,In Stock,2026-08-29
INV03538,P00563,Lite Laptop Stand (Blue),Electronics,LOC03538,233,30,4036.52,In Stock,2026-08-10
INV03539,P00206,Standard Running Shoes (Silver),Footwear,LOC03539,56,25,1271.11,In Stock,2026-08-10
INV03540,P00159,Plus Wall Clock (Blue),Home,LOC03540,145,10,3085.99,In Stock,2026-08-08
INV03541,P00455,Lite Photo Frame (Red),Home,LOC03541,127,20,979.11,In Stock,2026-08-26
INV03542,P00436,Lite Highlighter Set (Black),Stationery,LOC03542,179,25,959.12,In Stock,2026-08-13
INV03543,P00207,Lite Highlighter Set (Black),Stationery,LOC03543,44,25,4842.31,In Stock,2026-08-29
INV03544,P00348,Compact Highlighter Set (Grey),Stationery,LOC03544,11,30,1326.68,Low Stock,2026-08-14
INV03545,P00334,Max Keychain (Beige),Accessories,LOC03545,173,20,2337.82,In Stock,2026-08-05
INV03546,P00143,Plus Water Bottle (Grey),Home,LOC03546,123,10,4468.07,In Stock,2026-08-13
INV03547,P00766,Premium Storage Box (White),Home,LOC03547,73,10,651.4,In Stock,2026-08-15
INV03548,P00008,Mini Cap (Red),Accessories,LOC03548,223,20,303.18,In Stock,2026-08-18
INV03549,P00593,Premium Notebook (Black),Stationery,LOC03549,163,10,3884.75,In Stock,2026-08-15
INV03550,P00183,Plus Bed Sheet Set (Green),Home,LOC03550,267,10,2321.84,In Stock,2026-08-03
INV03551,P00705,Compact Sneakers (Blue),Footwear,LOC03551,103,30,4861.01,In Stock,2026-08-26
INV03552,P00374,Pro Cap (White),Accessories,LOC03552,294,15,3824.18,In Stock,2026-08-26
INV03553,P00237,Premium Door Mat (Red),Home,LOC03553,189,10,1480.19,In Stock,2026-08-09
INV03554,P00597,Deluxe Scissors (Green),Stationery,LOC03554,163,40,1720.15,In Stock,2026-08-03
INV03555,P00058,Mini Highlighter Set (Beige),Stationery,LOC03555,297,25,810.87,In Stock,2026-08-10
INV03556,P00111,Standard Charger (Black),Electronics,LOC03556,270,40,823.74,In Stock,2026-08-08
INV03557,P00181,Max Sports Shoes (Grey),Footwear,LOC03557,135,25,3941.19,In Stock,2026-08-14
INV03558,P00644,Pro Keychain (Black),Accessories,LOC03558,169,40,2909.33,In Stock,2026-08-24
INV03559,P00147,Premium Storage Box (Blue),Home,LOC03559,17,40,4294.35,Low Stock,2026-08-10
INV03560,P00669,Mini Calculator (Beige),Stationery,LOC03560,165,10,2766.43,In Stock,2026-08-23
INV03561,P00034,Classic Slippers (Grey),Footwear,LOC03561,50,20,1183.65,In Stock,2026-08-02
INV03562,P00292,Max Headphones (Blue),Electronics,LOC03562,186,25,1197.93,In Stock,2026-08-24
INV03563,P00427,Classic Door Mat (Beige),Home,LOC03563,121,15,2460.77,In Stock,2026-08-01
INV03564,P00791,Pro Curtain (Grey),Home,LOC03564,154,20,3531.73,In Stock,2026-08-07
INV03565,P00055,Premium Candle Holder (Black),Home,LOC03565,295,10,4507.57,In Stock,2026-08-27
INV03566,P00123,Max Tablet Stand (Grey),Electronics,LOC03566,134,25,4651.47,In Stock,2026-08-08
INV03567,P00034,Classic Slippers (Grey),Footwear,LOC03567,75,40,151.55,In Stock,2026-08-04
INV03568,P00765,Plus Wireless Mouse (White),Electronics,LOC03568,225,20,4111.68,In Stock,2026-08-02
INV03569,P00350,Lite USB-C Cable (Red),Electronics,LOC03569,86,40,4188.9,In Stock,2026-08-18
INV03570,P00230,Max Water Bottle (Grey),Home,LOC03570,289,15,552.42,In Stock,2026-08-24
INV03571,P00658,Deluxe Earbuds (Grey),Electronics,LOC03571,191,30,630.36,In Stock,2026-08-13
INV03572,P00388,Deluxe Storage Box (White),Home,LOC03572,227,30,1836.57,In Stock,2026-08-12
INV03573,P00097,Max Sticky Notes (Blue),Stationery,LOC03573,121,25,1270.0,In Stock,2026-08-23
INV03574,P00782,Mini Handbag (Beige),Accessories,LOC03574,35,40,1800.09,Low Stock,2026-08-02
INV03575,P00372,Pro Travel Pouch (Grey),Accessories,LOC03575,42,30,3071.22,In Stock,2026-08-25
INV03576,P00562,Max Handbag (Black),Accessories,LOC03576,126,15,459.82,In Stock,2026-08-23
INV03577,P00603,Lite Storage Box (Beige),Home,LOC03577,192,15,2546.88,In Stock,2026-08-10
INV03578,P00532,Lite Boots (Red),Footwear,LOC03578,131,30,310.49,In Stock,2026-08-24
INV03579,P00359,Premium Hiking Boots (Green),Footwear,LOC03579,151,40,4156.37,In Stock,2026-08-30
INV03580,P00758,Lite Sandals (Blue),Footwear,LOC03580,292,20,2387.71,In Stock,2026-08-07
INV03581,P00680,Plus Sports Shoes (Grey),Footwear,LOC03581,195,25,131.86,In Stock,2026-08-28
INV03582,P00268,Lite Keychain (Beige),Accessories,LOC03582,92,25,2396.97,In Stock,2026-08-28
INV03583,P00664,Premium Sports Shoes (Beige),Footwear,LOC03583,217,20,4713.78,In Stock,2026-08-05
INV03584,P00187,Premium Sneakers (Grey),Footwear,LOC03584,56,25,4111.0,In Stock,2026-08-19
INV03585,P00421,Premium Tablet Stand (Black),Electronics,LOC03585,65,10,3321.48,In Stock,2026-08-30
INV03586,P00758,Lite Sandals (Blue),Footwear,LOC03586,62,10,2610.41,In Stock,2026-08-18
INV03587,P00021,Max Backpack (Black),Accessories,LOC03587,60,40,4441.14,In Stock,2026-08-01
INV03588,P00226,Lite Webcam (Green),Electronics,LOC03588,1,25,432.22,Low Stock,2026-08-19
INV03589,P00286,Deluxe Cap (Beige),Accessories,LOC03589,1,30,428.49,Low Stock,2026-08-27
INV03590,P00479,Deluxe Sticky Notes (Blue),Stationery,LOC03590,25,10,4972.85,In Stock,2026-08-28
INV03591,P00512,Premium Bed Sheet Set (Blue),Home,LOC03591,207,40,2683.17,In Stock,2026-08-22
INV03592,P00353,Standard Sandals (Red),Footwear,LOC03592,268,40,4133.08,In Stock,2026-08-15
INV03593,P00508,Plus Keyboard (Green),Electronics,LOC03593,43,10,2983.48,In Stock,2026-08-09
INV03594,P00138,Max Sandals (Beige),Footwear,LOC03594,197,40,4415.61,In Stock,2026-08-17
INV03595,P00103,Max Monitor (Beige),Electronics,LOC03595,288,10,3271.65,In Stock,2026-08-11
INV03596,P00792,Classic Cushion (Red),Home,LOC03596,205,40,237.04,In Stock,2026-08-10
INV03597,P00503,Plus Watch Strap (Black),Accessories,LOC03597,103,25,4811.6,In Stock,2026-08-21
INV03598,P00371,Lite Wall Clock (Black),Home,LOC03598,288,25,4952.4,In Stock,2026-08-22
INV03599,P00172,Lite Formal Shoes (Silver),Footwear,LOC03599,18,15,4856.58,In Stock,2026-08-12
INV03600,P00378,Compact Highlighter Set (Blue),Stationery,LOC03600,122,25,4674.38,In Stock,2026-08-28
INV03601,P00679,Premium Marker Pack (Green),Stationery,LOC03601,144,25,3932.94,In Stock,2026-08-24
INV03602,P00625,Plus Bed Sheet Set (Grey),Home,LOC03602,180,15,2529.35,In Stock,2026-08-02
INV03603,P00109,Compact Curtain (White),Home,LOC03603,239,25,4407.48,In Stock,2026-08-24
INV03604,P00740,Deluxe Running Shoes (Green),Footwear,LOC03604,213,30,1025.77,In Stock,2026-08-21
INV03605,P00555,Deluxe Cap (Red),Accessories,LOC03605,282,10,2500.32,In Stock,2026-08-05
INV03606,P00509,Mini Scissors (Red),Stationery,LOC03606,260,20,2544.72,In Stock,2026-08-15
INV03607,P00622,Compact Power Bank (Beige),Electronics,LOC03607,191,15,4648.69,In Stock,2026-08-28
INV03608,P00683,Deluxe HDMI Cable (Red),Electronics,LOC03608,170,40,1602.79,In Stock,2026-08-21
INV03609,P00550,Lite Wireless Mouse (White),Electronics,LOC03609,190,15,2934.58,In Stock,2026-08-13
INV03610,P00481,Classic Notebook (White),Stationery,LOC03610,90,10,3886.8,In Stock,2026-08-12
INV03611,P00083,Deluxe Stapler (Black),Stationery,LOC03611,102,30,1960.83,In Stock,2026-08-02
INV03612,P00261,Compact Sneakers (Beige),Footwear,LOC03612,295,25,1968.47,In Stock,2026-08-04
INV03613,P00503,Plus Watch Strap (Black),Accessories,LOC03613,295,10,2158.12,In Stock,2026-08-03
INV03614,P00600,Mini Desk Organizer (Beige),Stationery,LOC03614,96,30,1269.98,In Stock,2026-08-07
INV03615,P00039,Plus HDMI Cable (Grey),Electronics,LOC03615,39,15,2443.11,In Stock,2026-08-08
INV03616,P00222,Plus Laptop Stand (Beige),Electronics,LOC03616,164,10,2697.81,In Stock,2026-08-21
INV03617,P00528,Premium Scissors (Beige),Stationery,LOC03617,244,40,1252.57,In Stock,2026-08-12
INV03618,P00340,Standard Marker Pack (Beige),Stationery,LOC03618,216,15,359.99,In Stock,2026-08-23
INV03619,P00613,Plus Cushion (Grey),Home,LOC03619,141,40,4783.91,In Stock,2026-08-25
INV03620,P00260,Plus Handbag (Beige),Accessories,LOC03620,258,25,1011.85,In Stock,2026-08-04
INV03621,P00162,Standard Keychain (Beige),Accessories,LOC03621,100,25,697.88,In Stock,2026-08-10
INV03622,P00237,Premium Door Mat (Red),Home,LOC03622,84,30,772.48,In Stock,2026-08-26
INV03623,P00227,Standard Earbuds (Black),Electronics,LOC03623,225,10,2601.35,In Stock,2026-08-21
INV03624,P00344,Premium Power Bank (Beige),Electronics,LOC03624,125,10,1455.82,In Stock,2026-08-19
INV03625,P00739,Mini Hiking Boots (Red),Footwear,LOC03625,191,25,3276.03,In Stock,2026-08-27
INV03626,P00324,Standard Webcam (Green),Electronics,LOC03626,246,20,2524.25,In Stock,2026-08-23
INV03627,P00495,Plus Keychain (Red),Accessories,LOC03627,40,30,1097.82,In Stock,2026-08-15
INV03628,P00129,Compact Sandals (Silver),Footwear,LOC03628,154,40,3238.62,In Stock,2026-08-07
INV03629,P00212,Classic Formal Shoes (Blue),Footwear,LOC03629,126,20,473.81,In Stock,2026-08-17
INV03630,P00707,Standard Cushion (Blue),Home,LOC03630,253,20,4298.54,In Stock,2026-08-12
INV03631,P00145,Lite Cushion (Beige),Home,LOC03631,80,25,1430.2,In Stock,2026-08-02
INV03632,P00036,Deluxe Travel Pouch (Red),Accessories,LOC03632,96,40,3537.96,In Stock,2026-08-13
INV03633,P00383,Deluxe Photo Frame (Black),Home,LOC03633,180,25,4421.1,In Stock,2026-08-14
INV03634,P00263,Standard Router (Red),Electronics,LOC03634,102,15,2092.99,In Stock,2026-08-19
INV03635,P00387,Plus Sticky Notes (Grey),Stationery,LOC03635,2,25,2730.82,Low Stock,2026-08-26
INV03636,P00333,Plus Travel Pouch (White),Accessories,LOC03636,204,10,1215.36,In Stock,2026-08-19
INV03637,P00594,Standard Running Shoes (Silver),Footwear,LOC03637,139,40,395.17,In Stock,2026-08-09
INV03638,P00735,Max Table Lamp (Grey),Home,LOC03638,8,10,4303.73,Low Stock,2026-08-10
INV03639,P00799,Classic Earbuds (Green),Electronics,LOC03639,242,40,1044.46,In Stock,2026-08-09
INV03640,P00286,Deluxe Cap (Beige),Accessories,LOC03640,76,30,622.34,In Stock,2026-08-04
INV03641,P00538,Max Umbrella (Red),Accessories,LOC03641,258,10,3112.27,In Stock,2026-08-18
INV03642,P00626,Premium Door Mat (Blue),Home,LOC03642,58,30,3836.04,In Stock,2026-08-07
INV03643,P00643,Premium Formal Shoes (Beige),Footwear,LOC03643,125,30,4857.54,In Stock,2026-08-12
INV03644,P00329,Plus Keyboard (Beige),Electronics,LOC03644,270,15,4448.92,In Stock,2026-08-10
INV03645,P00080,Max Smart Watch (Grey),Electronics,LOC03645,45,10,283.16,In Stock,2026-08-11
INV03646,P00194,Premium Stapler (Silver),Stationery,LOC03646,234,20,359.73,In Stock,2026-08-12
INV03647,P00095,Plus Backpack (Red),Accessories,LOC03647,146,25,889.72,In Stock,2026-08-27
INV03648,P00192,Classic Backpack (Grey),Accessories,LOC03648,171,20,1489.78,In Stock,2026-08-30
INV03649,P00167,Standard Tablet Stand (Silver),Electronics,LOC03649,91,10,1773.24,In Stock,2026-08-04
INV03650,P00257,Standard Formal Shoes (White),Footwear,LOC03650,86,25,1323.8,In Stock,2026-08-05
INV03651,P00292,Max Headphones (Blue),Electronics,LOC03651,250,10,3777.67,In Stock,2026-08-27
INV03652,P00253,Deluxe Handbag (Beige),Accessories,LOC03652,151,40,1985.11,In Stock,2026-08-08
INV03653,P00064,Mini Water Bottle (Beige),Home,LOC03653,174,30,2413.19,In Stock,2026-08-27
INV03654,P00051,Max Umbrella (Blue),Accessories,LOC03654,25,40,3999.92,Low Stock,2026-08-14
INV03655,P00256,Max Pen Set (Grey),Stationery,LOC03655,269,30,351.21,In Stock,2026-08-28
INV03656,P00592,Pro Sneakers (White),Footwear,LOC03656,55,20,1751.76,In Stock,2026-08-13
INV03657,P00077,Mini Watch Strap (Grey),Accessories,LOC03657,43,20,101.23,In Stock,2026-08-24
INV03658,P00175,Max Slippers (Green),Footwear,LOC03658,149,15,2488.26,In Stock,2026-08-21
INV03659,P00409,Max HDMI Cable (Silver),Electronics,LOC03659,196,10,4535.69,In Stock,2026-08-17
INV03660,P00346,Compact Belt (White),Accessories,LOC03660,129,25,2690.03,In Stock,2026-08-22
INV03661,P00344,Premium Power Bank (Beige),Electronics,LOC03661,62,20,3402.15,In Stock,2026-08-07
INV03662,P00446,Premium Photo Frame (Black),Home,LOC03662,184,25,787.34,In Stock,2026-08-24
INV03663,P00349,Standard USB-C Cable (Black),Electronics,LOC03663,34,30,3512.55,In Stock,2026-08-11
INV03664,P00328,Deluxe Notebook (Green),Stationery,LOC03664,59,30,3100.86,In Stock,2026-08-15
INV03665,P00683,Deluxe HDMI Cable (Red),Electronics,LOC03665,242,20,2871.52,In Stock,2026-08-18
INV03666,P00721,Deluxe Sticky Notes (Beige),Stationery,LOC03666,90,20,3002.98,In Stock,2026-08-24
INV03667,P00175,Max Slippers (Green),Footwear,LOC03667,299,10,3250.31,In Stock,2026-08-28
INV03668,P00106,Lite Headphones (Blue),Electronics,LOC03668,144,40,2955.19,In Stock,2026-08-06
INV03669,P00623,Max Sunglasses (Green),Accessories,LOC03669,257,20,638.78,In Stock,2026-08-04
INV03670,P00008,Mini Cap (Red),Accessories,LOC03670,110,10,4810.24,In Stock,2026-08-27
INV03671,P00711,Deluxe Wallet (White),Accessories,LOC03671,203,40,2946.3,In Stock,2026-08-29
INV03672,P00595,Max Flip Flops (Black),Footwear,LOC03672,145,10,2118.72,In Stock,2026-08-28
INV03673,P00158,Deluxe Table Lamp (Red),Home,LOC03673,61,10,4120.88,In Stock,2026-08-27
INV03674,P00032,Compact Monitor (Grey),Electronics,LOC03674,230,10,844.52,In Stock,2026-08-10
INV03675,P00635,Classic Stapler (Beige),Stationery,LOC03675,154,30,2234.62,In Stock,2026-08-23
INV03676,P00516,Compact Calculator (Silver),Stationery,LOC03676,266,30,1882.54,In Stock,2026-08-13
INV03677,P00305,Classic Hiking Boots (Grey),Footwear,LOC03677,37,30,818.69,In Stock,2026-08-23
INV03678,P00192,Classic Backpack (Grey),Accessories,LOC03678,63,30,1988.37,In Stock,2026-08-08
INV03679,P00685,Premium Cushion (Grey),Home,LOC03679,52,20,1628.64,In Stock,2026-08-30
INV03680,P00280,Compact Scissors (Grey),Stationery,LOC03680,295,40,1036.8,In Stock,2026-08-04
INV03681,P00154,Classic Laptop Stand (Black),Electronics,LOC03681,58,40,223.64,In Stock,2026-08-18
INV03682,P00098,Classic Sports Shoes (Blue),Footwear,LOC03682,97,10,1640.76,In Stock,2026-08-02
INV03683,P00141,Max Water Bottle (Beige),Home,LOC03683,52,15,4160.22,In Stock,2026-08-12
INV03684,P00547,Compact Marker Pack (Black),Stationery,LOC03684,120,15,2760.41,In Stock,2026-08-10
INV03685,P00733,Lite Pen Set (Green),Stationery,LOC03685,64,10,2032.23,In Stock,2026-08-05
INV03686,P00403,Compact Bed Sheet Set (Beige),Home,LOC03686,41,25,4994.45,In Stock,2026-08-21
INV03687,P00162,Standard Keychain (Beige),Accessories,LOC03687,71,10,4691.74,In Stock,2026-08-11
INV03688,P00776,Max Wallet (Grey),Accessories,LOC03688,81,20,2176.17,In Stock,2026-08-08
INV03689,P00041,Premium Charger (White),Electronics,LOC03689,242,25,1622.59,In Stock,2026-08-13
INV03690,P00138,Max Sandals (Beige),Footwear,LOC03690,101,30,4673.91,In Stock,2026-08-21
INV03691,P00677,Plus Umbrella (Beige),Accessories,LOC03691,274,30,3558.79,In Stock,2026-08-16
INV03692,P00437,Plus Boots (Black),Footwear,LOC03692,202,40,1580.68,In Stock,2026-08-30
INV03693,P00553,Plus Formal Shoes (Blue),Footwear,LOC03693,255,40,466.69,In Stock,2026-08-16
INV03694,P00460,Pro Bluetooth Speaker (Silver),Electronics,LOC03694,173,40,4228.9,In Stock,2026-08-06
INV03695,P00054,Standard Monitor (Green),Electronics,LOC03695,123,10,3523.89,In Stock,2026-08-27
INV03696,P00380,Mini Smart Watch (Black),Electronics,LOC03696,9,10,4089.44,Low Stock,2026-08-23
INV03697,P00773,Pro Formal Shoes (Blue),Footwear,LOC03697,252,30,1488.92,In Stock,2026-08-30
INV03698,P00474,Lite Sticky Notes (Blue),Stationery,LOC03698,176,15,2217.08,In Stock,2026-08-09
INV03699,P00297,Max Door Mat (Green),Home,LOC03699,223,10,4944.06,In Stock,2026-08-24
INV03700,P00607,Mini Calculator (Beige),Stationery,LOC03700,106,40,2477.44,In Stock,2026-08-19
INV03701,P00445,Standard Curtain (Blue),Home,LOC03701,119,40,1662.41,In Stock,2026-08-19
INV03702,P00190,Mini Loafers (Grey),Footwear,LOC03702,284,15,4043.2,In Stock,2026-08-22
INV03703,P00174,Premium Backpack (Green),Accessories,LOC03703,295,30,3274.71,In Stock,2026-08-07
INV03704,P00687,Max Boots (Grey),Footwear,LOC03704,85,40,2790.48,In Stock,2026-08-25
INV03705,P00437,Plus Boots (Black),Footwear,LOC03705,10,30,1442.57,Low Stock,2026-08-16
INV03706,P00667,Lite Water Bottle (Beige),Home,LOC03706,180,15,3888.04,In Stock,2026-08-29
INV03707,P00237,Premium Door Mat (Red),Home,LOC03707,266,10,1898.36,In Stock,2026-08-20
INV03708,P00241,Classic Stapler (Grey),Stationery,LOC03708,41,10,3439.29,In Stock,2026-08-24
INV03709,P00608,Max Boots (Green),Footwear,LOC03709,41,15,1660.87,In Stock,2026-08-21
INV03710,P00320,Deluxe Bed Sheet Set (Beige),Home,LOC03710,239,40,1795.29,In Stock,2026-08-24
INV03711,P00481,Classic Notebook (White),Stationery,LOC03711,1,40,1936.29,Low Stock,2026-08-16
INV03712,P00741,Deluxe Stapler (Blue),Stationery,LOC03712,282,30,2874.08,In Stock,2026-08-30
INV03713,P00675,Mini Table Lamp (Grey),Home,LOC03713,204,30,2333.74,In Stock,2026-08-07
INV03714,P00517,Premium Stapler (Black),Stationery,LOC03714,212,25,1263.63,In Stock,2026-08-05
INV03715,P00012,Compact Table Lamp (Grey),Home,LOC03715,296,20,3092.35,In Stock,2026-08-12
INV03716,P00264,Mini Curtain (Red),Home,LOC03716,143,30,1460.73,In Stock,2026-08-24
INV03717,P00176,Lite Handbag (Grey),Accessories,LOC03717,189,15,1748.57,In Stock,2026-08-19
INV03718,P00201,Premium File Folder (Silver),Stationery,LOC03718,17,15,3099.44,In Stock,2026-08-24
INV03719,P00360,Pro Keyboard (Red),Electronics,LOC03719,49,20,1119.03,In Stock,2026-08-19
INV03720,P00706,Plus Sticky Notes (Beige),Stationery,LOC03720,56,20,225.96,In Stock,2026-08-30
INV03721,P00421,Premium Tablet Stand (Black),Electronics,LOC03721,158,25,3394.37,In Stock,2026-08-11
INV03722,P00440,Premium Sunglasses (Silver),Accessories,LOC03722,205,15,3696.26,In Stock,2026-08-25
INV03723,P00011,Premium Charger (White),Electronics,LOC03723,15,20,2506.06,Low Stock,2026-08-09
INV03724,P00509,Mini Scissors (Red),Stationery,LOC03724,72,15,757.11,In Stock,2026-08-08
INV03725,P00719,Mini Wallet (Green),Accessories,LOC03725,257,25,4354.04,In Stock,2026-08-26
INV03726,P00041,Premium Charger (White),Electronics,LOC03726,101,40,944.2,In Stock,2026-08-29
INV03727,P00649,Lite Table Lamp (Blue),Home,LOC03727,57,30,491.87,In Stock,2026-08-05
INV03728,P00065,Lite Keyboard (Silver),Electronics,LOC03728,291,30,1830.19,In Stock,2026-08-25
INV03729,P00315,Standard Laptop Stand (Beige),Electronics,LOC03729,226,40,4271.88,In Stock,2026-08-24
INV03730,P00328,Deluxe Notebook (Green),Stationery,LOC03730,61,15,2261.06,In Stock,2026-08-03
INV03731,P00325,Mini Handbag (Silver),Accessories,LOC03731,216,30,4465.62,In Stock,2026-08-08
INV03732,P00223,Pro Handbag (Blue),Accessories,LOC03732,44,10,4221.19,In Stock,2026-08-10
INV03733,P00211,Mini Marker Pack (Grey),Stationery,LOC03733,53,15,4980.93,In Stock,2026-08-29
INV03734,P00516,Compact Calculator (Silver),Stationery,LOC03734,82,25,4099.42,In Stock,2026-08-08
INV03735,P00750,Pro Notebook (Silver),Stationery,LOC03735,297,20,3398.33,In Stock,2026-08-29
INV03736,P00027,Mini Belt (Silver),Accessories,LOC03736,120,10,567.07,In Stock,2026-08-27
INV03737,P00020,Compact Wall Clock (Red),Home,LOC03737,213,15,4762.99,In Stock,2026-08-10
INV03738,P00733,Lite Pen Set (Green),Stationery,LOC03738,19,10,731.05,In Stock,2026-08-30
INV03739,P00513,Mini Calculator (Green),Stationery,LOC03739,155,15,215.3,In Stock,2026-08-03
INV03740,P00090,Mini Boots (Silver),Footwear,LOC03740,23,25,1381.77,Low Stock,2026-08-05
INV03741,P00433,Premium Charger (Black),Electronics,LOC03741,217,10,2404.85,In Stock,2026-08-21
INV03742,P00457,Compact File Folder (White),Stationery,LOC03742,98,40,1478.59,In Stock,2026-08-06
INV03743,P00622,Compact Power Bank (Beige),Electronics,LOC03743,244,30,1126.16,In Stock,2026-08-28
INV03744,P00132,Compact Curtain (Beige),Home,LOC03744,143,10,1624.8,In Stock,2026-08-07
INV03745,P00508,Plus Keyboard (Green),Electronics,LOC03745,109,20,1602.26,In Stock,2026-08-24
INV03746,P00133,Mini Highlighter Set (Silver),Stationery,LOC03746,22,10,424.08,In Stock,2026-08-14
INV03747,P00047,Deluxe Backpack (Red),Accessories,LOC03747,150,10,108.53,In Stock,2026-08-27
INV03748,P00013,Deluxe Scissors (Red),Stationery,LOC03748,149,40,696.6,In Stock,2026-08-04
INV03749,P00345,Premium Curtain (Beige),Home,LOC03749,170,20,2898.0,In Stock,2026-08-24
INV03750,P00137,Plus Handbag (White),Accessories,LOC03750,241,10,3453.7,In Stock,2026-08-25
INV03751,P00131,Premium Storage Box (Green),Home,LOC03751,118,40,2172.99,In Stock,2026-08-20
INV03752,P00710,Max Water Bottle (Red),Home,LOC03752,66,25,2495.69,In Stock,2026-08-22
INV03753,P00800,Compact Wall Clock (White),Home,LOC03753,267,10,4465.99,In Stock,2026-08-26
INV03754,P00573,Premium Travel Pouch (White),Accessories,LOC03754,283,30,4539.49,In Stock,2026-08-16
INV03755,P00465,Premium Sneakers (Black),Footwear,LOC03755,216,25,4596.34,In Stock,2026-08-16
INV03756,P00066,Compact Watch Strap (Silver),Accessories,LOC03756,256,15,3314.78,In Stock,2026-08-16
INV03757,P00132,Compact Curtain (Beige),Home,LOC03757,274,15,4856.71,In Stock,2026-08-03
INV03758,P00229,Plus Flip Flops (Silver),Footwear,LOC03758,233,30,4018.42,In Stock,2026-08-21
INV03759,P00043,Lite Sticky Notes (Beige),Stationery,LOC03759,259,20,289.29,In Stock,2026-08-16
INV03760,P00370,Pro Slippers (Silver),Footwear,LOC03760,300,10,1772.75,In Stock,2026-08-09
INV03761,P00514,Mini Scissors (Beige),Stationery,LOC03761,261,25,3260.48,In Stock,2026-08-26
INV03762,P00468,Standard Power Bank (Silver),Electronics,LOC03762,114,40,2737.9,In Stock,2026-08-09
INV03763,P00703,Lite Wallet (Black),Accessories,LOC03763,255,10,2072.42,In Stock,2026-08-19
INV03764,P00320,Deluxe Bed Sheet Set (Beige),Home,LOC03764,20,40,3204.04,Low Stock,2026-08-08
INV03765,P00110,Max Curtain (Grey),Home,LOC03765,248,20,2597.99,In Stock,2026-08-26
INV03766,P00635,Classic Stapler (Beige),Stationery,LOC03766,291,15,3223.04,In Stock,2026-08-04
INV03767,P00245,Max Photo Frame (Red),Home,LOC03767,200,40,260.54,In Stock,2026-08-24
INV03768,P00286,Deluxe Cap (Beige),Accessories,LOC03768,97,20,2958.29,In Stock,2026-08-25
INV03769,P00459,Premium Stapler (Red),Stationery,LOC03769,288,10,251.37,In Stock,2026-08-11
INV03770,P00421,Premium Tablet Stand (Black),Electronics,LOC03770,264,15,4491.39,In Stock,2026-08-11
INV03771,P00009,Pro Wallet (Beige),Accessories,LOC03771,27,15,4820.32,In Stock,2026-08-24
INV03772,P00077,Mini Watch Strap (Grey),Accessories,LOC03772,100,20,3316.98,In Stock,2026-08-15
INV03773,P00191,Compact Charger (Blue),Electronics,LOC03773,177,10,3278.52,In Stock,2026-08-12
INV03774,P00737,Pro Laptop Stand (Red),Electronics,LOC03774,112,20,1407.2,In Stock,2026-08-22
INV03775,P00778,Compact Desk Organizer (Red),Stationery,LOC03775,230,10,3569.21,In Stock,2026-08-25
INV03776,P00694,Pro Watch Strap (Black),Accessories,LOC03776,233,25,4840.66,In Stock,2026-08-15
INV03777,P00539,Compact Stapler (Grey),Stationery,LOC03777,300,30,3256.29,In Stock,2026-08-30
INV03778,P00748,Compact Keyboard (Grey),Electronics,LOC03778,54,15,3726.31,In Stock,2026-08-25
INV03779,P00467,Mini Bed Sheet Set (White),Home,LOC03779,4,15,205.15,Low Stock,2026-08-30
INV03780,P00775,Mini Photo Frame (Red),Home,LOC03780,158,30,4936.12,In Stock,2026-08-16
INV03781,P00178,Standard USB-C Cable (Silver),Electronics,LOC03781,206,20,2272.61,In Stock,2026-08-04
INV03782,P00685,Premium Cushion (Grey),Home,LOC03782,275,25,4472.27,In Stock,2026-08-23
INV03783,P00287,Max Wallet (Silver),Accessories,LOC03783,11,10,2803.56,In Stock,2026-08-23
INV03784,P00419,Classic Wallet (Red),Accessories,LOC03784,41,25,1358.85,In Stock,2026-08-17
INV03785,P00280,Compact Scissors (Grey),Stationery,LOC03785,221,15,1572.03,In Stock,2026-08-05
INV03786,P00510,Standard Calculator (Black),Stationery,LOC03786,132,10,2129.7,In Stock,2026-08-19
INV03787,P00085,Pro Wallet (Blue),Accessories,LOC03787,8,10,2368.61,Low Stock,2026-08-04
INV03788,P00798,Mini Loafers (Grey),Footwear,LOC03788,118,10,1697.87,In Stock,2026-08-08
INV03789,P00796,Mini Running Shoes (Silver),Footwear,LOC03789,146,10,1197.23,In Stock,2026-08-22
INV03790,P00773,Pro Formal Shoes (Blue),Footwear,LOC03790,237,10,1607.99,In Stock,2026-08-08
INV03791,P00386,Plus Sticky Notes (White),Stationery,LOC03791,216,40,2873.84,In Stock,2026-08-25
INV03792,P00629,Classic Tablet Stand (Black),Electronics,LOC03792,131,25,392.23,In Stock,2026-08-20
INV03793,P00219,Classic Keychain (Blue),Accessories,LOC03793,29,40,2614.79,Low Stock,2026-08-09
INV03794,P00104,Pro Cap (Grey),Accessories,LOC03794,226,25,4402.92,In Stock,2026-08-20
INV03795,P00513,Mini Calculator (Green),Stationery,LOC03795,293,30,2078.32,In Stock,2026-08-05
INV03796,P00588,Standard Bed Sheet Set (Beige),Home,LOC03796,145,15,1483.3,In Stock,2026-08-15
INV03797,P00541,Compact Running Shoes (Red),Footwear,LOC03797,53,10,1038.08,In Stock,2026-08-30
INV03798,P00096,Plus Formal Shoes (Beige),Footwear,LOC03798,218,30,1299.8,In Stock,2026-08-25
INV03799,P00254,Plus Tablet Stand (Beige),Electronics,LOC03799,135,10,3476.76,In Stock,2026-08-30
INV03800,P00381,Premium Slippers (Blue),Footwear,LOC03800,261,10,912.65,In Stock,2026-08-26
INV03801,P00377,Max Curtain (Green),Home,LOC03801,41,30,377.66,In Stock,2026-08-29
INV03802,P00252,Pro Storage Box (Silver),Home,LOC03802,123,20,1425.98,In Stock,2026-08-29
INV03803,P00747,Premium Candle Holder (White),Home,LOC03803,181,15,4048.72,In Stock,2026-08-29
INV03804,P00481,Classic Notebook (White),Stationery,LOC03804,14,20,1718.96,Low Stock,2026-08-27
INV03805,P00390,Pro Flip Flops (Beige),Footwear,LOC03805,161,15,3390.59,In Stock,2026-08-03
INV03806,P00211,Mini Marker Pack (Grey),Stationery,LOC03806,37,10,1362.39,In Stock,2026-08-27
INV03807,P00653,Max Keyboard (White),Electronics,LOC03807,58,10,3235.38,In Stock,2026-08-19
INV03808,P00029,Standard Sandals (White),Footwear,LOC03808,5,25,1313.45,Low Stock,2026-08-16
INV03809,P00412,Plus Table Lamp (Red),Home,LOC03809,298,40,3940.89,In Stock,2026-08-07
INV03810,P00370,Pro Slippers (Silver),Footwear,LOC03810,90,15,1614.53,In Stock,2026-08-03
INV03811,P00168,Plus Keyboard (Silver),Electronics,LOC03811,217,40,3303.53,In Stock,2026-08-26
INV03812,P00251,Classic Highlighter Set (Blue),Stationery,LOC03812,187,40,2845.64,In Stock,2026-08-27
INV03813,P00686,Standard Tablet Stand (Silver),Electronics,LOC03813,161,15,686.6,In Stock,2026-08-25
INV03814,P00420,Premium Curtain (White),Home,LOC03814,160,10,2896.29,In Stock,2026-08-22
INV03815,P00626,Premium Door Mat (Blue),Home,LOC03815,138,20,2123.13,In Stock,2026-08-24
INV03816,P00719,Mini Wallet (Green),Accessories,LOC03816,273,10,1640.46,In Stock,2026-08-09
INV03817,P00450,Classic Highlighter Set (Blue),Stationery,LOC03817,274,20,2695.84,In Stock,2026-08-05
INV03818,P00738,Plus Hiking Boots (Beige),Footwear,LOC03818,188,40,620.69,In Stock,2026-08-02
INV03819,P00627,Mini Sunglasses (Silver),Accessories,LOC03819,159,30,4014.45,In Stock,2026-08-02
INV03820,P00137,Plus Handbag (White),Accessories,LOC03820,177,15,3005.49,In Stock,2026-08-18
INV03821,P00357,Standard File Folder (Grey),Stationery,LOC03821,28,30,4749.13,Low Stock,2026-08-23
INV03822,P00755,Classic Backpack (White),Accessories,LOC03822,170,40,938.83,In Stock,2026-08-29
INV03823,P00531,Lite Sneakers (Grey),Footwear,LOC03823,172,10,1648.15,In Stock,2026-08-01
INV03824,P00510,Standard Calculator (Black),Stationery,LOC03824,260,40,3461.02,In Stock,2026-08-03
INV03825,P00646,Pro Backpack (Grey),Accessories,LOC03825,108,25,3961.98,In Stock,2026-08-12
INV03826,P00302,Mini Belt (Red),Accessories,LOC03826,183,15,3547.35,In Stock,2026-08-06
INV03827,P00485,Standard Cushion (Grey),Home,LOC03827,250,25,1496.84,In Stock,2026-08-16
INV03828,P00281,Premium Boots (Grey),Footwear,LOC03828,199,30,1300.88,In Stock,2026-08-09
INV03829,P00314,Premium Stapler (Black),Stationery,LOC03829,144,25,338.16,In Stock,2026-08-26
INV03830,P00009,Pro Wallet (Beige),Accessories,LOC03830,290,25,4626.25,In Stock,2026-08-18
INV03831,P00400,Compact Cushion (Red),Home,LOC03831,279,20,4804.38,In Stock,2026-08-14
INV03832,P00688,Standard Sports Shoes (White),Footwear,LOC03832,186,25,4030.4,In Stock,2026-08-26
INV03833,P00509,Mini Scissors (Red),Stationery,LOC03833,116,25,1822.02,In Stock,2026-08-26
INV03834,P00668,Compact Table Lamp (Red),Home,LOC03834,194,20,592.31,In Stock,2026-08-01
INV03835,P00125,Premium USB-C Cable (White),Electronics,LOC03835,130,10,869.08,In Stock,2026-08-01
INV03836,P00370,Pro Slippers (Silver),Footwear,LOC03836,181,20,3053.96,In Stock,2026-08-24
INV03837,P00045,Premium Photo Frame (Silver),Home,LOC03837,222,10,4184.92,In Stock,2026-08-02
INV03838,P00630,Max Storage Box (White),Home,LOC03838,72,15,3740.55,In Stock,2026-08-27
INV03839,P00480,Deluxe Hiking Boots (Green),Footwear,LOC03839,225,10,2044.98,In Stock,2026-08-19
INV03840,P00140,Compact Photo Frame (Silver),Home,LOC03840,53,20,1552.58,In Stock,2026-08-23
INV03841,P00128,Pro Running Shoes (Beige),Footwear,LOC03841,201,40,1165.27,In Stock,2026-08-25
INV03842,P00381,Premium Slippers (Blue),Footwear,LOC03842,118,10,4893.79,In Stock,2026-08-24
INV03843,P00796,Mini Running Shoes (Silver),Footwear,LOC03843,152,30,3208.64,In Stock,2026-08-08
INV03844,P00521,Premium Router (Blue),Electronics,LOC03844,132,30,2352.65,In Stock,2026-08-09
INV03845,P00587,Classic Running Shoes (Grey),Footwear,LOC03845,79,20,2193.16,In Stock,2026-08-22
INV03846,P00512,Premium Bed Sheet Set (Blue),Home,LOC03846,135,30,3655.95,In Stock,2026-08-19
INV03847,P00345,Premium Curtain (Beige),Home,LOC03847,181,20,1833.79,In Stock,2026-08-23
INV03848,P00468,Standard Power Bank (Silver),Electronics,LOC03848,259,40,948.17,In Stock,2026-08-29
INV03849,P00743,Mini Pen Set (Beige),Stationery,LOC03849,55,15,3436.16,In Stock,2026-08-16
INV03850,P00675,Mini Table Lamp (Grey),Home,LOC03850,224,15,2691.51,In Stock,2026-08-24
INV03851,P00136,Lite Table Lamp (Red),Home,LOC03851,143,15,889.87,In Stock,2026-08-29
INV03852,P00615,Deluxe Cushion (Red),Home,LOC03852,201,15,4578.71,In Stock,2026-08-28
INV03853,P00488,Deluxe Loafers (Blue),Footwear,LOC03853,52,25,4597.8,In Stock,2026-08-15
INV03854,P00278,Lite Formal Shoes (Green),Footwear,LOC03854,15,40,1455.19,Low Stock,2026-08-25
INV03855,P00042,Mini Sticky Notes (Silver),Stationery,LOC03855,199,20,1895.26,In Stock,2026-08-11
INV03856,P00083,Deluxe Stapler (Black),Stationery,LOC03856,282,15,2571.74,In Stock,2026-08-13
INV03857,P00126,Deluxe Candle Holder (Red),Home,LOC03857,179,10,3565.01,In Stock,2026-08-01
INV03858,P00135,Max Highlighter Set (Grey),Stationery,LOC03858,82,30,3896.23,In Stock,2026-08-02
INV03859,P00299,Lite Keyboard (Red),Electronics,LOC03859,173,40,930.57,In Stock,2026-08-19
INV03860,P00539,Compact Stapler (Grey),Stationery,LOC03860,69,40,2501.8,In Stock,2026-08-15
INV03861,P00280,Compact Scissors (Grey),Stationery,LOC03861,105,15,1658.89,In Stock,2026-08-20
INV03862,P00272,Standard Backpack (Grey),Accessories,LOC03862,117,15,4973.42,In Stock,2026-08-27
INV03863,P00468,Standard Power Bank (Silver),Electronics,LOC03863,68,15,2647.15,In Stock,2026-08-23
INV03864,P00222,Plus Laptop Stand (Beige),Electronics,LOC03864,214,30,1015.82,In Stock,2026-08-25
INV03865,P00353,Standard Sandals (Red),Footwear,LOC03865,21,10,1957.84,In Stock,2026-08-01
INV03866,P00502,Mini Keyboard (Grey),Electronics,LOC03866,84,25,1048.18,In Stock,2026-08-03
INV03867,P00644,Pro Keychain (Black),Accessories,LOC03867,128,40,1987.29,In Stock,2026-08-23
INV03868,P00583,Plus Sports Shoes (Beige),Footwear,LOC03868,195,40,1160.22,In Stock,2026-08-26
INV03869,P00509,Mini Scissors (Red),Stationery,LOC03869,184,10,2433.37,In Stock,2026-08-29
INV03870,P00115,Standard Photo Frame (Grey),Home,LOC03870,182,10,2844.54,In Stock,2026-08-06
INV03871,P00573,Premium Travel Pouch (White),Accessories,LOC03871,33,15,1186.71,In Stock,2026-08-18
INV03872,P00682,Standard Wall Clock (Green),Home,LOC03872,185,30,3150.21,In Stock,2026-08-02
INV03873,P00239,Compact Hiking Boots (Blue),Footwear,LOC03873,230,25,615.71,In Stock,2026-08-28
INV03874,P00134,Max Wall Clock (Grey),Home,LOC03874,243,30,4711.57,In Stock,2026-08-07
INV03875,P00760,Mini Webcam (Black),Electronics,LOC03875,264,20,4478.24,In Stock,2026-08-11
INV03876,P00786,Standard Earbuds (Grey),Electronics,LOC03876,232,15,3071.03,In Stock,2026-08-22
INV03877,P00714,Plus Bed Sheet Set (Beige),Home,LOC03877,269,10,2765.14,In Stock,2026-08-05
INV03878,P00019,Mini Marker Pack (Silver),Stationery,LOC03878,30,10,945.83,In Stock,2026-08-16
INV03879,P00575,Classic Highlighter Set (Silver),Stationery,LOC03879,244,40,4723.46,In Stock,2026-08-03
INV03880,P00125,Premium USB-C Cable (White),Electronics,LOC03880,299,30,1800.13,In Stock,2026-08-28
INV03881,P00252,Pro Storage Box (Silver),Home,LOC03881,165,30,3883.89,In Stock,2026-08-19
INV03882,P00135,Max Highlighter Set (Grey),Stationery,LOC03882,107,15,4071.39,In Stock,2026-08-03
INV03883,P00799,Classic Earbuds (Green),Electronics,LOC03883,264,30,4734.77,In Stock,2026-08-24
INV03884,P00118,Classic Bed Sheet Set (Grey),Home,LOC03884,184,25,243.82,In Stock,2026-08-15
INV03885,P00172,Lite Formal Shoes (Silver),Footwear,LOC03885,7,15,2675.3,Low Stock,2026-08-27
INV03886,P00059,Premium Boots (Red),Footwear,LOC03886,1,25,1485.75,Low Stock,2026-08-29
INV03887,P00069,Classic Backpack (Silver),Accessories,LOC03887,172,25,4777.24,In Stock,2026-08-01
INV03888,P00752,Max Sports Shoes (Silver),Footwear,LOC03888,62,20,329.69,In Stock,2026-08-08
INV03889,P00526,Deluxe Bed Sheet Set (Silver),Home,LOC03889,279,40,3282.17,In Stock,2026-08-14
INV03890,P00529,Premium Sunglasses (Green),Accessories,LOC03890,248,40,3444.58,In Stock,2026-08-11
INV03891,P00347,Pro Watch Strap (Grey),Accessories,LOC03891,300,10,3788.98,In Stock,2026-08-11
INV03892,P00311,Premium Laptop Stand (Green),Electronics,LOC03892,22,20,4160.34,In Stock,2026-08-10
INV03893,P00449,Classic Sticky Notes (Blue),Stationery,LOC03893,127,15,3146.92,In Stock,2026-08-13
INV03894,P00694,Pro Watch Strap (Black),Accessories,LOC03894,65,25,2557.35,In Stock,2026-08-15
INV03895,P00348,Compact Highlighter Set (Grey),Stationery,LOC03895,276,10,1510.36,In Stock,2026-08-30
INV03896,P00707,Standard Cushion (Blue),Home,LOC03896,20,15,3290.37,In Stock,2026-08-10
INV03897,P00277,Deluxe Water Bottle (Green),Home,LOC03897,165,40,3440.7,In Stock,2026-08-30
INV03898,P00706,Plus Sticky Notes (Beige),Stationery,LOC03898,205,20,2485.27,In Stock,2026-08-05
INV03899,P00396,Mini Keychain (Beige),Accessories,LOC03899,99,20,3062.39,In Stock,2026-08-30
INV03900,P00207,Lite Highlighter Set (Black),Stationery,LOC03900,146,30,3941.15,In Stock,2026-08-04
INV03901,P00733,Lite Pen Set (Green),Stationery,LOC03901,229,25,2262.94,In Stock,2026-08-09
INV03902,P00696,Standard Photo Frame (Silver),Home,LOC03902,214,30,3704.3,In Stock,2026-08-19
INV03903,P00714,Plus Bed Sheet Set (Beige),Home,LOC03903,272,20,1425.59,In Stock,2026-08-11
INV03904,P00078,Pro Photo Frame (Black),Home,LOC03904,27,10,4073.13,In Stock,2026-08-13
INV03905,P00448,Standard Headphones (Green),Electronics,LOC03905,77,25,4752.13,In Stock,2026-08-14
INV03906,P00517,Premium Stapler (Black),Stationery,LOC03906,120,25,2304.08,In Stock,2026-08-21
INV03907,P00626,Premium Door Mat (Blue),Home,LOC03907,110,20,355.69,In Stock,2026-08-15
INV03908,P00164,Lite Charger (White),Electronics,LOC03908,294,20,2211.68,In Stock,2026-08-07
INV03909,P00273,Classic Router (Silver),Electronics,LOC03909,267,20,4911.67,In Stock,2026-08-05
INV03910,P00450,Classic Highlighter Set (Blue),Stationery,LOC03910,7,30,112.44,Low Stock,2026-08-09
INV03911,P00041,Premium Charger (White),Electronics,LOC03911,102,25,433.53,In Stock,2026-08-13
INV03912,P00522,Standard Desk Organizer (Blue),Stationery,LOC03912,191,25,973.33,In Stock,2026-08-13
INV03913,P00443,Plus Stapler (White),Stationery,LOC03913,71,40,4184.03,In Stock,2026-08-25
INV03914,P00793,Standard HDMI Cable (White),Electronics,LOC03914,81,15,4822.11,In Stock,2026-08-16
INV03915,P00795,Pro Sunglasses (Black),Accessories,LOC03915,60,25,2007.02,In Stock,2026-08-05
INV03916,P00496,Compact Slippers (Silver),Footwear,LOC03916,37,15,122.81,In Stock,2026-08-05
INV03917,P00566,Premium Sandals (Blue),Footwear,LOC03917,234,20,4325.36,In Stock,2026-08-22
INV03918,P00358,Classic Keyboard (Green),Electronics,LOC03918,58,30,794.12,In Stock,2026-08-12
INV03919,P00313,Deluxe Marker Pack (Black),Stationery,LOC03919,174,15,1964.22,In Stock,2026-08-25
INV03920,P00008,Mini Cap (Red),Accessories,LOC03920,276,30,4388.76,In Stock,2026-08-26
INV03921,P00342,Deluxe Handbag (White),Accessories,LOC03921,275,25,3300.48,In Stock,2026-08-07
INV03922,P00048,Classic Marker Pack (White),Stationery,LOC03922,105,40,4518.18,In Stock,2026-08-01
INV03923,P00276,Classic Formal Shoes (Grey),Footwear,LOC03923,125,10,2086.75,In Stock,2026-08-27
INV03924,P00670,Lite Sandals (Grey),Footwear,LOC03924,64,15,1682.57,In Stock,2026-08-19
INV03925,P00750,Pro Notebook (Silver),Stationery,LOC03925,136,30,3049.11,In Stock,2026-08-20
INV03926,P00455,Lite Photo Frame (Red),Home,LOC03926,225,40,3707.2,In Stock,2026-08-27
INV03927,P00045,Premium Photo Frame (Silver),Home,LOC03927,22,25,1433.54,Low Stock,2026-08-01
INV03928,P00387,Plus Sticky Notes (Grey),Stationery,LOC03928,142,10,1311.85,In Stock,2026-08-26
INV03929,P00456,Mini Wireless Mouse (Silver),Electronics,LOC03929,26,10,3691.95,In Stock,2026-08-26
INV03930,P00082,Mini Cap (Silver),Accessories,LOC03930,249,40,1064.18,In Stock,2026-08-10
INV03931,P00574,Premium Hiking Boots (White),Footwear,LOC03931,42,25,4146.04,In Stock,2026-08-22
INV03932,P00391,Classic Scissors (Green),Stationery,LOC03932,257,15,2345.31,In Stock,2026-08-30
INV03933,P00191,Compact Charger (Blue),Electronics,LOC03933,183,10,3567.58,In Stock,2026-08-29
INV03934,P00309,Lite Bluetooth Speaker (Black),Electronics,LOC03934,166,10,4182.37,In Stock,2026-08-09
INV03935,P00448,Standard Headphones (Green),Electronics,LOC03935,62,25,1522.3,In Stock,2026-08-17
INV03936,P00553,Plus Formal Shoes (Blue),Footwear,LOC03936,255,40,1441.86,In Stock,2026-08-10
INV03937,P00501,Lite Highlighter Set (Black),Stationery,LOC03937,185,30,3175.06,In Stock,2026-08-29
INV03938,P00257,Standard Formal Shoes (White),Footwear,LOC03938,257,10,947.29,In Stock,2026-08-17
INV03939,P00213,Deluxe Keychain (Grey),Accessories,LOC03939,132,40,941.92,In Stock,2026-08-22
INV03940,P00649,Lite Table Lamp (Blue),Home,LOC03940,69,15,2922.58,In Stock,2026-08-07
INV03941,P00600,Mini Desk Organizer (Beige),Stationery,LOC03941,81,30,2858.62,In Stock,2026-08-04
INV03942,P00025,Max Sunglasses (Grey),Accessories,LOC03942,236,10,1135.95,In Stock,2026-08-23
INV03943,P00142,Classic Curtain (Beige),Home,LOC03943,3,40,4744.57,Low Stock,2026-08-10
INV03944,P00265,Premium Wall Clock (Grey),Home,LOC03944,214,20,447.25,In Stock,2026-08-15
INV03945,P00683,Deluxe HDMI Cable (Red),Electronics,LOC03945,56,20,3283.53,In Stock,2026-08-24
INV03946,P00389,Standard Travel Pouch (Green),Accessories,LOC03946,3,25,2145.68,Low Stock,2026-08-10
INV03947,P00604,Premium Flip Flops (Red),Footwear,LOC03947,295,15,2068.16,In Stock,2026-08-03
INV03948,P00757,Classic Door Mat (Beige),Home,LOC03948,189,20,2062.29,In Stock,2026-08-15
INV03949,P00684,Mini Calculator (Black),Stationery,LOC03949,204,25,4099.47,In Stock,2026-08-30
INV03950,P00737,Pro Laptop Stand (Red),Electronics,LOC03950,197,25,2454.22,In Stock,2026-08-13
INV03951,P00404,Deluxe Sneakers (Blue),Footwear,LOC03951,287,10,140.26,In Stock,2026-08-12
INV03952,P00688,Standard Sports Shoes (White),Footwear,LOC03952,175,40,783.42,In Stock,2026-08-28
INV03953,P00447,Standard Keychain (Grey),Accessories,LOC03953,168,20,4639.21,In Stock,2026-08-29
INV03954,P00073,Deluxe HDMI Cable (Red),Electronics,LOC03954,186,25,2907.81,In Stock,2026-08-02
INV03955,P00551,Premium Cap (Silver),Accessories,LOC03955,253,30,3006.09,In Stock,2026-08-17
INV03956,P00514,Mini Scissors (Beige),Stationery,LOC03956,73,25,1564.52,In Stock,2026-08-15
INV03957,P00283,Standard Sneakers (Green),Footwear,LOC03957,85,15,476.32,In Stock,2026-08-01
INV03958,P00717,Deluxe Keychain (White),Accessories,LOC03958,185,30,2128.36,In Stock,2026-08-23
INV03959,P00622,Compact Power Bank (Beige),Electronics,LOC03959,274,15,1236.58,In Stock,2026-08-15
INV03960,P00539,Compact Stapler (Grey),Stationery,LOC03960,141,25,1960.53,In Stock,2026-08-02
INV03961,P00491,Premium Belt (White),Accessories,LOC03961,156,15,1089.63,In Stock,2026-08-14
INV03962,P00039,Plus HDMI Cable (Grey),Electronics,LOC03962,83,15,1358.02,In Stock,2026-08-26
INV03963,P00057,Max USB-C Cable (Red),Electronics,LOC03963,45,15,1029.6,In Stock,2026-08-18
INV03964,P00581,Pro Notebook (Silver),Stationery,LOC03964,123,15,4493.51,In Stock,2026-08-27
INV03965,P00112,Max Calculator (Green),Stationery,LOC03965,260,10,204.12,In Stock,2026-08-09
INV03966,P00363,Pro Sunglasses (White),Accessories,LOC03966,256,20,1780.38,In Stock,2026-08-18
INV03967,P00511,Mini Wireless Mouse (Green),Electronics,LOC03967,190,20,1517.79,In Stock,2026-08-05
INV03968,P00158,Deluxe Table Lamp (Red),Home,LOC03968,201,30,465.62,In Stock,2026-08-04
INV03969,P00198,Deluxe Sandals (Grey),Footwear,LOC03969,234,25,1796.57,In Stock,2026-08-30
INV03970,P00725,Plus Notebook (Black),Stationery,LOC03970,108,30,4692.55,In Stock,2026-08-11
INV03971,P00586,Standard Flip Flops (Blue),Footwear,LOC03971,102,30,2334.76,In Stock,2026-08-21
INV03972,P00092,Mini Headphones (Black),Electronics,LOC03972,123,40,4846.51,In Stock,2026-08-11
INV03973,P00435,Lite Webcam (Beige),Electronics,LOC03973,221,30,3318.55,In Stock,2026-08-29
INV03974,P00209,Max Monitor (Grey),Electronics,LOC03974,294,30,2242.08,In Stock,2026-08-12
INV03975,P00257,Standard Formal Shoes (White),Footwear,LOC03975,237,10,4623.78,In Stock,2026-08-21
INV03976,P00335,Deluxe Desk Organizer (Black),Stationery,LOC03976,198,40,3492.25,In Stock,2026-08-29
INV03977,P00615,Deluxe Cushion (Red),Home,LOC03977,298,30,730.65,In Stock,2026-08-04
INV03978,P00435,Lite Webcam (Beige),Electronics,LOC03978,156,30,2161.44,In Stock,2026-08-21
INV03979,P00173,Deluxe Slippers (Beige),Footwear,LOC03979,100,30,4684.71,In Stock,2026-08-13
INV03980,P00291,Lite Wireless Mouse (Silver),Electronics,LOC03980,220,15,4197.9,In Stock,2026-08-17
INV03981,P00497,Premium Wall Clock (Black),Home,LOC03981,234,30,2457.79,In Stock,2026-08-07
INV03982,P00745,Plus Sandals (Red),Footwear,LOC03982,24,30,741.47,Low Stock,2026-08-03
INV03983,P00507,Pro Desk Organizer (Blue),Stationery,LOC03983,29,10,1631.76,In Stock,2026-08-22
INV03984,P00738,Plus Hiking Boots (Beige),Footwear,LOC03984,65,40,1019.58,In Stock,2026-08-27
INV03985,P00677,Plus Umbrella (Beige),Accessories,LOC03985,81,25,707.58,In Stock,2026-08-04
INV03986,P00375,Compact Desk Organizer (Beige),Stationery,LOC03986,38,40,3205.17,Low Stock,2026-08-19
INV03987,P00361,Standard Curtain (White),Home,LOC03987,195,40,4095.0,In Stock,2026-08-06
INV03988,P00741,Deluxe Stapler (Blue),Stationery,LOC03988,213,20,836.47,In Stock,2026-08-23
INV03989,P00097,Max Sticky Notes (Blue),Stationery,LOC03989,172,25,1162.62,In Stock,2026-08-14
INV03990,P00242,Deluxe Keychain (Silver),Accessories,LOC03990,108,30,277.7,In Stock,2026-08-22
INV03991,P00160,Pro Desk Organizer (Blue),Stationery,LOC03991,96,20,1976.98,In Stock,2026-08-24
INV03992,P00331,Deluxe Wallet (Red),Accessories,LOC03992,275,15,170.02,In Stock,2026-08-03
INV03993,P00055,Premium Candle Holder (Black),Home,LOC03993,253,40,4726.56,In Stock,2026-08-11
INV03994,P00610,Max Smart Watch (Black),Electronics,LOC03994,145,30,1439.91,In Stock,2026-08-03
INV03995,P00164,Lite Charger (White),Electronics,LOC03995,72,10,2692.18,In Stock,2026-08-29
INV03996,P00195,Mini Photo Frame (Black),Home,LOC03996,25,20,1907.46,In Stock,2026-08-16
INV03997,P00779,Classic Wall Clock (Red),Home,LOC03997,108,40,4713.14,In Stock,2026-08-24
INV03998,P00528,Premium Scissors (Beige),Stationery,LOC03998,299,10,3078.7,In Stock,2026-08-21
INV03999,P00477,Lite Flip Flops (Blue),Footwear,LOC03999,71,10,118.16,In Stock,2026-08-09
INV04000,P00208,Lite Boots (Silver),Footwear,LOC04000,12,10,157.92,In Stock,2026-08-30
INV04001,P00496,Compact Slippers (Silver),Footwear,LOC04001,285,10,3419.62,In Stock,2026-08-06
INV04002,P00720,Standard Flip Flops (Beige),Footwear,LOC04002,123,40,3805.81,In Stock,2026-08-30
INV04003,P00501,Lite Highlighter Set (Black),Stationery,LOC04003,112,25,1836.54,In Stock,2026-08-16
INV04004,P00264,Mini Curtain (Red),Home,LOC04004,203,25,722.64,In Stock,2026-08-03
INV04005,P00366,Max Boots (Blue),Footwear,LOC04005,115,25,1617.92,In Stock,2026-08-11
INV04006,P00110,Max Curtain (Grey),Home,LOC04006,239,20,4553.77,In Stock,2026-08-04
INV04007,P00417,Mini Belt (Beige),Accessories,LOC04007,54,25,1309.61,In Stock,2026-08-11
INV04008,P00223,Pro Handbag (Blue),Accessories,LOC04008,65,30,977.24,In Stock,2026-08-20
INV04009,P00725,Plus Notebook (Black),Stationery,LOC04009,71,10,387.46,In Stock,2026-08-03
INV04010,P00658,Deluxe Earbuds (Grey),Electronics,LOC04010,106,10,4168.48,In Stock,2026-08-29
INV04011,P00228,Standard Highlighter Set (Black),Stationery,LOC04011,127,40,2238.65,In Stock,2026-08-19
INV04012,P00484,Lite Bed Sheet Set (Grey),Home,LOC04012,276,30,4437.04,In Stock,2026-08-20
INV04013,P00517,Premium Stapler (Black),Stationery,LOC04013,147,15,2417.46,In Stock,2026-08-26
INV04014,P00221,Standard Hiking Boots (Silver),Footwear,LOC04014,289,40,3053.8,In Stock,2026-08-03
INV04015,P00619,Premium Table Lamp (Green),Home,LOC04015,113,10,3473.41,In Stock,2026-08-15
INV04016,P00113,Plus Table Lamp (Green),Home,LOC04016,226,15,1286.86,In Stock,2026-08-12
INV04017,P00714,Plus Bed Sheet Set (Beige),Home,LOC04017,161,20,4607.42,In Stock,2026-08-15
INV04018,P00295,Standard Curtain (Grey),Home,LOC04018,43,15,2163.97,In Stock,2026-08-26
INV04019,P00690,Standard Calculator (Black),Stationery,LOC04019,90,15,4295.24,In Stock,2026-08-02
INV04020,P00739,Mini Hiking Boots (Red),Footwear,LOC04020,166,40,323.7,In Stock,2026-08-20
INV04021,P00735,Max Table Lamp (Grey),Home,LOC04021,128,20,1329.81,In Stock,2026-08-07
INV04022,P00221,Standard Hiking Boots (Silver),Footwear,LOC04022,136,25,1129.3,In Stock,2026-08-10
INV04023,P00165,Plus Notebook (Beige),Stationery,LOC04023,288,40,2981.37,In Stock,2026-08-26
INV04024,P00259,Plus Wireless Mouse (Black),Electronics,LOC04024,80,15,3193.55,In Stock,2026-08-23
INV04025,P00475,Max Loafers (Green),Footwear,LOC04025,76,40,2049.07,In Stock,2026-08-06
INV04026,P00513,Mini Calculator (Green),Stationery,LOC04026,163,15,2591.2,In Stock,2026-08-06
INV04027,P00643,Premium Formal Shoes (Beige),Footwear,LOC04027,228,30,1665.08,In Stock,2026-08-30
INV04028,P00494,Max File Folder (Blue),Stationery,LOC04028,28,10,1021.94,In Stock,2026-08-20
INV04029,P00769,Mini Sports Shoes (Blue),Footwear,LOC04029,111,20,312.63,In Stock,2026-08-02
INV04030,P00045,Premium Photo Frame (Silver),Home,LOC04030,216,10,4878.8,In Stock,2026-08-07
INV04031,P00351,Lite Boots (Green),Footwear,LOC04031,217,30,4664.95,In Stock,2026-08-21
INV04032,P00339,Classic Bluetooth Speaker (White),Electronics,LOC04032,206,20,2123.62,In Stock,2026-08-12
INV04033,P00491,Premium Belt (White),Accessories,LOC04033,283,15,4822.24,In Stock,2026-08-22
INV04034,P00670,Lite Sandals (Grey),Footwear,LOC04034,123,10,4035.78,In Stock,2026-08-10
INV04035,P00654,Deluxe Keychain (Beige),Accessories,LOC04035,112,15,4117.22,In Stock,2026-08-06
INV04036,P00363,Pro Sunglasses (White),Accessories,LOC04036,211,40,1495.72,In Stock,2026-08-28
INV04037,P00790,Mini Marker Pack (Green),Stationery,LOC04037,171,10,3699.75,In Stock,2026-08-10
INV04038,P00341,Mini Photo Frame (Green),Home,LOC04038,238,10,1098.66,In Stock,2026-08-11
INV04039,P00775,Mini Photo Frame (Red),Home,LOC04039,263,10,3958.28,In Stock,2026-08-12
INV04040,P00512,Premium Bed Sheet Set (Blue),Home,LOC04040,291,25,1857.98,In Stock,2026-08-22
INV04041,P00580,Plus Keyboard (White),Electronics,LOC04041,296,20,3965.44,In Stock,2026-08-14
INV04042,P00013,Deluxe Scissors (Red),Stationery,LOC04042,117,10,2292.75,In Stock,2026-08-23
INV04043,P00323,Standard Umbrella (Beige),Accessories,LOC04043,93,15,3709.14,In Stock,2026-08-19
INV04044,P00529,Premium Sunglasses (Green),Accessories,LOC04044,71,20,2862.37,In Stock,2026-08-03
INV04045,P00189,Max Tablet Stand (Grey),Electronics,LOC04045,166,15,1757.71,In Stock,2026-08-03
INV04046,P00492,Max Umbrella (Blue),Accessories,LOC04046,188,30,2319.48,In Stock,2026-08-27
INV04047,P00134,Max Wall Clock (Grey),Home,LOC04047,248,15,319.86,In Stock,2026-08-13
INV04048,P00072,Max Pen Set (Beige),Stationery,LOC04048,73,20,1602.74,In Stock,2026-08-30
INV04049,P00059,Premium Boots (Red),Footwear,LOC04049,241,15,478.64,In Stock,2026-08-02
INV04050,P00499,Deluxe Sneakers (Green),Footwear,LOC04050,91,15,798.44,In Stock,2026-08-19
INV04051,P00017,Plus Loafers (Red),Footwear,LOC04051,102,30,3809.33,In Stock,2026-08-12
INV04052,P00319,Compact Curtain (Grey),Home,LOC04052,97,40,913.36,In Stock,2026-08-20
INV04053,P00654,Deluxe Keychain (Beige),Accessories,LOC04053,16,20,3367.54,Low Stock,2026-08-03
INV04054,P00313,Deluxe Marker Pack (Black),Stationery,LOC04054,201,30,2828.26,In Stock,2026-08-29
INV04055,P00027,Mini Belt (Silver),Accessories,LOC04055,221,25,3370.31,In Stock,2026-08-22
INV04056,P00337,Plus Cap (Green),Accessories,LOC04056,27,15,2391.4,In Stock,2026-08-30
INV04057,P00218,Max Headphones (Black),Electronics,LOC04057,150,40,2073.08,In Stock,2026-08-25
INV04058,P00704,Plus Wireless Mouse (White),Electronics,LOC04058,12,30,2577.32,Low Stock,2026-08-02
INV04059,P00319,Compact Curtain (Grey),Home,LOC04059,204,20,1947.7,In Stock,2026-08-14
INV04060,P00317,Deluxe Webcam (Blue),Electronics,LOC04060,287,40,4652.5,In Stock,2026-08-08
INV04061,P00005,Compact Marker Pack (Beige),Stationery,LOC04061,289,40,1129.77,In Stock,2026-08-21
INV04062,P00419,Classic Wallet (Red),Accessories,LOC04062,81,30,3741.68,In Stock,2026-08-29
INV04063,P00747,Premium Candle Holder (White),Home,LOC04063,271,10,2937.48,In Stock,2026-08-11
INV04064,P00343,Mini Bluetooth Speaker (Black),Electronics,LOC04064,218,40,2434.95,In Stock,2026-08-06
INV04065,P00189,Max Tablet Stand (Grey),Electronics,LOC04065,194,25,1131.5,In Stock,2026-08-19
INV04066,P00797,Compact Travel Pouch (Grey),Accessories,LOC04066,167,15,2489.42,In Stock,2026-08-15
INV04067,P00648,Max Backpack (Blue),Accessories,LOC04067,211,20,4117.18,In Stock,2026-08-30
INV04068,P00621,Max Router (Blue),Electronics,LOC04068,84,40,3664.51,In Stock,2026-08-16
INV04069,P00277,Deluxe Water Bottle (Green),Home,LOC04069,90,25,3430.69,In Stock,2026-08-07
INV04070,P00260,Plus Handbag (Beige),Accessories,LOC04070,128,40,2138.32,In Stock,2026-08-29
INV04071,P00108,Plus File Folder (Green),Stationery,LOC04071,180,10,3036.53,In Stock,2026-08-04
INV04072,P00762,Pro Charger (Black),Electronics,LOC04072,44,25,4902.57,In Stock,2026-08-18
INV04073,P00526,Deluxe Bed Sheet Set (Silver),Home,LOC04073,86,25,1990.96,In Stock,2026-08-17
INV04074,P00757,Classic Door Mat (Beige),Home,LOC04074,266,40,4782.07,In Stock,2026-08-23
INV04075,P00631,Max Running Shoes (Silver),Footwear,LOC04075,139,15,4480.25,In Stock,2026-08-09
INV04076,P00261,Compact Sneakers (Beige),Footwear,LOC04076,125,10,3410.59,In Stock,2026-08-22
INV04077,P00638,Standard Cap (White),Accessories,LOC04077,42,20,3144.76,In Stock,2026-08-17
INV04078,P00332,Max Slippers (White),Footwear,LOC04078,44,25,1567.51,In Stock,2026-08-08
INV04079,P00049,Pro USB-C Cable (Black),Electronics,LOC04079,276,30,3312.29,In Stock,2026-08-08
INV04080,P00104,Pro Cap (Grey),Accessories,LOC04080,126,30,693.4,In Stock,2026-08-18
INV04081,P00594,Standard Running Shoes (Silver),Footwear,LOC04081,97,40,2161.06,In Stock,2026-08-09
INV04082,P00070,Mini Calculator (Black),Stationery,LOC04082,104,15,3051.09,In Stock,2026-08-16
INV04083,P00254,Plus Tablet Stand (Beige),Electronics,LOC04083,282,40,545.19,In Stock,2026-08-26
INV04084,P00690,Standard Calculator (Black),Stationery,LOC04084,81,15,475.22,In Stock,2026-08-30
INV04085,P00221,Standard Hiking Boots (Silver),Footwear,LOC04085,256,10,982.86,In Stock,2026-08-25
INV04086,P00007,Mini Earbuds (Beige),Electronics,LOC04086,78,40,586.09,In Stock,2026-08-08
INV04087,P00156,Max USB-C Cable (Black),Electronics,LOC04087,37,15,1286.59,In Stock,2026-08-30
INV04088,P00405,Premium Backpack (Green),Accessories,LOC04088,111,40,1525.34,In Stock,2026-08-22
INV04089,P00005,Compact Marker Pack (Beige),Stationery,LOC04089,283,30,922.01,In Stock,2026-08-06
INV04090,P00047,Deluxe Backpack (Red),Accessories,LOC04090,125,15,3013.54,In Stock,2026-08-04
INV04091,P00437,Plus Boots (Black),Footwear,LOC04091,95,25,995.37,In Stock,2026-08-02
INV04092,P00357,Standard File Folder (Grey),Stationery,LOC04092,9,30,577.65,Low Stock,2026-08-29
INV04093,P00792,Classic Cushion (Red),Home,LOC04093,248,25,2053.38,In Stock,2026-08-21
INV04094,P00590,Max Boots (White),Footwear,LOC04094,7,40,126.95,Low Stock,2026-08-01
INV04095,P00108,Plus File Folder (Green),Stationery,LOC04095,297,40,4759.97,In Stock,2026-08-21
INV04096,P00386,Plus Sticky Notes (White),Stationery,LOC04096,108,20,4700.15,In Stock,2026-08-27
INV04097,P00317,Deluxe Webcam (Blue),Electronics,LOC04097,122,30,3941.37,In Stock,2026-08-09
INV04098,P00523,Deluxe Running Shoes (White),Footwear,LOC04098,58,25,1630.82,In Stock,2026-08-12
INV04099,P00737,Pro Laptop Stand (Red),Electronics,LOC04099,155,25,663.82,In Stock,2026-08-14
INV04100,P00477,Lite Flip Flops (Blue),Footwear,LOC04100,29,40,2806.0,Low Stock,2026-08-29
INV04101,P00012,Compact Table Lamp (Grey),Home,LOC04101,247,15,4839.08,In Stock,2026-08-05
INV04102,P00034,Classic Slippers (Grey),Footwear,LOC04102,27,20,1262.34,In Stock,2026-08-02
INV04103,P00751,Compact Wallet (Beige),Accessories,LOC04103,266,40,4671.15,In Stock,2026-08-01
INV04104,P00207,Lite Highlighter Set (Black),Stationery,LOC04104,290,20,974.73,In Stock,2026-08-21
INV04105,P00210,Standard Marker Pack (White),Stationery,LOC04105,57,15,3437.19,In Stock,2026-08-13
INV04106,P00026,Deluxe File Folder (Beige),Stationery,LOC04106,109,20,3518.68,In Stock,2026-08-06
INV04107,P00560,Premium Cushion (Grey),Home,LOC04107,71,15,1014.82,In Stock,2026-08-22
INV04108,P00462,Compact Wallet (Grey),Accessories,LOC04108,82,25,3311.15,In Stock,2026-08-12
INV04109,P00044,Max Flip Flops (Grey),Footwear,LOC04109,45,15,582.77,In Stock,2026-08-08
INV04110,P00479,Deluxe Sticky Notes (Blue),Stationery,LOC04110,177,30,910.56,In Stock,2026-08-24
INV04111,P00763,Pro Slippers (Blue),Footwear,LOC04111,85,15,2520.13,In Stock,2026-08-29
INV04112,P00028,Classic Earbuds (White),Electronics,LOC04112,42,10,2576.13,In Stock,2026-08-13
INV04113,P00116,Max Sticky Notes (Beige),Stationery,LOC04113,239,25,2115.03,In Stock,2026-08-26
INV04114,P00139,Pro Sneakers (Beige),Footwear,LOC04114,3,30,568.67,Low Stock,2026-08-06
INV04115,P00194,Premium Stapler (Silver),Stationery,LOC04115,203,30,3793.66,In Stock,2026-08-28
INV04116,P00443,Plus Stapler (White),Stationery,LOC04116,119,25,935.1,In Stock,2026-08-25
INV04117,P00042,Mini Sticky Notes (Silver),Stationery,LOC04117,293,30,2467.3,In Stock,2026-08-10
INV04118,P00347,Pro Watch Strap (Grey),Accessories,LOC04118,11,15,157.44,Low Stock,2026-08-10
INV04119,P00203,Classic Desk Organizer (White),Stationery,LOC04119,267,10,396.18,In Stock,2026-08-09
INV04120,P00351,Lite Boots (Green),Footwear,LOC04120,229,10,111.88,In Stock,2026-08-11
INV04121,P00266,Premium HDMI Cable (Grey),Electronics,LOC04121,163,30,1525.95,In Stock,2026-08-06
INV04122,P00502,Mini Keyboard (Grey),Electronics,LOC04122,31,25,2569.62,In Stock,2026-08-08
INV04123,P00447,Standard Keychain (Grey),Accessories,LOC04123,251,25,2838.75,In Stock,2026-08-02
INV04124,P00744,Mini Power Bank (Blue),Electronics,LOC04124,12,15,2023.25,Low Stock,2026-08-21
INV04125,P00676,Plus Keyboard (Beige),Electronics,LOC04125,20,20,1237.23,Low Stock,2026-08-11
INV04126,P00336,Classic Stapler (Blue),Stationery,LOC04126,3,40,4522.57,Low Stock,2026-08-03
INV04127,P00453,Plus Photo Frame (Silver),Home,LOC04127,232,15,4910.31,In Stock,2026-08-21
INV04128,P00249,Deluxe Flip Flops (Green),Footwear,LOC04128,70,40,2866.07,In Stock,2026-08-18
INV04129,P00121,Mini Highlighter Set (White),Stationery,LOC04129,280,40,738.14,In Stock,2026-08-30
INV04130,P00370,Pro Slippers (Silver),Footwear,LOC04130,46,10,408.73,In Stock,2026-08-25
INV04131,P00198,Deluxe Sandals (Grey),Footwear,LOC04131,14,20,4263.18,Low Stock,2026-08-14
INV04132,P00547,Compact Marker Pack (Black),Stationery,LOC04132,37,10,3022.04,In Stock,2026-08-29
INV04133,P00373,Classic Door Mat (Black),Home,LOC04133,91,10,2065.03,In Stock,2026-08-10
INV04134,P00066,Compact Watch Strap (Silver),Accessories,LOC04134,240,10,4292.72,In Stock,2026-08-21
INV04135,P00487,Premium Candle Holder (Silver),Home,LOC04135,45,10,3373.64,In Stock,2026-08-15
INV04136,P00279,Max Storage Box (Blue),Home,LOC04136,180,30,2876.03,In Stock,2026-08-26
INV04137,P00523,Deluxe Running Shoes (White),Footwear,LOC04137,207,30,3320.08,In Stock,2026-08-07
INV04138,P00168,Plus Keyboard (Silver),Electronics,LOC04138,28,20,3059.41,In Stock,2026-08-15
INV04139,P00316,Premium Laptop Stand (White),Electronics,LOC04139,152,40,492.22,In Stock,2026-08-18
INV04140,P00253,Deluxe Handbag (Beige),Accessories,LOC04140,266,30,404.96,In Stock,2026-08-04
INV04141,P00128,Pro Running Shoes (Beige),Footwear,LOC04141,140,10,3522.63,In Stock,2026-08-27
INV04142,P00512,Premium Bed Sheet Set (Blue),Home,LOC04142,205,40,2137.86,In Stock,2026-08-15
INV04143,P00073,Deluxe HDMI Cable (Red),Electronics,LOC04143,173,30,2865.02,In Stock,2026-08-05
INV04144,P00756,Pro Water Bottle (Blue),Home,LOC04144,49,10,2883.4,In Stock,2026-08-16
INV04145,P00097,Max Sticky Notes (Blue),Stationery,LOC04145,216,25,467.0,In Stock,2026-08-10
INV04146,P00495,Plus Keychain (Red),Accessories,LOC04146,20,25,3359.86,Low Stock,2026-08-05
INV04147,P00569,Pro Hiking Boots (Silver),Footwear,LOC04147,128,10,4789.54,In Stock,2026-08-23
INV04148,P00313,Deluxe Marker Pack (Black),Stationery,LOC04148,258,25,2257.1,In Stock,2026-08-28
INV04149,P00673,Pro Umbrella (Green),Accessories,LOC04149,165,15,3668.79,In Stock,2026-08-28
INV04150,P00061,Compact Monitor (Black),Electronics,LOC04150,180,30,3256.23,In Stock,2026-08-21
INV04151,P00187,Premium Sneakers (Grey),Footwear,LOC04151,137,30,2821.58,In Stock,2026-08-17
INV04152,P00242,Deluxe Keychain (Silver),Accessories,LOC04152,257,20,4893.5,In Stock,2026-08-16
INV04153,P00176,Lite Handbag (Grey),Accessories,LOC04153,97,30,3650.29,In Stock,2026-08-07
INV04154,P00718,Pro Loafers (Red),Footwear,LOC04154,8,25,4514.59,Low Stock,2026-08-06
INV04155,P00031,Compact Stapler (Black),Stationery,LOC04155,124,30,2063.33,In Stock,2026-08-19
INV04156,P00434,Classic Belt (Red),Accessories,LOC04156,270,15,1501.29,In Stock,2026-08-10
INV04157,P00293,Plus Door Mat (Beige),Home,LOC04157,69,20,1316.46,In Stock,2026-08-22
INV04158,P00571,Compact Tablet Stand (Red),Electronics,LOC04158,163,15,3999.72,In Stock,2026-08-24
INV04159,P00356,Plus Table Lamp (Beige),Home,LOC04159,122,15,2809.06,In Stock,2026-08-20
INV04160,P00567,Plus Curtain (Beige),Home,LOC04160,232,25,3965.27,In Stock,2026-08-13
INV04161,P00160,Pro Desk Organizer (Blue),Stationery,LOC04161,127,25,4168.14,In Stock,2026-08-11
INV04162,P00320,Deluxe Bed Sheet Set (Beige),Home,LOC04162,199,10,375.95,In Stock,2026-08-21
INV04163,P00107,Classic Stapler (White),Stationery,LOC04163,217,25,1422.83,In Stock,2026-08-07
INV04164,P00061,Compact Monitor (Black),Electronics,LOC04164,134,10,549.14,In Stock,2026-08-23
INV04165,P00408,Mini Bed Sheet Set (Beige),Home,LOC04165,100,40,4925.25,In Stock,2026-08-09
INV04166,P00182,Premium Scissors (Green),Stationery,LOC04166,108,25,4017.58,In Stock,2026-08-13
INV04167,P00541,Compact Running Shoes (Red),Footwear,LOC04167,214,30,1054.3,In Stock,2026-08-06
INV04168,P00471,Plus Bed Sheet Set (Blue),Home,LOC04168,145,10,1881.65,In Stock,2026-08-09
INV04169,P00734,Premium Notebook (Red),Stationery,LOC04169,156,10,4368.19,In Stock,2026-08-07
INV04170,P00151,Standard Power Bank (Green),Electronics,LOC04170,39,10,1762.72,In Stock,2026-08-04
INV04171,P00590,Max Boots (White),Footwear,LOC04171,150,20,2441.45,In Stock,2026-08-19
INV04172,P00296,Plus Charger (Red),Electronics,LOC04172,41,15,2703.25,In Stock,2026-08-21
INV04173,P00307,Classic Formal Shoes (Blue),Footwear,LOC04173,153,15,2576.77,In Stock,2026-08-13
INV04174,P00376,Compact Curtain (Black),Home,LOC04174,82,10,701.78,In Stock,2026-08-20
INV04175,P00418,Lite Earbuds (Red),Electronics,LOC04175,251,20,949.82,In Stock,2026-08-21
INV04176,P00258,Mini Laptop Stand (Grey),Electronics,LOC04176,198,40,2973.52,In Stock,2026-08-10
INV04177,P00514,Mini Scissors (Beige),Stationery,LOC04177,88,25,3668.36,In Stock,2026-08-09
INV04178,P00331,Deluxe Wallet (Red),Accessories,LOC04178,270,15,1934.82,In Stock,2026-08-29
INV04179,P00661,Pro Handbag (White),Accessories,LOC04179,60,30,4283.93,In Stock,2026-08-12
INV04180,P00063,Premium Door Mat (Red),Home,LOC04180,161,25,1378.34,In Stock,2026-08-26
INV04181,P00667,Lite Water Bottle (Beige),Home,LOC04181,270,10,2451.52,In Stock,2026-08-08
INV04182,P00583,Plus Sports Shoes (Beige),Footwear,LOC04182,120,15,4792.52,In Stock,2026-08-02
INV04183,P00572,Mini Calculator (Blue),Stationery,LOC04183,133,15,4987.45,In Stock,2026-08-11
INV04184,P00027,Mini Belt (Silver),Accessories,LOC04184,257,40,1328.87,In Stock,2026-08-03
INV04185,P00308,Max Webcam (Green),Electronics,LOC04185,244,15,3433.72,In Stock,2026-08-18
INV04186,P00394,Lite Formal Shoes (White),Footwear,LOC04186,157,15,4939.15,In Stock,2026-08-07
INV04187,P00651,Standard Scissors (Blue),Stationery,LOC04187,137,10,163.91,In Stock,2026-08-21
INV04188,P00431,Plus Travel Pouch (Blue),Accessories,LOC04188,199,40,1949.34,In Stock,2026-08-04
INV04189,P00610,Max Smart Watch (Black),Electronics,LOC04189,211,40,4573.36,In Stock,2026-08-08
INV04190,P00622,Compact Power Bank (Beige),Electronics,LOC04190,75,10,2641.48,In Stock,2026-08-26
INV04191,P00503,Plus Watch Strap (Black),Accessories,LOC04191,18,30,142.88,Low Stock,2026-08-13
INV04192,P00080,Max Smart Watch (Grey),Electronics,LOC04192,224,20,2947.41,In Stock,2026-08-03
INV04193,P00105,Standard Travel Pouch (Green),Accessories,LOC04193,84,10,779.09,In Stock,2026-08-11
INV04194,P00196,Pro Umbrella (White),Accessories,LOC04194,212,10,4556.89,In Stock,2026-08-02
INV04195,P00780,Pro Candle Holder (Red),Home,LOC04195,95,10,907.78,In Stock,2026-08-30
INV04196,P00636,Pro Formal Shoes (Blue),Footwear,LOC04196,212,30,4812.43,In Stock,2026-08-26
INV04197,P00655,Lite Backpack (Silver),Accessories,LOC04197,57,15,393.38,In Stock,2026-08-30
INV04198,P00401,Max Umbrella (Green),Accessories,LOC04198,135,10,3122.79,In Stock,2026-08-24
INV04199,P00303,Compact Tablet Stand (Red),Electronics,LOC04199,190,15,3129.54,In Stock,2026-08-02
INV04200,P00782,Mini Handbag (Beige),Accessories,LOC04200,231,25,902.24,In Stock,2026-08-17
INV04201,P00064,Mini Water Bottle (Beige),Home,LOC04201,34,40,1462.5,Low Stock,2026-08-10
INV04202,P00277,Deluxe Water Bottle (Green),Home,LOC04202,131,15,3243.03,In Stock,2026-08-13
INV04203,P00229,Plus Flip Flops (Silver),Footwear,LOC04203,86,25,4594.05,In Stock,2026-08-08
INV04204,P00070,Mini Calculator (Black),Stationery,LOC04204,181,40,930.32,In Stock,2026-08-19
INV04205,P00722,Premium Storage Box (Blue),Home,LOC04205,139,20,3331.52,In Stock,2026-08-15
INV04206,P00715,Deluxe File Folder (White),Stationery,LOC04206,109,25,3540.41,In Stock,2026-08-29
INV04207,P00624,Deluxe Sports Shoes (Red),Footwear,LOC04207,87,30,239.7,In Stock,2026-08-19
INV04208,P00322,Max Door Mat (Beige),Home,LOC04208,244,25,3333.38,In Stock,2026-08-19
INV04209,P00616,Compact Cushion (Green),Home,LOC04209,273,40,2009.77,In Stock,2026-08-28
INV04210,P00445,Standard Curtain (Blue),Home,LOC04210,240,10,587.55,In Stock,2026-08-10
INV04211,P00378,Compact Highlighter Set (Blue),Stationery,LOC04211,111,30,3674.84,In Stock,2026-08-20
INV04212,P00549,Mini Door Mat (Grey),Home,LOC04212,162,10,4103.81,In Stock,2026-08-01
INV04213,P00236,Compact Wall Clock (Grey),Home,LOC04213,28,30,4867.11,Low Stock,2026-08-08
INV04214,P00445,Standard Curtain (Blue),Home,LOC04214,13,40,2699.62,Low Stock,2026-08-28
INV04215,P00786,Standard Earbuds (Grey),Electronics,LOC04215,209,30,4821.77,In Stock,2026-08-20
INV04216,P00436,Lite Highlighter Set (Black),Stationery,LOC04216,7,40,2152.8,Low Stock,2026-08-28
INV04217,P00366,Max Boots (Blue),Footwear,LOC04217,239,20,182.75,In Stock,2026-08-30
INV04218,P00498,Compact Keyboard (Silver),Electronics,LOC04218,41,20,525.66,In Stock,2026-08-26
INV04219,P00091,Compact File Folder (Black),Stationery,LOC04219,148,30,908.45,In Stock,2026-08-05
INV04220,P00141,Max Water Bottle (Beige),Home,LOC04220,159,25,1498.99,In Stock,2026-08-27
INV04221,P00107,Classic Stapler (White),Stationery,LOC04221,11,30,4286.57,Low Stock,2026-08-29
INV04222,P00354,Plus Calculator (White),Stationery,LOC04222,150,30,1809.3,In Stock,2026-08-02
INV04223,P00622,Compact Power Bank (Beige),Electronics,LOC04223,119,40,1929.16,In Stock,2026-08-11
INV04224,P00345,Premium Curtain (Beige),Home,LOC04224,141,15,2405.08,In Stock,2026-08-21
INV04225,P00465,Premium Sneakers (Black),Footwear,LOC04225,169,40,3640.41,In Stock,2026-08-02
INV04226,P00428,Classic Cap (Green),Accessories,LOC04226,185,40,2346.86,In Stock,2026-08-25
INV04227,P00229,Plus Flip Flops (Silver),Footwear,LOC04227,129,25,3663.36,In Stock,2026-08-18
INV04228,P00768,Plus Webcam (Grey),Electronics,LOC04228,169,15,934.61,In Stock,2026-08-03
INV04229,P00339,Classic Bluetooth Speaker (White),Electronics,LOC04229,282,40,2153.61,In Stock,2026-08-27
INV04230,P00607,Mini Calculator (Beige),Stationery,LOC04230,26,40,2508.69,Low Stock,2026-08-03
INV04231,P00333,Plus Travel Pouch (White),Accessories,LOC04231,80,15,2985.04,In Stock,2026-08-28
INV04232,P00650,Deluxe Marker Pack (Beige),Stationery,LOC04232,140,15,3826.85,In Stock,2026-08-19
INV04233,P00439,Premium Candle Holder (Beige),Home,LOC04233,82,20,2046.3,In Stock,2026-08-07
INV04234,P00261,Compact Sneakers (Beige),Footwear,LOC04234,299,40,3120.15,In Stock,2026-08-30
INV04235,P00146,Standard Water Bottle (Green),Home,LOC04235,114,10,1762.15,In Stock,2026-08-22
INV04236,P00039,Plus HDMI Cable (Grey),Electronics,LOC04236,0,25,1383.92,Out of Stock,2026-08-02
INV04237,P00092,Mini Headphones (Black),Electronics,LOC04237,292,20,4711.59,In Stock,2026-08-23
INV04238,P00290,Pro Watch Strap (Blue),Accessories,LOC04238,212,15,2400.95,In Stock,2026-08-19
INV04239,P00328,Deluxe Notebook (Green),Stationery,LOC04239,278,15,3564.11,In Stock,2026-08-11
INV04240,P00207,Lite Highlighter Set (Black),Stationery,LOC04240,246,40,1734.18,In Stock,2026-08-13
INV04241,P00630,Max Storage Box (White),Home,LOC04241,213,20,740.12,In Stock,2026-08-03
INV04242,P00445,Standard Curtain (Blue),Home,LOC04242,85,40,390.8,In Stock,2026-08-01
INV04243,P00363,Pro Sunglasses (White),Accessories,LOC04243,11,15,1101.02,Low Stock,2026-08-13
INV04244,P00418,Lite Earbuds (Red),Electronics,LOC04244,35,10,2540.08,In Stock,2026-08-17
INV04245,P00508,Plus Keyboard (Green),Electronics,LOC04245,229,15,978.83,In Stock,2026-08-05
INV04246,P00392,Max Sunglasses (Green),Accessories,LOC04246,96,20,3487.56,In Stock,2026-08-22
INV04247,P00043,Lite Sticky Notes (Beige),Stationery,LOC04247,52,20,422.19,In Stock,2026-08-23
INV04248,P00088,Pro Backpack (Beige),Accessories,LOC04248,24,25,4927.54,Low Stock,2026-08-08
INV04249,P00756,Pro Water Bottle (Blue),Home,LOC04249,118,40,4093.49,In Stock,2026-08-02
INV04250,P00299,Lite Keyboard (Red),Electronics,LOC04250,44,20,1575.67,In Stock,2026-08-17
INV04251,P00430,Mini Scissors (Black),Stationery,LOC04251,220,40,984.6,In Stock,2026-08-02
INV04252,P00017,Plus Loafers (Red),Footwear,LOC04252,101,40,2408.01,In Stock,2026-08-03
INV04253,P00567,Plus Curtain (Beige),Home,LOC04253,24,30,3451.35,Low Stock,2026-08-24
INV04254,P00069,Classic Backpack (Silver),Accessories,LOC04254,297,10,2478.06,In Stock,2026-08-08
INV04255,P00741,Deluxe Stapler (Blue),Stationery,LOC04255,255,25,2328.11,In Stock,2026-08-15
INV04256,P00427,Classic Door Mat (Beige),Home,LOC04256,233,20,1848.69,In Stock,2026-08-13
INV04257,P00306,Compact Sandals (Grey),Footwear,LOC04257,29,20,4506.62,In Stock,2026-08-07
INV04258,P00517,Premium Stapler (Black),Stationery,LOC04258,169,10,1324.58,In Stock,2026-08-26
INV04259,P00367,Pro Sticky Notes (Blue),Stationery,LOC04259,56,40,783.58,In Stock,2026-08-04
INV04260,P00640,Pro Boots (Black),Footwear,LOC04260,293,15,1105.58,In Stock,2026-08-11
INV04261,P00051,Max Umbrella (Blue),Accessories,LOC04261,69,30,1321.5,In Stock,2026-08-07
INV04262,P00669,Mini Calculator (Beige),Stationery,LOC04262,105,10,3750.51,In Stock,2026-08-12
INV04263,P00072,Max Pen Set (Beige),Stationery,LOC04263,266,20,3757.89,In Stock,2026-08-11
INV04264,P00030,Deluxe Candle Holder (Silver),Home,LOC04264,11,25,1325.96,Low Stock,2026-08-05
INV04265,P00443,Plus Stapler (White),Stationery,LOC04265,216,15,2255.08,In Stock,2026-08-01
INV04266,P00735,Max Table Lamp (Grey),Home,LOC04266,163,10,3756.12,In Stock,2026-08-21
INV04267,P00305,Classic Hiking Boots (Grey),Footwear,LOC04267,259,20,869.21,In Stock,2026-08-16
INV04268,P00431,Plus Travel Pouch (Blue),Accessories,LOC04268,287,20,3337.42,In Stock,2026-08-08
INV04269,P00465,Premium Sneakers (Black),Footwear,LOC04269,296,40,366.21,In Stock,2026-08-15
INV04270,P00598,Mini Boots (Red),Footwear,LOC04270,27,20,1702.24,In Stock,2026-08-14
INV04271,P00490,Compact Loafers (White),Footwear,LOC04271,176,15,263.53,In Stock,2026-08-06
INV04272,P00235,Pro Laptop Stand (Blue),Electronics,LOC04272,184,40,1109.6,In Stock,2026-08-17
INV04273,P00474,Lite Sticky Notes (Blue),Stationery,LOC04273,82,10,984.61,In Stock,2026-08-12
INV04274,P00271,Plus Curtain (Grey),Home,LOC04274,286,30,2998.53,In Stock,2026-08-20
INV04275,P00736,Lite Laptop Stand (Green),Electronics,LOC04275,153,30,1854.36,In Stock,2026-08-27
INV04276,P00085,Pro Wallet (Blue),Accessories,LOC04276,170,25,428.38,In Stock,2026-08-20
INV04277,P00724,Plus Sandals (Silver),Footwear,LOC04277,298,40,4196.43,In Stock,2026-08-09
INV04278,P00404,Deluxe Sneakers (Blue),Footwear,LOC04278,150,40,1330.96,In Stock,2026-08-10
INV04279,P00330,Deluxe Power Bank (Grey),Electronics,LOC04279,121,15,127.93,In Stock,2026-08-27
INV04280,P00265,Premium Wall Clock (Grey),Home,LOC04280,189,10,4376.81,In Stock,2026-08-06
INV04281,P00756,Pro Water Bottle (Blue),Home,LOC04281,192,30,1889.84,In Stock,2026-08-16
INV04282,P00262,Mini Sticky Notes (Blue),Stationery,LOC04282,4,25,2559.32,Low Stock,2026-08-26
INV04283,P00482,Deluxe Monitor (Grey),Electronics,LOC04283,177,25,711.18,In Stock,2026-08-25
INV04284,P00702,Premium Table Lamp (Silver),Home,LOC04284,192,20,3767.19,In Stock,2026-08-15
INV04285,P00631,Max Running Shoes (Silver),Footwear,LOC04285,116,40,800.94,In Stock,2026-08-14
INV04286,P00658,Deluxe Earbuds (Grey),Electronics,LOC04286,22,20,4546.17,In Stock,2026-08-24
INV04287,P00715,Deluxe File Folder (White),Stationery,LOC04287,29,10,1615.98,In Stock,2026-08-26
INV04288,P00079,Deluxe Curtain (White),Home,LOC04288,247,25,4159.41,In Stock,2026-08-29
INV04289,P00508,Plus Keyboard (Green),Electronics,LOC04289,138,15,309.18,In Stock,2026-08-23
INV04290,P00255,Compact Umbrella (Black),Accessories,LOC04290,211,10,3350.75,In Stock,2026-08-04
INV04291,P00013,Deluxe Scissors (Red),Stationery,LOC04291,249,40,723.76,In Stock,2026-08-19
INV04292,P00702,Premium Table Lamp (Silver),Home,LOC04292,44,40,1814.25,In Stock,2026-08-13
INV04293,P00332,Max Slippers (White),Footwear,LOC04293,249,15,3272.23,In Stock,2026-08-12
INV04294,P00735,Max Table Lamp (Grey),Home,LOC04294,103,30,3824.38,In Stock,2026-08-28
INV04295,P00773,Pro Formal Shoes (Blue),Footwear,LOC04295,250,25,1757.41,In Stock,2026-08-22
INV04296,P00093,Compact Keychain (Blue),Accessories,LOC04296,26,20,2652.24,In Stock,2026-08-14
INV04297,P00521,Premium Router (Blue),Electronics,LOC04297,177,10,637.08,In Stock,2026-08-12
INV04298,P00333,Plus Travel Pouch (White),Accessories,LOC04298,212,20,495.66,In Stock,2026-08-22
INV04299,P00432,Mini Door Mat (Blue),Home,LOC04299,286,25,4902.73,In Stock,2026-08-19
INV04300,P00580,Plus Keyboard (White),Electronics,LOC04300,215,15,2000.25,In Stock,2026-08-30
INV04301,P00418,Lite Earbuds (Red),Electronics,LOC04301,7,40,4423.78,Low Stock,2026-08-11
INV04302,P00322,Max Door Mat (Beige),Home,LOC04302,211,10,1172.51,In Stock,2026-08-04
INV04303,P00602,Plus Bed Sheet Set (Beige),Home,LOC04303,212,20,744.32,In Stock,2026-08-07
INV04304,P00381,Premium Slippers (Blue),Footwear,LOC04304,261,10,2034.14,In Stock,2026-08-05
INV04305,P00414,Classic Sandals (Grey),Footwear,LOC04305,65,10,3241.07,In Stock,2026-08-03
INV04306,P00440,Premium Sunglasses (Silver),Accessories,LOC04306,230,30,2833.41,In Stock,2026-08-28
INV04307,P00779,Classic Wall Clock (Red),Home,LOC04307,198,40,2810.89,In Stock,2026-08-19
INV04308,P00539,Compact Stapler (Grey),Stationery,LOC04308,292,25,3173.62,In Stock,2026-08-25
INV04309,P00419,Classic Wallet (Red),Accessories,LOC04309,101,40,2180.8,In Stock,2026-08-03
INV04310,P00230,Max Water Bottle (Grey),Home,LOC04310,177,10,3171.17,In Stock,2026-08-06
INV04311,P00267,Pro Sticky Notes (Silver),Stationery,LOC04311,104,40,4386.76,In Stock,2026-08-13
INV04312,P00188,Deluxe Calculator (Grey),Stationery,LOC04312,177,15,3684.7,In Stock,2026-08-27
INV04313,P00433,Premium Charger (Black),Electronics,LOC04313,68,20,4711.33,In Stock,2026-08-08
INV04314,P00138,Max Sandals (Beige),Footwear,LOC04314,144,25,4590.9,In Stock,2026-08-13
INV04315,P00785,Max Power Bank (Black),Electronics,LOC04315,56,10,1097.62,In Stock,2026-08-16
INV04316,P00111,Standard Charger (Black),Electronics,LOC04316,46,30,4324.07,In Stock,2026-08-19
INV04317,P00250,Premium Tablet Stand (White),Electronics,LOC04317,8,25,1876.82,Low Stock,2026-08-27
INV04318,P00355,Standard Water Bottle (Black),Home,LOC04318,198,15,3960.77,In Stock,2026-08-01
INV04319,P00178,Standard USB-C Cable (Silver),Electronics,LOC04319,6,15,1805.66,Low Stock,2026-08-14
INV04320,P00482,Deluxe Monitor (Grey),Electronics,LOC04320,180,15,1930.2,In Stock,2026-08-16
INV04321,P00636,Pro Formal Shoes (Blue),Footwear,LOC04321,148,40,2651.1,In Stock,2026-08-06
INV04322,P00067,Lite Sneakers (Red),Footwear,LOC04322,152,10,4205.67,In Stock,2026-08-29
INV04323,P00727,Premium Calculator (Beige),Stationery,LOC04323,111,10,2395.99,In Stock,2026-08-28
INV04324,P00019,Mini Marker Pack (Silver),Stationery,LOC04324,65,15,952.16,In Stock,2026-08-10
INV04325,P00456,Mini Wireless Mouse (Silver),Electronics,LOC04325,195,20,722.89,In Stock,2026-08-07
INV04326,P00743,Mini Pen Set (Beige),Stationery,LOC04326,174,15,495.23,In Stock,2026-08-27
INV04327,P00571,Compact Tablet Stand (Red),Electronics,LOC04327,77,30,4189.54,In Stock,2026-08-01
INV04328,P00554,Mini Wall Clock (Black),Home,LOC04328,219,10,3546.49,In Stock,2026-08-28
INV04329,P00597,Deluxe Scissors (Green),Stationery,LOC04329,258,20,4835.26,In Stock,2026-08-22
INV04330,P00678,Lite Sticky Notes (Green),Stationery,LOC04330,287,10,4599.54,In Stock,2026-08-11
INV04331,P00681,Max Curtain (Green),Home,LOC04331,52,10,4656.58,In Stock,2026-08-04
INV04332,P00515,Deluxe Stapler (Green),Stationery,LOC04332,238,10,246.1,In Stock,2026-08-16
INV04333,P00215,Compact Wall Clock (Silver),Home,LOC04333,200,40,2025.9,In Stock,2026-08-14
INV04334,P00402,Premium Highlighter Set (Grey),Stationery,LOC04334,155,40,2583.88,In Stock,2026-08-16
INV04335,P00666,Deluxe Pen Set (Green),Stationery,LOC04335,81,15,2948.41,In Stock,2026-08-14
INV04336,P00287,Max Wallet (Silver),Accessories,LOC04336,5,20,4887.17,Low Stock,2026-08-07
INV04337,P00504,Deluxe Water Bottle (Red),Home,LOC04337,25,30,3371.43,Low Stock,2026-08-23
INV04338,P00616,Compact Cushion (Green),Home,LOC04338,15,20,2502.78,Low Stock,2026-08-27
INV04339,P00224,Premium Watch Strap (Grey),Accessories,LOC04339,101,20,3333.74,In Stock,2026-08-22
INV04340,P00160,Pro Desk Organizer (Blue),Stationery,LOC04340,128,40,717.11,In Stock,2026-08-24
INV04341,P00706,Plus Sticky Notes (Beige),Stationery,LOC04341,168,25,4168.29,In Stock,2026-08-14
INV04342,P00597,Deluxe Scissors (Green),Stationery,LOC04342,175,40,366.12,In Stock,2026-08-02
INV04343,P00413,Pro Webcam (Green),Electronics,LOC04343,232,30,2333.8,In Stock,2026-08-18
INV04344,P00069,Classic Backpack (Silver),Accessories,LOC04344,203,15,1490.79,In Stock,2026-08-11
INV04345,P00638,Standard Cap (White),Accessories,LOC04345,277,20,2551.44,In Stock,2026-08-20
INV04346,P00164,Lite Charger (White),Electronics,LOC04346,258,40,2562.65,In Stock,2026-08-08
INV04347,P00174,Premium Backpack (Green),Accessories,LOC04347,37,10,1454.03,In Stock,2026-08-11
INV04348,P00479,Deluxe Sticky Notes (Blue),Stationery,LOC04348,254,25,2913.29,In Stock,2026-08-14
INV04349,P00252,Pro Storage Box (Silver),Home,LOC04349,43,25,2257.27,In Stock,2026-08-14
INV04350,P00355,Standard Water Bottle (Black),Home,LOC04350,260,15,4797.15,In Stock,2026-08-29
INV04351,P00721,Deluxe Sticky Notes (Beige),Stationery,LOC04351,55,25,3311.01,In Stock,2026-08-27
INV04352,P00673,Pro Umbrella (Green),Accessories,LOC04352,288,20,4456.91,In Stock,2026-08-22
INV04353,P00135,Max Highlighter Set (Grey),Stationery,LOC04353,156,30,2942.97,In Stock,2026-08-18
INV04354,P00304,Max Marker Pack (Green),Stationery,LOC04354,131,15,2343.29,In Stock,2026-08-24
INV04355,P00420,Premium Curtain (White),Home,LOC04355,39,25,4599.93,In Stock,2026-08-24
INV04356,P00549,Mini Door Mat (Grey),Home,LOC04356,175,25,179.63,In Stock,2026-08-21
INV04357,P00755,Classic Backpack (White),Accessories,LOC04357,298,10,3516.45,In Stock,2026-08-28
INV04358,P00609,Premium HDMI Cable (Green),Electronics,LOC04358,204,20,2625.28,In Stock,2026-08-24
INV04359,P00146,Standard Water Bottle (Green),Home,LOC04359,288,15,4866.57,In Stock,2026-08-23
INV04360,P00783,Plus File Folder (Blue),Stationery,LOC04360,96,20,4625.04,In Stock,2026-08-13
INV04361,P00594,Standard Running Shoes (Silver),Footwear,LOC04361,44,20,2351.41,In Stock,2026-08-05
INV04362,P00426,Compact Calculator (Black),Stationery,LOC04362,54,25,3388.64,In Stock,2026-08-18
INV04363,P00420,Premium Curtain (White),Home,LOC04363,271,10,302.78,In Stock,2026-08-16
INV04364,P00449,Classic Sticky Notes (Blue),Stationery,LOC04364,0,15,241.43,Out of Stock,2026-08-22
INV04365,P00229,Plus Flip Flops (Silver),Footwear,LOC04365,109,40,589.97,In Stock,2026-08-18
INV04366,P00069,Classic Backpack (Silver),Accessories,LOC04366,5,15,3126.25,Low Stock,2026-08-25
INV04367,P00406,Compact Pen Set (White),Stationery,LOC04367,219,25,902.07,In Stock,2026-08-08
INV04368,P00018,Deluxe Wallet (Blue),Accessories,LOC04368,227,15,3893.29,In Stock,2026-08-08
INV04369,P00516,Compact Calculator (Silver),Stationery,LOC04369,192,15,2465.76,In Stock,2026-08-12
INV04370,P00472,Mini Desk Organizer (Blue),Stationery,LOC04370,51,40,3511.95,In Stock,2026-08-19
INV04371,P00356,Plus Table Lamp (Beige),Home,LOC04371,166,25,4210.07,In Stock,2026-08-16
INV04372,P00199,Pro USB-C Cable (Beige),Electronics,LOC04372,208,30,265.44,In Stock,2026-08-16
INV04373,P00267,Pro Sticky Notes (Silver),Stationery,LOC04373,230,25,1294.54,In Stock,2026-08-07
INV04374,P00402,Premium Highlighter Set (Grey),Stationery,LOC04374,2,20,1424.68,Low Stock,2026-08-19
INV04375,P00436,Lite Highlighter Set (Black),Stationery,LOC04375,272,30,3620.54,In Stock,2026-08-16
INV04376,P00052,Premium Desk Organizer (Red),Stationery,LOC04376,264,20,2714.62,In Stock,2026-08-17
INV04377,P00060,Compact Laptop Stand (White),Electronics,LOC04377,169,15,768.33,In Stock,2026-08-07
INV04378,P00604,Premium Flip Flops (Red),Footwear,LOC04378,216,15,725.12,In Stock,2026-08-27
INV04379,P00279,Max Storage Box (Blue),Home,LOC04379,260,25,3462.46,In Stock,2026-08-29
INV04380,P00578,Standard Backpack (Grey),Accessories,LOC04380,264,20,168.23,In Stock,2026-08-02
INV04381,P00093,Compact Keychain (Blue),Accessories,LOC04381,197,20,3080.14,In Stock,2026-08-04
INV04382,P00479,Deluxe Sticky Notes (Blue),Stationery,LOC04382,6,40,443.66,Low Stock,2026-08-02
INV04383,P00594,Standard Running Shoes (Silver),Footwear,LOC04383,28,40,2307.65,Low Stock,2026-08-29
INV04384,P00532,Lite Boots (Red),Footwear,LOC04384,163,30,2260.04,In Stock,2026-08-09
INV04385,P00777,Lite Tablet Stand (Red),Electronics,LOC04385,118,40,3668.47,In Stock,2026-08-21
INV04386,P00290,Pro Watch Strap (Blue),Accessories,LOC04386,205,15,1235.69,In Stock,2026-08-25
INV04387,P00588,Standard Bed Sheet Set (Beige),Home,LOC04387,16,40,1452.84,Low Stock,2026-08-18
INV04388,P00216,Deluxe Table Lamp (Black),Home,LOC04388,294,10,4735.95,In Stock,2026-08-17
INV04389,P00388,Deluxe Storage Box (White),Home,LOC04389,34,25,801.91,In Stock,2026-08-17
INV04390,P00206,Standard Running Shoes (Silver),Footwear,LOC04390,179,10,4668.32,In Stock,2026-08-10
INV04391,P00555,Deluxe Cap (Red),Accessories,LOC04391,129,40,1855.46,In Stock,2026-08-21
INV04392,P00070,Mini Calculator (Black),Stationery,LOC04392,44,10,3314.46,In Stock,2026-08-29
INV04393,P00202,Standard Keychain (Grey),Accessories,LOC04393,153,20,2930.34,In Stock,2026-08-28
INV04394,P00171,Lite Curtain (Green),Home,LOC04394,295,40,4144.89,In Stock,2026-08-10
INV04395,P00322,Max Door Mat (Beige),Home,LOC04395,229,30,3716.82,In Stock,2026-08-20
INV04396,P00604,Premium Flip Flops (Red),Footwear,LOC04396,116,10,1308.82,In Stock,2026-08-25
INV04397,P00556,Standard Hiking Boots (Beige),Footwear,LOC04397,229,40,4936.56,In Stock,2026-08-22
INV04398,P00399,Deluxe Slippers (Grey),Footwear,LOC04398,18,25,4172.82,Low Stock,2026-08-21
INV04399,P00746,Mini Door Mat (Grey),Home,LOC04399,295,30,4480.79,In Stock,2026-08-11
INV04400,P00800,Compact Wall Clock (White),Home,LOC04400,8,20,2863.46,Low Stock,2026-08-21
INV04401,P00482,Deluxe Monitor (Grey),Electronics,LOC04401,111,30,1504.17,In Stock,2026-08-18
INV04402,P00686,Standard Tablet Stand (Silver),Electronics,LOC04402,99,40,588.61,In Stock,2026-08-01
INV04403,P00202,Standard Keychain (Grey),Accessories,LOC04403,122,25,3804.51,In Stock,2026-08-06
INV04404,P00681,Max Curtain (Green),Home,LOC04404,229,15,982.77,In Stock,2026-08-23
INV04405,P00771,Premium Sticky Notes (Green),Stationery,LOC04405,124,25,4398.54,In Stock,2026-08-17
INV04406,P00484,Lite Bed Sheet Set (Grey),Home,LOC04406,178,10,2839.28,In Stock,2026-08-30
INV04407,P00565,Deluxe Handbag (Red),Accessories,LOC04407,60,20,4141.03,In Stock,2026-08-08
INV04408,P00108,Plus File Folder (Green),Stationery,LOC04408,240,10,375.75,In Stock,2026-08-17
INV04409,P00449,Classic Sticky Notes (Blue),Stationery,LOC04409,207,25,2516.14,In Stock,2026-08-27
INV04410,P00608,Max Boots (Green),Footwear,LOC04410,286,15,759.39,In Stock,2026-08-18
INV04411,P00035,Compact Sticky Notes (White),Stationery,LOC04411,30,15,2699.26,In Stock,2026-08-30
INV04412,P00455,Lite Photo Frame (Red),Home,LOC04412,224,20,1850.86,In Stock,2026-08-09
INV04413,P00640,Pro Boots (Black),Footwear,LOC04413,121,15,1124.15,In Stock,2026-08-22
INV04414,P00014,Max Wireless Mouse (Grey),Electronics,LOC04414,224,25,2461.66,In Stock,2026-08-16
INV04415,P00609,Premium HDMI Cable (Green),Electronics,LOC04415,86,40,2412.53,In Stock,2026-08-09
INV04416,P00180,Pro Water Bottle (Grey),Home,LOC04416,165,25,413.31,In Stock,2026-08-11
INV04417,P00415,Premium Storage Box (Silver),Home,LOC04417,295,20,2434.46,In Stock,2026-08-27
INV04418,P00265,Premium Wall Clock (Grey),Home,LOC04418,186,40,3749.99,In Stock,2026-08-04
INV04419,P00324,Standard Webcam (Green),Electronics,LOC04419,231,15,1840.68,In Stock,2026-08-12
INV04420,P00737,Pro Laptop Stand (Red),Electronics,LOC04420,152,20,2705.03,In Stock,2026-08-22
INV04421,P00331,Deluxe Wallet (Red),Accessories,LOC04421,214,15,2908.88,In Stock,2026-08-21
INV04422,P00050,Compact Wallet (Red),Accessories,LOC04422,57,40,1888.97,In Stock,2026-08-27
INV04423,P00107,Classic Stapler (White),Stationery,LOC04423,57,10,2432.98,In Stock,2026-08-11
INV04424,P00256,Max Pen Set (Grey),Stationery,LOC04424,278,15,464.38,In Stock,2026-08-28
INV04425,P00471,Plus Bed Sheet Set (Blue),Home,LOC04425,146,25,2521.78,In Stock,2026-08-24
INV04426,P00038,Premium Scissors (Black),Stationery,LOC04426,188,40,2126.17,In Stock,2026-08-02
INV04427,P00545,Max Door Mat (Grey),Home,LOC04427,278,10,3701.64,In Stock,2026-08-07
INV04428,P00070,Mini Calculator (Black),Stationery,LOC04428,114,30,1684.69,In Stock,2026-08-09
INV04429,P00062,Max HDMI Cable (Blue),Electronics,LOC04429,248,15,4769.05,In Stock,2026-08-11
INV04430,P00053,Max Candle Holder (White),Home,LOC04430,153,15,1945.43,In Stock,2026-08-24
INV04431,P00705,Compact Sneakers (Blue),Footwear,LOC04431,105,15,2931.61,In Stock,2026-08-25
INV04432,P00251,Classic Highlighter Set (Blue),Stationery,LOC04432,184,20,3868.6,In Stock,2026-08-05
INV04433,P00463,Mini Sunglasses (Green),Accessories,LOC04433,173,10,4330.52,In Stock,2026-08-03
INV04434,P00346,Compact Belt (White),Accessories,LOC04434,240,40,4697.98,In Stock,2026-08-28
INV04435,P00654,Deluxe Keychain (Beige),Accessories,LOC04435,206,15,2764.19,In Stock,2026-08-07
INV04436,P00656,Plus Cushion (Beige),Home,LOC04436,85,15,3720.03,In Stock,2026-08-09
INV04437,P00149,Classic Desk Organizer (White),Stationery,LOC04437,45,25,3357.95,In Stock,2026-08-13
INV04438,P00766,Premium Storage Box (White),Home,LOC04438,199,40,3603.76,In Stock,2026-08-25
INV04439,P00705,Compact Sneakers (Blue),Footwear,LOC04439,193,30,4796.06,In Stock,2026-08-19
INV04440,P00257,Standard Formal Shoes (White),Footwear,LOC04440,213,25,4767.11,In Stock,2026-08-24
INV04441,P00221,Standard Hiking Boots (Silver),Footwear,LOC04441,240,40,3453.2,In Stock,2026-08-01
INV04442,P00353,Standard Sandals (Red),Footwear,LOC04442,142,40,3810.38,In Stock,2026-08-16
INV04443,P00771,Premium Sticky Notes (Green),Stationery,LOC04443,94,40,569.32,In Stock,2026-08-14
INV04444,P00194,Premium Stapler (Silver),Stationery,LOC04444,79,10,4760.97,In Stock,2026-08-06
INV04445,P00093,Compact Keychain (Blue),Accessories,LOC04445,89,40,1191.31,In Stock,2026-08-30
INV04446,P00523,Deluxe Running Shoes (White),Footwear,LOC04446,0,40,1007.61,Out of Stock,2026-08-28
INV04447,P00247,Premium Webcam (Beige),Electronics,LOC04447,296,40,4565.04,In Stock,2026-08-09
INV04448,P00370,Pro Slippers (Silver),Footwear,LOC04448,174,20,414.68,In Stock,2026-08-12
INV04449,P00553,Plus Formal Shoes (Blue),Footwear,LOC04449,84,30,4496.95,In Stock,2026-08-11
INV04450,P00245,Max Photo Frame (Red),Home,LOC04450,133,10,349.71,In Stock,2026-08-25
INV04451,P00238,Mini Bed Sheet Set (Beige),Home,LOC04451,205,20,1093.82,In Stock,2026-08-08
INV04452,P00163,Deluxe Formal Shoes (Red),Footwear,LOC04452,77,30,1033.84,In Stock,2026-08-14
INV04453,P00684,Mini Calculator (Black),Stationery,LOC04453,4,20,2938.9,Low Stock,2026-08-10
INV04454,P00774,Standard Router (Green),Electronics,LOC04454,194,30,590.28,In Stock,2026-08-12
INV04455,P00516,Compact Calculator (Silver),Stationery,LOC04455,223,30,551.65,In Stock,2026-08-21
INV04456,P00152,Plus Slippers (Green),Footwear,LOC04456,187,40,2146.35,In Stock,2026-08-02
INV04457,P00553,Plus Formal Shoes (Blue),Footwear,LOC04457,274,25,1530.64,In Stock,2026-08-11
INV04458,P00641,Standard Keyboard (Beige),Electronics,LOC04458,152,15,346.64,In Stock,2026-08-15
INV04459,P00697,Mini Calculator (Green),Stationery,LOC04459,275,30,198.4,In Stock,2026-08-06
INV04460,P00175,Max Slippers (Green),Footwear,LOC04460,278,20,2650.26,In Stock,2026-08-15
INV04461,P00667,Lite Water Bottle (Beige),Home,LOC04461,148,40,4670.25,In Stock,2026-08-13
INV04462,P00681,Max Curtain (Green),Home,LOC04462,201,15,2042.47,In Stock,2026-08-07
INV04463,P00250,Premium Tablet Stand (White),Electronics,LOC04463,283,10,304.21,In Stock,2026-08-10
INV04464,P00481,Classic Notebook (White),Stationery,LOC04464,201,15,2618.33,In Stock,2026-08-29
INV04465,P00015,Max Tablet Stand (White),Electronics,LOC04465,106,15,1625.82,In Stock,2026-08-23
INV04466,P00051,Max Umbrella (Blue),Accessories,LOC04466,145,30,2547.09,In Stock,2026-08-26
INV04467,P00585,Plus Sticky Notes (White),Stationery,LOC04467,46,10,1344.22,In Stock,2026-08-14
INV04468,P00668,Compact Table Lamp (Red),Home,LOC04468,113,40,268.39,In Stock,2026-08-28
INV04469,P00098,Classic Sports Shoes (Blue),Footwear,LOC04469,50,10,1249.86,In Stock,2026-08-13
INV04470,P00385,Lite File Folder (Grey),Stationery,LOC04470,91,25,2667.39,In Stock,2026-08-25
INV04471,P00372,Pro Travel Pouch (Grey),Accessories,LOC04471,156,20,3774.64,In Stock,2026-08-03
INV04472,P00547,Compact Marker Pack (Black),Stationery,LOC04472,169,40,4576.56,In Stock,2026-08-15
INV04473,P00388,Deluxe Storage Box (White),Home,LOC04473,83,15,1823.78,In Stock,2026-08-29
INV04474,P00783,Plus File Folder (Blue),Stationery,LOC04474,0,10,2681.54,Out of Stock,2026-08-17
INV04475,P00082,Mini Cap (Silver),Accessories,LOC04475,195,10,3761.54,In Stock,2026-08-24
INV04476,P00758,Lite Sandals (Blue),Footwear,LOC04476,30,40,4464.95,Low Stock,2026-08-06
INV04477,P00304,Max Marker Pack (Green),Stationery,LOC04477,9,25,2265.77,Low Stock,2026-08-21
INV04478,P00628,Classic Flip Flops (Black),Footwear,LOC04478,171,40,4162.63,In Stock,2026-08-07
INV04479,P00640,Pro Boots (Black),Footwear,LOC04479,194,10,4516.47,In Stock,2026-08-29
INV04480,P00285,Pro Travel Pouch (Silver),Accessories,LOC04480,12,10,3168.78,In Stock,2026-08-14
INV04481,P00559,Classic Belt (Grey),Accessories,LOC04481,147,30,4379.84,In Stock,2026-08-11
INV04482,P00227,Standard Earbuds (Black),Electronics,LOC04482,38,15,373.29,In Stock,2026-08-14
INV04483,P00182,Premium Scissors (Green),Stationery,LOC04483,140,40,3892.52,In Stock,2026-08-05
INV04484,P00586,Standard Flip Flops (Blue),Footwear,LOC04484,177,15,4249.97,In Stock,2026-08-09
INV04485,P00015,Max Tablet Stand (White),Electronics,LOC04485,39,25,3245.97,In Stock,2026-08-26
INV04486,P00016,Premium Wall Clock (Green),Home,LOC04486,237,40,3120.07,In Stock,2026-08-25
INV04487,P00384,Plus Wallet (White),Accessories,LOC04487,86,10,3327.02,In Stock,2026-08-08
INV04488,P00355,Standard Water Bottle (Black),Home,LOC04488,15,40,2224.23,Low Stock,2026-08-27
INV04489,P00097,Max Sticky Notes (Blue),Stationery,LOC04489,276,20,4656.45,In Stock,2026-08-11
INV04490,P00673,Pro Umbrella (Green),Accessories,LOC04490,62,15,1347.15,In Stock,2026-08-16
INV04491,P00589,Premium Sneakers (Green),Footwear,LOC04491,182,20,935.45,In Stock,2026-08-09
INV04492,P00566,Premium Sandals (Blue),Footwear,LOC04492,84,40,970.09,In Stock,2026-08-10
INV04493,P00006,Deluxe Slippers (Grey),Footwear,LOC04493,259,15,452.9,In Stock,2026-08-22
INV04494,P00670,Lite Sandals (Grey),Footwear,LOC04494,24,15,4310.68,In Stock,2026-08-17
INV04495,P00697,Mini Calculator (Green),Stationery,LOC04495,71,20,4376.4,In Stock,2026-08-04
INV04496,P00561,Deluxe Cap (Black),Accessories,LOC04496,61,10,2142.57,In Stock,2026-08-27
INV04497,P00441,Lite Travel Pouch (White),Accessories,LOC04497,171,15,3819.29,In Stock,2026-08-02
INV04498,P00489,Plus Handbag (Beige),Accessories,LOC04498,116,40,1463.93,In Stock,2026-08-23
INV04499,P00615,Deluxe Cushion (Red),Home,LOC04499,118,10,1546.2,In Stock,2026-08-29
INV04500,P00056,Standard Wireless Mouse (Green),Electronics,LOC04500,86,15,3734.16,In Stock,2026-08-12
INV04501,P00173,Deluxe Slippers (Beige),Footwear,LOC04501,128,25,4088.01,In Stock,2026-08-20
INV04502,P00246,Max File Folder (Beige),Stationery,LOC04502,117,30,1547.87,In Stock,2026-08-17
INV04503,P00777,Lite Tablet Stand (Red),Electronics,LOC04503,118,40,2024.62,In Stock,2026-08-16
INV04504,P00264,Mini Curtain (Red),Home,LOC04504,299,15,855.36,In Stock,2026-08-19
INV04505,P00749,Premium Umbrella (Green),Accessories,LOC04505,182,30,192.87,In Stock,2026-08-24
INV04506,P00231,Lite Sticky Notes (Silver),Stationery,LOC04506,267,10,1346.83,In Stock,2026-08-14
INV04507,P00099,Max Watch Strap (Grey),Accessories,LOC04507,284,20,1303.38,In Stock,2026-08-14
INV04508,P00132,Compact Curtain (Beige),Home,LOC04508,23,30,4078.48,Low Stock,2026-08-17
INV04509,P00341,Mini Photo Frame (Green),Home,LOC04509,139,10,2603.67,In Stock,2026-08-30
INV04510,P00508,Plus Keyboard (Green),Electronics,LOC04510,54,40,234.89,In Stock,2026-08-11
INV04511,P00323,Standard Umbrella (Beige),Accessories,LOC04511,285,10,2385.46,In Stock,2026-08-05
INV04512,P00175,Max Slippers (Green),Footwear,LOC04512,30,10,2467.18,In Stock,2026-08-20
INV04513,P00296,Plus Charger (Red),Electronics,LOC04513,240,20,1233.37,In Stock,2026-08-19
INV04514,P00110,Max Curtain (Grey),Home,LOC04514,36,40,2472.68,Low Stock,2026-08-16
INV04515,P00258,Mini Laptop Stand (Grey),Electronics,LOC04515,5,40,3578.12,Low Stock,2026-08-01
INV04516,P00366,Max Boots (Blue),Footwear,LOC04516,270,25,3469.25,In Stock,2026-08-22
INV04517,P00543,Pro Umbrella (Blue),Accessories,LOC04517,168,25,3795.13,In Stock,2026-08-22
INV04518,P00491,Premium Belt (White),Accessories,LOC04518,142,20,2082.82,In Stock,2026-08-20
INV04519,P00006,Deluxe Slippers (Grey),Footwear,LOC04519,69,25,1953.38,In Stock,2026-08-08
INV04520,P00060,Compact Laptop Stand (White),Electronics,LOC04520,240,20,824.1,In Stock,2026-08-09
INV04521,P00572,Mini Calculator (Blue),Stationery,LOC04521,278,10,2237.15,In Stock,2026-08-01
INV04522,P00609,Premium HDMI Cable (Green),Electronics,LOC04522,256,15,1841.39,In Stock,2026-08-21
INV04523,P00136,Lite Table Lamp (Red),Home,LOC04523,299,30,122.26,In Stock,2026-08-21
INV04524,P00222,Plus Laptop Stand (Beige),Electronics,LOC04524,126,30,672.14,In Stock,2026-08-25
INV04525,P00019,Mini Marker Pack (Silver),Stationery,LOC04525,202,15,2466.44,In Stock,2026-08-20
INV04526,P00452,Classic Curtain (Blue),Home,LOC04526,67,20,2150.8,In Stock,2026-08-23
INV04527,P00297,Max Door Mat (Green),Home,LOC04527,26,30,3727.77,Low Stock,2026-08-07
INV04528,P00438,Pro Cap (Green),Accessories,LOC04528,204,15,439.54,In Stock,2026-08-16
INV04529,P00323,Standard Umbrella (Beige),Accessories,LOC04529,133,15,2811.03,In Stock,2026-08-27
INV04530,P00255,Compact Umbrella (Black),Accessories,LOC04530,124,20,4442.39,In Stock,2026-08-16
INV04531,P00161,Deluxe Wallet (Black),Accessories,LOC04531,263,30,1178.05,In Stock,2026-08-08
INV04532,P00215,Compact Wall Clock (Silver),Home,LOC04532,183,30,1895.81,In Stock,2026-08-08
INV04533,P00759,Plus Wallet (Grey),Accessories,LOC04533,203,40,3300.97,In Stock,2026-08-02
INV04534,P00355,Standard Water Bottle (Black),Home,LOC04534,92,15,4198.74,In Stock,2026-08-20
INV04535,P00243,Compact Slippers (Silver),Footwear,LOC04535,15,20,1343.4,Low Stock,2026-08-03
INV04536,P00617,Premium Watch Strap (Green),Accessories,LOC04536,155,25,1433.44,In Stock,2026-08-15
INV04537,P00502,Mini Keyboard (Grey),Electronics,LOC04537,230,15,280.01,In Stock,2026-08-28
INV04538,P00780,Pro Candle Holder (Red),Home,LOC04538,20,30,2347.22,Low Stock,2026-08-19
INV04539,P00070,Mini Calculator (Black),Stationery,LOC04539,158,30,4884.65,In Stock,2026-08-12
INV04540,P00345,Premium Curtain (Beige),Home,LOC04540,245,30,3086.03,In Stock,2026-08-15
INV04541,P00097,Max Sticky Notes (Blue),Stationery,LOC04541,102,10,1328.01,In Stock,2026-08-25
INV04542,P00352,Premium Wireless Mouse (Beige),Electronics,LOC04542,105,25,2752.03,In Stock,2026-08-30
INV04543,P00747,Premium Candle Holder (White),Home,LOC04543,49,30,2641.56,In Stock,2026-08-30
INV04544,P00764,Compact Marker Pack (Silver),Stationery,LOC04544,150,10,3557.23,In Stock,2026-08-26
INV04545,P00509,Mini Scissors (Red),Stationery,LOC04545,219,20,1460.78,In Stock,2026-08-20
INV04546,P00220,Premium Bed Sheet Set (Grey),Home,LOC04546,242,10,4044.07,In Stock,2026-08-28
INV04547,P00702,Premium Table Lamp (Silver),Home,LOC04547,259,30,2323.22,In Stock,2026-08-15
INV04548,P00070,Mini Calculator (Black),Stationery,LOC04548,217,40,2981.15,In Stock,2026-08-30
INV04549,P00397,Mini Sandals (Blue),Footwear,LOC04549,259,20,1233.84,In Stock,2026-08-15
INV04550,P00254,Plus Tablet Stand (Beige),Electronics,LOC04550,35,20,1391.08,In Stock,2026-08-04
INV04551,P00340,Standard Marker Pack (Beige),Stationery,LOC04551,284,25,2300.34,In Stock,2026-08-30
INV04552,P00114,Lite Charger (Grey),Electronics,LOC04552,197,15,3500.77,In Stock,2026-08-11
INV04553,P00563,Lite Laptop Stand (Blue),Electronics,LOC04553,283,10,4215.32,In Stock,2026-08-05
INV04554,P00171,Lite Curtain (Green),Home,LOC04554,287,25,4253.54,In Stock,2026-08-20
INV04555,P00522,Standard Desk Organizer (Blue),Stationery,LOC04555,84,20,4779.89,In Stock,2026-08-09
INV04556,P00597,Deluxe Scissors (Green),Stationery,LOC04556,207,10,2695.16,In Stock,2026-08-01
INV04557,P00103,Max Monitor (Beige),Electronics,LOC04557,178,40,3913.1,In Stock,2026-08-22
INV04558,P00377,Max Curtain (Green),Home,LOC04558,238,15,401.39,In Stock,2026-08-23
INV04559,P00285,Pro Travel Pouch (Silver),Accessories,LOC04559,233,15,1094.69,In Stock,2026-08-29
INV04560,P00543,Pro Umbrella (Blue),Accessories,LOC04560,188,20,4856.62,In Stock,2026-08-19
INV04561,P00023,Plus Hiking Boots (Red),Footwear,LOC04561,63,25,4188.59,In Stock,2026-08-14
INV04562,P00262,Mini Sticky Notes (Blue),Stationery,LOC04562,48,30,110.11,In Stock,2026-08-09
INV04563,P00061,Compact Monitor (Black),Electronics,LOC04563,139,40,1910.0,In Stock,2026-08-02
INV04564,P00047,Deluxe Backpack (Red),Accessories,LOC04564,122,15,348.49,In Stock,2026-08-25
INV04565,P00433,Premium Charger (Black),Electronics,LOC04565,20,20,2481.71,Low Stock,2026-08-15
INV04566,P00599,Lite Wall Clock (Black),Home,LOC04566,268,25,963.68,In Stock,2026-08-24
INV04567,P00576,Standard Flip Flops (Silver),Footwear,LOC04567,169,30,852.96,In Stock,2026-08-24
INV04568,P00212,Classic Formal Shoes (Blue),Footwear,LOC04568,136,40,3583.79,In Stock,2026-08-09
INV04569,P00590,Max Boots (White),Footwear,LOC04569,76,40,662.05,In Stock,2026-08-29
INV04570,P00658,Deluxe Earbuds (Grey),Electronics,LOC04570,245,30,4079.99,In Stock,2026-08-23
INV04571,P00418,Lite Earbuds (Red),Electronics,LOC04571,164,40,3689.54,In Stock,2026-08-09
INV04572,P00376,Compact Curtain (Black),Home,LOC04572,236,30,3540.01,In Stock,2026-08-27
INV04573,P00684,Mini Calculator (Black),Stationery,LOC04573,124,40,4556.95,In Stock,2026-08-22
INV04574,P00062,Max HDMI Cable (Blue),Electronics,LOC04574,165,40,3748.79,In Stock,2026-08-07
INV04575,P00147,Premium Storage Box (Blue),Home,LOC04575,28,20,3495.69,In Stock,2026-08-26
INV04576,P00508,Plus Keyboard (Green),Electronics,LOC04576,61,25,1054.69,In Stock,2026-08-18
INV04577,P00411,Plus Bed Sheet Set (Red),Home,LOC04577,54,10,4648.09,In Stock,2026-08-16
INV04578,P00718,Pro Loafers (Red),Footwear,LOC04578,131,10,1814.95,In Stock,2026-08-02
INV04579,P00061,Compact Monitor (Black),Electronics,LOC04579,150,10,4510.86,In Stock,2026-08-04
INV04580,P00419,Classic Wallet (Red),Accessories,LOC04580,203,40,2376.76,In Stock,2026-08-28
INV04581,P00152,Plus Slippers (Green),Footwear,LOC04581,0,25,4953.0,Out of Stock,2026-08-15
INV04582,P00459,Premium Stapler (Red),Stationery,LOC04582,239,30,2205.87,In Stock,2026-08-04
INV04583,P00760,Mini Webcam (Black),Electronics,LOC04583,4,20,973.39,Low Stock,2026-08-14
INV04584,P00714,Plus Bed Sheet Set (Beige),Home,LOC04584,80,25,4591.19,In Stock,2026-08-19
INV04585,P00705,Compact Sneakers (Blue),Footwear,LOC04585,107,20,3181.47,In Stock,2026-08-17
INV04586,P00499,Deluxe Sneakers (Green),Footwear,LOC04586,208,40,762.92,In Stock,2026-08-15
INV04587,P00172,Lite Formal Shoes (Silver),Footwear,LOC04587,17,25,1627.85,Low Stock,2026-08-05
INV04588,P00074,Classic Desk Organizer (White),Stationery,LOC04588,118,25,1659.98,In Stock,2026-08-19
INV04589,P00317,Deluxe Webcam (Blue),Electronics,LOC04589,139,25,716.94,In Stock,2026-08-29
INV04590,P00429,Max Webcam (White),Electronics,LOC04590,144,10,4944.26,In Stock,2026-08-13
INV04591,P00525,Standard Storage Box (Red),Home,LOC04591,22,15,2234.6,In Stock,2026-08-22
INV04592,P00022,Lite Watch Strap (White),Accessories,LOC04592,55,25,1818.51,In Stock,2026-08-11
INV04593,P00680,Plus Sports Shoes (Grey),Footwear,LOC04593,201,15,1263.03,In Stock,2026-08-30
INV04594,P00031,Compact Stapler (Black),Stationery,LOC04594,241,40,4338.17,In Stock,2026-08-08
INV04595,P00159,Plus Wall Clock (Blue),Home,LOC04595,28,40,1980.0,Low Stock,2026-08-27
INV04596,P00446,Premium Photo Frame (Black),Home,LOC04596,165,25,119.85,In Stock,2026-08-10
INV04597,P00240,Standard Power Bank (Green),Electronics,LOC04597,91,40,3172.33,In Stock,2026-08-09
INV04598,P00668,Compact Table Lamp (Red),Home,LOC04598,210,10,1183.15,In Stock,2026-08-19
INV04599,P00230,Max Water Bottle (Grey),Home,LOC04599,85,40,4575.09,In Stock,2026-08-17
INV04600,P00478,Compact Keychain (White),Accessories,LOC04600,6,30,4457.39,Low Stock,2026-08-12
INV04601,P00246,Max File Folder (Beige),Stationery,LOC04601,16,30,1198.32,Low Stock,2026-08-11
INV04602,P00119,Standard Belt (Green),Accessories,LOC04602,193,15,4299.56,In Stock,2026-08-25
INV04603,P00776,Max Wallet (Grey),Accessories,LOC04603,286,40,1847.8,In Stock,2026-08-13
INV04604,P00382,Lite Handbag (Beige),Accessories,LOC04604,209,15,682.8,In Stock,2026-08-04
INV04605,P00452,Classic Curtain (Blue),Home,LOC04605,178,10,4909.71,In Stock,2026-08-22
INV04606,P00009,Pro Wallet (Beige),Accessories,LOC04606,80,20,275.98,In Stock,2026-08-20
INV04607,P00409,Max HDMI Cable (Silver),Electronics,LOC04607,252,30,1516.54,In Stock,2026-08-29
INV04608,P00130,Max Smart Watch (White),Electronics,LOC04608,175,15,2973.73,In Stock,2026-08-30
INV04609,P00716,Premium Handbag (Blue),Accessories,LOC04609,222,30,4669.61,In Stock,2026-08-21
INV04610,P00326,Pro Headphones (White),Electronics,LOC04610,203,30,4382.85,In Stock,2026-08-20
INV04611,P00253,Deluxe Handbag (Beige),Accessories,LOC04611,220,20,1975.09,In Stock,2026-08-01
INV04612,P00192,Classic Backpack (Grey),Accessories,LOC04612,177,20,527.22,In Stock,2026-08-03
INV04613,P00780,Pro Candle Holder (Red),Home,LOC04613,228,30,469.23,In Stock,2026-08-23
INV04614,P00600,Mini Desk Organizer (Beige),Stationery,LOC04614,243,15,1326.27,In Stock,2026-08-29
INV04615,P00343,Mini Bluetooth Speaker (Black),Electronics,LOC04615,34,15,2325.28,In Stock,2026-08-27
INV04616,P00203,Classic Desk Organizer (White),Stationery,LOC04616,128,20,2695.81,In Stock,2026-08-26
INV04617,P00021,Max Backpack (Black),Accessories,LOC04617,33,40,2172.24,Low Stock,2026-08-20
INV04618,P00164,Lite Charger (White),Electronics,LOC04618,101,10,3839.14,In Stock,2026-08-09
INV04619,P00407,Mini Wallet (Grey),Accessories,LOC04619,192,20,827.62,In Stock,2026-08-03
INV04620,P00717,Deluxe Keychain (White),Accessories,LOC04620,171,25,4079.8,In Stock,2026-08-08
INV04621,P00131,Premium Storage Box (Green),Home,LOC04621,133,40,290.72,In Stock,2026-08-29
INV04622,P00693,Classic Hiking Boots (Beige),Footwear,LOC04622,48,30,1420.88,In Stock,2026-08-01
INV04623,P00708,Standard Sports Shoes (Black),Footwear,LOC04623,85,10,453.28,In Stock,2026-08-19
INV04624,P00572,Mini Calculator (Blue),Stationery,LOC04624,139,30,3044.34,In Stock,2026-08-02
INV04625,P00675,Mini Table Lamp (Grey),Home,LOC04625,126,20,2812.64,In Stock,2026-08-15
INV04626,P00783,Plus File Folder (Blue),Stationery,LOC04626,61,40,4480.78,In Stock,2026-08-26
INV04627,P00528,Premium Scissors (Beige),Stationery,LOC04627,249,10,1322.72,In Stock,2026-08-25
INV04628,P00746,Mini Door Mat (Grey),Home,LOC04628,266,10,1684.79,In Stock,2026-08-28
INV04629,P00555,Deluxe Cap (Red),Accessories,LOC04629,6,30,4553.48,Low Stock,2026-08-11
INV04630,P00521,Premium Router (Blue),Electronics,LOC04630,279,10,177.79,In Stock,2026-08-04
INV04631,P00222,Plus Laptop Stand (Beige),Electronics,LOC04631,12,20,2808.04,Low Stock,2026-08-11
INV04632,P00759,Plus Wallet (Grey),Accessories,LOC04632,24,10,4905.55,In Stock,2026-08-11
INV04633,P00728,Premium Candle Holder (Silver),Home,LOC04633,174,15,3630.23,In Stock,2026-08-21
INV04634,P00674,Premium Belt (Red),Accessories,LOC04634,19,25,4810.01,Low Stock,2026-08-21
INV04635,P00797,Compact Travel Pouch (Grey),Accessories,LOC04635,35,15,3537.11,In Stock,2026-08-04
INV04636,P00583,Plus Sports Shoes (Beige),Footwear,LOC04636,214,20,4806.93,In Stock,2026-08-01
INV04637,P00077,Mini Watch Strap (Grey),Accessories,LOC04637,148,15,4816.68,In Stock,2026-08-29
INV04638,P00433,Premium Charger (Black),Electronics,LOC04638,73,20,829.26,In Stock,2026-08-17
INV04639,P00702,Premium Table Lamp (Silver),Home,LOC04639,177,40,4332.36,In Stock,2026-08-19
INV04640,P00407,Mini Wallet (Grey),Accessories,LOC04640,26,15,3146.28,In Stock,2026-08-15
INV04641,P00574,Premium Hiking Boots (White),Footwear,LOC04641,299,20,3648.46,In Stock,2026-08-29
INV04642,P00614,Max USB-C Cable (White),Electronics,LOC04642,88,10,4322.7,In Stock,2026-08-13
INV04643,P00153,Standard Wall Clock (Grey),Home,LOC04643,125,10,3646.57,In Stock,2026-08-08
INV04644,P00266,Premium HDMI Cable (Grey),Electronics,LOC04644,221,40,4845.23,In Stock,2026-08-12
INV04645,P00363,Pro Sunglasses (White),Accessories,LOC04645,61,25,2013.64,In Stock,2026-08-25
INV04646,P00503,Plus Watch Strap (Black),Accessories,LOC04646,49,30,1497.51,In Stock,2026-08-07
INV04647,P00589,Premium Sneakers (Green),Footwear,LOC04647,176,30,1584.71,In Stock,2026-08-28
INV04648,P00514,Mini Scissors (Beige),Stationery,LOC04648,202,30,591.09,In Stock,2026-08-10
INV04649,P00278,Lite Formal Shoes (Green),Footwear,LOC04649,20,20,805.42,Low Stock,2026-08-17
INV04650,P00742,Lite Cap (Grey),Accessories,LOC04650,288,40,1030.15,In Stock,2026-08-29
INV04651,P00134,Max Wall Clock (Grey),Home,LOC04651,115,15,4980.26,In Stock,2026-08-01
INV04652,P00278,Lite Formal Shoes (Green),Footwear,LOC04652,282,40,1988.19,In Stock,2026-08-30
INV04653,P00097,Max Sticky Notes (Blue),Stationery,LOC04653,211,15,3379.56,In Stock,2026-08-04
INV04654,P00583,Plus Sports Shoes (Beige),Footwear,LOC04654,185,20,1669.91,In Stock,2026-08-16
INV04655,P00407,Mini Wallet (Grey),Accessories,LOC04655,258,10,3469.36,In Stock,2026-08-24
INV04656,P00517,Premium Stapler (Black),Stationery,LOC04656,295,15,4433.11,In Stock,2026-08-08
INV04657,P00038,Premium Scissors (Black),Stationery,LOC04657,112,30,3203.1,In Stock,2026-08-12
INV04658,P00286,Deluxe Cap (Beige),Accessories,LOC04658,242,15,1828.06,In Stock,2026-08-17
INV04659,P00559,Classic Belt (Grey),Accessories,LOC04659,63,30,173.37,In Stock,2026-08-19
INV04660,P00627,Mini Sunglasses (Silver),Accessories,LOC04660,190,25,1060.11,In Stock,2026-08-13
INV04661,P00380,Mini Smart Watch (Black),Electronics,LOC04661,212,40,4763.18,In Stock,2026-08-26
INV04662,P00447,Standard Keychain (Grey),Accessories,LOC04662,83,40,2129.16,In Stock,2026-08-05
INV04663,P00242,Deluxe Keychain (Silver),Accessories,LOC04663,89,10,1229.41,In Stock,2026-08-16
INV04664,P00261,Compact Sneakers (Beige),Footwear,LOC04664,272,10,3722.7,In Stock,2026-08-07
INV04665,P00721,Deluxe Sticky Notes (Beige),Stationery,LOC04665,173,20,4190.64,In Stock,2026-08-21
INV04666,P00767,Pro Sports Shoes (White),Footwear,LOC04666,82,10,4479.68,In Stock,2026-08-29
INV04667,P00019,Mini Marker Pack (Silver),Stationery,LOC04667,232,10,3420.93,In Stock,2026-08-16
INV04668,P00028,Classic Earbuds (White),Electronics,LOC04668,66,25,1876.99,In Stock,2026-08-19
INV04669,P00019,Mini Marker Pack (Silver),Stationery,LOC04669,197,15,1501.69,In Stock,2026-08-22
INV04670,P00466,Deluxe Travel Pouch (Green),Accessories,LOC04670,186,15,1459.11,In Stock,2026-08-22
INV04671,P00658,Deluxe Earbuds (Grey),Electronics,LOC04671,126,20,249.19,In Stock,2026-08-20
INV04672,P00223,Pro Handbag (Blue),Accessories,LOC04672,122,15,705.11,In Stock,2026-08-24
INV04673,P00542,Pro Running Shoes (Beige),Footwear,LOC04673,218,25,3221.03,In Stock,2026-08-15
INV04674,P00435,Lite Webcam (Beige),Electronics,LOC04674,249,25,2405.4,In Stock,2026-08-24
INV04675,P00662,Premium Power Bank (Green),Electronics,LOC04675,69,40,3589.91,In Stock,2026-08-25
INV04676,P00100,Standard Formal Shoes (Black),Footwear,LOC04676,31,10,2800.39,In Stock,2026-08-10
INV04677,P00522,Standard Desk Organizer (Blue),Stationery,LOC04677,126,20,4245.3,In Stock,2026-08-24
INV04678,P00178,Standard USB-C Cable (Silver),Electronics,LOC04678,9,25,3246.81,Low Stock,2026-08-26
INV04679,P00458,Premium Cap (Red),Accessories,LOC04679,243,25,3788.38,In Stock,2026-08-26
INV04680,P00660,Mini Sports Shoes (Beige),Footwear,LOC04680,96,15,797.09,In Stock,2026-08-28
INV04681,P00333,Plus Travel Pouch (White),Accessories,LOC04681,115,15,755.27,In Stock,2026-08-20
INV04682,P00132,Compact Curtain (Beige),Home,LOC04682,252,20,3871.82,In Stock,2026-08-16
INV04683,P00467,Mini Bed Sheet Set (White),Home,LOC04683,129,25,3403.82,In Stock,2026-08-12
INV04684,P00050,Compact Wallet (Red),Accessories,LOC04684,54,15,2674.15,In Stock,2026-08-22
INV04685,P00353,Standard Sandals (Red),Footwear,LOC04685,47,15,2678.02,In Stock,2026-08-04
INV04686,P00443,Plus Stapler (White),Stationery,LOC04686,116,10,1028.06,In Stock,2026-08-23
INV04687,P00236,Compact Wall Clock (Grey),Home,LOC04687,202,30,2496.01,In Stock,2026-08-23
INV04688,P00518,Pro Handbag (Beige),Accessories,LOC04688,90,20,3813.79,In Stock,2026-08-26
INV04689,P00684,Mini Calculator (Black),Stationery,LOC04689,236,20,3165.69,In Stock,2026-08-11
INV04690,P00602,Plus Bed Sheet Set (Beige),Home,LOC04690,126,30,2563.55,In Stock,2026-08-12
INV04691,P00609,Premium HDMI Cable (Green),Electronics,LOC04691,228,20,373.29,In Stock,2026-08-25
INV04692,P00393,Max Cushion (Blue),Home,LOC04692,125,30,969.53,In Stock,2026-08-22
INV04693,P00349,Standard USB-C Cable (Black),Electronics,LOC04693,66,15,366.4,In Stock,2026-08-21
INV04694,P00325,Mini Handbag (Silver),Accessories,LOC04694,208,20,3591.17,In Stock,2026-08-03
INV04695,P00721,Deluxe Sticky Notes (Beige),Stationery,LOC04695,242,40,2115.4,In Stock,2026-08-19
INV04696,P00456,Mini Wireless Mouse (Silver),Electronics,LOC04696,231,40,3985.22,In Stock,2026-08-17
INV04697,P00533,Premium Photo Frame (Green),Home,LOC04697,264,30,1153.72,In Stock,2026-08-26
INV04698,P00425,Plus Smart Watch (White),Electronics,LOC04698,40,40,4360.67,Low Stock,2026-08-28
INV04699,P00334,Max Keychain (Beige),Accessories,LOC04699,148,30,1706.34,In Stock,2026-08-25
INV04700,P00600,Mini Desk Organizer (Beige),Stationery,LOC04700,33,15,1742.05,In Stock,2026-08-04
INV04701,P00449,Classic Sticky Notes (Blue),Stationery,LOC04701,117,15,4809.04,In Stock,2026-08-21
INV04702,P00053,Max Candle Holder (White),Home,LOC04702,143,10,2521.21,In Stock,2026-08-15
INV04703,P00585,Plus Sticky Notes (White),Stationery,LOC04703,70,25,1062.84,In Stock,2026-08-13
INV04704,P00598,Mini Boots (Red),Footwear,LOC04704,180,25,4722.91,In Stock,2026-08-10
INV04705,P00506,Premium Bed Sheet Set (Grey),Home,LOC04705,237,40,3568.2,In Stock,2026-08-19
INV04706,P00568,Compact Highlighter Set (Red),Stationery,LOC04706,78,40,198.59,In Stock,2026-08-26
INV04707,P00564,Lite Bed Sheet Set (White),Home,LOC04707,63,40,576.34,In Stock,2026-08-01
INV04708,P00262,Mini Sticky Notes (Blue),Stationery,LOC04708,258,15,3371.24,In Stock,2026-08-27
INV04709,P00611,Deluxe Watch Strap (Black),Accessories,LOC04709,202,10,519.45,In Stock,2026-08-06
INV04710,P00501,Lite Highlighter Set (Black),Stationery,LOC04710,300,20,1340.45,In Stock,2026-08-11
INV04711,P00597,Deluxe Scissors (Green),Stationery,LOC04711,289,10,2280.99,In Stock,2026-08-23
INV04712,P00648,Max Backpack (Blue),Accessories,LOC04712,7,40,137.82,Low Stock,2026-08-22
INV04713,P00731,Lite Flip Flops (Blue),Footwear,LOC04713,180,20,2469.36,In Stock,2026-08-17
INV04714,P00188,Deluxe Calculator (Grey),Stationery,LOC04714,80,20,2469.48,In Stock,2026-08-22
INV04715,P00690,Standard Calculator (Black),Stationery,LOC04715,150,40,2985.66,In Stock,2026-08-29
INV04716,P00404,Deluxe Sneakers (Blue),Footwear,LOC04716,178,25,728.69,In Stock,2026-08-23
INV04717,P00305,Classic Hiking Boots (Grey),Footwear,LOC04717,101,30,4753.27,In Stock,2026-08-28
INV04718,P00354,Plus Calculator (White),Stationery,LOC04718,233,10,2376.27,In Stock,2026-08-04
INV04719,P00761,Max Wall Clock (Beige),Home,LOC04719,32,20,1163.0,In Stock,2026-08-06
INV04720,P00263,Standard Router (Red),Electronics,LOC04720,120,15,4727.28,In Stock,2026-08-11
INV04721,P00475,Max Loafers (Green),Footwear,LOC04721,229,20,2537.76,In Stock,2026-08-22
INV04722,P00218,Max Headphones (Black),Electronics,LOC04722,66,20,2705.96,In Stock,2026-08-13
INV04723,P00494,Max File Folder (Blue),Stationery,LOC04723,24,20,440.03,In Stock,2026-08-07
INV04724,P00307,Classic Formal Shoes (Blue),Footwear,LOC04724,224,40,1357.13,In Stock,2026-08-20
INV04725,P00482,Deluxe Monitor (Grey),Electronics,LOC04725,38,25,3174.98,In Stock,2026-08-21
INV04726,P00523,Deluxe Running Shoes (White),Footwear,LOC04726,211,10,4956.29,In Stock,2026-08-03
INV04727,P00611,Deluxe Watch Strap (Black),Accessories,LOC04727,246,10,4981.6,In Stock,2026-08-27
INV04728,P00403,Compact Bed Sheet Set (Beige),Home,LOC04728,211,40,4178.37,In Stock,2026-08-20
INV04729,P00280,Compact Scissors (Grey),Stationery,LOC04729,77,25,2350.37,In Stock,2026-08-26
INV04730,P00769,Mini Sports Shoes (Blue),Footwear,LOC04730,148,15,1903.44,In Stock,2026-08-25
INV04731,P00434,Classic Belt (Red),Accessories,LOC04731,125,30,1167.32,In Stock,2026-08-26
INV04732,P00357,Standard File Folder (Grey),Stationery,LOC04732,198,15,1920.4,In Stock,2026-08-30
INV04733,P00148,Classic Calculator (Beige),Stationery,LOC04733,166,20,3664.47,In Stock,2026-08-18
INV04734,P00389,Standard Travel Pouch (Green),Accessories,LOC04734,105,25,2424.29,In Stock,2026-08-11
INV04735,P00574,Premium Hiking Boots (White),Footwear,LOC04735,28,10,960.7,In Stock,2026-08-22
INV04736,P00706,Plus Sticky Notes (Beige),Stationery,LOC04736,152,15,4220.57,In Stock,2026-08-26
INV04737,P00275,Deluxe Sneakers (Grey),Footwear,LOC04737,212,40,4828.16,In Stock,2026-08-24
INV04738,P00074,Classic Desk Organizer (White),Stationery,LOC04738,193,15,3085.03,In Stock,2026-08-03
INV04739,P00655,Lite Backpack (Silver),Accessories,LOC04739,104,30,3382.88,In Stock,2026-08-22
INV04740,P00243,Compact Slippers (Silver),Footwear,LOC04740,293,10,4316.1,In Stock,2026-08-13
INV04741,P00452,Classic Curtain (Blue),Home,LOC04741,201,20,1351.77,In Stock,2026-08-23
INV04742,P00595,Max Flip Flops (Black),Footwear,LOC04742,298,10,3183.78,In Stock,2026-08-11
INV04743,P00345,Premium Curtain (Beige),Home,LOC04743,205,25,401.16,In Stock,2026-08-07
INV04744,P00404,Deluxe Sneakers (Blue),Footwear,LOC04744,199,15,3982.46,In Stock,2026-08-05
INV04745,P00056,Standard Wireless Mouse (Green),Electronics,LOC04745,39,20,375.78,In Stock,2026-08-13
INV04746,P00523,Deluxe Running Shoes (White),Footwear,LOC04746,28,25,4211.45,In Stock,2026-08-28
INV04747,P00514,Mini Scissors (Beige),Stationery,LOC04747,46,10,1882.33,In Stock,2026-08-07
INV04748,P00772,Standard Sandals (Silver),Footwear,LOC04748,243,15,4967.65,In Stock,2026-08-24
INV04749,P00647,Classic Desk Organizer (Blue),Stationery,LOC04749,212,15,2464.38,In Stock,2026-08-12
INV04750,P00644,Pro Keychain (Black),Accessories,LOC04750,162,15,2022.58,In Stock,2026-08-19
INV04751,P00472,Mini Desk Organizer (Blue),Stationery,LOC04751,31,25,1560.18,In Stock,2026-08-11
INV04752,P00607,Mini Calculator (Beige),Stationery,LOC04752,18,30,4928.89,Low Stock,2026-08-16
INV04753,P00711,Deluxe Wallet (White),Accessories,LOC04753,196,30,4658.2,In Stock,2026-08-20
INV04754,P00334,Max Keychain (Beige),Accessories,LOC04754,281,20,145.38,In Stock,2026-08-06
INV04755,P00673,Pro Umbrella (Green),Accessories,LOC04755,293,15,3901.06,In Stock,2026-08-08
INV04756,P00108,Plus File Folder (Green),Stationery,LOC04756,65,15,2901.45,In Stock,2026-08-13
INV04757,P00483,Standard Hiking Boots (Black),Footwear,LOC04757,215,20,414.26,In Stock,2026-08-01
INV04758,P00445,Standard Curtain (Blue),Home,LOC04758,274,30,1861.56,In Stock,2026-08-10
INV04759,P00494,Max File Folder (Blue),Stationery,LOC04759,69,10,4954.05,In Stock,2026-08-24
INV04760,P00539,Compact Stapler (Grey),Stationery,LOC04760,88,20,3265.12,In Stock,2026-08-23
INV04761,P00065,Lite Keyboard (Silver),Electronics,LOC04761,180,40,3788.15,In Stock,2026-08-26
INV04762,P00485,Standard Cushion (Grey),Home,LOC04762,186,25,3039.17,In Stock,2026-08-11
INV04763,P00159,Plus Wall Clock (Blue),Home,LOC04763,188,15,3483.94,In Stock,2026-08-12
INV04764,P00331,Deluxe Wallet (Red),Accessories,LOC04764,251,30,4360.17,In Stock,2026-08-22
INV04765,P00448,Standard Headphones (Green),Electronics,LOC04765,2,15,840.67,Low Stock,2026-08-26
INV04766,P00152,Plus Slippers (Green),Footwear,LOC04766,90,30,4006.15,In Stock,2026-08-20
INV04767,P00366,Max Boots (Blue),Footwear,LOC04767,278,15,2682.06,In Stock,2026-08-28
INV04768,P00510,Standard Calculator (Black),Stationery,LOC04768,191,10,1817.67,In Stock,2026-08-24
INV04769,P00613,Plus Cushion (Grey),Home,LOC04769,209,40,4720.78,In Stock,2026-08-10
INV04770,P00421,Premium Tablet Stand (Black),Electronics,LOC04770,158,30,1402.8,In Stock,2026-08-28
INV04771,P00284,Standard Earbuds (Black),Electronics,LOC04771,184,40,2327.78,In Stock,2026-08-11
INV04772,P00155,Pro Belt (Black),Accessories,LOC04772,125,30,4623.18,In Stock,2026-08-04
INV04773,P00126,Deluxe Candle Holder (Red),Home,LOC04773,180,30,340.47,In Stock,2026-08-24
INV04774,P00560,Premium Cushion (Grey),Home,LOC04774,276,10,2074.29,In Stock,2026-08-16
INV04775,P00318,Lite Bluetooth Speaker (Green),Electronics,LOC04775,13,20,1757.25,Low Stock,2026-08-24
INV04776,P00114,Lite Charger (Grey),Electronics,LOC04776,6,40,150.63,Low Stock,2026-08-11
INV04777,P00002,Pro Sandals (White),Footwear,LOC04777,284,30,4135.12,In Stock,2026-08-29
INV04778,P00499,Deluxe Sneakers (Green),Footwear,LOC04778,251,30,1341.83,In Stock,2026-08-26
INV04779,P00446,Premium Photo Frame (Black),Home,LOC04779,108,10,4074.46,In Stock,2026-08-15
INV04780,P00748,Compact Keyboard (Grey),Electronics,LOC04780,218,30,4166.37,In Stock,2026-08-13
INV04781,P00650,Deluxe Marker Pack (Beige),Stationery,LOC04781,198,20,1285.96,In Stock,2026-08-25
INV04782,P00225,Classic Bed Sheet Set (Silver),Home,LOC04782,153,15,2268.16,In Stock,2026-08-27
INV04783,P00762,Pro Charger (Black),Electronics,LOC04783,209,30,4767.1,In Stock,2026-08-08
INV04784,P00592,Pro Sneakers (White),Footwear,LOC04784,79,15,2207.98,In Stock,2026-08-26
INV04785,P00175,Max Slippers (Green),Footwear,LOC04785,58,30,1789.15,In Stock,2026-08-20
INV04786,P00186,Compact Charger (Blue),Electronics,LOC04786,248,15,2791.13,In Stock,2026-08-10
INV04787,P00655,Lite Backpack (Silver),Accessories,LOC04787,125,25,345.37,In Stock,2026-08-10
INV04788,P00169,Mini Sports Shoes (Grey),Footwear,LOC04788,148,10,4549.59,In Stock,2026-08-01
INV04789,P00004,Max USB-C Cable (Black),Electronics,LOC04789,242,20,228.46,In Stock,2026-08-05
INV04790,P00490,Compact Loafers (White),Footwear,LOC04790,288,40,3015.34,In Stock,2026-08-14
INV04791,P00277,Deluxe Water Bottle (Green),Home,LOC04791,300,20,1256.59,In Stock,2026-08-16
INV04792,P00420,Premium Curtain (White),Home,LOC04792,8,25,3779.27,Low Stock,2026-08-19
INV04793,P00325,Mini Handbag (Silver),Accessories,LOC04793,58,30,555.36,In Stock,2026-08-20
INV04794,P00770,Deluxe Smart Watch (Black),Electronics,LOC04794,248,20,2004.45,In Stock,2026-08-24
INV04795,P00374,Pro Cap (White),Accessories,LOC04795,225,15,2682.05,In Stock,2026-08-21
INV04796,P00537,Plus Wallet (Silver),Accessories,LOC04796,153,25,3445.8,In Stock,2026-08-17
INV04797,P00355,Standard Water Bottle (Black),Home,LOC04797,185,40,1298.23,In Stock,2026-08-15
INV04798,P00647,Classic Desk Organizer (Blue),Stationery,LOC04798,274,30,1392.34,In Stock,2026-08-09
INV04799,P00741,Deluxe Stapler (Blue),Stationery,LOC04799,199,30,1290.48,In Stock,2026-08-03
INV04800,P00579,Max Charger (White),Electronics,LOC04800,92,20,1328.77,In Stock,2026-08-11
INV04801,P00489,Plus Handbag (Beige),Accessories,LOC04801,142,25,3236.03,In Stock,2026-08-08
INV04802,P00082,Mini Cap (Silver),Accessories,LOC04802,113,15,2623.55,In Stock,2026-08-17
INV04803,P00456,Mini Wireless Mouse (Silver),Electronics,LOC04803,196,20,3947.7,In Stock,2026-08-29
INV04804,P00636,Pro Formal Shoes (Blue),Footwear,LOC04804,280,10,4178.77,In Stock,2026-08-25
INV04805,P00481,Classic Notebook (White),Stationery,LOC04805,191,20,4364.32,In Stock,2026-08-16
INV04806,P00551,Premium Cap (Silver),Accessories,LOC04806,64,15,4087.48,In Stock,2026-08-24
INV04807,P00042,Mini Sticky Notes (Silver),Stationery,LOC04807,14,40,1685.07,Low Stock,2026-08-30
INV04808,P00013,Deluxe Scissors (Red),Stationery,LOC04808,146,20,2245.94,In Stock,2026-08-12
INV04809,P00389,Standard Travel Pouch (Green),Accessories,LOC04809,281,20,257.84,In Stock,2026-08-12
INV04810,P00747,Premium Candle Holder (White),Home,LOC04810,34,30,1457.52,In Stock,2026-08-19
INV04811,P00190,Mini Loafers (Grey),Footwear,LOC04811,209,20,3721.98,In Stock,2026-08-05
INV04812,P00481,Classic Notebook (White),Stationery,LOC04812,68,10,1247.04,In Stock,2026-08-07
INV04813,P00057,Max USB-C Cable (Red),Electronics,LOC04813,172,25,1921.11,In Stock,2026-08-08
INV04814,P00200,Deluxe Desk Organizer (Red),Stationery,LOC04814,188,40,1636.47,In Stock,2026-08-20
INV04815,P00600,Mini Desk Organizer (Beige),Stationery,LOC04815,277,40,2039.16,In Stock,2026-08-01
INV04816,P00161,Deluxe Wallet (Black),Accessories,LOC04816,95,30,3011.61,In Stock,2026-08-24
INV04817,P00001,Lite Wireless Mouse (Red),Electronics,LOC04817,250,30,3842.14,In Stock,2026-08-18
INV04818,P00334,Max Keychain (Beige),Accessories,LOC04818,240,40,4310.86,In Stock,2026-08-17
INV04819,P00150,Premium Storage Box (Blue),Home,LOC04819,243,40,4273.5,In Stock,2026-08-07
INV04820,P00436,Lite Highlighter Set (Black),Stationery,LOC04820,24,15,2331.72,In Stock,2026-08-19
INV04821,P00595,Max Flip Flops (Black),Footwear,LOC04821,263,40,4350.43,In Stock,2026-08-24
INV04822,P00395,Compact Calculator (Black),Stationery,LOC04822,13,25,3320.0,Low Stock,2026-08-19
INV04823,P00511,Mini Wireless Mouse (Green),Electronics,LOC04823,166,30,4881.8,In Stock,2026-08-30
INV04824,P00773,Pro Formal Shoes (Blue),Footwear,LOC04824,149,10,3341.62,In Stock,2026-08-09
INV04825,P00455,Lite Photo Frame (Red),Home,LOC04825,71,40,868.68,In Stock,2026-08-20
INV04826,P00625,Plus Bed Sheet Set (Grey),Home,LOC04826,13,40,183.37,Low Stock,2026-08-22
INV04827,P00453,Plus Photo Frame (Silver),Home,LOC04827,118,30,3478.71,In Stock,2026-08-23
INV04828,P00152,Plus Slippers (Green),Footwear,LOC04828,182,25,2631.29,In Stock,2026-08-05
INV04829,P00354,Plus Calculator (White),Stationery,LOC04829,197,20,1728.58,In Stock,2026-08-08
INV04830,P00312,Pro Desk Organizer (Silver),Stationery,LOC04830,40,40,2183.24,Low Stock,2026-08-24
INV04831,P00124,Mini Sneakers (Black),Footwear,LOC04831,234,10,1095.15,In Stock,2026-08-15
INV04832,P00565,Deluxe Handbag (Red),Accessories,LOC04832,226,40,4026.58,In Stock,2026-08-06
INV04833,P00324,Standard Webcam (Green),Electronics,LOC04833,46,30,3952.97,In Stock,2026-08-23
INV04834,P00567,Plus Curtain (Beige),Home,LOC04834,17,25,2552.99,Low Stock,2026-08-17
INV04835,P00008,Mini Cap (Red),Accessories,LOC04835,168,25,3846.59,In Stock,2026-08-23
INV04836,P00708,Standard Sports Shoes (Black),Footwear,LOC04836,1,30,3733.11,Low Stock,2026-08-12
INV04837,P00347,Pro Watch Strap (Grey),Accessories,LOC04837,244,30,2654.71,In Stock,2026-08-05
INV04838,P00635,Classic Stapler (Beige),Stationery,LOC04838,17,20,3728.72,Low Stock,2026-08-25
INV04839,P00025,Max Sunglasses (Grey),Accessories,LOC04839,42,20,4274.07,In Stock,2026-08-26
INV04840,P00419,Classic Wallet (Red),Accessories,LOC04840,212,30,416.65,In Stock,2026-08-15
INV04841,P00132,Compact Curtain (Beige),Home,LOC04841,54,30,2781.8,In Stock,2026-08-11
INV04842,P00567,Plus Curtain (Beige),Home,LOC04842,14,25,2468.18,Low Stock,2026-08-27
INV04843,P00534,Lite Stapler (White),Stationery,LOC04843,114,20,4398.36,In Stock,2026-08-15
INV04844,P00571,Compact Tablet Stand (Red),Electronics,LOC04844,57,15,935.18,In Stock,2026-08-10
INV04845,P00087,Lite Belt (Silver),Accessories,LOC04845,242,15,1281.54,In Stock,2026-08-04
INV04846,P00437,Plus Boots (Black),Footwear,LOC04846,98,40,4160.5,In Stock,2026-08-19
INV04847,P00542,Pro Running Shoes (Beige),Footwear,LOC04847,271,20,2098.19,In Stock,2026-08-07
INV04848,P00268,Lite Keychain (Beige),Accessories,LOC04848,256,40,3912.98,In Stock,2026-08-07
INV04849,P00782,Mini Handbag (Beige),Accessories,LOC04849,63,30,892.23,In Stock,2026-08-14
INV04850,P00549,Mini Door Mat (Grey),Home,LOC04850,217,25,2126.44,In Stock,2026-08-11
INV04851,P00409,Max HDMI Cable (Silver),Electronics,LOC04851,246,25,2863.2,In Stock,2026-08-12
INV04852,P00460,Pro Bluetooth Speaker (Silver),Electronics,LOC04852,167,15,4072.33,In Stock,2026-08-10
INV04853,P00327,Plus Table Lamp (Blue),Home,LOC04853,226,40,740.11,In Stock,2026-08-16
INV04854,P00013,Deluxe Scissors (Red),Stationery,LOC04854,20,20,3472.38,Low Stock,2026-08-06
INV04855,P00767,Pro Sports Shoes (White),Footwear,LOC04855,257,30,225.38,In Stock,2026-08-18
INV04856,P00554,Mini Wall Clock (Black),Home,LOC04856,166,20,840.12,In Stock,2026-08-17
INV04857,P00351,Lite Boots (Green),Footwear,LOC04857,257,25,3941.52,In Stock,2026-08-10
INV04858,P00645,Deluxe Sneakers (Silver),Footwear,LOC04858,23,15,848.29,In Stock,2026-08-17
INV04859,P00117,Deluxe Storage Box (Grey),Home,LOC04859,146,10,389.41,In Stock,2026-08-03
INV04860,P00479,Deluxe Sticky Notes (Blue),Stationery,LOC04860,155,40,672.02,In Stock,2026-08-19
INV04861,P00389,Standard Travel Pouch (Green),Accessories,LOC04861,267,10,2196.8,In Stock,2026-08-22
INV04862,P00697,Mini Calculator (Green),Stationery,LOC04862,44,10,1895.95,In Stock,2026-08-11
INV04863,P00392,Max Sunglasses (Green),Accessories,LOC04863,45,25,1493.21,In Stock,2026-08-08
INV04864,P00722,Premium Storage Box (Blue),Home,LOC04864,225,20,1844.84,In Stock,2026-08-22
INV04865,P00044,Max Flip Flops (Grey),Footwear,LOC04865,159,10,1573.26,In Stock,2026-08-11
INV04866,P00657,Deluxe Storage Box (Beige),Home,LOC04866,300,30,3167.35,In Stock,2026-08-05
INV04867,P00024,Premium Candle Holder (Blue),Home,LOC04867,292,25,280.97,In Stock,2026-08-20
INV04868,P00667,Lite Water Bottle (Beige),Home,LOC04868,158,25,3155.69,In Stock,2026-08-20
INV04869,P00341,Mini Photo Frame (Green),Home,LOC04869,178,25,4275.27,In Stock,2026-08-24
INV04870,P00666,Deluxe Pen Set (Green),Stationery,LOC04870,20,30,1202.8,Low Stock,2026-08-30
INV04871,P00672,Lite Sports Shoes (Beige),Footwear,LOC04871,108,25,2075.9,In Stock,2026-08-18
INV04872,P00499,Deluxe Sneakers (Green),Footwear,LOC04872,84,15,1692.52,In Stock,2026-08-10
INV04873,P00523,Deluxe Running Shoes (White),Footwear,LOC04873,49,40,2666.49,In Stock,2026-08-16
INV04874,P00227,Standard Earbuds (Black),Electronics,LOC04874,178,15,4367.77,In Stock,2026-08-03
INV04875,P00684,Mini Calculator (Black),Stationery,LOC04875,133,15,3215.65,In Stock,2026-08-09
INV04876,P00628,Classic Flip Flops (Black),Footwear,LOC04876,208,40,1313.15,In Stock,2026-08-13
INV04877,P00623,Max Sunglasses (Green),Accessories,LOC04877,20,10,1372.26,In Stock,2026-08-24
INV04878,P00217,Deluxe Photo Frame (Grey),Home,LOC04878,280,30,3536.23,In Stock,2026-08-01
INV04879,P00742,Lite Cap (Grey),Accessories,LOC04879,278,30,2528.49,In Stock,2026-08-26
INV04880,P00170,Premium Calculator (Silver),Stationery,LOC04880,53,20,3467.38,In Stock,2026-08-10
INV04881,P00386,Plus Sticky Notes (White),Stationery,LOC04881,224,10,2938.79,In Stock,2026-08-02
INV04882,P00459,Premium Stapler (Red),Stationery,LOC04882,37,15,4765.8,In Stock,2026-08-16
INV04883,P00514,Mini Scissors (Beige),Stationery,LOC04883,203,10,4563.05,In Stock,2026-08-14
INV04884,P00106,Lite Headphones (Blue),Electronics,LOC04884,9,15,2772.31,Low Stock,2026-08-08
INV04885,P00389,Standard Travel Pouch (Green),Accessories,LOC04885,55,30,2791.63,In Stock,2026-08-22
INV04886,P00374,Pro Cap (White),Accessories,LOC04886,51,10,1694.02,In Stock,2026-08-13
INV04887,P00419,Classic Wallet (Red),Accessories,LOC04887,78,25,1234.01,In Stock,2026-08-12
INV04888,P00159,Plus Wall Clock (Blue),Home,LOC04888,112,20,722.43,In Stock,2026-08-14
INV04889,P00413,Pro Webcam (Green),Electronics,LOC04889,256,30,942.86,In Stock,2026-08-15
INV04890,P00166,Compact Wallet (Green),Accessories,LOC04890,181,30,3978.72,In Stock,2026-08-30
INV04891,P00655,Lite Backpack (Silver),Accessories,LOC04891,158,30,1881.91,In Stock,2026-08-16
INV04892,P00569,Pro Hiking Boots (Silver),Footwear,LOC04892,288,10,3121.79,In Stock,2026-08-21
INV04893,P00463,Mini Sunglasses (Green),Accessories,LOC04893,238,10,3293.94,In Stock,2026-08-29
INV04894,P00092,Mini Headphones (Black),Electronics,LOC04894,253,20,279.43,In Stock,2026-08-04
INV04895,P00285,Pro Travel Pouch (Silver),Accessories,LOC04895,195,15,1397.77,In Stock,2026-08-27
INV04896,P00789,Lite Wallet (White),Accessories,LOC04896,229,20,1730.55,In Stock,2026-08-03
INV04897,P00272,Standard Backpack (Grey),Accessories,LOC04897,53,20,2206.69,In Stock,2026-08-12
INV04898,P00291,Lite Wireless Mouse (Silver),Electronics,LOC04898,256,20,801.83,In Stock,2026-08-24
INV04899,P00425,Plus Smart Watch (White),Electronics,LOC04899,146,40,1358.06,In Stock,2026-08-24
INV04900,P00676,Plus Keyboard (Beige),Electronics,LOC04900,293,40,4191.6,In Stock,2026-08-26
INV04901,P00748,Compact Keyboard (Grey),Electronics,LOC04901,285,25,3014.19,In Stock,2026-08-02
INV04902,P00497,Premium Wall Clock (Black),Home,LOC04902,69,25,1026.82,In Stock,2026-08-01
INV04903,P00561,Deluxe Cap (Black),Accessories,LOC04903,227,15,2020.67,In Stock,2026-08-08
INV04904,P00334,Max Keychain (Beige),Accessories,LOC04904,84,40,4101.09,In Stock,2026-08-10
INV04905,P00687,Max Boots (Grey),Footwear,LOC04905,1,25,1477.46,Low Stock,2026-08-23
INV04906,P00693,Classic Hiking Boots (Beige),Footwear,LOC04906,159,10,4238.8,In Stock,2026-08-14
INV04907,P00277,Deluxe Water Bottle (Green),Home,LOC04907,87,10,706.47,In Stock,2026-08-14
INV04908,P00361,Standard Curtain (White),Home,LOC04908,144,15,1829.79,In Stock,2026-08-05
INV04909,P00395,Compact Calculator (Black),Stationery,LOC04909,285,10,4103.55,In Stock,2026-08-07
INV04910,P00441,Lite Travel Pouch (White),Accessories,LOC04910,78,40,1117.33,In Stock,2026-08-27
INV04911,P00262,Mini Sticky Notes (Blue),Stationery,LOC04911,184,10,4227.08,In Stock,2026-08-12
INV04912,P00590,Max Boots (White),Footwear,LOC04912,180,40,4365.59,In Stock,2026-08-09
INV04913,P00644,Pro Keychain (Black),Accessories,LOC04913,72,20,1761.42,In Stock,2026-08-28
INV04914,P00377,Max Curtain (Green),Home,LOC04914,277,25,401.62,In Stock,2026-08-17
INV04915,P00281,Premium Boots (Grey),Footwear,LOC04915,269,40,3514.91,In Stock,2026-08-30
INV04916,P00450,Classic Highlighter Set (Blue),Stationery,LOC04916,241,15,2016.33,In Stock,2026-08-03
INV04917,P00211,Mini Marker Pack (Grey),Stationery,LOC04917,16,20,1002.22,Low Stock,2026-08-23
INV04918,P00634,Compact Wireless Mouse (Grey),Electronics,LOC04918,250,15,3692.19,In Stock,2026-08-17
INV04919,P00255,Compact Umbrella (Black),Accessories,LOC04919,208,15,2310.38,In Stock,2026-08-16
INV04920,P00250,Premium Tablet Stand (White),Electronics,LOC04920,209,15,2290.07,In Stock,2026-08-05
INV04921,P00739,Mini Hiking Boots (Red),Footwear,LOC04921,224,25,4421.23,In Stock,2026-08-10
INV04922,P00344,Premium Power Bank (Beige),Electronics,LOC04922,260,30,2944.11,In Stock,2026-08-28
INV04923,P00300,Premium Tablet Stand (White),Electronics,LOC04923,275,25,3560.27,In Stock,2026-08-15
INV04924,P00771,Premium Sticky Notes (Green),Stationery,LOC04924,298,20,4879.59,In Stock,2026-08-22
INV04925,P00297,Max Door Mat (Green),Home,LOC04925,99,20,1085.14,In Stock,2026-08-26
INV04926,P00501,Lite Highlighter Set (Black),Stationery,LOC04926,253,20,2102.46,In Stock,2026-08-06
INV04927,P00267,Pro Sticky Notes (Silver),Stationery,LOC04927,2,40,1717.64,Low Stock,2026-08-30
INV04928,P00415,Premium Storage Box (Silver),Home,LOC04928,216,40,3265.22,In Stock,2026-08-29
INV04929,P00215,Compact Wall Clock (Silver),Home,LOC04929,16,15,2043.48,In Stock,2026-08-07
INV04930,P00731,Lite Flip Flops (Blue),Footwear,LOC04930,105,40,2468.95,In Stock,2026-08-28
INV04931,P00612,Deluxe USB-C Cable (Red),Electronics,LOC04931,174,10,301.03,In Stock,2026-08-08
INV04932,P00213,Deluxe Keychain (Grey),Accessories,LOC04932,273,30,1077.56,In Stock,2026-08-08
INV04933,P00670,Lite Sandals (Grey),Footwear,LOC04933,49,20,615.46,In Stock,2026-08-17
INV04934,P00413,Pro Webcam (Green),Electronics,LOC04934,276,20,870.85,In Stock,2026-08-27
INV04935,P00434,Classic Belt (Red),Accessories,LOC04935,275,15,4368.39,In Stock,2026-08-02
INV04936,P00228,Standard Highlighter Set (Black),Stationery,LOC04936,270,30,3713.25,In Stock,2026-08-27
INV04937,P00630,Max Storage Box (White),Home,LOC04937,187,40,639.71,In Stock,2026-08-07
INV04938,P00283,Standard Sneakers (Green),Footwear,LOC04938,123,40,2765.47,In Stock,2026-08-19
INV04939,P00097,Max Sticky Notes (Blue),Stationery,LOC04939,248,20,4063.69,In Stock,2026-08-08
INV04940,P00326,Pro Headphones (White),Electronics,LOC04940,43,30,1949.14,In Stock,2026-08-01
INV04941,P00437,Plus Boots (Black),Footwear,LOC04941,256,10,1253.83,In Stock,2026-08-14
INV04942,P00390,Pro Flip Flops (Beige),Footwear,LOC04942,30,20,284.58,In Stock,2026-08-10
INV04943,P00145,Lite Cushion (Beige),Home,LOC04943,89,25,1622.6,In Stock,2026-08-26
INV04944,P00507,Pro Desk Organizer (Blue),Stationery,LOC04944,67,30,612.35,In Stock,2026-08-05
INV04945,P00564,Lite Bed Sheet Set (White),Home,LOC04945,74,40,4811.17,In Stock,2026-08-28
INV04946,P00102,Max Cap (Red),Accessories,LOC04946,172,15,713.33,In Stock,2026-08-02
INV04947,P00062,Max HDMI Cable (Blue),Electronics,LOC04947,148,30,1682.08,In Stock,2026-08-02
INV04948,P00492,Max Umbrella (Blue),Accessories,LOC04948,297,30,185.54,In Stock,2026-08-16
INV04949,P00140,Compact Photo Frame (Silver),Home,LOC04949,268,40,2864.22,In Stock,2026-08-03
INV04950,P00627,Mini Sunglasses (Silver),Accessories,LOC04950,181,25,2700.78,In Stock,2026-08-06
INV04951,P00429,Max Webcam (White),Electronics,LOC04951,25,20,2150.86,In Stock,2026-08-18
INV04952,P00096,Plus Formal Shoes (Beige),Footwear,LOC04952,285,25,4669.99,In Stock,2026-08-30
INV04953,P00117,Deluxe Storage Box (Grey),Home,LOC04953,21,20,2407.12,In Stock,2026-08-15
INV04954,P00201,Premium File Folder (Silver),Stationery,LOC04954,269,10,504.51,In Stock,2026-08-22
INV04955,P00288,Compact Router (Green),Electronics,LOC04955,296,15,3132.69,In Stock,2026-08-01
INV04956,P00618,Plus Cap (Silver),Accessories,LOC04956,13,15,1771.32,Low Stock,2026-08-30
INV04957,P00757,Classic Door Mat (Beige),Home,LOC04957,200,40,3999.85,In Stock,2026-08-06
INV04958,P00494,Max File Folder (Blue),Stationery,LOC04958,90,10,2511.94,In Stock,2026-08-21
INV04959,P00526,Deluxe Bed Sheet Set (Silver),Home,LOC04959,229,20,3608.71,In Stock,2026-08-20
INV04960,P00543,Pro Umbrella (Blue),Accessories,LOC04960,87,30,923.37,In Stock,2026-08-03
INV04961,P00234,Pro File Folder (Red),Stationery,LOC04961,60,30,4701.5,In Stock,2026-08-29
INV04962,P00157,Max Sticky Notes (Blue),Stationery,LOC04962,106,30,2915.99,In Stock,2026-08-06
INV04963,P00687,Max Boots (Grey),Footwear,LOC04963,89,40,1353.02,In Stock,2026-08-25
INV04964,P00115,Standard Photo Frame (Grey),Home,LOC04964,127,20,4757.55,In Stock,2026-08-18
INV04965,P00303,Compact Tablet Stand (Red),Electronics,LOC04965,188,25,3239.33,In Stock,2026-08-10
INV04966,P00519,Classic Stapler (Silver),Stationery,LOC04966,205,30,1867.94,In Stock,2026-08-26
INV04967,P00275,Deluxe Sneakers (Grey),Footwear,LOC04967,279,25,2429.2,In Stock,2026-08-02
INV04968,P00645,Deluxe Sneakers (Silver),Footwear,LOC04968,88,30,3791.25,In Stock,2026-08-24
INV04969,P00222,Plus Laptop Stand (Beige),Electronics,LOC04969,210,25,1285.69,In Stock,2026-08-20
INV04970,P00359,Premium Hiking Boots (Green),Footwear,LOC04970,187,20,1471.7,In Stock,2026-08-21
INV04971,P00345,Premium Curtain (Beige),Home,LOC04971,124,30,1867.26,In Stock,2026-08-18
INV04972,P00014,Max Wireless Mouse (Grey),Electronics,LOC04972,255,40,4848.6,In Stock,2026-08-24
INV04973,P00632,Deluxe Backpack (Silver),Accessories,LOC04973,27,30,665.29,Low Stock,2026-08-24
INV04974,P00149,Classic Desk Organizer (White),Stationery,LOC04974,39,10,3851.83,In Stock,2026-08-26
INV04975,P00602,Plus Bed Sheet Set (Beige),Home,LOC04975,256,40,1044.44,In Stock,2026-08-01
INV04976,P00243,Compact Slippers (Silver),Footwear,LOC04976,191,10,2944.36,In Stock,2026-08-22
INV04977,P00271,Plus Curtain (Grey),Home,LOC04977,59,10,1629.67,In Stock,2026-08-02
INV04978,P00032,Compact Monitor (Grey),Electronics,LOC04978,102,10,1700.69,In Stock,2026-08-30
INV04979,P00008,Mini Cap (Red),Accessories,LOC04979,85,25,366.34,In Stock,2026-08-06
INV04980,P00581,Pro Notebook (Silver),Stationery,LOC04980,39,15,738.22,In Stock,2026-08-13
INV04981,P00396,Mini Keychain (Beige),Accessories,LOC04981,116,25,1956.79,In Stock,2026-08-08
INV04982,P00300,Premium Tablet Stand (White),Electronics,LOC04982,281,10,615.48,In Stock,2026-08-05
INV04983,P00066,Compact Watch Strap (Silver),Accessories,LOC04983,43,25,692.27,In Stock,2026-08-23
INV04984,P00597,Deluxe Scissors (Green),Stationery,LOC04984,162,20,325.39,In Stock,2026-08-15
INV04985,P00781,Pro Curtain (Black),Home,LOC04985,293,10,2813.99,In Stock,2026-08-12
INV04986,P00613,Plus Cushion (Grey),Home,LOC04986,5,40,2123.04,Low Stock,2026-08-01
INV04987,P00452,Classic Curtain (Blue),Home,LOC04987,183,15,4987.95,In Stock,2026-08-06
INV04988,P00374,Pro Cap (White),Accessories,LOC04988,188,30,4017.9,In Stock,2026-08-03
INV04989,P00245,Max Photo Frame (Red),Home,LOC04989,93,20,1274.06,In Stock,2026-08-09
INV04990,P00029,Standard Sandals (White),Footwear,LOC04990,95,15,3937.58,In Stock,2026-08-26
INV04991,P00386,Plus Sticky Notes (White),Stationery,LOC04991,50,25,2128.64,In Stock,2026-08-02
INV04992,P00761,Max Wall Clock (Beige),Home,LOC04992,11,25,2946.49,Low Stock,2026-08-06
INV04993,P00198,Deluxe Sandals (Grey),Footwear,LOC04993,228,20,1507.99,In Stock,2026-08-15
INV04994,P00681,Max Curtain (Green),Home,LOC04994,296,20,2406.01,In Stock,2026-08-02
INV04995,P00511,Mini Wireless Mouse (Green),Electronics,LOC04995,98,20,3594.44,In Stock,2026-08-05
INV04996,P00699,Pro Table Lamp (Blue),Home,LOC04996,252,30,3864.32,In Stock,2026-08-23
INV04997,P00168,Plus Keyboard (Silver),Electronics,LOC04997,62,25,2375.49,In Stock,2026-08-11
INV04998,P00536,Lite Sunglasses (Black),Accessories,LOC04998,268,30,2064.12,In Stock,2026-08-20
INV04999,P00747,Premium Candle Holder (White),Home,LOC04999,127,30,4855.94,In Stock,2026-08-04
INV05000,P00325,Mini Handbag (Silver),Accessories,LOC05000,47,10,895.16,In Stock,2026-08-03
