Order_ID,Product_ID,Product_Name,Category,Required_Quantity,Order_Priority,Order_Date,Requested_By,Order_Status
ORD00001,P00270,Pro Door Mat (Red),Home,3,Medium,2026-07-11 13:25,Customer-18204,Picked
ORD00002,P00374,Pro Cap (White),Accessories,7,Low,2026-07-28 19:03,Customer-13552,Pending
ORD00003,P00689,Premium Curtain (Beige),Home,8,Urgent,2026-07-19 13:24,Customer-17699,Picked
ORD00004,P00095,Plus Backpack (Red),Accessories,1,Low,2026-08-22 04:32,Customer-16591,Cancelled
ORD00005,P00329,Plus Keyboard (Beige),Electronics,6,Urgent,2026-07-29 05:47,Customer-18892,Picked
ORD00006,P00488,Deluxe Loafers (Blue),Footwear,4,Medium,2026-07-01 10:44,Customer-10121,Pending
ORD00007,P00666,Deluxe Pen Set (Green),Stationery,8,Low,2026-07-09 06:16,Customer-11463,Shipped
ORD00008,P00030,Deluxe Candle Holder (Silver),Home,2,High,2026-08-05 05:18,Customer-10602,Pending
ORD00009,P00107,Classic Stapler (White),Stationery,8,High,2026-07-12 10:38,Customer-18720,Picking
ORD00010,P00093,Compact Keychain (Blue),Accessories,2,Low,2026-08-30 11:59,Customer-12659,Pending
ORD00011,P00251,Classic Highlighter Set (Blue),Stationery,8,Low,2026-07-29 22:27,Customer-15859,Shipped
ORD00012,P00266,Premium HDMI Cable (Grey),Electronics,1,Urgent,2026-07-02 02:41,Customer-19334,Pending
ORD00013,P00682,Standard Wall Clock (Green),Home,6,Medium,2026-08-29 03:51,Customer-12127,Shipped
ORD00014,P00741,Deluxe Stapler (Blue),Stationery,8,High,2026-07-06 05:03,Customer-14766,Pending
ORD00015,P00126,Deluxe Candle Holder (Red),Home,5,High,2026-08-08 08:00,Customer-14443,Picking
ORD00016,P00311,Premium Laptop Stand (Green),Electronics,2,Urgent,2026-08-30 03:31,Customer-14152,Shipped
ORD00017,P00325,Mini Handbag (Silver),Accessories,7,Low,2026-07-27 13:06,Customer-12367,Picked
ORD00018,P00771,Premium Sticky Notes (Green),Stationery,3,High,2026-08-18 01:48,Customer-13749,Pending
ORD00019,P00660,Mini Sports Shoes (Beige),Footwear,5,High,2026-08-08 17:21,Customer-11200,Pending
ORD00020,P00433,Premium Charger (Black),Electronics,5,Low,2026-08-16 12:45,Customer-10898,Picking
ORD00021,P00531,Lite Sneakers (Grey),Footwear,6,Urgent,2026-08-24 09:28,Customer-15536,Cancelled
ORD00022,P00153,Standard Wall Clock (Grey),Home,5,Low,2026-07-22 16:03,Customer-16404,Picked
ORD00023,P00151,Standard Power Bank (Green),Electronics,8,Medium,2026-07-06 21:11,Customer-16958,Picked
ORD00024,P00333,Plus Travel Pouch (White),Accessories,4,Urgent,2026-07-18 03:24,Customer-17096,Picked
ORD00025,P00595,Max Flip Flops (Black),Footwear,1,Low,2026-07-29 14:58,Customer-10552,Picked
ORD00026,P00662,Premium Power Bank (Green),Electronics,2,Urgent,2026-07-27 05:07,Customer-13492,Shipped
ORD00027,P00669,Mini Calculator (Beige),Stationery,4,Medium,2026-07-10 11:41,Customer-16967,Picking
ORD00028,P00648,Max Backpack (Blue),Accessories,1,Low,2026-07-10 13:46,Customer-18901,Cancelled
ORD00029,P00701,Premium Flip Flops (Green),Footwear,8,Low,2026-07-05 03:25,Customer-19447,Picked
ORD00030,P00464,Pro Marker Pack (Red),Stationery,1,Urgent,2026-08-04 04:49,Customer-19132,Cancelled
ORD00031,P00233,Compact Boots (Black),Footwear,5,Urgent,2026-07-02 05:54,Customer-15287,Picked
ORD00032,P00655,Lite Backpack (Silver),Accessories,8,Medium,2026-07-26 19:16,Customer-18164,Picking
ORD00033,P00244,Compact Handbag (Beige),Accessories,4,Medium,2026-07-25 08:17,Customer-19973,Shipped
ORD00034,P00255,Compact Umbrella (Black),Accessories,8,Urgent,2026-08-09 07:45,Customer-11536,Shipped
ORD00035,P00515,Deluxe Stapler (Green),Stationery,3,Medium,2026-08-02 18:58,Customer-13955,Pending
ORD00036,P00682,Standard Wall Clock (Green),Home,6,Urgent,2026-08-14 00:37,Customer-14163,Pending
ORD00037,P00578,Standard Backpack (Grey),Accessories,8,Urgent,2026-07-20 12:04,Customer-11353,Pending
ORD00038,P00531,Lite Sneakers (Grey),Footwear,7,Low,2026-07-30 19:22,Customer-14401,Pending
ORD00039,P00756,Pro Water Bottle (Blue),Home,6,High,2026-08-26 10:44,Customer-19251,Pending
ORD00040,P00336,Classic Stapler (Blue),Stationery,6,Urgent,2026-08-29 19:40,Customer-19813,Picked
ORD00041,P00495,Plus Keychain (Red),Accessories,3,Urgent,2026-08-21 22:18,Customer-18693,Picked
ORD00042,P00458,Premium Cap (Red),Accessories,7,Low,2026-07-14 22:55,Customer-18279,Pending
ORD00043,P00407,Mini Wallet (Grey),Accessories,3,Medium,2026-07-19 16:53,Customer-11260,Shipped
ORD00044,P00651,Standard Scissors (Blue),Stationery,2,Medium,2026-07-09 15:12,Customer-14413,Pending
ORD00045,P00707,Standard Cushion (Blue),Home,7,High,2026-08-27 21:55,Customer-17994,Cancelled
ORD00046,P00662,Premium Power Bank (Green),Electronics,1,Urgent,2026-08-25 15:39,Customer-16451,Cancelled
ORD00047,P00207,Lite Highlighter Set (Black),Stationery,2,High,2026-07-09 02:29,Customer-11929,Shipped
ORD00048,P00597,Deluxe Scissors (Green),Stationery,3,High,2026-07-31 05:46,Customer-12624,Picking
ORD00049,P00248,Premium Storage Box (Black),Home,3,Medium,2026-07-08 09:37,Customer-16392,Shipped
ORD00050,P00511,Mini Wireless Mouse (Green),Electronics,6,Urgent,2026-07-13 11:17,Customer-13509,Cancelled
ORD00051,P00353,Standard Sandals (Red),Footwear,2,Low,2026-08-09 00:59,Customer-12864,Shipped
ORD00052,P00717,Deluxe Keychain (White),Accessories,5,Urgent,2026-07-11 13:41,Customer-13104,Picked
ORD00053,P00179,Premium Marker Pack (Silver),Stationery,8,High,2026-08-15 05:17,Customer-12358,Picking
ORD00054,P00324,Standard Webcam (Green),Electronics,8,High,2026-08-29 05:09,Customer-18029,Picked
ORD00055,P00185,Max Formal Shoes (Green),Footwear,5,High,2026-07-10 05:08,Customer-10194,Cancelled
ORD00056,P00259,Plus Wireless Mouse (Black),Electronics,1,Low,2026-07-17 20:26,Customer-19730,Picking
ORD00057,P00493,Lite Wireless Mouse (Beige),Electronics,2,Medium,2026-07-24 17:57,Customer-18326,Shipped
ORD00058,P00068,Compact Router (Black),Electronics,5,High,2026-08-26 05:11,Customer-15609,Pending
ORD00059,P00679,Premium Marker Pack (Green),Stationery,3,Medium,2026-07-30 23:20,Customer-13706,Pending
ORD00060,P00785,Max Power Bank (Black),Electronics,6,Medium,2026-08-22 07:24,Customer-18968,Shipped
ORD00061,P00507,Pro Desk Organizer (Blue),Stationery,4,Low,2026-08-25 07:44,Customer-14839,Picking
ORD00062,P00501,Lite Highlighter Set (Black),Stationery,8,Medium,2026-07-20 04:37,Customer-17435,Picking
ORD00063,P00228,Standard Highlighter Set (Black),Stationery,2,Low,2026-08-17 09:12,Customer-11170,Picking
ORD00064,P00597,Deluxe Scissors (Green),Stationery,2,High,2026-07-14 12:35,Customer-15253,Pending
ORD00065,P00105,Standard Travel Pouch (Green),Accessories,2,High,2026-08-30 01:08,Customer-13399,Pending
ORD00066,P00110,Max Curtain (Grey),Home,8,Medium,2026-07-03 16:11,Customer-13075,Picked
ORD00067,P00784,Classic Table Lamp (White),Home,3,Medium,2026-07-05 00:53,Customer-16635,Cancelled
ORD00068,P00286,Deluxe Cap (Beige),Accessories,5,Urgent,2026-08-17 19:28,Customer-12793,Picking
ORD00069,P00143,Plus Water Bottle (Grey),Home,3,High,2026-07-12 11:28,Customer-12787,Pending
ORD00070,P00572,Mini Calculator (Blue),Stationery,4,Medium,2026-08-14 01:31,Customer-17774,Pending
ORD00071,P00787,Standard File Folder (Beige),Stationery,5,High,2026-08-22 09:14,Customer-19580,Pending
ORD00072,P00255,Compact Umbrella (Black),Accessories,1,Medium,2026-08-13 16:39,Customer-19205,Shipped
ORD00073,P00532,Lite Boots (Red),Footwear,8,High,2026-07-19 16:03,Customer-12029,Picking
ORD00074,P00115,Standard Photo Frame (Grey),Home,3,High,2026-08-08 14:47,Customer-16156,Pending
ORD00075,P00529,Premium Sunglasses (Green),Accessories,4,Low,2026-07-01 14:15,Customer-11107,Picked
ORD00076,P00110,Max Curtain (Grey),Home,4,Urgent,2026-08-26 20:26,Customer-17358,Cancelled
ORD00077,P00309,Lite Bluetooth Speaker (Black),Electronics,4,Urgent,2026-07-25 13:43,Customer-13233,Shipped
ORD00078,P00654,Deluxe Keychain (Beige),Accessories,8,High,2026-07-26 07:58,Customer-18908,Pending
ORD00079,P00099,Max Watch Strap (Grey),Accessories,4,Low,2026-07-21 07:52,Customer-11002,Picked
ORD00080,P00589,Premium Sneakers (Green),Footwear,7,High,2026-07-25 06:21,Customer-15016,Picked
ORD00081,P00321,Pro Earbuds (Red),Electronics,1,Low,2026-07-29 02:07,Customer-17999,Pending
ORD00082,P00016,Premium Wall Clock (Green),Home,4,Medium,2026-07-30 04:57,Customer-15274,Cancelled
ORD00083,P00532,Lite Boots (Red),Footwear,4,Medium,2026-07-12 20:21,Customer-19040,Pending
ORD00084,P00684,Mini Calculator (Black),Stationery,1,High,2026-07-12 07:34,Customer-19251,Picking
ORD00085,P00530,Lite Scissors (Silver),Stationery,1,High,2026-07-30 07:26,Customer-18764,Picked
ORD00086,P00504,Deluxe Water Bottle (Red),Home,3,Medium,2026-08-13 19:17,Customer-18445,Shipped
ORD00087,P00754,Mini Desk Organizer (Silver),Stationery,4,Low,2026-08-02 05:33,Customer-11149,Picked
ORD00088,P00437,Plus Boots (Black),Footwear,2,Medium,2026-07-27 19:58,Customer-13847,Picking
ORD00089,P00762,Pro Charger (Black),Electronics,8,Urgent,2026-07-04 00:47,Customer-16247,Shipped
ORD00090,P00427,Classic Door Mat (Beige),Home,1,Low,2026-08-14 21:53,Customer-13492,Picking
ORD00091,P00093,Compact Keychain (Blue),Accessories,2,Low,2026-07-10 02:10,Customer-11528,Pending
ORD00092,P00605,Mini Boots (Silver),Footwear,6,High,2026-07-31 06:06,Customer-10418,Cancelled
ORD00093,P00251,Classic Highlighter Set (Blue),Stationery,4,Urgent,2026-08-14 14:35,Customer-13118,Picked
ORD00094,P00702,Premium Table Lamp (Silver),Home,4,Low,2026-07-06 04:40,Customer-18075,Cancelled
ORD00095,P00080,Max Smart Watch (Grey),Electronics,1,High,2026-08-12 11:06,Customer-17956,Cancelled
ORD00096,P00647,Classic Desk Organizer (Blue),Stationery,4,Urgent,2026-08-29 08:36,Customer-16785,Pending
ORD00097,P00552,Premium Flip Flops (Grey),Footwear,3,Urgent,2026-08-22 20:34,Customer-10238,Picked
ORD00098,P00380,Mini Smart Watch (Black),Electronics,3,Urgent,2026-08-17 02:11,Customer-17812,Picking
ORD00099,P00099,Max Watch Strap (Grey),Accessories,3,Medium,2026-08-05 14:29,Customer-17352,Picked
ORD00100,P00131,Premium Storage Box (Green),Home,7,Medium,2026-07-28 04:12,Customer-17834,Picking
ORD00101,P00151,Standard Power Bank (Green),Electronics,6,Urgent,2026-08-02 18:50,Customer-16956,Picked
ORD00102,P00138,Max Sandals (Beige),Footwear,1,Medium,2026-08-22 09:16,Customer-13585,Shipped
ORD00103,P00452,Classic Curtain (Blue),Home,2,High,2026-08-26 19:44,Customer-10396,Shipped
ORD00104,P00163,Deluxe Formal Shoes (Red),Footwear,6,Low,2026-07-04 02:43,Customer-18990,Cancelled
ORD00105,P00024,Premium Candle Holder (Blue),Home,6,Medium,2026-07-22 07:31,Customer-10183,Cancelled
ORD00106,P00102,Max Cap (Red),Accessories,7,Medium,2026-08-21 17:37,Customer-14549,Picked
ORD00107,P00446,Premium Photo Frame (Black),Home,8,Urgent,2026-07-30 17:33,Customer-17327,Picked
ORD00108,P00302,Mini Belt (Red),Accessories,1,Medium,2026-07-17 21:07,Customer-14264,Pending
ORD00109,P00652,Plus Smart Watch (Black),Electronics,2,Medium,2026-08-02 21:50,Customer-15338,Shipped
ORD00110,P00496,Compact Slippers (Silver),Footwear,1,High,2026-07-26 12:59,Customer-10794,Pending
ORD00111,P00747,Premium Candle Holder (White),Home,8,Medium,2026-08-05 19:44,Customer-19853,Cancelled
ORD00112,P00696,Standard Photo Frame (Silver),Home,1,Urgent,2026-07-23 02:15,Customer-11172,Picking
ORD00113,P00264,Mini Curtain (Red),Home,2,Medium,2026-08-27 03:10,Customer-10545,Picked
ORD00114,P00756,Pro Water Bottle (Blue),Home,1,Low,2026-08-27 06:23,Customer-17843,Pending
ORD00115,P00585,Plus Sticky Notes (White),Stationery,5,Medium,2026-07-07 13:38,Customer-17100,Picked
ORD00116,P00317,Deluxe Webcam (Blue),Electronics,5,Urgent,2026-08-17 06:05,Customer-10803,Pending
ORD00117,P00042,Mini Sticky Notes (Silver),Stationery,1,Urgent,2026-07-27 17:48,Customer-14798,Shipped
ORD00118,P00261,Compact Sneakers (Beige),Footwear,5,Low,2026-08-02 15:46,Customer-16308,Cancelled
ORD00119,P00217,Deluxe Photo Frame (Grey),Home,8,Medium,2026-07-27 21:56,Customer-12791,Picked
ORD00120,P00417,Mini Belt (Beige),Accessories,5,High,2026-07-02 17:20,Customer-14620,Shipped
ORD00121,P00436,Lite Highlighter Set (Black),Stationery,6,Low,2026-07-13 05:55,Customer-16914,Pending
ORD00122,P00086,Deluxe Cap (Red),Accessories,1,Low,2026-07-18 12:20,Customer-19870,Picked
ORD00123,P00757,Classic Door Mat (Beige),Home,2,Urgent,2026-07-08 04:50,Customer-12795,Pending
ORD00124,P00394,Lite Formal Shoes (White),Footwear,3,Medium,2026-08-02 02:55,Customer-10981,Cancelled
ORD00125,P00692,Max Earbuds (Green),Electronics,6,Medium,2026-07-11 16:41,Customer-19857,Pending
ORD00126,P00316,Premium Laptop Stand (White),Electronics,2,Medium,2026-07-22 20:51,Customer-10352,Shipped
ORD00127,P00073,Deluxe HDMI Cable (Red),Electronics,5,Urgent,2026-08-15 06:16,Customer-17091,Picked
ORD00128,P00493,Lite Wireless Mouse (Beige),Electronics,7,High,2026-08-14 01:44,Customer-11663,Pending
ORD00129,P00708,Standard Sports Shoes (Black),Footwear,3,High,2026-07-21 19:36,Customer-11992,Cancelled
ORD00130,P00470,Pro Loafers (Silver),Footwear,8,Urgent,2026-08-06 14:11,Customer-12656,Picked
ORD00131,P00315,Standard Laptop Stand (Beige),Electronics,2,Low,2026-08-04 04:50,Customer-18354,Picked
ORD00132,P00300,Premium Tablet Stand (White),Electronics,7,Low,2026-07-26 07:26,Customer-14634,Picked
ORD00133,P00780,Pro Candle Holder (Red),Home,3,Medium,2026-08-28 14:02,Customer-15051,Pending
ORD00134,P00681,Max Curtain (Green),Home,4,High,2026-08-19 08:32,Customer-18331,Pending
ORD00135,P00091,Compact File Folder (Black),Stationery,8,High,2026-07-23 00:49,Customer-14454,Picked
ORD00136,P00786,Standard Earbuds (Grey),Electronics,3,Low,2026-08-14 21:13,Customer-15318,Cancelled
ORD00137,P00095,Plus Backpack (Red),Accessories,5,Medium,2026-07-25 05:25,Customer-10327,Pending
ORD00138,P00589,Premium Sneakers (Green),Footwear,5,Low,2026-08-30 02:59,Customer-15566,Cancelled
ORD00139,P00262,Mini Sticky Notes (Blue),Stationery,4,High,2026-08-06 21:07,Customer-14738,Cancelled
ORD00140,P00760,Mini Webcam (Black),Electronics,8,Urgent,2026-08-15 19:07,Customer-17808,Picking
ORD00141,P00490,Compact Loafers (White),Footwear,8,Low,2026-08-06 03:54,Customer-14172,Cancelled
ORD00142,P00482,Deluxe Monitor (Grey),Electronics,8,Urgent,2026-07-19 17:31,Customer-15269,Picking
ORD00143,P00281,Premium Boots (Grey),Footwear,6,Urgent,2026-07-14 11:20,Customer-19222,Pending
ORD00144,P00551,Premium Cap (Silver),Accessories,2,Low,2026-08-11 09:02,Customer-12077,Cancelled
ORD00145,P00586,Standard Flip Flops (Blue),Footwear,5,Low,2026-08-10 15:06,Customer-17130,Shipped
ORD00146,P00443,Plus Stapler (White),Stationery,7,Urgent,2026-08-08 16:39,Customer-11337,Cancelled
ORD00147,P00124,Mini Sneakers (Black),Footwear,4,Medium,2026-08-24 17:45,Customer-12681,Shipped
ORD00148,P00260,Plus Handbag (Beige),Accessories,6,High,2026-07-12 11:38,Customer-11855,Shipped
ORD00149,P00446,Premium Photo Frame (Black),Home,8,Urgent,2026-08-22 17:39,Customer-18699,Picked
ORD00150,P00431,Plus Travel Pouch (Blue),Accessories,6,Urgent,2026-08-10 17:34,Customer-10428,Picked
ORD00151,P00669,Mini Calculator (Beige),Stationery,4,Low,2026-08-09 16:36,Customer-17945,Pending
ORD00152,P00678,Lite Sticky Notes (Green),Stationery,5,Low,2026-07-28 13:56,Customer-17822,Shipped
ORD00153,P00114,Lite Charger (Grey),Electronics,1,Medium,2026-07-25 17:31,Customer-17377,Shipped
ORD00154,P00057,Max USB-C Cable (Red),Electronics,6,Urgent,2026-07-13 06:24,Customer-11401,Picked
ORD00155,P00378,Compact Highlighter Set (Blue),Stationery,5,Medium,2026-07-26 16:15,Customer-10586,Cancelled
ORD00156,P00709,Premium Marker Pack (Beige),Stationery,6,Low,2026-08-26 16:56,Customer-15304,Picking
ORD00157,P00380,Mini Smart Watch (Black),Electronics,4,Low,2026-08-05 10:45,Customer-14232,Picked
ORD00158,P00765,Plus Wireless Mouse (White),Electronics,5,Medium,2026-08-20 00:33,Customer-15515,Picked
ORD00159,P00727,Premium Calculator (Beige),Stationery,8,Low,2026-08-30 21:40,Customer-16717,Picking
ORD00160,P00248,Premium Storage Box (Black),Home,5,High,2026-07-31 18:56,Customer-10052,Picked
ORD00161,P00028,Classic Earbuds (White),Electronics,6,High,2026-08-21 10:54,Customer-10161,Shipped
ORD00162,P00165,Plus Notebook (Beige),Stationery,8,High,2026-08-12 19:39,Customer-18650,Picking
ORD00163,P00487,Premium Candle Holder (Silver),Home,6,Low,2026-08-05 09:56,Customer-10986,Cancelled
ORD00164,P00596,Lite Flip Flops (Red),Footwear,3,Low,2026-07-25 19:43,Customer-16604,Pending
ORD00165,P00241,Classic Stapler (Grey),Stationery,7,Urgent,2026-08-07 07:06,Customer-13070,Shipped
ORD00166,P00446,Premium Photo Frame (Black),Home,5,High,2026-07-28 20:58,Customer-19831,Picked
ORD00167,P00202,Standard Keychain (Grey),Accessories,1,Urgent,2026-08-02 19:12,Customer-17896,Cancelled
ORD00168,P00408,Mini Bed Sheet Set (Beige),Home,7,Medium,2026-07-10 08:09,Customer-13668,Shipped
ORD00169,P00508,Plus Keyboard (Green),Electronics,5,High,2026-08-12 12:15,Customer-14557,Shipped
ORD00170,P00109,Compact Curtain (White),Home,5,Urgent,2026-08-08 05:40,Customer-19607,Pending
ORD00171,P00399,Deluxe Slippers (Grey),Footwear,7,Medium,2026-07-18 13:42,Customer-10355,Shipped
ORD00172,P00178,Standard USB-C Cable (Silver),Electronics,3,Medium,2026-08-01 05:31,Customer-10591,Pending
ORD00173,P00398,Standard Water Bottle (Green),Home,2,Medium,2026-08-25 04:47,Customer-16997,Cancelled
ORD00174,P00488,Deluxe Loafers (Blue),Footwear,1,Low,2026-08-18 06:09,Customer-18349,Picking
ORD00175,P00214,Premium Table Lamp (Grey),Home,8,Urgent,2026-07-05 20:48,Customer-10346,Cancelled
ORD00176,P00065,Lite Keyboard (Silver),Electronics,4,Medium,2026-07-18 21:38,Customer-19494,Pending
ORD00177,P00145,Lite Cushion (Beige),Home,8,Medium,2026-07-19 23:28,Customer-13796,Picking
ORD00178,P00443,Plus Stapler (White),Stationery,3,Medium,2026-08-22 06:23,Customer-14610,Pending
ORD00179,P00566,Premium Sandals (Blue),Footwear,2,Low,2026-07-01 08:15,Customer-19457,Picked
ORD00180,P00626,Premium Door Mat (Blue),Home,2,Urgent,2026-08-25 19:29,Customer-12859,Cancelled
ORD00181,P00308,Max Webcam (Green),Electronics,5,Urgent,2026-08-08 06:39,Customer-14051,Pending
ORD00182,P00110,Max Curtain (Grey),Home,3,Low,2026-08-19 08:53,Customer-19823,Pending
ORD00183,P00270,Pro Door Mat (Red),Home,6,Medium,2026-08-09 13:29,Customer-11571,Pending
ORD00184,P00670,Lite Sandals (Grey),Footwear,1,High,2026-07-14 04:56,Customer-13776,Cancelled
ORD00185,P00768,Plus Webcam (Grey),Electronics,6,Low,2026-07-06 10:06,Customer-17081,Shipped
ORD00186,P00662,Premium Power Bank (Green),Electronics,5,High,2026-08-22 18:17,Customer-13552,Cancelled
ORD00187,P00298,Plus Monitor (Green),Electronics,4,Low,2026-07-18 04:37,Customer-15853,Picked
ORD00188,P00163,Deluxe Formal Shoes (Red),Footwear,5,Low,2026-08-18 05:35,Customer-13970,Shipped
ORD00189,P00737,Pro Laptop Stand (Red),Electronics,4,Medium,2026-08-13 15:08,Customer-19009,Picked
ORD00190,P00055,Premium Candle Holder (Black),Home,1,High,2026-07-23 04:14,Customer-17349,Shipped
ORD00191,P00140,Compact Photo Frame (Silver),Home,8,High,2026-07-08 05:16,Customer-11222,Shipped
ORD00192,P00163,Deluxe Formal Shoes (Red),Footwear,1,Medium,2026-08-02 13:31,Customer-15775,Picking
ORD00193,P00162,Standard Keychain (Beige),Accessories,8,High,2026-08-08 15:22,Customer-14553,Picked
ORD00194,P00692,Max Earbuds (Green),Electronics,4,Low,2026-08-16 12:21,Customer-12352,Shipped
ORD00195,P00572,Mini Calculator (Blue),Stationery,8,High,2026-08-11 23:52,Customer-18359,Cancelled
ORD00196,P00584,Standard Candle Holder (White),Home,2,High,2026-07-25 10:19,Customer-18627,Shipped
ORD00197,P00454,Mini Router (Green),Electronics,8,Low,2026-07-16 02:04,Customer-14212,Shipped
ORD00198,P00552,Premium Flip Flops (Grey),Footwear,2,Urgent,2026-08-04 21:52,Customer-14826,Pending
ORD00199,P00454,Mini Router (Green),Electronics,3,Low,2026-08-04 12:48,Customer-16240,Picked
ORD00200,P00188,Deluxe Calculator (Grey),Stationery,2,Medium,2026-07-26 15:22,Customer-17963,Picking
ORD00201,P00077,Mini Watch Strap (Grey),Accessories,1,High,2026-08-30 14:17,Customer-10299,Picked
ORD00202,P00021,Max Backpack (Black),Accessories,2,Urgent,2026-07-25 00:26,Customer-17539,Pending
ORD00203,P00581,Pro Notebook (Silver),Stationery,3,Medium,2026-07-07 06:52,Customer-14085,Picking
ORD00204,P00468,Standard Power Bank (Silver),Electronics,3,Low,2026-07-06 02:50,Customer-15970,Shipped
ORD00205,P00542,Pro Running Shoes (Beige),Footwear,5,Low,2026-07-10 01:46,Customer-13637,Picked
ORD00206,P00326,Pro Headphones (White),Electronics,2,High,2026-07-03 17:27,Customer-16062,Picking
ORD00207,P00065,Lite Keyboard (Silver),Electronics,2,Urgent,2026-08-30 05:33,Customer-11864,Picked
ORD00208,P00524,Premium Running Shoes (Green),Footwear,6,Low,2026-07-28 12:02,Customer-17256,Picking
ORD00209,P00094,Classic Storage Box (Grey),Home,8,Urgent,2026-07-20 22:11,Customer-10758,Pending
ORD00210,P00681,Max Curtain (Green),Home,5,High,2026-08-11 23:26,Customer-11511,Shipped
ORD00211,P00369,Plus Desk Organizer (Green),Stationery,1,Low,2026-08-07 18:15,Customer-13821,Pending
ORD00212,P00190,Mini Loafers (Grey),Footwear,8,High,2026-07-10 10:26,Customer-17424,Picking
ORD00213,P00242,Deluxe Keychain (Silver),Accessories,8,Urgent,2026-08-24 05:01,Customer-11366,Pending
ORD00214,P00101,Max Cushion (Silver),Home,5,High,2026-08-30 02:56,Customer-16778,Picking
ORD00215,P00079,Deluxe Curtain (White),Home,3,High,2026-08-20 04:59,Customer-14277,Pending
ORD00216,P00001,Lite Wireless Mouse (Red),Electronics,2,High,2026-08-07 20:36,Customer-18588,Shipped
ORD00217,P00343,Mini Bluetooth Speaker (Black),Electronics,7,Low,2026-07-25 13:39,Customer-10868,Picking
ORD00218,P00666,Deluxe Pen Set (Green),Stationery,2,Medium,2026-07-29 11:57,Customer-14088,Picked
ORD00219,P00556,Standard Hiking Boots (Beige),Footwear,5,Low,2026-07-04 18:29,Customer-11367,Pending
ORD00220,P00571,Compact Tablet Stand (Red),Electronics,1,Medium,2026-07-03 19:35,Customer-15553,Pending
ORD00221,P00085,Pro Wallet (Blue),Accessories,4,Urgent,2026-07-29 17:56,Customer-11843,Cancelled
ORD00222,P00336,Classic Stapler (Blue),Stationery,7,Urgent,2026-08-25 15:17,Customer-12475,Shipped
ORD00223,P00416,Pro Notebook (Black),Stationery,4,Medium,2026-08-24 15:38,Customer-18100,Shipped
ORD00224,P00622,Compact Power Bank (Beige),Electronics,7,Urgent,2026-08-09 18:41,Customer-15363,Picked
ORD00225,P00515,Deluxe Stapler (Green),Stationery,7,High,2026-07-31 05:53,Customer-15190,Shipped
ORD00226,P00359,Premium Hiking Boots (Green),Footwear,5,High,2026-07-01 17:58,Customer-12940,Picked
ORD00227,P00411,Plus Bed Sheet Set (Red),Home,1,Low,2026-07-24 18:01,Customer-19677,Picked
ORD00228,P00679,Premium Marker Pack (Green),Stationery,7,Urgent,2026-08-15 12:46,Customer-18061,Picked
ORD00229,P00265,Premium Wall Clock (Grey),Home,3,Low,2026-07-10 15:19,Customer-18175,Pending
ORD00230,P00119,Standard Belt (Green),Accessories,2,Low,2026-07-28 07:35,Customer-10909,Picked
ORD00231,P00570,Pro Scissors (White),Stationery,2,Low,2026-07-02 22:00,Customer-15411,Picked
ORD00232,P00502,Mini Keyboard (Grey),Electronics,3,Low,2026-07-04 19:50,Customer-18059,Cancelled
ORD00233,P00391,Classic Scissors (Green),Stationery,1,Medium,2026-07-30 16:22,Customer-14437,Picked
ORD00234,P00094,Classic Storage Box (Grey),Home,5,High,2026-07-28 05:10,Customer-14269,Picking
ORD00235,P00767,Pro Sports Shoes (White),Footwear,8,Urgent,2026-08-06 19:26,Customer-18684,Cancelled
ORD00236,P00063,Premium Door Mat (Red),Home,1,Urgent,2026-08-01 13:02,Customer-15380,Pending
ORD00237,P00233,Compact Boots (Black),Footwear,7,High,2026-08-09 21:22,Customer-16729,Cancelled
ORD00238,P00259,Plus Wireless Mouse (Black),Electronics,8,Urgent,2026-08-26 04:46,Customer-14805,Picking
ORD00239,P00261,Compact Sneakers (Beige),Footwear,7,Urgent,2026-07-06 17:07,Customer-14830,Picking
ORD00240,P00006,Deluxe Slippers (Grey),Footwear,7,Urgent,2026-08-10 12:44,Customer-17194,Pending
ORD00241,P00046,Max USB-C Cable (White),Electronics,2,Medium,2026-08-09 01:32,Customer-13603,Shipped
ORD00242,P00369,Plus Desk Organizer (Green),Stationery,8,High,2026-08-22 11:59,Customer-13696,Cancelled
ORD00243,P00767,Pro Sports Shoes (White),Footwear,8,Low,2026-08-29 05:09,Customer-16735,Pending
ORD00244,P00700,Plus Cap (Silver),Accessories,6,Medium,2026-07-05 07:29,Customer-11990,Shipped
ORD00245,P00086,Deluxe Cap (Red),Accessories,1,Urgent,2026-07-30 08:23,Customer-18098,Shipped
ORD00246,P00015,Max Tablet Stand (White),Electronics,8,Medium,2026-07-08 07:28,Customer-11816,Cancelled
ORD00247,P00007,Mini Earbuds (Beige),Electronics,8,Low,2026-07-01 11:53,Customer-19070,Picked
ORD00248,P00184,Lite Wall Clock (Grey),Home,5,Medium,2026-08-16 03:20,Customer-15940,Shipped
ORD00249,P00448,Standard Headphones (Green),Electronics,7,Low,2026-07-10 08:14,Customer-17900,Pending
ORD00250,P00444,Lite Webcam (Grey),Electronics,8,High,2026-08-08 22:41,Customer-11512,Cancelled
ORD00251,P00744,Mini Power Bank (Blue),Electronics,3,High,2026-07-15 12:02,Customer-14905,Cancelled
ORD00252,P00121,Mini Highlighter Set (White),Stationery,4,Urgent,2026-07-24 13:40,Customer-19697,Picking
ORD00253,P00114,Lite Charger (Grey),Electronics,3,Low,2026-08-02 23:37,Customer-12895,Picked
ORD00254,P00638,Standard Cap (White),Accessories,4,High,2026-08-14 04:06,Customer-16927,Shipped
ORD00255,P00288,Compact Router (Green),Electronics,2,High,2026-07-05 22:48,Customer-10736,Picked
ORD00256,P00608,Max Boots (Green),Footwear,5,Medium,2026-08-23 03:45,Customer-17623,Shipped
ORD00257,P00606,Standard Smart Watch (Beige),Electronics,1,Urgent,2026-08-18 13:14,Customer-12889,Picking
ORD00258,P00351,Lite Boots (Green),Footwear,3,Urgent,2026-08-06 20:44,Customer-18718,Picking
ORD00259,P00425,Plus Smart Watch (White),Electronics,1,Urgent,2026-07-09 17:47,Customer-12436,Picked
ORD00260,P00503,Plus Watch Strap (Black),Accessories,1,Urgent,2026-08-29 21:48,Customer-16609,Picking
ORD00261,P00735,Max Table Lamp (Grey),Home,7,High,2026-07-05 07:15,Customer-17498,Pending
ORD00262,P00232,Classic Table Lamp (Red),Home,6,Medium,2026-08-03 19:54,Customer-11730,Picked
ORD00263,P00127,Standard Door Mat (Red),Home,8,Low,2026-08-05 15:04,Customer-11259,Shipped
ORD00264,P00723,Premium Sticky Notes (Grey),Stationery,3,Low,2026-08-07 14:58,Customer-15688,Cancelled
ORD00265,P00407,Mini Wallet (Grey),Accessories,7,Urgent,2026-07-18 13:18,Customer-12175,Picked
ORD00266,P00250,Premium Tablet Stand (White),Electronics,8,High,2026-08-04 04:45,Customer-12364,Pending
ORD00267,P00634,Compact Wireless Mouse (Grey),Electronics,3,Medium,2026-07-14 11:41,Customer-14520,Picked
ORD00268,P00048,Classic Marker Pack (White),Stationery,1,Low,2026-08-20 00:34,Customer-14394,Pending
ORD00269,P00628,Classic Flip Flops (Black),Footwear,8,High,2026-08-09 23:25,Customer-19156,Shipped
ORD00270,P00100,Standard Formal Shoes (Black),Footwear,4,Medium,2026-08-18 18:30,Customer-11921,Pending
ORD00271,P00053,Max Candle Holder (White),Home,1,Low,2026-08-28 05:29,Customer-16381,Picked
ORD00272,P00553,Plus Formal Shoes (Blue),Footwear,5,High,2026-07-27 15:47,Customer-19233,Picking
ORD00273,P00028,Classic Earbuds (White),Electronics,5,Low,2026-07-01 12:42,Customer-11015,Picking
ORD00274,P00719,Mini Wallet (Green),Accessories,7,Urgent,2026-07-29 12:09,Customer-18743,Cancelled
ORD00275,P00714,Plus Bed Sheet Set (Beige),Home,8,Urgent,2026-08-27 05:27,Customer-16288,Picked
ORD00276,P00579,Max Charger (White),Electronics,8,Medium,2026-07-23 07:09,Customer-10087,Picked
ORD00277,P00290,Pro Watch Strap (Blue),Accessories,1,Medium,2026-08-12 13:13,Customer-19084,Picking
ORD00278,P00060,Compact Laptop Stand (White),Electronics,8,Urgent,2026-07-24 22:06,Customer-12072,Shipped
ORD00279,P00671,Mini Umbrella (White),Accessories,1,High,2026-08-18 05:17,Customer-17462,Shipped
ORD00280,P00270,Pro Door Mat (Red),Home,2,High,2026-08-03 12:37,Customer-10071,Pending
ORD00281,P00329,Plus Keyboard (Beige),Electronics,1,Urgent,2026-08-27 09:31,Customer-18936,Picked
ORD00282,P00503,Plus Watch Strap (Black),Accessories,5,Low,2026-07-30 21:24,Customer-13436,Cancelled
ORD00283,P00521,Premium Router (Blue),Electronics,5,High,2026-07-01 00:31,Customer-17941,Picked
ORD00284,P00025,Max Sunglasses (Grey),Accessories,3,High,2026-08-04 20:15,Customer-18214,Picked
ORD00285,P00003,Classic File Folder (Black),Stationery,3,Medium,2026-08-10 10:50,Customer-15156,Picking
ORD00286,P00189,Max Tablet Stand (Grey),Electronics,6,High,2026-07-02 04:43,Customer-18785,Picked
ORD00287,P00075,Deluxe Curtain (Green),Home,6,Urgent,2026-07-30 02:10,Customer-11918,Picking
ORD00288,P00338,Mini Bluetooth Speaker (Beige),Electronics,5,Low,2026-07-15 06:58,Customer-11320,Pending
ORD00289,P00449,Classic Sticky Notes (Blue),Stationery,8,Medium,2026-08-20 07:44,Customer-10220,Picked
ORD00290,P00126,Deluxe Candle Holder (Red),Home,2,Medium,2026-07-19 22:57,Customer-11438,Cancelled
ORD00291,P00026,Deluxe File Folder (Beige),Stationery,2,Medium,2026-08-02 15:56,Customer-11668,Picking
ORD00292,P00023,Plus Hiking Boots (Red),Footwear,8,Medium,2026-07-01 07:04,Customer-10683,Picked
ORD00293,P00753,Lite Handbag (Green),Accessories,2,Medium,2026-08-04 00:19,Customer-17009,Cancelled
ORD00294,P00619,Premium Table Lamp (Green),Home,4,High,2026-07-20 08:57,Customer-17746,Shipped
ORD00295,P00717,Deluxe Keychain (White),Accessories,3,Low,2026-08-26 21:15,Customer-19203,Cancelled
ORD00296,P00598,Mini Boots (Red),Footwear,8,High,2026-07-25 03:24,Customer-18371,Shipped
ORD00297,P00627,Mini Sunglasses (Silver),Accessories,1,High,2026-07-19 11:36,Customer-16056,Picking
ORD00298,P00209,Max Monitor (Grey),Electronics,1,Low,2026-08-24 20:41,Customer-10839,Picked
ORD00299,P00423,Classic Watch Strap (Green),Accessories,7,Urgent,2026-07-19 02:03,Customer-17191,Pending
ORD00300,P00153,Standard Wall Clock (Grey),Home,2,High,2026-07-28 11:00,Customer-17818,Picking
ORD00301,P00625,Plus Bed Sheet Set (Grey),Home,2,High,2026-07-28 00:58,Customer-15127,Cancelled
ORD00302,P00072,Max Pen Set (Beige),Stationery,4,Low,2026-08-21 15:42,Customer-16379,Cancelled
ORD00303,P00295,Standard Curtain (Grey),Home,7,Medium,2026-07-18 06:23,Customer-13400,Shipped
ORD00304,P00359,Premium Hiking Boots (Green),Footwear,2,Medium,2026-07-18 17:53,Customer-15162,Cancelled
ORD00305,P00287,Max Wallet (Silver),Accessories,7,Urgent,2026-08-03 22:27,Customer-16031,Pending
ORD00306,P00773,Pro Formal Shoes (Blue),Footwear,6,Urgent,2026-08-19 10:18,Customer-14809,Shipped
ORD00307,P00719,Mini Wallet (Green),Accessories,2,Low,2026-07-22 04:21,Customer-19020,Cancelled
ORD00308,P00491,Premium Belt (White),Accessories,4,High,2026-08-07 09:31,Customer-10759,Picking
ORD00309,P00204,Lite Sneakers (White),Footwear,5,High,2026-07-01 17:06,Customer-13443,Picking
ORD00310,P00228,Standard Highlighter Set (Black),Stationery,4,Urgent,2026-08-17 03:54,Customer-19338,Shipped
ORD00311,P00005,Compact Marker Pack (Beige),Stationery,6,Urgent,2026-07-14 05:08,Customer-12515,Shipped
ORD00312,P00017,Plus Loafers (Red),Footwear,1,Urgent,2026-07-24 12:42,Customer-15084,Picking
ORD00313,P00794,Deluxe Curtain (Black),Home,7,Low,2026-08-19 17:20,Customer-17024,Cancelled
ORD00314,P00311,Premium Laptop Stand (Green),Electronics,1,Low,2026-08-12 12:50,Customer-12503,Shipped
ORD00315,P00044,Max Flip Flops (Grey),Footwear,8,Medium,2026-07-15 13:56,Customer-17809,Cancelled
ORD00316,P00621,Max Router (Blue),Electronics,7,High,2026-08-08 02:09,Customer-16771,Cancelled
ORD00317,P00030,Deluxe Candle Holder (Silver),Home,4,Low,2026-08-02 11:42,Customer-13170,Cancelled
ORD00318,P00060,Compact Laptop Stand (White),Electronics,3,High,2026-08-20 11:52,Customer-13111,Pending
ORD00319,P00578,Standard Backpack (Grey),Accessories,1,Urgent,2026-08-11 21:44,Customer-19973,Cancelled
ORD00320,P00556,Standard Hiking Boots (Beige),Footwear,5,Low,2026-07-16 10:46,Customer-18191,Pending
ORD00321,P00647,Classic Desk Organizer (Blue),Stationery,6,Urgent,2026-08-12 11:32,Customer-18579,Shipped
ORD00322,P00142,Classic Curtain (Beige),Home,1,Low,2026-07-10 11:52,Customer-13082,Shipped
ORD00323,P00472,Mini Desk Organizer (Blue),Stationery,3,Urgent,2026-08-18 00:07,Customer-16940,Cancelled
ORD00324,P00588,Standard Bed Sheet Set (Beige),Home,1,Urgent,2026-08-05 05:52,Customer-16199,Shipped
ORD00325,P00517,Premium Stapler (Black),Stationery,2,High,2026-08-17 15:46,Customer-17968,Cancelled
ORD00326,P00049,Pro USB-C Cable (Black),Electronics,3,Medium,2026-07-29 08:39,Customer-12815,Cancelled
ORD00327,P00689,Premium Curtain (Beige),Home,7,Medium,2026-07-25 05:39,Customer-18250,Pending
ORD00328,P00433,Premium Charger (Black),Electronics,2,Low,2026-08-19 16:36,Customer-19777,Picking
ORD00329,P00161,Deluxe Wallet (Black),Accessories,5,Urgent,2026-08-27 11:05,Customer-19988,Shipped
ORD00330,P00620,Plus Loafers (Beige),Footwear,1,High,2026-08-10 07:27,Customer-12020,Pending
ORD00331,P00571,Compact Tablet Stand (Red),Electronics,4,Medium,2026-07-06 16:04,Customer-19154,Pending
ORD00332,P00633,Classic Water Bottle (Beige),Home,6,Medium,2026-08-19 16:54,Customer-14217,Cancelled
ORD00333,P00467,Mini Bed Sheet Set (White),Home,1,Medium,2026-08-20 03:38,Customer-18748,Picking
ORD00334,P00198,Deluxe Sandals (Grey),Footwear,7,Medium,2026-07-24 05:00,Customer-18834,Shipped
ORD00335,P00709,Premium Marker Pack (Beige),Stationery,3,Low,2026-08-11 16:13,Customer-10981,Picking
ORD00336,P00103,Max Monitor (Beige),Electronics,2,Urgent,2026-07-20 17:03,Customer-16919,Shipped
ORD00337,P00766,Premium Storage Box (White),Home,5,Urgent,2026-08-07 18:37,Customer-15245,Cancelled
ORD00338,P00592,Pro Sneakers (White),Footwear,5,High,2026-08-13 09:00,Customer-10398,Cancelled
ORD00339,P00511,Mini Wireless Mouse (Green),Electronics,1,High,2026-08-20 14:07,Customer-17293,Cancelled
ORD00340,P00178,Standard USB-C Cable (Silver),Electronics,6,High,2026-08-28 11:22,Customer-17189,Pending
ORD00341,P00130,Max Smart Watch (White),Electronics,8,Urgent,2026-08-08 01:43,Customer-14707,Pending
ORD00342,P00342,Deluxe Handbag (White),Accessories,8,Urgent,2026-07-30 03:07,Customer-13849,Shipped
ORD00343,P00206,Standard Running Shoes (Silver),Footwear,5,High,2026-07-08 02:00,Customer-11956,Shipped
ORD00344,P00685,Premium Cushion (Grey),Home,7,High,2026-07-31 18:51,Customer-14425,Shipped
ORD00345,P00609,Premium HDMI Cable (Green),Electronics,5,Medium,2026-08-24 19:43,Customer-14034,Picking
ORD00346,P00114,Lite Charger (Grey),Electronics,3,Low,2026-08-15 05:14,Customer-13703,Pending
ORD00347,P00361,Standard Curtain (White),Home,8,Low,2026-08-29 02:22,Customer-17122,Picking
ORD00348,P00033,Lite Wallet (Beige),Accessories,5,Urgent,2026-08-18 01:09,Customer-17217,Cancelled
ORD00349,P00281,Premium Boots (Grey),Footwear,5,Urgent,2026-08-06 11:56,Customer-11883,Picked
ORD00350,P00453,Plus Photo Frame (Silver),Home,5,Low,2026-08-10 20:54,Customer-16327,Picking
ORD00351,P00120,Premium Door Mat (Red),Home,8,Medium,2026-08-24 14:29,Customer-17003,Picked
ORD00352,P00647,Classic Desk Organizer (Blue),Stationery,6,Medium,2026-07-12 09:32,Customer-14926,Picking
ORD00353,P00270,Pro Door Mat (Red),Home,7,Low,2026-07-31 09:51,Customer-17445,Picking
ORD00354,P00625,Plus Bed Sheet Set (Grey),Home,1,Low,2026-07-17 06:16,Customer-12654,Picking
ORD00355,P00736,Lite Laptop Stand (Green),Electronics,8,Medium,2026-08-08 05:33,Customer-10715,Shipped
ORD00356,P00683,Deluxe HDMI Cable (Red),Electronics,2,Medium,2026-07-03 03:16,Customer-14256,Pending
ORD00357,P00234,Pro File Folder (Red),Stationery,3,Low,2026-08-17 00:53,Customer-13823,Cancelled
ORD00358,P00417,Mini Belt (Beige),Accessories,4,High,2026-08-18 22:17,Customer-12211,Picking
ORD00359,P00550,Lite Wireless Mouse (White),Electronics,7,High,2026-08-30 15:47,Customer-12541,Picked
ORD00360,P00663,Mini Wallet (White),Accessories,7,Low,2026-07-24 00:26,Customer-13059,Cancelled
ORD00361,P00423,Classic Watch Strap (Green),Accessories,2,Urgent,2026-08-09 04:56,Customer-13713,Picked
ORD00362,P00412,Plus Table Lamp (Red),Home,8,Medium,2026-08-03 22:40,Customer-19087,Pending
ORD00363,P00573,Premium Travel Pouch (White),Accessories,4,Low,2026-07-29 09:54,Customer-11297,Picked
ORD00364,P00791,Pro Curtain (Grey),Home,3,Low,2026-08-22 18:12,Customer-12386,Shipped
ORD00365,P00238,Mini Bed Sheet Set (Beige),Home,6,Urgent,2026-08-27 01:28,Customer-16533,Pending
ORD00366,P00054,Standard Monitor (Green),Electronics,3,Low,2026-07-08 00:32,Customer-16759,Picked
ORD00367,P00400,Compact Cushion (Red),Home,1,Low,2026-08-27 22:53,Customer-11236,Picked
ORD00368,P00620,Plus Loafers (Beige),Footwear,2,Urgent,2026-07-04 07:12,Customer-10769,Cancelled
ORD00369,P00109,Compact Curtain (White),Home,7,Medium,2026-08-09 02:40,Customer-19713,Picked
ORD00370,P00317,Deluxe Webcam (Blue),Electronics,5,High,2026-07-31 22:20,Customer-10634,Pending
ORD00371,P00099,Max Watch Strap (Grey),Accessories,5,Low,2026-08-13 04:42,Customer-12134,Shipped
ORD00372,P00745,Plus Sandals (Red),Footwear,3,Urgent,2026-07-28 03:14,Customer-15157,Picking
ORD00373,P00732,Premium Curtain (White),Home,6,Low,2026-07-12 21:09,Customer-13235,Pending
ORD00374,P00512,Premium Bed Sheet Set (Blue),Home,3,Urgent,2026-07-19 01:10,Customer-16744,Shipped
ORD00375,P00383,Deluxe Photo Frame (Black),Home,2,Urgent,2026-08-06 09:30,Customer-17330,Pending
ORD00376,P00643,Premium Formal Shoes (Beige),Footwear,7,Urgent,2026-08-18 10:38,Customer-11932,Shipped
ORD00377,P00096,Plus Formal Shoes (Beige),Footwear,5,Urgent,2026-07-20 10:10,Customer-12405,Picked
ORD00378,P00035,Compact Sticky Notes (White),Stationery,7,Medium,2026-07-03 01:02,Customer-12885,Picking
ORD00379,P00470,Pro Loafers (Silver),Footwear,5,High,2026-08-08 06:39,Customer-15080,Cancelled
ORD00380,P00662,Premium Power Bank (Green),Electronics,7,Medium,2026-07-28 21:47,Customer-12296,Shipped
ORD00381,P00690,Standard Calculator (Black),Stationery,1,Medium,2026-08-02 09:58,Customer-13153,Picked
ORD00382,P00512,Premium Bed Sheet Set (Blue),Home,5,Urgent,2026-08-14 15:10,Customer-11338,Shipped
ORD00383,P00016,Premium Wall Clock (Green),Home,6,Medium,2026-07-15 06:53,Customer-13149,Cancelled
ORD00384,P00551,Premium Cap (Silver),Accessories,6,Medium,2026-08-15 09:03,Customer-19822,Cancelled
ORD00385,P00506,Premium Bed Sheet Set (Grey),Home,3,Urgent,2026-07-29 19:14,Customer-14265,Pending
ORD00386,P00690,Standard Calculator (Black),Stationery,6,High,2026-08-01 08:03,Customer-18673,Picking
ORD00387,P00782,Mini Handbag (Beige),Accessories,1,Urgent,2026-07-21 18:58,Customer-16543,Picked
ORD00388,P00747,Premium Candle Holder (White),Home,1,High,2026-07-22 00:36,Customer-12193,Cancelled
ORD00389,P00507,Pro Desk Organizer (Blue),Stationery,5,Medium,2026-08-11 16:28,Customer-14706,Picking
ORD00390,P00234,Pro File Folder (Red),Stationery,5,Medium,2026-07-14 05:48,Customer-17480,Cancelled
ORD00391,P00439,Premium Candle Holder (Beige),Home,5,Urgent,2026-08-15 09:50,Customer-14832,Shipped
ORD00392,P00466,Deluxe Travel Pouch (Green),Accessories,5,Low,2026-07-12 18:51,Customer-14488,Cancelled
ORD00393,P00493,Lite Wireless Mouse (Beige),Electronics,4,Medium,2026-07-14 16:25,Customer-11683,Cancelled
ORD00394,P00011,Premium Charger (White),Electronics,8,Urgent,2026-08-07 07:48,Customer-10356,Pending
ORD00395,P00611,Deluxe Watch Strap (Black),Accessories,8,Medium,2026-08-22 02:13,Customer-14777,Picking
ORD00396,P00629,Classic Tablet Stand (Black),Electronics,3,High,2026-08-16 05:26,Customer-11081,Shipped
ORD00397,P00652,Plus Smart Watch (Black),Electronics,3,Urgent,2026-07-24 15:15,Customer-12108,Cancelled
ORD00398,P00130,Max Smart Watch (White),Electronics,6,Medium,2026-08-08 13:31,Customer-19903,Shipped
ORD00399,P00794,Deluxe Curtain (Black),Home,3,Medium,2026-07-05 13:54,Customer-18449,Cancelled
ORD00400,P00074,Classic Desk Organizer (White),Stationery,6,Medium,2026-07-01 03:51,Customer-17693,Cancelled
ORD00401,P00587,Classic Running Shoes (Grey),Footwear,2,Medium,2026-08-21 16:32,Customer-18663,Picked
ORD00402,P00235,Pro Laptop Stand (Blue),Electronics,6,Low,2026-07-25 01:48,Customer-15738,Pending
ORD00403,P00667,Lite Water Bottle (Beige),Home,4,Medium,2026-07-14 09:58,Customer-13351,Picked
ORD00404,P00282,Premium Wallet (White),Accessories,8,Urgent,2026-07-06 02:03,Customer-18423,Pending
ORD00405,P00425,Plus Smart Watch (White),Electronics,4,Urgent,2026-08-29 08:59,Customer-13921,Cancelled
ORD00406,P00337,Plus Cap (Green),Accessories,5,High,2026-08-25 13:19,Customer-15286,Shipped
ORD00407,P00553,Plus Formal Shoes (Blue),Footwear,5,Medium,2026-08-29 16:39,Customer-10336,Shipped
ORD00408,P00215,Compact Wall Clock (Silver),Home,3,High,2026-07-12 05:48,Customer-11201,Pending
ORD00409,P00074,Classic Desk Organizer (White),Stationery,7,Medium,2026-07-17 14:39,Customer-12493,Pending
ORD00410,P00676,Plus Keyboard (Beige),Electronics,2,Medium,2026-08-16 12:00,Customer-14194,Picked
ORD00411,P00787,Standard File Folder (Beige),Stationery,4,Low,2026-08-15 03:03,Customer-17466,Pending
ORD00412,P00500,Lite Wireless Mouse (Silver),Electronics,6,Urgent,2026-07-06 07:13,Customer-17273,Pending
ORD00413,P00637,Deluxe Sneakers (Grey),Footwear,1,Low,2026-08-03 18:31,Customer-12132,Shipped
ORD00414,P00685,Premium Cushion (Grey),Home,3,Low,2026-07-20 18:43,Customer-16630,Picking
ORD00415,P00262,Mini Sticky Notes (Blue),Stationery,4,High,2026-08-29 18:44,Customer-17002,Picked
ORD00416,P00464,Pro Marker Pack (Red),Stationery,1,Low,2026-07-14 22:03,Customer-19934,Cancelled
ORD00417,P00054,Standard Monitor (Green),Electronics,8,Urgent,2026-07-24 05:47,Customer-17885,Cancelled
ORD00418,P00637,Deluxe Sneakers (Grey),Footwear,4,Low,2026-08-28 07:49,Customer-19900,Cancelled
ORD00419,P00511,Mini Wireless Mouse (Green),Electronics,6,High,2026-08-15 00:32,Customer-13126,Cancelled
ORD00420,P00604,Premium Flip Flops (Red),Footwear,7,High,2026-08-26 14:09,Customer-16370,Cancelled
ORD00421,P00112,Max Calculator (Green),Stationery,5,Medium,2026-08-17 06:09,Customer-14540,Picked
ORD00422,P00111,Standard Charger (Black),Electronics,4,Medium,2026-08-23 08:38,Customer-17411,Cancelled
ORD00423,P00158,Deluxe Table Lamp (Red),Home,3,Low,2026-08-17 23:55,Customer-12405,Cancelled
ORD00424,P00019,Mini Marker Pack (Silver),Stationery,7,Medium,2026-07-10 03:46,Customer-11714,Picked
ORD00425,P00618,Plus Cap (Silver),Accessories,6,High,2026-08-22 13:06,Customer-17891,Picked
ORD00426,P00458,Premium Cap (Red),Accessories,8,Urgent,2026-08-19 11:03,Customer-15916,Picked
ORD00427,P00753,Lite Handbag (Green),Accessories,4,High,2026-07-21 09:04,Customer-11157,Shipped
ORD00428,P00588,Standard Bed Sheet Set (Beige),Home,2,High,2026-07-21 17:27,Customer-14894,Shipped
ORD00429,P00338,Mini Bluetooth Speaker (Beige),Electronics,2,Low,2026-08-04 20:30,Customer-11552,Shipped
ORD00430,P00389,Standard Travel Pouch (Green),Accessories,1,High,2026-08-02 20:07,Customer-11844,Pending
ORD00431,P00021,Max Backpack (Black),Accessories,3,Low,2026-07-04 22:40,Customer-18656,Shipped
ORD00432,P00316,Premium Laptop Stand (White),Electronics,6,Low,2026-08-30 08:09,Customer-10924,Pending
ORD00433,P00360,Pro Keyboard (Red),Electronics,3,Medium,2026-07-11 23:30,Customer-13724,Cancelled
ORD00434,P00668,Compact Table Lamp (Red),Home,7,High,2026-07-05 20:40,Customer-11565,Cancelled
ORD00435,P00717,Deluxe Keychain (White),Accessories,6,High,2026-07-01 06:06,Customer-18125,Shipped
ORD00436,P00613,Plus Cushion (Grey),Home,3,Low,2026-07-19 22:48,Customer-19429,Picking
ORD00437,P00726,Max Storage Box (Beige),Home,5,Low,2026-08-15 07:45,Customer-13068,Picking
ORD00438,P00405,Premium Backpack (Green),Accessories,8,Medium,2026-08-16 22:22,Customer-13185,Pending
ORD00439,P00079,Deluxe Curtain (White),Home,3,Medium,2026-08-01 16:01,Customer-13381,Cancelled
ORD00440,P00504,Deluxe Water Bottle (Red),Home,1,Low,2026-07-13 04:43,Customer-15327,Shipped
ORD00441,P00618,Plus Cap (Silver),Accessories,2,Medium,2026-07-18 13:12,Customer-14911,Picked
ORD00442,P00670,Lite Sandals (Grey),Footwear,5,Urgent,2026-08-25 09:44,Customer-19727,Cancelled
ORD00443,P00385,Lite File Folder (Grey),Stationery,5,Medium,2026-08-30 01:16,Customer-19415,Shipped
ORD00444,P00181,Max Sports Shoes (Grey),Footwear,5,High,2026-08-27 14:47,Customer-19058,Picked
ORD00445,P00007,Mini Earbuds (Beige),Electronics,3,Low,2026-08-22 07:26,Customer-17319,Pending
ORD00446,P00364,Max Calculator (Green),Stationery,4,Low,2026-08-11 00:03,Customer-18649,Picked
ORD00447,P00006,Deluxe Slippers (Grey),Footwear,8,Urgent,2026-08-28 21:31,Customer-15250,Pending
ORD00448,P00555,Deluxe Cap (Red),Accessories,6,Urgent,2026-07-15 04:54,Customer-11942,Pending
ORD00449,P00197,Pro Door Mat (Black),Home,7,Low,2026-07-09 03:50,Customer-12139,Pending
ORD00450,P00489,Plus Handbag (Beige),Accessories,2,Medium,2026-08-02 07:47,Customer-14551,Picked
ORD00451,P00425,Plus Smart Watch (White),Electronics,2,Low,2026-08-09 02:33,Customer-16593,Shipped
ORD00452,P00703,Lite Wallet (Black),Accessories,1,Urgent,2026-08-04 06:20,Customer-15454,Pending
ORD00453,P00734,Premium Notebook (Red),Stationery,4,Medium,2026-07-25 14:31,Customer-10024,Pending
ORD00454,P00002,Pro Sandals (White),Footwear,7,Medium,2026-07-17 20:56,Customer-15606,Shipped
ORD00455,P00388,Deluxe Storage Box (White),Home,8,Medium,2026-07-28 16:18,Customer-16869,Shipped
ORD00456,P00372,Pro Travel Pouch (Grey),Accessories,4,High,2026-08-11 16:28,Customer-19632,Shipped
ORD00457,P00492,Max Umbrella (Blue),Accessories,2,Urgent,2026-07-28 09:14,Customer-15530,Pending
ORD00458,P00444,Lite Webcam (Grey),Electronics,6,Urgent,2026-08-17 07:11,Customer-12488,Picking
ORD00459,P00250,Premium Tablet Stand (White),Electronics,5,Low,2026-07-05 23:05,Customer-13044,Pending
ORD00460,P00319,Compact Curtain (Grey),Home,1,Low,2026-08-14 04:00,Customer-11600,Shipped
ORD00461,P00343,Mini Bluetooth Speaker (Black),Electronics,8,High,2026-07-21 01:15,Customer-10207,Picked
ORD00462,P00209,Max Monitor (Grey),Electronics,3,Urgent,2026-07-27 23:21,Customer-18040,Cancelled
ORD00463,P00072,Max Pen Set (Beige),Stationery,7,High,2026-08-27 19:03,Customer-19482,Picking
ORD00464,P00064,Mini Water Bottle (Beige),Home,7,Urgent,2026-08-22 09:12,Customer-15760,Pending
ORD00465,P00491,Premium Belt (White),Accessories,1,Low,2026-07-11 03:41,Customer-16522,Pending
ORD00466,P00407,Mini Wallet (Grey),Accessories,1,High,2026-08-24 23:14,Customer-17101,Shipped
ORD00467,P00060,Compact Laptop Stand (White),Electronics,1,Medium,2026-07-31 04:31,Customer-11940,Pending
ORD00468,P00472,Mini Desk Organizer (Blue),Stationery,8,Low,2026-08-29 19:03,Customer-19974,Shipped
ORD00469,P00691,Deluxe Travel Pouch (White),Accessories,2,Medium,2026-07-19 10:52,Customer-16756,Shipped
ORD00470,P00034,Classic Slippers (Grey),Footwear,7,Urgent,2026-08-21 16:11,Customer-19003,Shipped
ORD00471,P00278,Lite Formal Shoes (Green),Footwear,7,Urgent,2026-08-26 01:25,Customer-12436,Picking
ORD00472,P00620,Plus Loafers (Beige),Footwear,4,Urgent,2026-08-16 12:53,Customer-18406,Shipped
ORD00473,P00555,Deluxe Cap (Red),Accessories,5,Low,2026-08-17 01:34,Customer-17410,Cancelled
ORD00474,P00553,Plus Formal Shoes (Blue),Footwear,3,Medium,2026-08-16 06:42,Customer-13551,Shipped
ORD00475,P00357,Standard File Folder (Grey),Stationery,7,Low,2026-08-26 14:10,Customer-18812,Shipped
ORD00476,P00182,Premium Scissors (Green),Stationery,5,High,2026-08-10 16:28,Customer-13839,Pending
ORD00477,P00799,Classic Earbuds (Green),Electronics,8,Urgent,2026-07-04 06:06,Customer-15315,Picked
ORD00478,P00500,Lite Wireless Mouse (Silver),Electronics,6,Urgent,2026-07-31 07:20,Customer-11894,Picking
ORD00479,P00780,Pro Candle Holder (Red),Home,7,Low,2026-07-20 16:02,Customer-12480,Pending
ORD00480,P00068,Compact Router (Black),Electronics,7,Low,2026-07-30 19:29,Customer-18550,Pending
ORD00481,P00284,Standard Earbuds (Black),Electronics,3,High,2026-07-02 14:48,Customer-14813,Shipped
ORD00482,P00316,Premium Laptop Stand (White),Electronics,2,High,2026-08-25 10:39,Customer-17362,Pending
ORD00483,P00431,Plus Travel Pouch (Blue),Accessories,1,Medium,2026-07-30 16:16,Customer-12747,Picking
ORD00484,P00677,Plus Umbrella (Beige),Accessories,6,Low,2026-07-10 15:11,Customer-13863,Shipped
ORD00485,P00552,Premium Flip Flops (Grey),Footwear,4,Urgent,2026-07-08 19:25,Customer-11027,Picked
ORD00486,P00109,Compact Curtain (White),Home,2,High,2026-08-16 15:55,Customer-16245,Cancelled
ORD00487,P00024,Premium Candle Holder (Blue),Home,5,Low,2026-07-03 09:31,Customer-19734,Pending
ORD00488,P00312,Pro Desk Organizer (Silver),Stationery,5,Medium,2026-08-09 08:10,Customer-19804,Picked
ORD00489,P00062,Max HDMI Cable (Blue),Electronics,2,Medium,2026-08-01 14:17,Customer-11609,Cancelled
ORD00490,P00779,Classic Wall Clock (Red),Home,5,High,2026-07-21 06:34,Customer-18102,Cancelled
ORD00491,P00579,Max Charger (White),Electronics,2,High,2026-07-09 11:25,Customer-17110,Cancelled
ORD00492,P00611,Deluxe Watch Strap (Black),Accessories,1,Low,2026-07-05 22:43,Customer-10818,Shipped
ORD00493,P00536,Lite Sunglasses (Black),Accessories,5,Medium,2026-07-07 14:37,Customer-11322,Shipped
ORD00494,P00655,Lite Backpack (Silver),Accessories,7,Urgent,2026-08-08 20:00,Customer-11684,Shipped
ORD00495,P00778,Compact Desk Organizer (Red),Stationery,3,Medium,2026-08-12 11:17,Customer-12673,Pending
ORD00496,P00420,Premium Curtain (White),Home,1,Urgent,2026-08-12 16:05,Customer-15608,Cancelled
ORD00497,P00762,Pro Charger (Black),Electronics,3,Medium,2026-08-01 08:52,Customer-10190,Picked
ORD00498,P00639,Premium Watch Strap (Red),Accessories,8,Low,2026-08-28 22:33,Customer-19656,Picked
ORD00499,P00719,Mini Wallet (Green),Accessories,3,Medium,2026-08-14 01:40,Customer-10110,Pending
ORD00500,P00237,Premium Door Mat (Red),Home,4,Urgent,2026-07-06 08:16,Customer-15988,Pending
ORD00501,P00765,Plus Wireless Mouse (White),Electronics,7,Urgent,2026-08-17 07:47,Customer-17328,Picked
ORD00502,P00604,Premium Flip Flops (Red),Footwear,7,High,2026-08-20 19:48,Customer-12495,Picked
ORD00503,P00626,Premium Door Mat (Blue),Home,8,Low,2026-07-28 15:33,Customer-14324,Pending
ORD00504,P00625,Plus Bed Sheet Set (Grey),Home,6,High,2026-07-25 14:52,Customer-12967,Picked
ORD00505,P00078,Pro Photo Frame (Black),Home,1,Urgent,2026-08-24 12:43,Customer-10164,Picking
ORD00506,P00414,Classic Sandals (Grey),Footwear,4,Medium,2026-07-22 03:41,Customer-12193,Picking
ORD00507,P00454,Mini Router (Green),Electronics,8,Urgent,2026-08-14 06:23,Customer-18708,Picked
ORD00508,P00592,Pro Sneakers (White),Footwear,3,Low,2026-07-28 20:20,Customer-18292,Picking
ORD00509,P00241,Classic Stapler (Grey),Stationery,6,Medium,2026-08-26 03:51,Customer-14324,Picking
ORD00510,P00711,Deluxe Wallet (White),Accessories,5,High,2026-07-26 07:51,Customer-11497,Picking
ORD00511,P00536,Lite Sunglasses (Black),Accessories,1,Urgent,2026-08-27 16:05,Customer-11977,Picked
ORD00512,P00664,Premium Sports Shoes (Beige),Footwear,8,Low,2026-07-31 20:16,Customer-19863,Picked
ORD00513,P00798,Mini Loafers (Grey),Footwear,6,Urgent,2026-07-10 01:41,Customer-13452,Cancelled
ORD00514,P00559,Classic Belt (Grey),Accessories,6,High,2026-08-02 23:53,Customer-12573,Picking
ORD00515,P00482,Deluxe Monitor (Grey),Electronics,1,High,2026-08-02 21:57,Customer-19990,Shipped
ORD00516,P00249,Deluxe Flip Flops (Green),Footwear,8,Medium,2026-07-11 16:28,Customer-12733,Picked
ORD00517,P00154,Classic Laptop Stand (Black),Electronics,3,Medium,2026-07-21 01:23,Customer-13845,Picked
ORD00518,P00716,Premium Handbag (Blue),Accessories,2,High,2026-07-14 04:12,Customer-19321,Picked
ORD00519,P00760,Mini Webcam (Black),Electronics,7,Medium,2026-08-13 22:09,Customer-17162,Picking
ORD00520,P00565,Deluxe Handbag (Red),Accessories,8,High,2026-07-01 14:10,Customer-13648,Picked
ORD00521,P00020,Compact Wall Clock (Red),Home,7,Medium,2026-07-02 02:54,Customer-15336,Picked
ORD00522,P00738,Plus Hiking Boots (Beige),Footwear,1,Medium,2026-08-17 14:57,Customer-18495,Picking
ORD00523,P00628,Classic Flip Flops (Black),Footwear,1,Low,2026-07-27 15:12,Customer-18864,Picking
ORD00524,P00532,Lite Boots (Red),Footwear,3,Medium,2026-08-04 12:01,Customer-15690,Cancelled
ORD00525,P00452,Classic Curtain (Blue),Home,4,Low,2026-07-17 08:33,Customer-10381,Shipped
ORD00526,P00771,Premium Sticky Notes (Green),Stationery,6,Low,2026-07-15 07:28,Customer-13564,Shipped
ORD00527,P00020,Compact Wall Clock (Red),Home,1,Medium,2026-08-17 15:46,Customer-15768,Cancelled
ORD00528,P00137,Plus Handbag (White),Accessories,7,High,2026-07-13 08:50,Customer-13323,Pending
ORD00529,P00419,Classic Wallet (Red),Accessories,6,Urgent,2026-08-11 21:17,Customer-11040,Pending
ORD00530,P00379,Pro Laptop Stand (Green),Electronics,3,Low,2026-07-19 00:27,Customer-10400,Picking
ORD00531,P00308,Max Webcam (Green),Electronics,5,Low,2026-07-09 16:31,Customer-17811,Picked
ORD00532,P00776,Max Wallet (Grey),Accessories,7,High,2026-08-04 13:31,Customer-17988,Pending
ORD00533,P00243,Compact Slippers (Silver),Footwear,8,Urgent,2026-08-10 00:16,Customer-18601,Pending
ORD00534,P00707,Standard Cushion (Blue),Home,4,High,2026-07-31 06:56,Customer-18841,Cancelled
ORD00535,P00564,Lite Bed Sheet Set (White),Home,3,High,2026-07-07 20:23,Customer-13653,Cancelled
ORD00536,P00400,Compact Cushion (Red),Home,8,Medium,2026-07-31 01:06,Customer-13199,Shipped
ORD00537,P00778,Compact Desk Organizer (Red),Stationery,5,Medium,2026-08-05 09:36,Customer-15442,Pending
ORD00538,P00163,Deluxe Formal Shoes (Red),Footwear,6,Low,2026-08-27 00:05,Customer-12534,Picking
ORD00539,P00157,Max Sticky Notes (Blue),Stationery,4,Medium,2026-07-02 02:16,Customer-16682,Picked
ORD00540,P00693,Classic Hiking Boots (Beige),Footwear,3,Low,2026-07-25 11:15,Customer-11999,Picking
ORD00541,P00531,Lite Sneakers (Grey),Footwear,8,Urgent,2026-07-06 04:15,Customer-19158,Shipped
ORD00542,P00046,Max USB-C Cable (White),Electronics,4,Medium,2026-08-09 08:51,Customer-15568,Pending
ORD00543,P00038,Premium Scissors (Black),Stationery,4,High,2026-08-04 23:35,Customer-12308,Pending
ORD00544,P00391,Classic Scissors (Green),Stationery,7,Urgent,2026-07-14 06:17,Customer-15015,Picking
ORD00545,P00497,Premium Wall Clock (Black),Home,6,Low,2026-08-16 03:13,Customer-11733,Pending
ORD00546,P00252,Pro Storage Box (Silver),Home,4,Urgent,2026-08-08 08:48,Customer-15903,Shipped
ORD00547,P00613,Plus Cushion (Grey),Home,7,High,2026-07-31 07:34,Customer-15176,Pending
ORD00548,P00704,Plus Wireless Mouse (White),Electronics,7,Medium,2026-08-22 21:48,Customer-11201,Picking
ORD00549,P00220,Premium Bed Sheet Set (Grey),Home,3,Urgent,2026-07-30 01:05,Customer-18985,Cancelled
ORD00550,P00778,Compact Desk Organizer (Red),Stationery,7,Urgent,2026-08-17 05:45,Customer-18606,Pending
ORD00551,P00094,Classic Storage Box (Grey),Home,8,Urgent,2026-07-01 07:55,Customer-14625,Cancelled
ORD00552,P00763,Pro Slippers (Blue),Footwear,4,Low,2026-07-16 21:01,Customer-10420,Picking
ORD00553,P00799,Classic Earbuds (Green),Electronics,1,Medium,2026-08-07 16:23,Customer-19148,Cancelled
ORD00554,P00294,Standard Sticky Notes (White),Stationery,5,High,2026-07-24 18:19,Customer-17994,Picking
ORD00555,P00799,Classic Earbuds (Green),Electronics,4,High,2026-07-11 06:41,Customer-17070,Shipped
ORD00556,P00508,Plus Keyboard (Green),Electronics,4,High,2026-08-07 22:14,Customer-11190,Cancelled
ORD00557,P00078,Pro Photo Frame (Black),Home,1,Medium,2026-08-15 21:39,Customer-13816,Cancelled
ORD00558,P00305,Classic Hiking Boots (Grey),Footwear,1,Low,2026-07-22 21:47,Customer-19338,Shipped
ORD00559,P00338,Mini Bluetooth Speaker (Beige),Electronics,5,High,2026-08-04 04:56,Customer-11920,Cancelled
ORD00560,P00125,Premium USB-C Cable (White),Electronics,1,Urgent,2026-08-20 14:54,Customer-18611,Shipped
ORD00561,P00286,Deluxe Cap (Beige),Accessories,3,Urgent,2026-08-12 02:40,Customer-13742,Pending
ORD00562,P00126,Deluxe Candle Holder (Red),Home,7,Medium,2026-07-15 12:24,Customer-17221,Picked
ORD00563,P00397,Mini Sandals (Blue),Footwear,4,Urgent,2026-07-01 16:06,Customer-12148,Picking
ORD00564,P00110,Max Curtain (Grey),Home,2,Low,2026-07-13 02:23,Customer-18647,Pending
ORD00565,P00459,Premium Stapler (Red),Stationery,5,High,2026-07-02 13:03,Customer-14005,Picking
ORD00566,P00506,Premium Bed Sheet Set (Grey),Home,2,Urgent,2026-07-29 15:30,Customer-18733,Picked
ORD00567,P00626,Premium Door Mat (Blue),Home,1,Low,2026-07-16 04:17,Customer-13582,Pending
ORD00568,P00268,Lite Keychain (Beige),Accessories,7,Medium,2026-07-11 14:10,Customer-12134,Shipped
ORD00569,P00172,Lite Formal Shoes (Silver),Footwear,2,Urgent,2026-08-06 01:36,Customer-10158,Cancelled
ORD00570,P00353,Standard Sandals (Red),Footwear,2,Urgent,2026-07-21 12:03,Customer-10304,Pending
ORD00571,P00471,Plus Bed Sheet Set (Blue),Home,3,Medium,2026-08-24 19:00,Customer-11055,Picking
ORD00572,P00407,Mini Wallet (Grey),Accessories,3,High,2026-08-28 00:03,Customer-13194,Cancelled
ORD00573,P00668,Compact Table Lamp (Red),Home,2,High,2026-07-02 15:19,Customer-17352,Pending
ORD00574,P00181,Max Sports Shoes (Grey),Footwear,2,Medium,2026-07-03 17:18,Customer-10080,Pending
ORD00575,P00774,Standard Router (Green),Electronics,7,Low,2026-07-26 05:39,Customer-11349,Picking
ORD00576,P00413,Pro Webcam (Green),Electronics,8,Low,2026-07-04 06:19,Customer-12340,Shipped
ORD00577,P00161,Deluxe Wallet (Black),Accessories,5,Medium,2026-07-04 07:21,Customer-10795,Cancelled
ORD00578,P00565,Deluxe Handbag (Red),Accessories,7,High,2026-07-01 15:43,Customer-15748,Picking
ORD00579,P00247,Premium Webcam (Beige),Electronics,6,Urgent,2026-07-19 19:46,Customer-11835,Shipped
ORD00580,P00728,Premium Candle Holder (Silver),Home,7,High,2026-07-18 01:35,Customer-15332,Pending
ORD00581,P00037,Mini Loafers (Black),Footwear,5,Low,2026-07-29 10:14,Customer-11958,Shipped
ORD00582,P00251,Classic Highlighter Set (Blue),Stationery,6,Urgent,2026-07-04 05:32,Customer-15536,Pending
ORD00583,P00212,Classic Formal Shoes (Blue),Footwear,3,Urgent,2026-07-21 03:31,Customer-19694,Shipped
ORD00584,P00454,Mini Router (Green),Electronics,1,High,2026-07-19 11:29,Customer-14807,Pending
ORD00585,P00490,Compact Loafers (White),Footwear,2,High,2026-07-29 03:53,Customer-15537,Cancelled
ORD00586,P00647,Classic Desk Organizer (Blue),Stationery,7,Medium,2026-08-08 04:38,Customer-13913,Picking
ORD00587,P00577,Compact Notebook (Silver),Stationery,4,Low,2026-07-05 12:58,Customer-13691,Cancelled
ORD00588,P00371,Lite Wall Clock (Black),Home,5,High,2026-08-13 17:42,Customer-13625,Cancelled
ORD00589,P00104,Pro Cap (Grey),Accessories,6,Urgent,2026-08-23 12:36,Customer-10191,Pending
ORD00590,P00566,Premium Sandals (Blue),Footwear,2,Low,2026-07-28 03:57,Customer-12320,Shipped
ORD00591,P00500,Lite Wireless Mouse (Silver),Electronics,1,Urgent,2026-08-02 19:41,Customer-15080,Shipped
ORD00592,P00532,Lite Boots (Red),Footwear,2,Medium,2026-07-22 22:50,Customer-16411,Picked
ORD00593,P00006,Deluxe Slippers (Grey),Footwear,4,Medium,2026-07-02 14:51,Customer-16064,Picked
ORD00594,P00524,Premium Running Shoes (Green),Footwear,7,Medium,2026-07-27 10:30,Customer-12643,Pending
ORD00595,P00101,Max Cushion (Silver),Home,2,Urgent,2026-08-15 16:38,Customer-12301,Picking
ORD00596,P00174,Premium Backpack (Green),Accessories,2,Low,2026-07-01 04:47,Customer-15702,Pending
ORD00597,P00615,Deluxe Cushion (Red),Home,1,Low,2026-08-17 12:59,Customer-10259,Cancelled
ORD00598,P00115,Standard Photo Frame (Grey),Home,6,Urgent,2026-08-14 07:00,Customer-17478,Picked
ORD00599,P00123,Max Tablet Stand (Grey),Electronics,3,Low,2026-08-22 15:28,Customer-17560,Shipped
ORD00600,P00650,Deluxe Marker Pack (Beige),Stationery,1,Medium,2026-08-02 06:01,Customer-16573,Pending
ORD00601,P00401,Max Umbrella (Green),Accessories,3,High,2026-08-28 22:29,Customer-18441,Picked
ORD00602,P00201,Premium File Folder (Silver),Stationery,7,Medium,2026-08-24 23:40,Customer-16962,Cancelled
ORD00603,P00762,Pro Charger (Black),Electronics,8,High,2026-08-27 22:21,Customer-10166,Picking
ORD00604,P00004,Max USB-C Cable (Black),Electronics,8,Urgent,2026-07-24 09:37,Customer-10489,Picking
ORD00605,P00393,Max Cushion (Blue),Home,4,Medium,2026-07-31 21:20,Customer-17993,Shipped
ORD00606,P00771,Premium Sticky Notes (Green),Stationery,2,Medium,2026-07-27 21:12,Customer-14775,Picking
ORD00607,P00740,Deluxe Running Shoes (Green),Footwear,2,Low,2026-08-12 16:34,Customer-14840,Picked
ORD00608,P00224,Premium Watch Strap (Grey),Accessories,5,Medium,2026-07-06 20:44,Customer-19510,Picked
ORD00609,P00364,Max Calculator (Green),Stationery,1,Urgent,2026-07-02 09:28,Customer-12378,Cancelled
ORD00610,P00019,Mini Marker Pack (Silver),Stationery,6,Medium,2026-08-08 19:46,Customer-17708,Picking
ORD00611,P00323,Standard Umbrella (Beige),Accessories,5,High,2026-08-08 15:49,Customer-17357,Picking
ORD00612,P00608,Max Boots (Green),Footwear,4,Low,2026-07-24 03:19,Customer-11521,Pending
ORD00613,P00625,Plus Bed Sheet Set (Grey),Home,3,Medium,2026-07-03 06:11,Customer-15298,Pending
ORD00614,P00661,Pro Handbag (White),Accessories,2,Medium,2026-08-17 11:16,Customer-17055,Picked
ORD00615,P00453,Plus Photo Frame (Silver),Home,3,High,2026-07-04 18:00,Customer-16854,Pending
ORD00616,P00451,Plus USB-C Cable (Green),Electronics,2,Low,2026-07-27 21:45,Customer-10970,Shipped
ORD00617,P00014,Max Wireless Mouse (Grey),Electronics,3,Medium,2026-07-16 05:42,Customer-12781,Picked
ORD00618,P00331,Deluxe Wallet (Red),Accessories,2,High,2026-07-19 09:36,Customer-14171,Pending
ORD00619,P00461,Pro Slippers (Green),Footwear,3,High,2026-08-08 08:15,Customer-18945,Pending
ORD00620,P00590,Max Boots (White),Footwear,5,Urgent,2026-08-01 12:47,Customer-18057,Picked
ORD00621,P00273,Classic Router (Silver),Electronics,2,Low,2026-07-03 20:59,Customer-14052,Shipped
ORD00622,P00629,Classic Tablet Stand (Black),Electronics,6,Medium,2026-07-04 07:01,Customer-19084,Picking
ORD00623,P00567,Plus Curtain (Beige),Home,8,High,2026-07-11 08:11,Customer-13345,Picking
ORD00624,P00774,Standard Router (Green),Electronics,7,Urgent,2026-08-25 14:42,Customer-10430,Cancelled
ORD00625,P00168,Plus Keyboard (Silver),Electronics,7,Medium,2026-08-23 06:02,Customer-17111,Pending
ORD00626,P00140,Compact Photo Frame (Silver),Home,7,Medium,2026-07-06 13:03,Customer-16331,Picked
ORD00627,P00739,Mini Hiking Boots (Red),Footwear,8,Low,2026-08-07 05:01,Customer-14255,Shipped
ORD00628,P00569,Pro Hiking Boots (Silver),Footwear,7,High,2026-08-02 08:49,Customer-15421,Pending
ORD00629,P00569,Pro Hiking Boots (Silver),Footwear,6,Urgent,2026-07-24 19:13,Customer-11273,Picked
ORD00630,P00254,Plus Tablet Stand (Beige),Electronics,3,Medium,2026-08-22 05:01,Customer-17676,Pending
ORD00631,P00595,Max Flip Flops (Black),Footwear,3,Low,2026-08-22 16:44,Customer-11962,Pending
ORD00632,P00148,Classic Calculator (Beige),Stationery,6,Medium,2026-08-17 10:04,Customer-11754,Picked
ORD00633,P00245,Max Photo Frame (Red),Home,3,Medium,2026-08-18 02:59,Customer-15465,Picking
ORD00634,P00012,Compact Table Lamp (Grey),Home,3,Low,2026-07-23 09:38,Customer-15527,Cancelled
ORD00635,P00121,Mini Highlighter Set (White),Stationery,2,Urgent,2026-08-18 20:29,Customer-15716,Picking
ORD00636,P00543,Pro Umbrella (Blue),Accessories,1,Medium,2026-07-19 16:10,Customer-13190,Pending
ORD00637,P00444,Lite Webcam (Grey),Electronics,4,Urgent,2026-08-14 12:12,Customer-18868,Picking
ORD00638,P00055,Premium Candle Holder (Black),Home,5,Urgent,2026-07-21 15:52,Customer-11713,Shipped
ORD00639,P00653,Max Keyboard (White),Electronics,8,Low,2026-08-13 05:07,Customer-19707,Picking
ORD00640,P00713,Pro Slippers (Grey),Footwear,2,Urgent,2026-07-06 22:21,Customer-15380,Pending
ORD00641,P00502,Mini Keyboard (Grey),Electronics,8,Urgent,2026-07-10 05:50,Customer-19861,Picked
ORD00642,P00497,Premium Wall Clock (Black),Home,5,Medium,2026-07-27 16:35,Customer-14544,Pending
ORD00643,P00447,Standard Keychain (Grey),Accessories,2,Medium,2026-08-23 19:16,Customer-14050,Cancelled
ORD00644,P00466,Deluxe Travel Pouch (Green),Accessories,8,High,2026-08-09 12:03,Customer-19048,Picked
ORD00645,P00252,Pro Storage Box (Silver),Home,6,Medium,2026-07-11 14:22,Customer-16769,Shipped
ORD00646,P00435,Lite Webcam (Beige),Electronics,6,Low,2026-08-25 08:48,Customer-12678,Cancelled
ORD00647,P00387,Plus Sticky Notes (Grey),Stationery,7,High,2026-07-17 09:20,Customer-12688,Shipped
ORD00648,P00224,Premium Watch Strap (Grey),Accessories,5,High,2026-07-16 05:41,Customer-18012,Pending
ORD00649,P00196,Pro Umbrella (White),Accessories,2,Urgent,2026-08-27 18:31,Customer-15348,Shipped
ORD00650,P00416,Pro Notebook (Black),Stationery,2,Medium,2026-07-30 05:33,Customer-11030,Picking
ORD00651,P00316,Premium Laptop Stand (White),Electronics,1,Low,2026-07-18 09:40,Customer-16507,Cancelled
ORD00652,P00668,Compact Table Lamp (Red),Home,3,Low,2026-07-21 23:55,Customer-16302,Cancelled
ORD00653,P00088,Pro Backpack (Beige),Accessories,7,Urgent,2026-08-28 08:09,Customer-15803,Pending
ORD00654,P00598,Mini Boots (Red),Footwear,8,Urgent,2026-07-10 09:36,Customer-12623,Picked
ORD00655,P00191,Compact Charger (Blue),Electronics,7,High,2026-07-22 15:21,Customer-17232,Picked
ORD00656,P00747,Premium Candle Holder (White),Home,4,Low,2026-08-30 05:15,Customer-14085,Cancelled
ORD00657,P00047,Deluxe Backpack (Red),Accessories,4,Urgent,2026-07-07 03:11,Customer-18610,Picked
ORD00658,P00198,Deluxe Sandals (Grey),Footwear,2,High,2026-07-27 03:29,Customer-15643,Shipped
ORD00659,P00733,Lite Pen Set (Green),Stationery,7,High,2026-07-11 20:39,Customer-16783,Pending
ORD00660,P00067,Lite Sneakers (Red),Footwear,5,Low,2026-07-10 21:21,Customer-16254,Picking
ORD00661,P00026,Deluxe File Folder (Beige),Stationery,4,Medium,2026-08-10 12:37,Customer-17557,Cancelled
ORD00662,P00494,Max File Folder (Blue),Stationery,6,Medium,2026-07-21 20:09,Customer-11983,Picked
ORD00663,P00332,Max Slippers (White),Footwear,7,Medium,2026-08-01 18:22,Customer-17406,Picking
ORD00664,P00066,Compact Watch Strap (Silver),Accessories,2,Low,2026-08-29 08:06,Customer-18386,Cancelled
ORD00665,P00335,Deluxe Desk Organizer (Black),Stationery,3,Low,2026-08-23 22:14,Customer-16593,Picking
ORD00666,P00485,Standard Cushion (Grey),Home,1,Urgent,2026-08-27 23:44,Customer-18936,Cancelled
ORD00667,P00619,Premium Table Lamp (Green),Home,4,High,2026-07-25 10:37,Customer-10742,Pending
ORD00668,P00306,Compact Sandals (Grey),Footwear,6,Low,2026-08-19 18:57,Customer-18308,Pending
ORD00669,P00415,Premium Storage Box (Silver),Home,7,Urgent,2026-08-03 23:58,Customer-18504,Cancelled
ORD00670,P00049,Pro USB-C Cable (Black),Electronics,2,Urgent,2026-07-25 02:01,Customer-12127,Picked
ORD00671,P00292,Max Headphones (Blue),Electronics,3,High,2026-08-06 14:30,Customer-17081,Pending
ORD00672,P00479,Deluxe Sticky Notes (Blue),Stationery,5,Low,2026-07-19 16:19,Customer-10556,Cancelled
ORD00673,P00469,Standard File Folder (White),Stationery,7,High,2026-07-20 19:12,Customer-11281,Picked
ORD00674,P00578,Standard Backpack (Grey),Accessories,2,Urgent,2026-07-18 18:18,Customer-13112,Shipped
ORD00675,P00137,Plus Handbag (White),Accessories,4,Urgent,2026-07-14 19:24,Customer-15005,Picked
ORD00676,P00007,Mini Earbuds (Beige),Electronics,4,Urgent,2026-08-29 03:48,Customer-18595,Picking
ORD00677,P00284,Standard Earbuds (Black),Electronics,2,Urgent,2026-08-21 16:07,Customer-16583,Picked
ORD00678,P00502,Mini Keyboard (Grey),Electronics,5,High,2026-08-07 12:56,Customer-17819,Picking
ORD00679,P00575,Classic Highlighter Set (Silver),Stationery,2,High,2026-08-07 01:22,Customer-13831,Shipped
ORD00680,P00665,Pro Wireless Mouse (Green),Electronics,3,Low,2026-07-12 23:15,Customer-19148,Pending
ORD00681,P00572,Mini Calculator (Blue),Stationery,6,Medium,2026-07-07 20:15,Customer-13400,Cancelled
ORD00682,P00190,Mini Loafers (Grey),Footwear,4,Urgent,2026-08-03 05:27,Customer-12865,Pending
ORD00683,P00205,Mini Sneakers (White),Footwear,8,Urgent,2026-08-06 04:24,Customer-16686,Pending
ORD00684,P00668,Compact Table Lamp (Red),Home,4,Medium,2026-07-22 17:03,Customer-11190,Shipped
ORD00685,P00778,Compact Desk Organizer (Red),Stationery,8,Low,2026-08-17 10:22,Customer-10218,Picking
ORD00686,P00524,Premium Running Shoes (Green),Footwear,5,Urgent,2026-08-14 21:13,Customer-17734,Picking
ORD00687,P00424,Standard Hiking Boots (Blue),Footwear,2,Urgent,2026-07-23 20:02,Customer-15546,Pending
ORD00688,P00255,Compact Umbrella (Black),Accessories,2,Low,2026-08-23 11:45,Customer-17876,Cancelled
ORD00689,P00077,Mini Watch Strap (Grey),Accessories,4,Low,2026-07-16 19:18,Customer-19987,Picking
ORD00690,P00617,Premium Watch Strap (Green),Accessories,6,High,2026-08-28 23:50,Customer-10948,Cancelled
ORD00691,P00159,Plus Wall Clock (Blue),Home,8,Urgent,2026-07-17 17:35,Customer-14487,Shipped
ORD00692,P00586,Standard Flip Flops (Blue),Footwear,4,Medium,2026-08-01 17:01,Customer-14015,Shipped
ORD00693,P00605,Mini Boots (Silver),Footwear,3,High,2026-08-17 00:29,Customer-12856,Pending
ORD00694,P00450,Classic Highlighter Set (Blue),Stationery,5,Low,2026-07-16 05:40,Customer-11624,Pending
ORD00695,P00349,Standard USB-C Cable (Black),Electronics,3,High,2026-08-09 07:18,Customer-10851,Shipped
ORD00696,P00511,Mini Wireless Mouse (Green),Electronics,1,Urgent,2026-08-20 07:02,Customer-19437,Picked
ORD00697,P00395,Compact Calculator (Black),Stationery,1,Urgent,2026-08-14 17:04,Customer-14537,Pending
ORD00698,P00155,Pro Belt (Black),Accessories,1,Medium,2026-08-21 02:18,Customer-14830,Shipped
ORD00699,P00108,Plus File Folder (Green),Stationery,1,High,2026-07-15 10:09,Customer-16878,Picking
ORD00700,P00292,Max Headphones (Blue),Electronics,8,Medium,2026-08-19 22:12,Customer-18254,Picked
ORD00701,P00413,Pro Webcam (Green),Electronics,4,Low,2026-07-17 21:55,Customer-18921,Cancelled
ORD00702,P00436,Lite Highlighter Set (Black),Stationery,8,High,2026-07-07 09:24,Customer-12128,Shipped
ORD00703,P00471,Plus Bed Sheet Set (Blue),Home,1,Low,2026-08-07 01:36,Customer-13084,Cancelled
ORD00704,P00666,Deluxe Pen Set (Green),Stationery,2,High,2026-07-31 04:52,Customer-16678,Cancelled
ORD00705,P00583,Plus Sports Shoes (Beige),Footwear,1,Low,2026-08-22 23:40,Customer-15893,Shipped
ORD00706,P00299,Lite Keyboard (Red),Electronics,7,Medium,2026-07-07 18:38,Customer-13593,Shipped
ORD00707,P00415,Premium Storage Box (Silver),Home,4,Low,2026-07-23 04:20,Customer-16087,Shipped
ORD00708,P00800,Compact Wall Clock (White),Home,5,Medium,2026-07-08 19:02,Customer-13627,Picked
ORD00709,P00494,Max File Folder (Blue),Stationery,8,Low,2026-08-11 05:20,Customer-18594,Picked
ORD00710,P00577,Compact Notebook (Silver),Stationery,5,Medium,2026-07-13 13:40,Customer-18275,Picking
ORD00711,P00424,Standard Hiking Boots (Blue),Footwear,4,Low,2026-07-07 17:01,Customer-14778,Picked
ORD00712,P00555,Deluxe Cap (Red),Accessories,3,High,2026-08-21 11:30,Customer-16182,Pending
ORD00713,P00289,Pro Marker Pack (Silver),Stationery,5,Medium,2026-07-12 21:08,Customer-15314,Pending
ORD00714,P00187,Premium Sneakers (Grey),Footwear,7,Low,2026-08-01 23:39,Customer-11019,Picking
ORD00715,P00124,Mini Sneakers (Black),Footwear,3,Medium,2026-08-13 15:14,Customer-19629,Cancelled
ORD00716,P00560,Premium Cushion (Grey),Home,7,Urgent,2026-07-07 12:27,Customer-10055,Picking
ORD00717,P00449,Classic Sticky Notes (Blue),Stationery,4,High,2026-08-07 09:55,Customer-19651,Picked
ORD00718,P00003,Classic File Folder (Black),Stationery,1,Medium,2026-07-21 06:41,Customer-13504,Shipped
ORD00719,P00262,Mini Sticky Notes (Blue),Stationery,3,Low,2026-07-09 04:40,Customer-18993,Pending
ORD00720,P00525,Standard Storage Box (Red),Home,6,Medium,2026-08-04 03:54,Customer-11968,Pending
ORD00721,P00537,Plus Wallet (Silver),Accessories,2,Low,2026-08-07 14:39,Customer-10050,Shipped
ORD00722,P00743,Mini Pen Set (Beige),Stationery,4,High,2026-08-15 17:35,Customer-11311,Picking
ORD00723,P00131,Premium Storage Box (Green),Home,5,Urgent,2026-08-26 15:49,Customer-12727,Shipped
ORD00724,P00376,Compact Curtain (Black),Home,5,High,2026-08-23 12:37,Customer-15881,Pending
ORD00725,P00068,Compact Router (Black),Electronics,6,Low,2026-08-06 17:32,Customer-15971,Picked
ORD00726,P00328,Deluxe Notebook (Green),Stationery,5,Low,2026-08-13 05:10,Customer-13476,Picking
ORD00727,P00569,Pro Hiking Boots (Silver),Footwear,1,Low,2026-07-07 11:37,Customer-10052,Picked
ORD00728,P00404,Deluxe Sneakers (Blue),Footwear,6,Medium,2026-07-06 09:35,Customer-17845,Picking
ORD00729,P00536,Lite Sunglasses (Black),Accessories,5,Urgent,2026-08-26 22:32,Customer-10832,Cancelled
ORD00730,P00415,Premium Storage Box (Silver),Home,1,Low,2026-07-01 14:28,Customer-16218,Pending
ORD00731,P00418,Lite Earbuds (Red),Electronics,6,High,2026-07-07 02:00,Customer-11299,Shipped
ORD00732,P00388,Deluxe Storage Box (White),Home,1,High,2026-08-06 22:38,Customer-14805,Picked
ORD00733,P00711,Deluxe Wallet (White),Accessories,7,Low,2026-08-04 02:09,Customer-19664,Pending
ORD00734,P00523,Deluxe Running Shoes (White),Footwear,5,High,2026-07-08 16:51,Customer-13770,Shipped
ORD00735,P00635,Classic Stapler (Beige),Stationery,6,Low,2026-08-11 02:25,Customer-15446,Picked
ORD00736,P00270,Pro Door Mat (Red),Home,1,Low,2026-08-05 18:57,Customer-19119,Picking
ORD00737,P00275,Deluxe Sneakers (Grey),Footwear,7,Urgent,2026-07-17 10:39,Customer-16106,Picking
ORD00738,P00242,Deluxe Keychain (Silver),Accessories,3,Medium,2026-08-17 18:38,Customer-19961,Cancelled
ORD00739,P00446,Premium Photo Frame (Black),Home,7,Low,2026-08-23 13:20,Customer-10822,Cancelled
ORD00740,P00722,Premium Storage Box (Blue),Home,8,Medium,2026-07-11 11:54,Customer-18479,Cancelled
ORD00741,P00038,Premium Scissors (Black),Stationery,2,Medium,2026-07-27 06:07,Customer-10321,Picking
ORD00742,P00430,Mini Scissors (Black),Stationery,5,Low,2026-07-21 07:16,Customer-14261,Picked
ORD00743,P00108,Plus File Folder (Green),Stationery,7,Urgent,2026-07-13 13:42,Customer-19236,Picking
ORD00744,P00461,Pro Slippers (Green),Footwear,1,High,2026-08-25 17:57,Customer-12591,Cancelled
ORD00745,P00214,Premium Table Lamp (Grey),Home,5,Medium,2026-07-03 00:06,Customer-13529,Pending
ORD00746,P00703,Lite Wallet (Black),Accessories,2,High,2026-07-15 20:47,Customer-14500,Picked
ORD00747,P00339,Classic Bluetooth Speaker (White),Electronics,1,Urgent,2026-08-10 00:09,Customer-17789,Picking
ORD00748,P00351,Lite Boots (Green),Footwear,7,Low,2026-08-06 12:09,Customer-12148,Picking
ORD00749,P00059,Premium Boots (Red),Footwear,4,Low,2026-08-04 17:35,Customer-15709,Shipped
ORD00750,P00540,Deluxe Formal Shoes (Red),Footwear,8,Urgent,2026-07-19 00:43,Customer-16066,Pending
ORD00751,P00054,Standard Monitor (Green),Electronics,2,High,2026-07-26 22:11,Customer-16536,Shipped
ORD00752,P00467,Mini Bed Sheet Set (White),Home,7,Low,2026-08-13 23:43,Customer-19932,Picked
ORD00753,P00594,Standard Running Shoes (Silver),Footwear,4,High,2026-08-29 17:59,Customer-12172,Picked
ORD00754,P00616,Compact Cushion (Green),Home,8,High,2026-08-04 20:44,Customer-17666,Pending
ORD00755,P00604,Premium Flip Flops (Red),Footwear,8,Medium,2026-08-08 09:09,Customer-15381,Shipped
ORD00756,P00597,Deluxe Scissors (Green),Stationery,3,Urgent,2026-07-11 18:21,Customer-19908,Picked
ORD00757,P00343,Mini Bluetooth Speaker (Black),Electronics,1,High,2026-07-25 00:39,Customer-18816,Cancelled
ORD00758,P00705,Compact Sneakers (Blue),Footwear,5,High,2026-07-26 06:55,Customer-19172,Cancelled
ORD00759,P00142,Classic Curtain (Beige),Home,8,Low,2026-08-04 07:43,Customer-19362,Picked
ORD00760,P00124,Mini Sneakers (Black),Footwear,7,Low,2026-07-22 10:33,Customer-17977,Picked
ORD00761,P00785,Max Power Bank (Black),Electronics,7,Low,2026-08-19 16:32,Customer-19871,Pending
ORD00762,P00532,Lite Boots (Red),Footwear,7,High,2026-08-13 14:14,Customer-19254,Pending
ORD00763,P00305,Classic Hiking Boots (Grey),Footwear,4,Medium,2026-07-12 02:57,Customer-19569,Pending
ORD00764,P00764,Compact Marker Pack (Silver),Stationery,5,Urgent,2026-08-26 17:27,Customer-14611,Picked
ORD00765,P00267,Pro Sticky Notes (Silver),Stationery,5,High,2026-08-12 11:00,Customer-17504,Pending
ORD00766,P00464,Pro Marker Pack (Red),Stationery,6,Medium,2026-07-13 12:49,Customer-14467,Picked
ORD00767,P00744,Mini Power Bank (Blue),Electronics,8,Low,2026-07-14 16:54,Customer-11044,Pending
ORD00768,P00617,Premium Watch Strap (Green),Accessories,5,Low,2026-07-31 09:44,Customer-12672,Cancelled
ORD00769,P00487,Premium Candle Holder (Silver),Home,1,Low,2026-07-26 05:41,Customer-15203,Pending
ORD00770,P00629,Classic Tablet Stand (Black),Electronics,2,Medium,2026-07-23 08:42,Customer-16255,Pending
ORD00771,P00245,Max Photo Frame (Red),Home,3,Urgent,2026-08-10 20:29,Customer-13741,Picked
ORD00772,P00424,Standard Hiking Boots (Blue),Footwear,2,Urgent,2026-08-17 14:56,Customer-19172,Picked
ORD00773,P00548,Mini Sports Shoes (Black),Footwear,8,Low,2026-08-15 00:55,Customer-10006,Shipped
ORD00774,P00367,Pro Sticky Notes (Blue),Stationery,2,High,2026-07-03 16:13,Customer-19432,Cancelled
ORD00775,P00221,Standard Hiking Boots (Silver),Footwear,3,Medium,2026-08-24 16:05,Customer-16450,Shipped
ORD00776,P00627,Mini Sunglasses (Silver),Accessories,5,Low,2026-08-13 12:31,Customer-14011,Pending
ORD00777,P00782,Mini Handbag (Beige),Accessories,8,Urgent,2026-08-13 14:49,Customer-18499,Shipped
ORD00778,P00186,Compact Charger (Blue),Electronics,7,Low,2026-08-06 23:38,Customer-18642,Shipped
ORD00779,P00072,Max Pen Set (Beige),Stationery,4,High,2026-08-06 18:00,Customer-19203,Shipped
ORD00780,P00213,Deluxe Keychain (Grey),Accessories,2,High,2026-08-18 14:50,Customer-10169,Picking
ORD00781,P00146,Standard Water Bottle (Green),Home,3,Medium,2026-08-07 07:49,Customer-18449,Shipped
ORD00782,P00311,Premium Laptop Stand (Green),Electronics,5,Low,2026-07-03 11:28,Customer-16496,Picked
ORD00783,P00284,Standard Earbuds (Black),Electronics,8,Low,2026-08-21 14:40,Customer-10496,Picked
ORD00784,P00231,Lite Sticky Notes (Silver),Stationery,5,Medium,2026-08-05 21:01,Customer-14070,Picked
ORD00785,P00577,Compact Notebook (Silver),Stationery,6,Medium,2026-08-29 03:35,Customer-11690,Picking
ORD00786,P00112,Max Calculator (Green),Stationery,8,Low,2026-08-29 09:58,Customer-12791,Pending
ORD00787,P00554,Mini Wall Clock (Black),Home,1,Urgent,2026-08-29 08:38,Customer-12893,Cancelled
ORD00788,P00631,Max Running Shoes (Silver),Footwear,5,High,2026-07-23 17:06,Customer-18726,Pending
ORD00789,P00025,Max Sunglasses (Grey),Accessories,3,Urgent,2026-08-23 15:10,Customer-15822,Picking
ORD00790,P00395,Compact Calculator (Black),Stationery,1,Medium,2026-07-30 05:59,Customer-15814,Shipped
ORD00791,P00538,Max Umbrella (Red),Accessories,7,Urgent,2026-08-08 19:18,Customer-10628,Pending
ORD00792,P00616,Compact Cushion (Green),Home,4,High,2026-07-16 10:04,Customer-11465,Picked
ORD00793,P00137,Plus Handbag (White),Accessories,1,Medium,2026-07-28 08:22,Customer-12012,Picked
ORD00794,P00653,Max Keyboard (White),Electronics,6,Medium,2026-08-11 12:31,Customer-12382,Shipped
ORD00795,P00434,Classic Belt (Red),Accessories,7,Urgent,2026-08-17 01:59,Customer-12859,Shipped
ORD00796,P00460,Pro Bluetooth Speaker (Silver),Electronics,4,High,2026-08-21 22:32,Customer-13706,Picking
ORD00797,P00337,Plus Cap (Green),Accessories,5,High,2026-08-09 16:12,Customer-10326,Pending
ORD00798,P00565,Deluxe Handbag (Red),Accessories,5,Medium,2026-07-25 08:54,Customer-17335,Shipped
ORD00799,P00388,Deluxe Storage Box (White),Home,7,High,2026-07-08 15:26,Customer-19425,Picked
ORD00800,P00055,Premium Candle Holder (Black),Home,5,Urgent,2026-08-07 17:18,Customer-10227,Picking
ORD00801,P00080,Max Smart Watch (Grey),Electronics,5,Urgent,2026-08-18 15:55,Customer-17976,Picking
ORD00802,P00685,Premium Cushion (Grey),Home,7,Medium,2026-07-17 10:31,Customer-12302,Picking
ORD00803,P00262,Mini Sticky Notes (Blue),Stationery,7,Medium,2026-08-27 18:10,Customer-15931,Picked
ORD00804,P00440,Premium Sunglasses (Silver),Accessories,3,Urgent,2026-07-06 18:49,Customer-13610,Cancelled
ORD00805,P00288,Compact Router (Green),Electronics,8,High,2026-08-07 10:37,Customer-17136,Picked
ORD00806,P00310,Compact Sports Shoes (White),Footwear,2,High,2026-07-05 17:09,Customer-18358,Cancelled
ORD00807,P00118,Classic Bed Sheet Set (Grey),Home,4,Medium,2026-07-28 07:31,Customer-13473,Picked
ORD00808,P00656,Plus Cushion (Beige),Home,3,Medium,2026-07-24 20:40,Customer-17041,Picking
ORD00809,P00546,Classic Cap (White),Accessories,7,Urgent,2026-08-30 20:02,Customer-18134,Cancelled
ORD00810,P00087,Lite Belt (Silver),Accessories,5,Low,2026-07-23 13:53,Customer-15457,Pending
ORD00811,P00251,Classic Highlighter Set (Blue),Stationery,1,Low,2026-07-24 10:06,Customer-14476,Cancelled
ORD00812,P00091,Compact File Folder (Black),Stationery,6,Urgent,2026-08-15 18:47,Customer-16132,Cancelled
ORD00813,P00142,Classic Curtain (Beige),Home,5,Urgent,2026-08-30 23:22,Customer-15665,Picked
ORD00814,P00788,Compact Monitor (Blue),Electronics,7,Medium,2026-07-25 12:35,Customer-11279,Picking
ORD00815,P00061,Compact Monitor (Black),Electronics,1,Low,2026-08-06 13:07,Customer-11780,Pending
ORD00816,P00640,Pro Boots (Black),Footwear,8,High,2026-08-01 17:55,Customer-17202,Picking
ORD00817,P00337,Plus Cap (Green),Accessories,1,High,2026-07-22 16:47,Customer-11946,Picked
ORD00818,P00548,Mini Sports Shoes (Black),Footwear,7,Medium,2026-07-25 20:05,Customer-13733,Cancelled
ORD00819,P00257,Standard Formal Shoes (White),Footwear,3,Urgent,2026-07-25 17:01,Customer-15249,Picked
ORD00820,P00689,Premium Curtain (Beige),Home,1,High,2026-07-02 12:50,Customer-13452,Pending
ORD00821,P00589,Premium Sneakers (Green),Footwear,1,Low,2026-08-02 07:20,Customer-19178,Shipped
ORD00822,P00249,Deluxe Flip Flops (Green),Footwear,6,High,2026-07-02 08:58,Customer-19532,Pending
ORD00823,P00039,Plus HDMI Cable (Grey),Electronics,5,High,2026-07-22 20:03,Customer-13050,Cancelled
ORD00824,P00163,Deluxe Formal Shoes (Red),Footwear,3,Urgent,2026-08-05 08:24,Customer-15420,Picked
ORD00825,P00788,Compact Monitor (Blue),Electronics,6,Low,2026-08-03 11:13,Customer-12419,Cancelled
ORD00826,P00309,Lite Bluetooth Speaker (Black),Electronics,8,Medium,2026-08-25 06:00,Customer-16300,Picked
ORD00827,P00751,Compact Wallet (Beige),Accessories,4,High,2026-08-10 06:48,Customer-19736,Picking
ORD00828,P00617,Premium Watch Strap (Green),Accessories,5,High,2026-08-22 20:00,Customer-11173,Pending
ORD00829,P00593,Premium Notebook (Black),Stationery,2,Medium,2026-08-01 22:59,Customer-17289,Cancelled
ORD00830,P00451,Plus USB-C Cable (Green),Electronics,3,Urgent,2026-08-18 07:27,Customer-19271,Picked
ORD00831,P00494,Max File Folder (Blue),Stationery,4,Low,2026-07-17 09:27,Customer-18493,Picking
ORD00832,P00013,Deluxe Scissors (Red),Stationery,7,Medium,2026-07-07 11:30,Customer-19642,Cancelled
ORD00833,P00300,Premium Tablet Stand (White),Electronics,1,Low,2026-08-06 19:00,Customer-14789,Picked
ORD00834,P00430,Mini Scissors (Black),Stationery,6,Low,2026-07-15 07:46,Customer-17663,Pending
ORD00835,P00215,Compact Wall Clock (Silver),Home,8,Urgent,2026-07-15 05:58,Customer-18753,Cancelled
ORD00836,P00458,Premium Cap (Red),Accessories,8,Medium,2026-08-02 11:10,Customer-10875,Cancelled
ORD00837,P00566,Premium Sandals (Blue),Footwear,3,Urgent,2026-07-03 21:36,Customer-17956,Picked
ORD00838,P00679,Premium Marker Pack (Green),Stationery,1,Medium,2026-07-12 13:09,Customer-16559,Cancelled
ORD00839,P00049,Pro USB-C Cable (Black),Electronics,5,High,2026-08-12 02:48,Customer-19519,Pending
ORD00840,P00648,Max Backpack (Blue),Accessories,5,Medium,2026-08-06 07:24,Customer-17864,Shipped
ORD00841,P00195,Mini Photo Frame (Black),Home,3,Urgent,2026-08-25 21:02,Customer-12441,Picked
ORD00842,P00645,Deluxe Sneakers (Silver),Footwear,5,Urgent,2026-07-24 05:55,Customer-17826,Picking
ORD00843,P00651,Standard Scissors (Blue),Stationery,8,Urgent,2026-07-10 05:09,Customer-18870,Cancelled
ORD00844,P00767,Pro Sports Shoes (White),Footwear,2,Urgent,2026-07-01 00:54,Customer-12963,Pending
ORD00845,P00776,Max Wallet (Grey),Accessories,7,Low,2026-07-18 19:51,Customer-12945,Cancelled
ORD00846,P00698,Pro Laptop Stand (Grey),Electronics,2,Low,2026-08-29 01:40,Customer-14139,Picking
ORD00847,P00444,Lite Webcam (Grey),Electronics,7,Low,2026-07-08 12:20,Customer-16886,Picked
ORD00848,P00496,Compact Slippers (Silver),Footwear,1,Low,2026-07-07 00:47,Customer-19390,Picking
ORD00849,P00355,Standard Water Bottle (Black),Home,8,Medium,2026-07-17 15:39,Customer-16886,Picked
ORD00850,P00139,Pro Sneakers (Beige),Footwear,4,Urgent,2026-07-03 06:28,Customer-13158,Pending
ORD00851,P00668,Compact Table Lamp (Red),Home,2,Low,2026-07-01 11:17,Customer-11311,Cancelled
ORD00852,P00227,Standard Earbuds (Black),Electronics,2,Medium,2026-07-17 05:52,Customer-12594,Cancelled
ORD00853,P00048,Classic Marker Pack (White),Stationery,8,Medium,2026-07-06 09:47,Customer-11138,Shipped
ORD00854,P00387,Plus Sticky Notes (Grey),Stationery,4,Urgent,2026-07-25 09:00,Customer-19008,Shipped
ORD00855,P00025,Max Sunglasses (Grey),Accessories,3,High,2026-07-28 00:17,Customer-11579,Shipped
ORD00856,P00503,Plus Watch Strap (Black),Accessories,4,High,2026-07-13 18:28,Customer-14926,Shipped
ORD00857,P00758,Lite Sandals (Blue),Footwear,5,Low,2026-07-23 22:47,Customer-11895,Pending
ORD00858,P00390,Pro Flip Flops (Beige),Footwear,7,Urgent,2026-07-05 09:23,Customer-17046,Shipped
ORD00859,P00660,Mini Sports Shoes (Beige),Footwear,8,Low,2026-07-22 13:30,Customer-18656,Cancelled
ORD00860,P00634,Compact Wireless Mouse (Grey),Electronics,2,Medium,2026-07-15 23:24,Customer-12002,Cancelled
ORD00861,P00121,Mini Highlighter Set (White),Stationery,1,Low,2026-07-04 13:58,Customer-12636,Cancelled
ORD00862,P00027,Mini Belt (Silver),Accessories,5,Low,2026-08-15 20:31,Customer-18733,Pending
ORD00863,P00744,Mini Power Bank (Blue),Electronics,2,Low,2026-07-10 12:47,Customer-10998,Picked
ORD00864,P00786,Standard Earbuds (Grey),Electronics,5,Low,2026-08-05 13:30,Customer-17021,Picked
ORD00865,P00553,Plus Formal Shoes (Blue),Footwear,6,Low,2026-08-27 07:48,Customer-15974,Shipped
ORD00866,P00607,Mini Calculator (Beige),Stationery,4,High,2026-07-02 22:30,Customer-16528,Shipped
ORD00867,P00746,Mini Door Mat (Grey),Home,5,Low,2026-07-30 03:29,Customer-19882,Pending
ORD00868,P00022,Lite Watch Strap (White),Accessories,4,Low,2026-08-23 01:49,Customer-18671,Picked
ORD00869,P00553,Plus Formal Shoes (Blue),Footwear,6,High,2026-08-06 14:39,Customer-13558,Pending
ORD00870,P00551,Premium Cap (Silver),Accessories,5,Medium,2026-07-01 09:44,Customer-13506,Picking
ORD00871,P00271,Plus Curtain (Grey),Home,1,Medium,2026-07-20 07:11,Customer-18922,Picking
ORD00872,P00027,Mini Belt (Silver),Accessories,1,Urgent,2026-08-12 03:27,Customer-10384,Picking
ORD00873,P00403,Compact Bed Sheet Set (Beige),Home,6,Medium,2026-08-12 15:41,Customer-14290,Shipped
ORD00874,P00356,Plus Table Lamp (Beige),Home,7,Medium,2026-07-19 09:58,Customer-11464,Shipped
ORD00875,P00216,Deluxe Table Lamp (Black),Home,3,Medium,2026-08-18 03:37,Customer-11321,Pending
ORD00876,P00483,Standard Hiking Boots (Black),Footwear,4,Urgent,2026-07-13 20:09,Customer-13153,Picked
ORD00877,P00520,Deluxe Keychain (Red),Accessories,2,Low,2026-07-15 21:56,Customer-12871,Shipped
ORD00878,P00231,Lite Sticky Notes (Silver),Stationery,1,Urgent,2026-07-23 14:11,Customer-14230,Cancelled
ORD00879,P00653,Max Keyboard (White),Electronics,1,Low,2026-08-28 01:09,Customer-11295,Pending
ORD00880,P00171,Lite Curtain (Green),Home,1,Medium,2026-08-03 10:27,Customer-14989,Picking
ORD00881,P00062,Max HDMI Cable (Blue),Electronics,6,Low,2026-08-06 05:01,Customer-17925,Picking
ORD00882,P00095,Plus Backpack (Red),Accessories,3,Low,2026-07-10 02:17,Customer-11753,Shipped
ORD00883,P00529,Premium Sunglasses (Green),Accessories,1,Urgent,2026-07-10 14:54,Customer-17436,Shipped
ORD00884,P00440,Premium Sunglasses (Silver),Accessories,6,High,2026-07-22 04:57,Customer-11396,Picked
ORD00885,P00156,Max USB-C Cable (Black),Electronics,8,High,2026-08-08 01:36,Customer-17399,Pending
ORD00886,P00075,Deluxe Curtain (Green),Home,8,Urgent,2026-07-02 03:17,Customer-16470,Cancelled
ORD00887,P00421,Premium Tablet Stand (Black),Electronics,7,Medium,2026-08-17 21:01,Customer-16867,Picked
ORD00888,P00104,Pro Cap (Grey),Accessories,8,High,2026-07-27 11:18,Customer-15733,Cancelled
ORD00889,P00319,Compact Curtain (Grey),Home,6,High,2026-08-08 22:23,Customer-17644,Picked
ORD00890,P00191,Compact Charger (Blue),Electronics,3,Medium,2026-08-01 04:50,Customer-17526,Shipped
ORD00891,P00389,Standard Travel Pouch (Green),Accessories,8,Low,2026-08-19 00:05,Customer-13622,Cancelled
ORD00892,P00383,Deluxe Photo Frame (Black),Home,7,Low,2026-07-09 01:11,Customer-10557,Picking
ORD00893,P00743,Mini Pen Set (Beige),Stationery,4,Low,2026-07-15 15:53,Customer-10493,Pending
ORD00894,P00272,Standard Backpack (Grey),Accessories,6,Urgent,2026-07-02 13:04,Customer-17207,Pending
ORD00895,P00360,Pro Keyboard (Red),Electronics,2,Low,2026-08-28 15:07,Customer-13645,Picking
ORD00896,P00229,Plus Flip Flops (Silver),Footwear,5,Low,2026-07-06 06:36,Customer-18049,Picking
ORD00897,P00345,Premium Curtain (Beige),Home,7,Urgent,2026-08-23 19:04,Customer-11498,Picked
ORD00898,P00654,Deluxe Keychain (Beige),Accessories,6,High,2026-08-28 11:26,Customer-13770,Cancelled
ORD00899,P00793,Standard HDMI Cable (White),Electronics,2,Low,2026-07-27 12:09,Customer-12059,Cancelled
ORD00900,P00700,Plus Cap (Silver),Accessories,7,High,2026-07-02 13:48,Customer-18970,Cancelled
ORD00901,P00090,Mini Boots (Silver),Footwear,7,Low,2026-07-30 05:02,Customer-10877,Picking
ORD00902,P00028,Classic Earbuds (White),Electronics,1,Medium,2026-08-22 09:36,Customer-11373,Cancelled
ORD00903,P00221,Standard Hiking Boots (Silver),Footwear,4,Medium,2026-07-24 22:39,Customer-19296,Picking
ORD00904,P00418,Lite Earbuds (Red),Electronics,6,Low,2026-07-23 17:25,Customer-18641,Pending
ORD00905,P00710,Max Water Bottle (Red),Home,8,Low,2026-08-17 12:59,Customer-14076,Picked
ORD00906,P00499,Deluxe Sneakers (Green),Footwear,5,Medium,2026-07-14 04:41,Customer-11541,Shipped
ORD00907,P00475,Max Loafers (Green),Footwear,3,Urgent,2026-08-05 06:48,Customer-18794,Shipped
ORD00908,P00764,Compact Marker Pack (Silver),Stationery,4,Urgent,2026-07-27 10:01,Customer-16669,Picked
ORD00909,P00512,Premium Bed Sheet Set (Blue),Home,3,High,2026-07-28 10:27,Customer-12294,Shipped
ORD00910,P00541,Compact Running Shoes (Red),Footwear,5,Low,2026-07-22 12:06,Customer-10396,Cancelled
ORD00911,P00737,Pro Laptop Stand (Red),Electronics,3,Medium,2026-08-28 02:35,Customer-11707,Shipped
ORD00912,P00689,Premium Curtain (Beige),Home,1,Medium,2026-07-16 08:43,Customer-15708,Picked
ORD00913,P00539,Compact Stapler (Grey),Stationery,7,High,2026-07-15 01:12,Customer-17177,Shipped
ORD00914,P00211,Mini Marker Pack (Grey),Stationery,2,High,2026-07-21 07:41,Customer-15531,Cancelled
ORD00915,P00099,Max Watch Strap (Grey),Accessories,8,Low,2026-07-12 21:22,Customer-16593,Picking
ORD00916,P00273,Classic Router (Silver),Electronics,5,Urgent,2026-07-01 15:20,Customer-17247,Picked
ORD00917,P00268,Lite Keychain (Beige),Accessories,7,Medium,2026-08-12 13:30,Customer-12983,Picking
ORD00918,P00311,Premium Laptop Stand (Green),Electronics,7,Medium,2026-08-06 11:51,Customer-11881,Shipped
ORD00919,P00607,Mini Calculator (Beige),Stationery,2,Low,2026-07-17 04:48,Customer-16073,Pending
ORD00920,P00473,Classic Bed Sheet Set (White),Home,4,Medium,2026-07-10 11:52,Customer-12352,Cancelled
ORD00921,P00305,Classic Hiking Boots (Grey),Footwear,5,Low,2026-07-30 19:52,Customer-10477,Picked
ORD00922,P00008,Mini Cap (Red),Accessories,1,Medium,2026-08-26 22:40,Customer-17202,Picked
ORD00923,P00700,Plus Cap (Silver),Accessories,1,Low,2026-07-31 06:24,Customer-16815,Shipped
ORD00924,P00320,Deluxe Bed Sheet Set (Beige),Home,8,Medium,2026-08-18 16:01,Customer-11884,Picking
ORD00925,P00559,Classic Belt (Grey),Accessories,4,Urgent,2026-08-30 15:58,Customer-12929,Shipped
ORD00926,P00447,Standard Keychain (Grey),Accessories,8,High,2026-07-05 05:29,Customer-13219,Picked
ORD00927,P00622,Compact Power Bank (Beige),Electronics,3,High,2026-07-27 01:06,Customer-14196,Picked
ORD00928,P00130,Max Smart Watch (White),Electronics,2,Low,2026-07-27 02:49,Customer-10253,Picking
ORD00929,P00374,Pro Cap (White),Accessories,5,Urgent,2026-07-23 14:27,Customer-17982,Shipped
ORD00930,P00717,Deluxe Keychain (White),Accessories,5,Low,2026-08-02 02:48,Customer-11747,Picked
ORD00931,P00102,Max Cap (Red),Accessories,2,Urgent,2026-07-10 09:26,Customer-11635,Picked
ORD00932,P00690,Standard Calculator (Black),Stationery,4,Urgent,2026-08-12 02:17,Customer-12775,Cancelled
ORD00933,P00519,Classic Stapler (Silver),Stationery,4,Medium,2026-08-29 08:54,Customer-18516,Picked
ORD00934,P00289,Pro Marker Pack (Silver),Stationery,1,Urgent,2026-08-20 23:27,Customer-12206,Shipped
ORD00935,P00487,Premium Candle Holder (Silver),Home,3,Low,2026-07-07 16:31,Customer-18025,Pending
ORD00936,P00330,Deluxe Power Bank (Grey),Electronics,6,High,2026-08-05 01:25,Customer-19856,Pending
ORD00937,P00605,Mini Boots (Silver),Footwear,8,Medium,2026-07-09 17:57,Customer-14446,Shipped
ORD00938,P00584,Standard Candle Holder (White),Home,1,Urgent,2026-07-23 23:23,Customer-13150,Pending
ORD00939,P00775,Mini Photo Frame (Red),Home,3,High,2026-08-18 22:58,Customer-19276,Pending
ORD00940,P00413,Pro Webcam (Green),Electronics,2,Low,2026-07-24 19:05,Customer-15337,Cancelled
ORD00941,P00767,Pro Sports Shoes (White),Footwear,1,High,2026-07-27 21:20,Customer-19257,Picking
ORD00942,P00476,Pro Stapler (Grey),Stationery,5,Medium,2026-08-08 07:12,Customer-12076,Shipped
ORD00943,P00656,Plus Cushion (Beige),Home,8,High,2026-07-30 00:50,Customer-18596,Pending
ORD00944,P00173,Deluxe Slippers (Beige),Footwear,7,Medium,2026-07-22 15:55,Customer-16877,Picking
ORD00945,P00424,Standard Hiking Boots (Blue),Footwear,1,Urgent,2026-07-04 23:34,Customer-15981,Cancelled
ORD00946,P00557,Pro Scissors (Beige),Stationery,2,Urgent,2026-07-03 08:11,Customer-10113,Picking
ORD00947,P00001,Lite Wireless Mouse (Red),Electronics,6,High,2026-07-01 01:00,Customer-17472,Cancelled
ORD00948,P00158,Deluxe Table Lamp (Red),Home,7,Low,2026-08-19 17:05,Customer-12625,Picking
ORD00949,P00053,Max Candle Holder (White),Home,1,Low,2026-07-18 08:26,Customer-11155,Pending
ORD00950,P00556,Standard Hiking Boots (Beige),Footwear,7,High,2026-07-06 16:34,Customer-12724,Picking
ORD00951,P00725,Plus Notebook (Black),Stationery,8,Low,2026-08-23 17:34,Customer-16415,Picking
ORD00952,P00116,Max Sticky Notes (Beige),Stationery,5,Urgent,2026-08-03 08:08,Customer-15708,Pending
ORD00953,P00593,Premium Notebook (Black),Stationery,1,Low,2026-08-21 02:11,Customer-10042,Picking
ORD00954,P00466,Deluxe Travel Pouch (Green),Accessories,3,Medium,2026-07-13 04:55,Customer-12534,Cancelled
ORD00955,P00419,Classic Wallet (Red),Accessories,6,High,2026-07-20 17:18,Customer-15019,Cancelled
ORD00956,P00172,Lite Formal Shoes (Silver),Footwear,4,Low,2026-08-05 12:56,Customer-14412,Cancelled
ORD00957,P00332,Max Slippers (White),Footwear,2,Urgent,2026-08-01 23:05,Customer-19984,Picking
ORD00958,P00790,Mini Marker Pack (Green),Stationery,4,Medium,2026-07-21 21:47,Customer-15951,Cancelled
ORD00959,P00517,Premium Stapler (Black),Stationery,8,High,2026-08-01 17:10,Customer-18445,Picking
ORD00960,P00269,Lite Umbrella (Red),Accessories,4,Urgent,2026-08-06 09:49,Customer-17121,Pending
ORD00961,P00679,Premium Marker Pack (Green),Stationery,1,Medium,2026-08-24 14:26,Customer-15262,Cancelled
ORD00962,P00500,Lite Wireless Mouse (Silver),Electronics,4,Urgent,2026-08-03 06:50,Customer-12450,Cancelled
ORD00963,P00420,Premium Curtain (White),Home,5,Urgent,2026-07-08 20:30,Customer-19989,Picked
ORD00964,P00067,Lite Sneakers (Red),Footwear,8,Medium,2026-08-09 00:16,Customer-12569,Pending
ORD00965,P00192,Classic Backpack (Grey),Accessories,2,Medium,2026-08-12 06:03,Customer-15378,Picked
ORD00966,P00555,Deluxe Cap (Red),Accessories,2,Urgent,2026-07-08 08:40,Customer-17753,Picking
ORD00967,P00526,Deluxe Bed Sheet Set (Silver),Home,6,Medium,2026-07-26 10:42,Customer-18782,Shipped
ORD00968,P00277,Deluxe Water Bottle (Green),Home,5,Urgent,2026-08-23 10:06,Customer-10722,Cancelled
ORD00969,P00179,Premium Marker Pack (Silver),Stationery,3,Low,2026-08-08 07:26,Customer-15678,Cancelled
ORD00970,P00023,Plus Hiking Boots (Red),Footwear,3,Urgent,2026-08-14 21:31,Customer-10914,Cancelled
ORD00971,P00654,Deluxe Keychain (Beige),Accessories,1,Medium,2026-08-30 06:10,Customer-17484,Pending
ORD00972,P00083,Deluxe Stapler (Black),Stationery,8,Medium,2026-08-21 20:50,Customer-13445,Picked
ORD00973,P00458,Premium Cap (Red),Accessories,3,High,2026-07-30 06:20,Customer-15409,Picked
ORD00974,P00715,Deluxe File Folder (White),Stationery,7,Urgent,2026-08-04 00:09,Customer-18965,Picked
ORD00975,P00435,Lite Webcam (Beige),Electronics,1,Urgent,2026-08-24 14:15,Customer-11702,Picked
ORD00976,P00712,Plus Sticky Notes (Green),Stationery,2,High,2026-08-29 11:10,Customer-13458,Shipped
ORD00977,P00157,Max Sticky Notes (Blue),Stationery,3,Medium,2026-07-25 20:48,Customer-14676,Shipped
ORD00978,P00695,Max Power Bank (Red),Electronics,1,High,2026-07-04 09:12,Customer-15651,Pending
ORD00979,P00586,Standard Flip Flops (Blue),Footwear,7,Low,2026-07-04 14:54,Customer-12277,Picked
ORD00980,P00712,Plus Sticky Notes (Green),Stationery,7,Urgent,2026-07-25 12:19,Customer-15890,Shipped
ORD00981,P00706,Plus Sticky Notes (Beige),Stationery,3,Medium,2026-08-14 02:36,Customer-18727,Shipped
ORD00982,P00497,Premium Wall Clock (Black),Home,8,Low,2026-07-27 06:59,Customer-13978,Pending
ORD00983,P00703,Lite Wallet (Black),Accessories,4,Medium,2026-08-18 08:55,Customer-17200,Picking
ORD00984,P00686,Standard Tablet Stand (Silver),Electronics,1,Urgent,2026-08-18 20:12,Customer-10930,Pending
ORD00985,P00734,Premium Notebook (Red),Stationery,4,Medium,2026-08-08 00:11,Customer-17539,Picked
ORD00986,P00643,Premium Formal Shoes (Beige),Footwear,1,Medium,2026-07-08 07:51,Customer-12205,Pending
ORD00987,P00695,Max Power Bank (Red),Electronics,3,High,2026-07-15 00:22,Customer-10252,Picked
ORD00988,P00800,Compact Wall Clock (White),Home,8,Medium,2026-08-21 07:21,Customer-17482,Picking
ORD00989,P00220,Premium Bed Sheet Set (Grey),Home,3,Low,2026-08-09 09:17,Customer-16195,Picked
ORD00990,P00461,Pro Slippers (Green),Footwear,6,Medium,2026-08-02 18:15,Customer-12273,Picked
ORD00991,P00522,Standard Desk Organizer (Blue),Stationery,6,Low,2026-08-07 15:34,Customer-18857,Picked
ORD00992,P00026,Deluxe File Folder (Beige),Stationery,7,Medium,2026-08-08 19:02,Customer-18207,Shipped
ORD00993,P00538,Max Umbrella (Red),Accessories,7,Medium,2026-07-16 06:34,Customer-18358,Shipped
ORD00994,P00115,Standard Photo Frame (Grey),Home,1,Urgent,2026-07-21 09:41,Customer-10880,Picking
ORD00995,P00352,Premium Wireless Mouse (Beige),Electronics,5,Low,2026-08-02 01:43,Customer-14342,Picked
ORD00996,P00256,Max Pen Set (Grey),Stationery,5,Low,2026-07-22 17:22,Customer-18351,Picked
ORD00997,P00140,Compact Photo Frame (Silver),Home,5,Medium,2026-08-23 05:52,Customer-14715,Shipped
ORD00998,P00007,Mini Earbuds (Beige),Electronics,2,Medium,2026-07-27 02:11,Customer-16092,Pending
ORD00999,P00337,Plus Cap (Green),Accessories,7,High,2026-08-30 15:40,Customer-13208,Shipped
ORD01000,P00042,Mini Sticky Notes (Silver),Stationery,6,Urgent,2026-08-08 21:40,Customer-11075,Cancelled
ORD01001,P00107,Classic Stapler (White),Stationery,7,Urgent,2026-08-23 18:03,Customer-13241,Cancelled
ORD01002,P00661,Pro Handbag (White),Accessories,6,Medium,2026-08-10 03:06,Customer-15336,Cancelled
ORD01003,P00287,Max Wallet (Silver),Accessories,3,Urgent,2026-07-15 21:14,Customer-13128,Picking
ORD01004,P00664,Premium Sports Shoes (Beige),Footwear,5,Urgent,2026-07-14 19:31,Customer-17540,Shipped
ORD01005,P00737,Pro Laptop Stand (Red),Electronics,2,Urgent,2026-07-08 22:19,Customer-11768,Shipped
ORD01006,P00453,Plus Photo Frame (Silver),Home,5,High,2026-08-11 22:35,Customer-16209,Pending
ORD01007,P00271,Plus Curtain (Grey),Home,1,Medium,2026-08-19 15:40,Customer-19889,Picking
ORD01008,P00450,Classic Highlighter Set (Blue),Stationery,5,High,2026-07-10 01:03,Customer-16809,Cancelled
ORD01009,P00789,Lite Wallet (White),Accessories,8,Medium,2026-07-25 16:40,Customer-19903,Picking
ORD01010,P00652,Plus Smart Watch (Black),Electronics,8,Low,2026-07-28 19:57,Customer-18466,Cancelled
ORD01011,P00597,Deluxe Scissors (Green),Stationery,7,Urgent,2026-07-20 07:38,Customer-16405,Pending
ORD01012,P00718,Pro Loafers (Red),Footwear,8,Low,2026-08-17 22:02,Customer-16276,Picked
ORD01013,P00745,Plus Sandals (Red),Footwear,1,Medium,2026-07-29 19:09,Customer-13097,Pending
ORD01014,P00634,Compact Wireless Mouse (Grey),Electronics,6,High,2026-08-07 16:57,Customer-11103,Shipped
ORD01015,P00578,Standard Backpack (Grey),Accessories,1,Medium,2026-07-04 07:15,Customer-13173,Pending
ORD01016,P00138,Max Sandals (Beige),Footwear,1,Medium,2026-08-08 05:19,Customer-15219,Shipped
ORD01017,P00307,Classic Formal Shoes (Blue),Footwear,3,Medium,2026-07-06 15:41,Customer-15505,Cancelled
ORD01018,P00377,Max Curtain (Green),Home,8,Low,2026-08-18 22:44,Customer-19391,Picked
ORD01019,P00384,Plus Wallet (White),Accessories,2,High,2026-08-21 10:52,Customer-16811,Cancelled
ORD01020,P00093,Compact Keychain (Blue),Accessories,1,Low,2026-07-21 16:12,Customer-18493,Picking
ORD01021,P00462,Compact Wallet (Grey),Accessories,2,High,2026-07-20 02:06,Customer-15710,Cancelled
ORD01022,P00315,Standard Laptop Stand (Beige),Electronics,3,High,2026-07-10 22:21,Customer-14287,Picked
ORD01023,P00597,Deluxe Scissors (Green),Stationery,4,High,2026-07-16 16:40,Customer-16058,Cancelled
ORD01024,P00058,Mini Highlighter Set (Beige),Stationery,5,Medium,2026-07-17 11:40,Customer-15230,Shipped
ORD01025,P00080,Max Smart Watch (Grey),Electronics,7,High,2026-07-10 06:00,Customer-17622,Picked
ORD01026,P00790,Mini Marker Pack (Green),Stationery,6,Urgent,2026-07-19 21:38,Customer-14636,Cancelled
ORD01027,P00129,Compact Sandals (Silver),Footwear,7,High,2026-08-16 19:33,Customer-12192,Shipped
ORD01028,P00718,Pro Loafers (Red),Footwear,3,High,2026-07-05 23:30,Customer-11632,Shipped
ORD01029,P00263,Standard Router (Red),Electronics,1,High,2026-08-27 16:52,Customer-18596,Pending
ORD01030,P00046,Max USB-C Cable (White),Electronics,1,Low,2026-08-04 14:51,Customer-16354,Picking
ORD01031,P00304,Max Marker Pack (Green),Stationery,4,High,2026-07-25 22:06,Customer-14584,Shipped
ORD01032,P00003,Classic File Folder (Black),Stationery,7,High,2026-07-17 12:24,Customer-14024,Picked
ORD01033,P00408,Mini Bed Sheet Set (Beige),Home,2,Low,2026-07-26 06:42,Customer-12936,Cancelled
ORD01034,P00561,Deluxe Cap (Black),Accessories,8,Urgent,2026-08-30 10:27,Customer-12802,Picked
ORD01035,P00155,Pro Belt (Black),Accessories,6,Urgent,2026-07-09 14:44,Customer-14407,Picking
ORD01036,P00360,Pro Keyboard (Red),Electronics,8,High,2026-07-09 16:13,Customer-13243,Shipped
ORD01037,P00520,Deluxe Keychain (Red),Accessories,1,Medium,2026-08-03 07:13,Customer-15111,Cancelled
ORD01038,P00373,Classic Door Mat (Black),Home,7,Urgent,2026-07-16 10:13,Customer-12321,Picking
ORD01039,P00342,Deluxe Handbag (White),Accessories,8,High,2026-07-27 03:37,Customer-12760,Picked
ORD01040,P00037,Mini Loafers (Black),Footwear,6,High,2026-07-30 02:04,Customer-10744,Shipped
ORD01041,P00079,Deluxe Curtain (White),Home,4,Urgent,2026-07-11 13:14,Customer-10069,Picked
ORD01042,P00375,Compact Desk Organizer (Beige),Stationery,3,Low,2026-08-29 17:06,Customer-15960,Picking
ORD01043,P00202,Standard Keychain (Grey),Accessories,1,Low,2026-07-25 09:21,Customer-10585,Picked
ORD01044,P00429,Max Webcam (White),Electronics,4,High,2026-08-21 04:36,Customer-15479,Picked
ORD01045,P00367,Pro Sticky Notes (Blue),Stationery,4,Medium,2026-08-06 13:50,Customer-19667,Cancelled
ORD01046,P00065,Lite Keyboard (Silver),Electronics,3,Medium,2026-08-17 20:39,Customer-13438,Cancelled
ORD01047,P00578,Standard Backpack (Grey),Accessories,5,Low,2026-08-09 22:29,Customer-19500,Cancelled
ORD01048,P00044,Max Flip Flops (Grey),Footwear,6,Medium,2026-07-04 23:40,Customer-18000,Picking
ORD01049,P00208,Lite Boots (Silver),Footwear,1,Low,2026-08-17 18:03,Customer-12060,Shipped
ORD01050,P00645,Deluxe Sneakers (Silver),Footwear,1,Medium,2026-08-05 08:17,Customer-10164,Picked
ORD01051,P00258,Mini Laptop Stand (Grey),Electronics,6,Urgent,2026-08-11 12:02,Customer-11680,Shipped
ORD01052,P00323,Standard Umbrella (Beige),Accessories,6,Low,2026-07-02 09:54,Customer-16417,Picked
ORD01053,P00331,Deluxe Wallet (Red),Accessories,1,Low,2026-08-16 22:50,Customer-15293,Cancelled
ORD01054,P00407,Mini Wallet (Grey),Accessories,8,High,2026-08-23 18:30,Customer-12683,Picking
ORD01055,P00174,Premium Backpack (Green),Accessories,3,Urgent,2026-07-27 08:21,Customer-14129,Picking
ORD01056,P00019,Mini Marker Pack (Silver),Stationery,7,High,2026-07-06 13:49,Customer-11049,Cancelled
ORD01057,P00108,Plus File Folder (Green),Stationery,7,Low,2026-07-04 09:13,Customer-11650,Picking
ORD01058,P00391,Classic Scissors (Green),Stationery,6,Urgent,2026-07-23 01:02,Customer-11489,Picked
ORD01059,P00736,Lite Laptop Stand (Green),Electronics,1,High,2026-07-14 09:05,Customer-18971,Shipped
ORD01060,P00112,Max Calculator (Green),Stationery,3,High,2026-07-13 03:48,Customer-12584,Cancelled
ORD01061,P00422,Max Desk Organizer (Blue),Stationery,5,Urgent,2026-07-11 23:29,Customer-12156,Picked
ORD01062,P00338,Mini Bluetooth Speaker (Beige),Electronics,3,High,2026-07-28 02:52,Customer-14280,Cancelled
ORD01063,P00160,Pro Desk Organizer (Blue),Stationery,5,High,2026-07-16 13:08,Customer-10366,Picking
ORD01064,P00237,Premium Door Mat (Red),Home,1,Urgent,2026-07-12 23:16,Customer-10446,Pending
ORD01065,P00196,Pro Umbrella (White),Accessories,8,High,2026-07-12 18:42,Customer-18922,Picking
ORD01066,P00272,Standard Backpack (Grey),Accessories,4,Medium,2026-08-30 06:48,Customer-11005,Cancelled
ORD01067,P00501,Lite Highlighter Set (Black),Stationery,2,High,2026-08-21 15:00,Customer-15499,Picking
ORD01068,P00778,Compact Desk Organizer (Red),Stationery,6,Low,2026-07-15 17:27,Customer-11909,Shipped
ORD01069,P00421,Premium Tablet Stand (Black),Electronics,5,Medium,2026-07-17 17:30,Customer-16683,Shipped
ORD01070,P00385,Lite File Folder (Grey),Stationery,1,Low,2026-07-27 00:30,Customer-17509,Cancelled
ORD01071,P00372,Pro Travel Pouch (Grey),Accessories,7,Urgent,2026-07-20 14:50,Customer-14506,Pending
ORD01072,P00566,Premium Sandals (Blue),Footwear,1,Low,2026-07-18 05:21,Customer-10651,Cancelled
ORD01073,P00056,Standard Wireless Mouse (Green),Electronics,4,High,2026-08-05 16:34,Customer-16172,Pending
ORD01074,P00132,Compact Curtain (Beige),Home,4,Urgent,2026-08-14 03:50,Customer-15478,Shipped
ORD01075,P00482,Deluxe Monitor (Grey),Electronics,7,Urgent,2026-07-15 21:58,Customer-18026,Picking
ORD01076,P00440,Premium Sunglasses (Silver),Accessories,3,Medium,2026-07-18 00:32,Customer-15263,Cancelled
ORD01077,P00685,Premium Cushion (Grey),Home,8,Low,2026-08-19 15:01,Customer-17452,Picking
ORD01078,P00557,Pro Scissors (Beige),Stationery,5,High,2026-07-17 14:15,Customer-18232,Picking
ORD01079,P00066,Compact Watch Strap (Silver),Accessories,7,High,2026-07-26 10:16,Customer-19732,Picking
ORD01080,P00170,Premium Calculator (Silver),Stationery,3,High,2026-07-17 22:28,Customer-13224,Cancelled
ORD01081,P00739,Mini Hiking Boots (Red),Footwear,4,Medium,2026-07-08 12:41,Customer-12893,Picking
ORD01082,P00223,Pro Handbag (Blue),Accessories,1,Low,2026-07-31 18:02,Customer-12368,Shipped
ORD01083,P00698,Pro Laptop Stand (Grey),Electronics,5,Urgent,2026-07-03 11:52,Customer-11571,Picked
ORD01084,P00307,Classic Formal Shoes (Blue),Footwear,3,Medium,2026-07-07 18:33,Customer-15544,Picking
ORD01085,P00190,Mini Loafers (Grey),Footwear,3,Medium,2026-08-23 17:26,Customer-16056,Shipped
ORD01086,P00454,Mini Router (Green),Electronics,4,High,2026-07-03 09:24,Customer-15709,Pending
ORD01087,P00287,Max Wallet (Silver),Accessories,3,High,2026-08-07 18:32,Customer-13221,Shipped
ORD01088,P00286,Deluxe Cap (Beige),Accessories,6,High,2026-07-11 06:42,Customer-15603,Cancelled
ORD01089,P00745,Plus Sandals (Red),Footwear,4,Low,2026-07-22 07:48,Customer-18330,Cancelled
ORD01090,P00374,Pro Cap (White),Accessories,2,Urgent,2026-08-26 19:27,Customer-15576,Picking
ORD01091,P00781,Pro Curtain (Black),Home,5,Medium,2026-07-03 22:29,Customer-19197,Shipped
ORD01092,P00371,Lite Wall Clock (Black),Home,6,Urgent,2026-08-21 22:01,Customer-18335,Picking
ORD01093,P00354,Plus Calculator (White),Stationery,3,High,2026-08-13 10:01,Customer-12980,Picking
ORD01094,P00015,Max Tablet Stand (White),Electronics,8,Urgent,2026-07-01 12:24,Customer-19167,Shipped
ORD01095,P00072,Max Pen Set (Beige),Stationery,7,Medium,2026-08-20 17:59,Customer-18240,Picked
ORD01096,P00404,Deluxe Sneakers (Blue),Footwear,5,Low,2026-08-11 12:58,Customer-15735,Picking
ORD01097,P00761,Max Wall Clock (Beige),Home,2,Medium,2026-08-26 09:54,Customer-18973,Picking
ORD01098,P00758,Lite Sandals (Blue),Footwear,7,Medium,2026-08-03 09:08,Customer-10677,Cancelled
ORD01099,P00654,Deluxe Keychain (Beige),Accessories,3,High,2026-08-04 16:17,Customer-17505,Pending
ORD01100,P00765,Plus Wireless Mouse (White),Electronics,6,High,2026-07-16 17:17,Customer-16045,Picked
ORD01101,P00641,Standard Keyboard (Beige),Electronics,2,Urgent,2026-07-10 09:40,Customer-16028,Picked
ORD01102,P00757,Classic Door Mat (Beige),Home,3,Medium,2026-08-07 08:42,Customer-11174,Picking
ORD01103,P00433,Premium Charger (Black),Electronics,7,Low,2026-08-30 01:09,Customer-16895,Cancelled
ORD01104,P00027,Mini Belt (Silver),Accessories,5,Urgent,2026-08-28 22:11,Customer-15129,Cancelled
ORD01105,P00412,Plus Table Lamp (Red),Home,8,Urgent,2026-07-28 12:12,Customer-14069,Picking
ORD01106,P00435,Lite Webcam (Beige),Electronics,3,Medium,2026-07-25 06:28,Customer-15323,Picking
ORD01107,P00733,Lite Pen Set (Green),Stationery,1,Low,2026-07-15 04:31,Customer-15245,Picked
ORD01108,P00744,Mini Power Bank (Blue),Electronics,3,Low,2026-07-21 11:20,Customer-11100,Picked
ORD01109,P00226,Lite Webcam (Green),Electronics,1,High,2026-07-28 03:48,Customer-17839,Pending
ORD01110,P00354,Plus Calculator (White),Stationery,5,High,2026-07-14 14:16,Customer-11962,Pending
ORD01111,P00624,Deluxe Sports Shoes (Red),Footwear,6,Low,2026-07-06 21:54,Customer-18740,Picking
ORD01112,P00667,Lite Water Bottle (Beige),Home,6,High,2026-07-03 17:53,Customer-11278,Picking
ORD01113,P00168,Plus Keyboard (Silver),Electronics,3,Low,2026-08-03 01:58,Customer-14516,Cancelled
ORD01114,P00455,Lite Photo Frame (Red),Home,8,Low,2026-07-26 15:26,Customer-11011,Shipped
ORD01115,P00449,Classic Sticky Notes (Blue),Stationery,7,Medium,2026-08-29 05:05,Customer-14617,Picking
ORD01116,P00519,Classic Stapler (Silver),Stationery,4,Urgent,2026-08-07 15:28,Customer-17646,Pending
ORD01117,P00472,Mini Desk Organizer (Blue),Stationery,2,Urgent,2026-08-17 17:08,Customer-11133,Pending
ORD01118,P00112,Max Calculator (Green),Stationery,5,Medium,2026-07-13 07:21,Customer-18580,Pending
ORD01119,P00381,Premium Slippers (Blue),Footwear,5,High,2026-08-05 15:44,Customer-11716,Pending
ORD01120,P00757,Classic Door Mat (Beige),Home,8,Medium,2026-08-16 08:30,Customer-19607,Pending
ORD01121,P00027,Mini Belt (Silver),Accessories,5,Urgent,2026-07-26 10:30,Customer-10895,Pending
ORD01122,P00450,Classic Highlighter Set (Blue),Stationery,4,Urgent,2026-07-16 10:23,Customer-14807,Cancelled
ORD01123,P00178,Standard USB-C Cable (Silver),Electronics,5,High,2026-07-03 19:12,Customer-10266,Shipped
ORD01124,P00297,Max Door Mat (Green),Home,5,Urgent,2026-07-06 03:38,Customer-12131,Pending
ORD01125,P00061,Compact Monitor (Black),Electronics,1,Medium,2026-08-11 17:26,Customer-13390,Pending
ORD01126,P00030,Deluxe Candle Holder (Silver),Home,6,Urgent,2026-08-01 16:15,Customer-13555,Pending
ORD01127,P00374,Pro Cap (White),Accessories,8,Medium,2026-08-17 12:44,Customer-10637,Shipped
ORD01128,P00426,Compact Calculator (Black),Stationery,7,Low,2026-07-02 09:41,Customer-15860,Pending
ORD01129,P00274,Deluxe Belt (Green),Accessories,5,High,2026-07-11 13:26,Customer-15661,Pending
ORD01130,P00341,Mini Photo Frame (Green),Home,1,Medium,2026-08-06 16:40,Customer-11973,Picked
ORD01131,P00737,Pro Laptop Stand (Red),Electronics,8,Low,2026-07-12 23:27,Customer-10847,Picking
ORD01132,P00067,Lite Sneakers (Red),Footwear,4,Low,2026-08-01 04:46,Customer-11881,Pending
ORD01133,P00343,Mini Bluetooth Speaker (Black),Electronics,2,Urgent,2026-07-12 02:52,Customer-17117,Picking
ORD01134,P00743,Mini Pen Set (Beige),Stationery,2,Medium,2026-08-12 20:39,Customer-13404,Picked
ORD01135,P00632,Deluxe Backpack (Silver),Accessories,5,Urgent,2026-07-18 13:11,Customer-10585,Shipped
ORD01136,P00108,Plus File Folder (Green),Stationery,7,Medium,2026-08-28 21:44,Customer-10170,Picked
ORD01137,P00715,Deluxe File Folder (White),Stationery,3,Medium,2026-08-15 09:52,Customer-15697,Picking
ORD01138,P00125,Premium USB-C Cable (White),Electronics,8,High,2026-07-04 06:42,Customer-18179,Pending
ORD01139,P00192,Classic Backpack (Grey),Accessories,1,Low,2026-07-14 06:07,Customer-12376,Picked
ORD01140,P00752,Max Sports Shoes (Silver),Footwear,5,Medium,2026-07-03 21:33,Customer-12896,Picked
ORD01141,P00021,Max Backpack (Black),Accessories,7,Urgent,2026-08-19 22:51,Customer-19989,Shipped
ORD01142,P00691,Deluxe Travel Pouch (White),Accessories,3,Medium,2026-08-23 23:23,Customer-13772,Picking
ORD01143,P00418,Lite Earbuds (Red),Electronics,2,Urgent,2026-07-04 13:08,Customer-19540,Cancelled
ORD01144,P00589,Premium Sneakers (Green),Footwear,2,Urgent,2026-07-22 14:56,Customer-14405,Pending
ORD01145,P00027,Mini Belt (Silver),Accessories,2,High,2026-08-24 03:58,Customer-17400,Pending
ORD01146,P00602,Plus Bed Sheet Set (Beige),Home,3,Low,2026-07-13 08:28,Customer-15011,Pending
ORD01147,P00344,Premium Power Bank (Beige),Electronics,5,High,2026-08-23 19:24,Customer-15831,Picked
ORD01148,P00652,Plus Smart Watch (Black),Electronics,5,Medium,2026-07-18 10:48,Customer-10720,Picking
ORD01149,P00415,Premium Storage Box (Silver),Home,5,High,2026-08-08 19:25,Customer-17851,Picking
ORD01150,P00546,Classic Cap (White),Accessories,7,Low,2026-08-09 10:58,Customer-14562,Cancelled
ORD01151,P00065,Lite Keyboard (Silver),Electronics,1,Medium,2026-07-08 13:20,Customer-11148,Picking
ORD01152,P00580,Plus Keyboard (White),Electronics,3,Low,2026-08-28 07:17,Customer-12431,Picked
ORD01153,P00194,Premium Stapler (Silver),Stationery,7,Low,2026-07-02 18:00,Customer-17712,Shipped
ORD01154,P00633,Classic Water Bottle (Beige),Home,4,Low,2026-08-17 00:38,Customer-17463,Shipped
ORD01155,P00520,Deluxe Keychain (Red),Accessories,1,Low,2026-07-07 01:35,Customer-10049,Cancelled
ORD01156,P00708,Standard Sports Shoes (Black),Footwear,5,Urgent,2026-07-13 06:22,Customer-18246,Cancelled
ORD01157,P00229,Plus Flip Flops (Silver),Footwear,6,Urgent,2026-08-27 14:55,Customer-13587,Picking
ORD01158,P00761,Max Wall Clock (Beige),Home,6,Low,2026-07-09 20:05,Customer-19442,Picking
ORD01159,P00057,Max USB-C Cable (Red),Electronics,3,High,2026-08-21 03:32,Customer-17082,Shipped
ORD01160,P00086,Deluxe Cap (Red),Accessories,3,Urgent,2026-08-05 06:14,Customer-11349,Shipped
ORD01161,P00155,Pro Belt (Black),Accessories,6,Urgent,2026-08-23 16:04,Customer-12300,Shipped
ORD01162,P00660,Mini Sports Shoes (Beige),Footwear,1,Low,2026-08-06 12:22,Customer-19608,Shipped
ORD01163,P00795,Pro Sunglasses (Black),Accessories,2,Urgent,2026-07-11 01:04,Customer-19087,Picked
ORD01164,P00002,Pro Sandals (White),Footwear,1,High,2026-07-22 18:54,Customer-17823,Shipped
ORD01165,P00496,Compact Slippers (Silver),Footwear,7,Urgent,2026-07-20 16:37,Customer-18661,Shipped
ORD01166,P00235,Pro Laptop Stand (Blue),Electronics,4,Medium,2026-07-19 19:43,Customer-10721,Shipped
ORD01167,P00401,Max Umbrella (Green),Accessories,8,Low,2026-08-06 19:25,Customer-10140,Picked
ORD01168,P00363,Pro Sunglasses (White),Accessories,1,Urgent,2026-07-02 19:15,Customer-15566,Pending
ORD01169,P00696,Standard Photo Frame (Silver),Home,1,High,2026-08-25 09:06,Customer-10705,Shipped
ORD01170,P00641,Standard Keyboard (Beige),Electronics,3,Medium,2026-08-26 14:33,Customer-10785,Cancelled
ORD01171,P00780,Pro Candle Holder (Red),Home,1,Medium,2026-08-15 23:12,Customer-16074,Shipped
ORD01172,P00303,Compact Tablet Stand (Red),Electronics,2,Medium,2026-07-29 08:45,Customer-11106,Picking
ORD01173,P00268,Lite Keychain (Beige),Accessories,7,Urgent,2026-07-20 05:20,Customer-16429,Pending
ORD01174,P00381,Premium Slippers (Blue),Footwear,3,Urgent,2026-07-02 04:04,Customer-17212,Shipped
ORD01175,P00095,Plus Backpack (Red),Accessories,2,Urgent,2026-08-22 21:47,Customer-15087,Cancelled
ORD01176,P00550,Lite Wireless Mouse (White),Electronics,7,Low,2026-07-20 03:49,Customer-18550,Picked
ORD01177,P00625,Plus Bed Sheet Set (Grey),Home,4,High,2026-07-02 07:20,Customer-11534,Shipped
ORD01178,P00454,Mini Router (Green),Electronics,2,Urgent,2026-07-26 09:39,Customer-17835,Shipped
ORD01179,P00450,Classic Highlighter Set (Blue),Stationery,6,Urgent,2026-07-31 07:06,Customer-10665,Picked
ORD01180,P00193,Pro Slippers (Black),Footwear,6,High,2026-08-14 22:31,Customer-11723,Picked
ORD01181,P00457,Compact File Folder (White),Stationery,3,High,2026-08-02 06:13,Customer-15279,Pending
ORD01182,P00734,Premium Notebook (Red),Stationery,4,Low,2026-08-19 00:06,Customer-10586,Picking
ORD01183,P00598,Mini Boots (Red),Footwear,4,Low,2026-07-06 08:38,Customer-18121,Picked
ORD01184,P00569,Pro Hiking Boots (Silver),Footwear,8,Medium,2026-08-09 01:55,Customer-16482,Shipped
ORD01185,P00377,Max Curtain (Green),Home,6,Urgent,2026-07-19 12:17,Customer-15168,Picking
ORD01186,P00265,Premium Wall Clock (Grey),Home,8,Medium,2026-08-30 04:50,Customer-13308,Cancelled
ORD01187,P00140,Compact Photo Frame (Silver),Home,1,Urgent,2026-08-15 04:33,Customer-12798,Pending
ORD01188,P00470,Pro Loafers (Silver),Footwear,1,Urgent,2026-08-19 16:04,Customer-13399,Shipped
ORD01189,P00553,Plus Formal Shoes (Blue),Footwear,1,Urgent,2026-07-09 02:25,Customer-10050,Picking
ORD01190,P00650,Deluxe Marker Pack (Beige),Stationery,1,High,2026-07-14 01:03,Customer-13921,Picked
ORD01191,P00100,Standard Formal Shoes (Black),Footwear,1,Urgent,2026-08-06 20:46,Customer-19450,Shipped
ORD01192,P00356,Plus Table Lamp (Beige),Home,6,Urgent,2026-08-14 12:22,Customer-16562,Shipped
ORD01193,P00087,Lite Belt (Silver),Accessories,1,Low,2026-08-21 04:48,Customer-16492,Picked
ORD01194,P00320,Deluxe Bed Sheet Set (Beige),Home,1,Medium,2026-07-25 04:46,Customer-13659,Cancelled
ORD01195,P00296,Plus Charger (Red),Electronics,2,Low,2026-08-06 06:55,Customer-12315,Picking
ORD01196,P00707,Standard Cushion (Blue),Home,8,Low,2026-07-16 08:58,Customer-12166,Shipped
ORD01197,P00108,Plus File Folder (Green),Stationery,6,Medium,2026-07-02 16:45,Customer-10616,Picking
ORD01198,P00742,Lite Cap (Grey),Accessories,1,High,2026-08-04 17:32,Customer-18572,Picked
ORD01199,P00423,Classic Watch Strap (Green),Accessories,6,High,2026-08-02 09:02,Customer-11491,Cancelled
ORD01200,P00602,Plus Bed Sheet Set (Beige),Home,7,Low,2026-07-29 20:38,Customer-14098,Cancelled
ORD01201,P00590,Max Boots (White),Footwear,4,Low,2026-07-20 18:31,Customer-14496,Picked
ORD01202,P00195,Mini Photo Frame (Black),Home,2,Urgent,2026-08-25 04:53,Customer-12887,Picking
ORD01203,P00555,Deluxe Cap (Red),Accessories,8,Low,2026-07-27 18:19,Customer-11380,Picked
ORD01204,P00311,Premium Laptop Stand (Green),Electronics,4,High,2026-07-24 05:05,Customer-17228,Picking
ORD01205,P00387,Plus Sticky Notes (Grey),Stationery,1,Urgent,2026-08-28 15:04,Customer-18390,Picked
ORD01206,P00449,Classic Sticky Notes (Blue),Stationery,4,Low,2026-07-31 21:32,Customer-19877,Picked
ORD01207,P00454,Mini Router (Green),Electronics,4,Urgent,2026-08-05 17:05,Customer-18661,Picking
ORD01208,P00670,Lite Sandals (Grey),Footwear,3,Urgent,2026-07-24 04:53,Customer-10213,Picking
ORD01209,P00293,Plus Door Mat (Beige),Home,3,Low,2026-08-24 00:49,Customer-18801,Picked
ORD01210,P00161,Deluxe Wallet (Black),Accessories,5,Low,2026-07-19 10:43,Customer-11284,Picked
ORD01211,P00072,Max Pen Set (Beige),Stationery,2,Low,2026-07-15 12:45,Customer-18059,Shipped
ORD01212,P00753,Lite Handbag (Green),Accessories,7,Urgent,2026-07-01 09:53,Customer-11452,Pending
ORD01213,P00388,Deluxe Storage Box (White),Home,6,Low,2026-08-08 21:13,Customer-18225,Picking
ORD01214,P00723,Premium Sticky Notes (Grey),Stationery,3,Medium,2026-07-29 06:09,Customer-16906,Picked
ORD01215,P00566,Premium Sandals (Blue),Footwear,4,Medium,2026-07-12 21:43,Customer-14104,Pending
ORD01216,P00644,Pro Keychain (Black),Accessories,5,Medium,2026-08-29 23:40,Customer-15517,Pending
ORD01217,P00706,Plus Sticky Notes (Beige),Stationery,7,High,2026-07-22 04:02,Customer-18634,Picking
ORD01218,P00765,Plus Wireless Mouse (White),Electronics,7,Low,2026-07-24 02:20,Customer-19874,Pending
ORD01219,P00536,Lite Sunglasses (Black),Accessories,5,Medium,2026-07-11 21:42,Customer-19947,Cancelled
ORD01220,P00401,Max Umbrella (Green),Accessories,3,Low,2026-07-04 23:08,Customer-15418,Picking
ORD01221,P00188,Deluxe Calculator (Grey),Stationery,4,Urgent,2026-08-20 14:22,Customer-15645,Picking
ORD01222,P00023,Plus Hiking Boots (Red),Footwear,1,Low,2026-08-13 15:12,Customer-19845,Pending
ORD01223,P00633,Classic Water Bottle (Beige),Home,5,Low,2026-07-04 20:43,Customer-18460,Shipped
ORD01224,P00024,Premium Candle Holder (Blue),Home,6,Urgent,2026-07-07 21:22,Customer-18447,Picking
ORD01225,P00245,Max Photo Frame (Red),Home,6,Urgent,2026-07-26 05:26,Customer-12938,Cancelled
ORD01226,P00541,Compact Running Shoes (Red),Footwear,5,Medium,2026-07-14 13:25,Customer-14478,Pending
ORD01227,P00521,Premium Router (Blue),Electronics,4,Low,2026-07-19 23:59,Customer-19176,Cancelled
ORD01228,P00111,Standard Charger (Black),Electronics,8,Medium,2026-07-28 16:47,Customer-12370,Picked
ORD01229,P00025,Max Sunglasses (Grey),Accessories,5,High,2026-08-11 16:12,Customer-18623,Picking
ORD01230,P00047,Deluxe Backpack (Red),Accessories,6,Urgent,2026-07-19 04:54,Customer-10909,Shipped
ORD01231,P00521,Premium Router (Blue),Electronics,8,Low,2026-08-08 22:33,Customer-15454,Picked
ORD01232,P00001,Lite Wireless Mouse (Red),Electronics,6,High,2026-07-04 03:30,Customer-15221,Shipped
ORD01233,P00653,Max Keyboard (White),Electronics,7,Urgent,2026-08-27 13:15,Customer-13603,Shipped
ORD01234,P00464,Pro Marker Pack (Red),Stationery,4,Low,2026-07-20 00:31,Customer-11113,Picked
ORD01235,P00186,Compact Charger (Blue),Electronics,8,Medium,2026-07-24 01:07,Customer-11385,Picked
ORD01236,P00783,Plus File Folder (Blue),Stationery,7,High,2026-07-09 11:29,Customer-12454,Cancelled
ORD01237,P00324,Standard Webcam (Green),Electronics,7,Urgent,2026-08-09 18:03,Customer-14509,Cancelled
ORD01238,P00788,Compact Monitor (Blue),Electronics,5,High,2026-07-15 05:21,Customer-16825,Picked
ORD01239,P00559,Classic Belt (Grey),Accessories,2,Low,2026-08-01 03:09,Customer-18642,Picking
ORD01240,P00713,Pro Slippers (Grey),Footwear,6,Low,2026-08-10 22:10,Customer-17767,Picking
ORD01241,P00062,Max HDMI Cable (Blue),Electronics,2,Medium,2026-08-05 05:01,Customer-16406,Pending
ORD01242,P00082,Mini Cap (Silver),Accessories,5,Urgent,2026-08-14 20:06,Customer-19756,Shipped
ORD01243,P00314,Premium Stapler (Black),Stationery,1,Urgent,2026-07-03 08:02,Customer-19636,Picking
ORD01244,P00336,Classic Stapler (Blue),Stationery,4,Medium,2026-08-07 12:43,Customer-19838,Shipped
ORD01245,P00130,Max Smart Watch (White),Electronics,4,Low,2026-08-10 14:32,Customer-17824,Shipped
ORD01246,P00392,Max Sunglasses (Green),Accessories,5,Urgent,2026-07-30 21:35,Customer-12196,Picking
ORD01247,P00305,Classic Hiking Boots (Grey),Footwear,2,Medium,2026-08-12 21:07,Customer-15645,Pending
ORD01248,P00198,Deluxe Sandals (Grey),Footwear,5,Urgent,2026-08-11 02:45,Customer-12092,Cancelled
ORD01249,P00664,Premium Sports Shoes (Beige),Footwear,7,Medium,2026-07-15 20:54,Customer-17070,Picked
ORD01250,P00186,Compact Charger (Blue),Electronics,4,Low,2026-08-21 21:20,Customer-17842,Picked
ORD01251,P00398,Standard Water Bottle (Green),Home,8,Medium,2026-07-17 06:28,Customer-14125,Picked
ORD01252,P00691,Deluxe Travel Pouch (White),Accessories,1,High,2026-07-24 12:36,Customer-14996,Cancelled
ORD01253,P00650,Deluxe Marker Pack (Beige),Stationery,4,Low,2026-08-16 10:28,Customer-15918,Cancelled
ORD01254,P00367,Pro Sticky Notes (Blue),Stationery,4,Low,2026-07-30 23:13,Customer-14888,Picking
ORD01255,P00186,Compact Charger (Blue),Electronics,5,Low,2026-07-05 11:14,Customer-10550,Picked
ORD01256,P00264,Mini Curtain (Red),Home,8,Low,2026-07-24 15:54,Customer-15866,Cancelled
ORD01257,P00726,Max Storage Box (Beige),Home,1,Urgent,2026-07-19 06:50,Customer-19211,Shipped
ORD01258,P00395,Compact Calculator (Black),Stationery,3,Low,2026-08-25 05:18,Customer-11022,Picked
ORD01259,P00246,Max File Folder (Beige),Stationery,6,High,2026-08-16 13:15,Customer-18510,Shipped
ORD01260,P00065,Lite Keyboard (Silver),Electronics,4,Medium,2026-08-02 03:32,Customer-14366,Picking
ORD01261,P00026,Deluxe File Folder (Beige),Stationery,8,High,2026-07-12 23:09,Customer-18996,Picked
ORD01262,P00319,Compact Curtain (Grey),Home,3,Medium,2026-07-25 14:30,Customer-10994,Picking
ORD01263,P00631,Max Running Shoes (Silver),Footwear,1,Medium,2026-07-24 14:57,Customer-16951,Cancelled
ORD01264,P00538,Max Umbrella (Red),Accessories,1,Low,2026-08-05 01:33,Customer-16562,Picking
ORD01265,P00262,Mini Sticky Notes (Blue),Stationery,3,Low,2026-08-29 19:36,Customer-12712,Picked
ORD01266,P00450,Classic Highlighter Set (Blue),Stationery,2,Urgent,2026-08-12 08:34,Customer-15750,Shipped
ORD01267,P00564,Lite Bed Sheet Set (White),Home,4,Low,2026-08-11 12:22,Customer-18798,Pending
ORD01268,P00350,Lite USB-C Cable (Red),Electronics,2,Low,2026-08-07 00:18,Customer-12569,Pending
ORD01269,P00759,Plus Wallet (Grey),Accessories,4,Low,2026-08-14 11:46,Customer-17761,Pending
ORD01270,P00241,Classic Stapler (Grey),Stationery,8,High,2026-08-18 00:25,Customer-11033,Picked
ORD01271,P00021,Max Backpack (Black),Accessories,4,Urgent,2026-08-28 05:40,Customer-19325,Pending
ORD01272,P00408,Mini Bed Sheet Set (Beige),Home,7,Urgent,2026-08-08 16:46,Customer-16950,Picking
ORD01273,P00319,Compact Curtain (Grey),Home,7,Low,2026-08-30 03:58,Customer-17856,Shipped
ORD01274,P00177,Compact Notebook (Red),Stationery,3,High,2026-07-07 22:01,Customer-15112,Shipped
ORD01275,P00584,Standard Candle Holder (White),Home,3,High,2026-08-27 06:26,Customer-14221,Shipped
ORD01276,P00415,Premium Storage Box (Silver),Home,7,Low,2026-08-29 08:52,Customer-10694,Shipped
ORD01277,P00105,Standard Travel Pouch (Green),Accessories,8,Urgent,2026-08-05 17:15,Customer-14385,Cancelled
ORD01278,P00682,Standard Wall Clock (Green),Home,6,Low,2026-08-21 22:53,Customer-19989,Picking
ORD01279,P00342,Deluxe Handbag (White),Accessories,6,High,2026-08-11 12:22,Customer-13150,Picked
ORD01280,P00155,Pro Belt (Black),Accessories,1,Urgent,2026-08-24 09:35,Customer-13098,Picked
ORD01281,P00777,Lite Tablet Stand (Red),Electronics,4,Low,2026-07-07 09:18,Customer-13918,Picked
ORD01282,P00350,Lite USB-C Cable (Red),Electronics,3,Medium,2026-07-25 12:28,Customer-17836,Pending
ORD01283,P00068,Compact Router (Black),Electronics,6,High,2026-08-01 11:32,Customer-12961,Pending
ORD01284,P00571,Compact Tablet Stand (Red),Electronics,6,Urgent,2026-07-11 07:27,Customer-17284,Pending
ORD01285,P00619,Premium Table Lamp (Green),Home,8,Urgent,2026-07-01 04:12,Customer-17123,Shipped
ORD01286,P00484,Lite Bed Sheet Set (Grey),Home,7,High,2026-08-29 10:50,Customer-11916,Picking
ORD01287,P00100,Standard Formal Shoes (Black),Footwear,5,Medium,2026-08-05 14:34,Customer-13994,Cancelled
ORD01288,P00202,Standard Keychain (Grey),Accessories,7,Medium,2026-07-18 13:58,Customer-12643,Picked
ORD01289,P00331,Deluxe Wallet (Red),Accessories,4,Medium,2026-07-01 17:43,Customer-14011,Picking
ORD01290,P00712,Plus Sticky Notes (Green),Stationery,2,Urgent,2026-07-16 21:55,Customer-11642,Picking
ORD01291,P00346,Compact Belt (White),Accessories,7,Low,2026-07-28 07:09,Customer-15365,Cancelled
ORD01292,P00071,Mini Pen Set (White),Stationery,6,Low,2026-07-27 14:23,Customer-17720,Pending
ORD01293,P00239,Compact Hiking Boots (Blue),Footwear,8,Urgent,2026-07-09 16:10,Customer-15904,Shipped
ORD01294,P00546,Classic Cap (White),Accessories,3,Medium,2026-08-29 21:18,Customer-19041,Picking
ORD01295,P00192,Classic Backpack (Grey),Accessories,2,Medium,2026-07-04 17:48,Customer-13545,Picked
ORD01296,P00314,Premium Stapler (Black),Stationery,7,High,2026-08-03 18:14,Customer-16488,Shipped
ORD01297,P00631,Max Running Shoes (Silver),Footwear,4,Low,2026-08-16 10:45,Customer-18201,Shipped
ORD01298,P00241,Classic Stapler (Grey),Stationery,5,Medium,2026-08-08 04:05,Customer-15069,Cancelled
ORD01299,P00520,Deluxe Keychain (Red),Accessories,1,Low,2026-07-11 15:44,Customer-13178,Picking
ORD01300,P00423,Classic Watch Strap (Green),Accessories,4,High,2026-08-10 19:41,Customer-10444,Shipped
ORD01301,P00727,Premium Calculator (Beige),Stationery,5,High,2026-07-03 02:17,Customer-19511,Picked
ORD01302,P00151,Standard Power Bank (Green),Electronics,3,Urgent,2026-08-26 01:39,Customer-11467,Cancelled
ORD01303,P00180,Pro Water Bottle (Grey),Home,8,Medium,2026-07-25 05:51,Customer-13481,Picked
ORD01304,P00052,Premium Desk Organizer (Red),Stationery,8,High,2026-08-09 05:14,Customer-10979,Cancelled
ORD01305,P00593,Premium Notebook (Black),Stationery,8,High,2026-07-19 20:18,Customer-11944,Pending
ORD01306,P00142,Classic Curtain (Beige),Home,4,High,2026-07-02 16:27,Customer-19700,Cancelled
ORD01307,P00518,Pro Handbag (Beige),Accessories,1,Urgent,2026-07-18 11:21,Customer-16047,Pending
ORD01308,P00800,Compact Wall Clock (White),Home,6,Medium,2026-08-30 15:55,Customer-14883,Shipped
ORD01309,P00437,Plus Boots (Black),Footwear,7,Urgent,2026-07-08 03:45,Customer-16361,Cancelled
ORD01310,P00036,Deluxe Travel Pouch (Red),Accessories,1,Medium,2026-07-22 14:47,Customer-10504,Pending
ORD01311,P00335,Deluxe Desk Organizer (Black),Stationery,7,Urgent,2026-07-25 14:01,Customer-11298,Picking
ORD01312,P00122,Deluxe Travel Pouch (Green),Accessories,4,High,2026-07-25 23:00,Customer-16820,Pending
ORD01313,P00367,Pro Sticky Notes (Blue),Stationery,5,High,2026-08-14 22:17,Customer-13043,Pending
ORD01314,P00754,Mini Desk Organizer (Silver),Stationery,2,Medium,2026-07-10 19:19,Customer-14359,Cancelled
ORD01315,P00341,Mini Photo Frame (Green),Home,3,Urgent,2026-08-26 09:12,Customer-17765,Cancelled
ORD01316,P00754,Mini Desk Organizer (Silver),Stationery,7,Urgent,2026-07-10 19:24,Customer-19867,Pending
ORD01317,P00241,Classic Stapler (Grey),Stationery,5,Urgent,2026-08-04 12:32,Customer-18029,Shipped
ORD01318,P00325,Mini Handbag (Silver),Accessories,3,Urgent,2026-08-21 18:57,Customer-16039,Cancelled
ORD01319,P00310,Compact Sports Shoes (White),Footwear,4,Low,2026-08-19 08:05,Customer-10410,Cancelled
ORD01320,P00028,Classic Earbuds (White),Electronics,7,Urgent,2026-07-07 18:48,Customer-11759,Pending
ORD01321,P00349,Standard USB-C Cable (Black),Electronics,4,Low,2026-08-30 05:21,Customer-10295,Cancelled
ORD01322,P00395,Compact Calculator (Black),Stationery,4,Medium,2026-07-27 13:51,Customer-15962,Picking
ORD01323,P00671,Mini Umbrella (White),Accessories,8,High,2026-07-25 06:43,Customer-12066,Pending
ORD01324,P00004,Max USB-C Cable (Black),Electronics,7,Urgent,2026-08-23 02:26,Customer-11909,Picked
ORD01325,P00202,Standard Keychain (Grey),Accessories,4,Urgent,2026-07-31 11:18,Customer-15878,Picking
ORD01326,P00184,Lite Wall Clock (Grey),Home,7,High,2026-08-01 07:14,Customer-15050,Cancelled
ORD01327,P00560,Premium Cushion (Grey),Home,1,Medium,2026-08-21 02:53,Customer-19763,Shipped
ORD01328,P00045,Premium Photo Frame (Silver),Home,7,Medium,2026-07-25 02:18,Customer-19033,Picked
ORD01329,P00331,Deluxe Wallet (Red),Accessories,2,Low,2026-08-02 10:17,Customer-19341,Picking
ORD01330,P00167,Standard Tablet Stand (Silver),Electronics,1,Medium,2026-07-26 17:49,Customer-17380,Picked
ORD01331,P00103,Max Monitor (Beige),Electronics,4,Medium,2026-07-08 07:58,Customer-13260,Cancelled
ORD01332,P00101,Max Cushion (Silver),Home,1,High,2026-08-27 01:11,Customer-18406,Cancelled
ORD01333,P00076,Plus Belt (Red),Accessories,7,Low,2026-08-06 02:03,Customer-17218,Pending
ORD01334,P00640,Pro Boots (Black),Footwear,3,Urgent,2026-08-02 19:01,Customer-18312,Picked
ORD01335,P00693,Classic Hiking Boots (Beige),Footwear,7,Urgent,2026-08-15 21:38,Customer-14278,Picking
ORD01336,P00621,Max Router (Blue),Electronics,3,Urgent,2026-07-24 16:54,Customer-10535,Cancelled
ORD01337,P00694,Pro Watch Strap (Black),Accessories,3,Medium,2026-08-30 02:28,Customer-18844,Picked
ORD01338,P00496,Compact Slippers (Silver),Footwear,4,Urgent,2026-08-16 18:40,Customer-13141,Shipped
ORD01339,P00025,Max Sunglasses (Grey),Accessories,8,Low,2026-07-20 12:15,Customer-13377,Pending
ORD01340,P00158,Deluxe Table Lamp (Red),Home,6,Low,2026-07-05 17:02,Customer-19287,Picked
ORD01341,P00532,Lite Boots (Red),Footwear,4,Urgent,2026-08-02 07:01,Customer-17486,Picked
ORD01342,P00533,Premium Photo Frame (Green),Home,2,High,2026-08-11 18:09,Customer-14199,Pending
ORD01343,P00741,Deluxe Stapler (Blue),Stationery,6,Urgent,2026-08-23 22:23,Customer-14485,Pending
ORD01344,P00328,Deluxe Notebook (Green),Stationery,2,Urgent,2026-07-06 05:09,Customer-13977,Shipped
ORD01345,P00077,Mini Watch Strap (Grey),Accessories,1,Urgent,2026-08-14 23:44,Customer-10609,Picked
ORD01346,P00528,Premium Scissors (Beige),Stationery,5,Urgent,2026-08-02 13:39,Customer-12214,Picking
ORD01347,P00682,Standard Wall Clock (Green),Home,2,Urgent,2026-07-23 19:57,Customer-19546,Picked
ORD01348,P00695,Max Power Bank (Red),Electronics,3,Medium,2026-07-30 14:45,Customer-15354,Picking
ORD01349,P00717,Deluxe Keychain (White),Accessories,7,High,2026-08-22 01:57,Customer-15295,Picked
ORD01350,P00442,Standard Table Lamp (Blue),Home,5,Medium,2026-07-08 03:05,Customer-11656,Picking
ORD01351,P00680,Plus Sports Shoes (Grey),Footwear,8,Urgent,2026-08-21 08:02,Customer-11026,Pending
ORD01352,P00627,Mini Sunglasses (Silver),Accessories,3,Urgent,2026-07-18 08:42,Customer-15461,Picking
ORD01353,P00603,Lite Storage Box (Beige),Home,2,Low,2026-07-24 06:41,Customer-17066,Pending
ORD01354,P00114,Lite Charger (Grey),Electronics,5,High,2026-07-09 18:14,Customer-12581,Picked
ORD01355,P00769,Mini Sports Shoes (Blue),Footwear,7,Medium,2026-07-04 10:32,Customer-12220,Shipped
ORD01356,P00079,Deluxe Curtain (White),Home,2,Low,2026-07-12 23:44,Customer-16765,Cancelled
ORD01357,P00306,Compact Sandals (Grey),Footwear,2,Urgent,2026-08-16 23:47,Customer-10030,Pending
ORD01358,P00066,Compact Watch Strap (Silver),Accessories,4,High,2026-07-15 23:47,Customer-10375,Pending
ORD01359,P00430,Mini Scissors (Black),Stationery,7,Medium,2026-08-11 09:25,Customer-16040,Shipped
ORD01360,P00667,Lite Water Bottle (Beige),Home,4,High,2026-08-12 07:09,Customer-13627,Cancelled
ORD01361,P00745,Plus Sandals (Red),Footwear,4,Low,2026-08-28 21:41,Customer-18272,Picked
ORD01362,P00102,Max Cap (Red),Accessories,4,Medium,2026-07-27 17:00,Customer-14612,Shipped
ORD01363,P00174,Premium Backpack (Green),Accessories,1,Low,2026-07-16 22:45,Customer-14322,Cancelled
ORD01364,P00659,Pro Formal Shoes (Grey),Footwear,6,High,2026-07-06 01:51,Customer-18395,Cancelled
ORD01365,P00798,Mini Loafers (Grey),Footwear,1,Medium,2026-08-28 07:36,Customer-16016,Pending
ORD01366,P00630,Max Storage Box (White),Home,3,Urgent,2026-07-25 14:32,Customer-17143,Cancelled
ORD01367,P00237,Premium Door Mat (Red),Home,3,Medium,2026-08-06 03:48,Customer-17300,Shipped
ORD01368,P00184,Lite Wall Clock (Grey),Home,1,Low,2026-07-08 19:23,Customer-13031,Shipped
ORD01369,P00294,Standard Sticky Notes (White),Stationery,1,Medium,2026-07-12 03:11,Customer-19551,Pending
ORD01370,P00359,Premium Hiking Boots (Green),Footwear,2,Medium,2026-08-11 22:07,Customer-15563,Picked
ORD01371,P00094,Classic Storage Box (Grey),Home,5,Medium,2026-08-20 05:26,Customer-16030,Picking
ORD01372,P00638,Standard Cap (White),Accessories,5,High,2026-08-08 14:37,Customer-15200,Picking
ORD01373,P00142,Classic Curtain (Beige),Home,8,High,2026-07-09 17:46,Customer-12100,Cancelled
ORD01374,P00313,Deluxe Marker Pack (Black),Stationery,5,Low,2026-07-13 21:13,Customer-12811,Cancelled
ORD01375,P00548,Mini Sports Shoes (Black),Footwear,3,Urgent,2026-07-06 10:27,Customer-12538,Cancelled
ORD01376,P00078,Pro Photo Frame (Black),Home,8,High,2026-08-28 13:51,Customer-16290,Picked
ORD01377,P00794,Deluxe Curtain (Black),Home,4,Medium,2026-07-10 16:21,Customer-12385,Pending
ORD01378,P00320,Deluxe Bed Sheet Set (Beige),Home,6,Low,2026-08-26 21:35,Customer-18449,Pending
ORD01379,P00251,Classic Highlighter Set (Blue),Stationery,5,Medium,2026-07-10 17:04,Customer-16221,Picking
ORD01380,P00739,Mini Hiking Boots (Red),Footwear,4,Urgent,2026-08-03 22:33,Customer-13582,Pending
ORD01381,P00142,Classic Curtain (Beige),Home,2,High,2026-07-26 13:02,Customer-10256,Pending
ORD01382,P00119,Standard Belt (Green),Accessories,4,Urgent,2026-07-11 07:07,Customer-14615,Shipped
ORD01383,P00310,Compact Sports Shoes (White),Footwear,3,Urgent,2026-07-28 23:35,Customer-14620,Picking
ORD01384,P00477,Lite Flip Flops (Blue),Footwear,8,Urgent,2026-08-28 10:53,Customer-16083,Picked
ORD01385,P00680,Plus Sports Shoes (Grey),Footwear,3,High,2026-08-26 04:13,Customer-17838,Shipped
ORD01386,P00025,Max Sunglasses (Grey),Accessories,3,Low,2026-08-30 03:05,Customer-10869,Picked
ORD01387,P00577,Compact Notebook (Silver),Stationery,7,Low,2026-08-12 10:49,Customer-19563,Cancelled
ORD01388,P00461,Pro Slippers (Green),Footwear,6,Low,2026-07-17 17:35,Customer-19693,Shipped
ORD01389,P00664,Premium Sports Shoes (Beige),Footwear,2,Urgent,2026-07-28 19:51,Customer-13468,Picked
ORD01390,P00016,Premium Wall Clock (Green),Home,7,Medium,2026-08-10 18:18,Customer-16231,Shipped
ORD01391,P00172,Lite Formal Shoes (Silver),Footwear,7,High,2026-08-10 16:58,Customer-13567,Cancelled
ORD01392,P00421,Premium Tablet Stand (Black),Electronics,1,Urgent,2026-08-16 01:26,Customer-17256,Pending
ORD01393,P00109,Compact Curtain (White),Home,5,Low,2026-08-26 01:34,Customer-15147,Pending
ORD01394,P00674,Premium Belt (Red),Accessories,3,High,2026-08-02 10:05,Customer-10745,Pending
ORD01395,P00068,Compact Router (Black),Electronics,8,Urgent,2026-07-14 02:38,Customer-14619,Picking
ORD01396,P00132,Compact Curtain (Beige),Home,4,High,2026-08-03 14:49,Customer-12265,Picking
ORD01397,P00783,Plus File Folder (Blue),Stationery,2,Medium,2026-08-20 05:39,Customer-13805,Picking
ORD01398,P00115,Standard Photo Frame (Grey),Home,2,Low,2026-08-06 23:32,Customer-16653,Cancelled
ORD01399,P00681,Max Curtain (Green),Home,5,Medium,2026-08-12 22:22,Customer-16771,Cancelled
ORD01400,P00499,Deluxe Sneakers (Green),Footwear,8,Urgent,2026-07-04 14:39,Customer-11835,Cancelled
ORD01401,P00540,Deluxe Formal Shoes (Red),Footwear,6,Urgent,2026-08-22 19:07,Customer-11801,Pending
ORD01402,P00379,Pro Laptop Stand (Green),Electronics,8,High,2026-08-14 23:21,Customer-13930,Cancelled
ORD01403,P00062,Max HDMI Cable (Blue),Electronics,8,Urgent,2026-07-18 22:54,Customer-15275,Picked
ORD01404,P00529,Premium Sunglasses (Green),Accessories,1,High,2026-08-06 11:14,Customer-16591,Picked
ORD01405,P00134,Max Wall Clock (Grey),Home,7,High,2026-07-20 03:15,Customer-14953,Picked
ORD01406,P00522,Standard Desk Organizer (Blue),Stationery,5,Low,2026-08-18 22:40,Customer-19515,Picking
ORD01407,P00457,Compact File Folder (White),Stationery,5,Low,2026-07-07 07:08,Customer-19034,Shipped
ORD01408,P00355,Standard Water Bottle (Black),Home,1,Medium,2026-07-03 08:22,Customer-17528,Pending
ORD01409,P00070,Mini Calculator (Black),Stationery,5,Medium,2026-08-15 07:17,Customer-14572,Pending
ORD01410,P00062,Max HDMI Cable (Blue),Electronics,8,Medium,2026-07-15 05:06,Customer-18338,Cancelled
ORD01411,P00262,Mini Sticky Notes (Blue),Stationery,5,Medium,2026-07-16 11:20,Customer-13785,Shipped
ORD01412,P00623,Max Sunglasses (Green),Accessories,7,Low,2026-07-19 15:35,Customer-17008,Pending
ORD01413,P00294,Standard Sticky Notes (White),Stationery,7,Low,2026-07-29 04:14,Customer-11912,Pending
ORD01414,P00552,Premium Flip Flops (Grey),Footwear,2,Low,2026-08-17 16:45,Customer-11111,Cancelled
ORD01415,P00173,Deluxe Slippers (Beige),Footwear,8,High,2026-08-14 13:56,Customer-14847,Shipped
ORD01416,P00475,Max Loafers (Green),Footwear,7,Low,2026-07-27 05:38,Customer-18484,Picked
ORD01417,P00384,Plus Wallet (White),Accessories,8,High,2026-07-12 09:59,Customer-13970,Pending
ORD01418,P00656,Plus Cushion (Beige),Home,2,Medium,2026-08-17 00:16,Customer-16805,Shipped
ORD01419,P00335,Deluxe Desk Organizer (Black),Stationery,2,High,2026-07-26 22:22,Customer-15490,Picked
ORD01420,P00643,Premium Formal Shoes (Beige),Footwear,6,Medium,2026-08-27 14:39,Customer-17179,Cancelled
ORD01421,P00468,Standard Power Bank (Silver),Electronics,1,Low,2026-08-27 23:03,Customer-19848,Pending
ORD01422,P00488,Deluxe Loafers (Blue),Footwear,1,Medium,2026-08-10 05:29,Customer-16115,Picked
ORD01423,P00216,Deluxe Table Lamp (Black),Home,1,Urgent,2026-07-03 10:32,Customer-17945,Picking
ORD01424,P00107,Classic Stapler (White),Stationery,2,High,2026-07-24 20:45,Customer-17712,Picking
ORD01425,P00360,Pro Keyboard (Red),Electronics,3,Urgent,2026-08-23 11:57,Customer-13005,Cancelled
ORD01426,P00642,Classic Highlighter Set (Black),Stationery,6,Low,2026-08-20 10:42,Customer-17336,Picking
ORD01427,P00265,Premium Wall Clock (Grey),Home,6,Medium,2026-07-05 18:10,Customer-15602,Picking
ORD01428,P00335,Deluxe Desk Organizer (Black),Stationery,8,Low,2026-07-10 12:30,Customer-14730,Cancelled
ORD01429,P00364,Max Calculator (Green),Stationery,6,High,2026-08-09 05:41,Customer-16611,Picked
ORD01430,P00160,Pro Desk Organizer (Blue),Stationery,4,Low,2026-07-25 13:05,Customer-15043,Picking
ORD01431,P00518,Pro Handbag (Beige),Accessories,3,Urgent,2026-07-13 07:27,Customer-13028,Picking
ORD01432,P00053,Max Candle Holder (White),Home,2,Urgent,2026-07-26 01:11,Customer-16854,Picked
ORD01433,P00585,Plus Sticky Notes (White),Stationery,1,Low,2026-08-06 22:31,Customer-12653,Shipped
ORD01434,P00349,Standard USB-C Cable (Black),Electronics,1,Urgent,2026-07-15 05:37,Customer-14564,Cancelled
ORD01435,P00473,Classic Bed Sheet Set (White),Home,1,Low,2026-08-08 04:08,Customer-17395,Picking
ORD01436,P00450,Classic Highlighter Set (Blue),Stationery,6,Urgent,2026-07-16 11:53,Customer-10900,Cancelled
ORD01437,P00245,Max Photo Frame (Red),Home,2,Medium,2026-07-15 15:15,Customer-16385,Cancelled
ORD01438,P00200,Deluxe Desk Organizer (Red),Stationery,1,Medium,2026-07-17 07:50,Customer-10017,Shipped
ORD01439,P00746,Mini Door Mat (Grey),Home,1,Low,2026-08-01 14:51,Customer-19311,Shipped
ORD01440,P00644,Pro Keychain (Black),Accessories,6,Medium,2026-07-11 07:58,Customer-14465,Picked
ORD01441,P00130,Max Smart Watch (White),Electronics,7,Medium,2026-07-20 18:57,Customer-19508,Picked
ORD01442,P00074,Classic Desk Organizer (White),Stationery,1,Urgent,2026-07-10 10:03,Customer-12795,Pending
ORD01443,P00551,Premium Cap (Silver),Accessories,7,Low,2026-08-21 20:35,Customer-16617,Pending
ORD01444,P00305,Classic Hiking Boots (Grey),Footwear,7,High,2026-07-06 07:44,Customer-14013,Picking
ORD01445,P00099,Max Watch Strap (Grey),Accessories,2,Low,2026-08-03 00:03,Customer-15161,Pending
ORD01446,P00617,Premium Watch Strap (Green),Accessories,8,High,2026-08-04 06:03,Customer-19446,Shipped
ORD01447,P00029,Standard Sandals (White),Footwear,7,Medium,2026-07-31 16:53,Customer-13839,Pending
ORD01448,P00278,Lite Formal Shoes (Green),Footwear,5,High,2026-07-20 06:40,Customer-12940,Pending
ORD01449,P00508,Plus Keyboard (Green),Electronics,5,High,2026-07-05 05:57,Customer-11288,Pending
ORD01450,P00467,Mini Bed Sheet Set (White),Home,3,High,2026-08-11 15:14,Customer-12349,Cancelled
ORD01451,P00478,Compact Keychain (White),Accessories,6,High,2026-07-24 02:25,Customer-16557,Shipped
ORD01452,P00301,Classic Hiking Boots (Black),Footwear,7,Urgent,2026-07-15 23:07,Customer-11344,Shipped
ORD01453,P00793,Standard HDMI Cable (White),Electronics,8,Low,2026-08-05 16:04,Customer-13496,Cancelled
ORD01454,P00782,Mini Handbag (Beige),Accessories,1,Urgent,2026-08-16 23:04,Customer-11701,Pending
ORD01455,P00212,Classic Formal Shoes (Blue),Footwear,6,High,2026-07-04 00:16,Customer-19511,Picking
ORD01456,P00213,Deluxe Keychain (Grey),Accessories,4,Medium,2026-08-18 04:59,Customer-12693,Picking
ORD01457,P00216,Deluxe Table Lamp (Black),Home,8,Medium,2026-08-12 08:48,Customer-10724,Picked
ORD01458,P00294,Standard Sticky Notes (White),Stationery,1,Low,2026-08-17 17:18,Customer-13967,Picking
ORD01459,P00271,Plus Curtain (Grey),Home,7,Medium,2026-07-26 08:44,Customer-16713,Pending
ORD01460,P00286,Deluxe Cap (Beige),Accessories,3,Low,2026-07-10 23:31,Customer-11717,Shipped
ORD01461,P00742,Lite Cap (Grey),Accessories,6,Medium,2026-08-03 08:28,Customer-12126,Shipped
ORD01462,P00600,Mini Desk Organizer (Beige),Stationery,4,Low,2026-07-23 12:57,Customer-10912,Picking
ORD01463,P00124,Mini Sneakers (Black),Footwear,7,Urgent,2026-07-28 02:37,Customer-16316,Cancelled
ORD01464,P00763,Pro Slippers (Blue),Footwear,5,Low,2026-07-04 04:00,Customer-16226,Pending
ORD01465,P00052,Premium Desk Organizer (Red),Stationery,7,Medium,2026-07-14 13:05,Customer-14317,Picked
ORD01466,P00085,Pro Wallet (Blue),Accessories,1,Medium,2026-08-23 10:19,Customer-13250,Shipped
ORD01467,P00477,Lite Flip Flops (Blue),Footwear,3,Low,2026-07-04 00:21,Customer-17510,Pending
ORD01468,P00339,Classic Bluetooth Speaker (White),Electronics,4,Medium,2026-07-01 23:10,Customer-16775,Picking
ORD01469,P00244,Compact Handbag (Beige),Accessories,3,Medium,2026-08-11 01:27,Customer-16504,Picked
ORD01470,P00791,Pro Curtain (Grey),Home,7,Urgent,2026-07-30 15:03,Customer-14818,Cancelled
ORD01471,P00779,Classic Wall Clock (Red),Home,2,Urgent,2026-08-02 12:29,Customer-19587,Cancelled
ORD01472,P00033,Lite Wallet (Beige),Accessories,6,Low,2026-08-06 19:51,Customer-13855,Picking
ORD01473,P00191,Compact Charger (Blue),Electronics,8,Urgent,2026-08-06 19:07,Customer-11890,Pending
ORD01474,P00504,Deluxe Water Bottle (Red),Home,6,Urgent,2026-08-16 07:13,Customer-12944,Picked
ORD01475,P00618,Plus Cap (Silver),Accessories,8,High,2026-07-16 14:21,Customer-19530,Pending
ORD01476,P00416,Pro Notebook (Black),Stationery,5,High,2026-08-24 07:50,Customer-12389,Picking
ORD01477,P00622,Compact Power Bank (Beige),Electronics,6,High,2026-07-13 22:16,Customer-18950,Picked
ORD01478,P00073,Deluxe HDMI Cable (Red),Electronics,8,Medium,2026-08-20 05:46,Customer-17838,Shipped
ORD01479,P00089,Classic Backpack (Green),Accessories,7,Medium,2026-08-14 14:19,Customer-17939,Picking
ORD01480,P00164,Lite Charger (White),Electronics,5,Medium,2026-08-30 23:23,Customer-18532,Cancelled
ORD01481,P00242,Deluxe Keychain (Silver),Accessories,7,Urgent,2026-08-09 16:27,Customer-18186,Cancelled
ORD01482,P00574,Premium Hiking Boots (White),Footwear,4,Medium,2026-07-20 16:29,Customer-10780,Cancelled
ORD01483,P00206,Standard Running Shoes (Silver),Footwear,8,High,2026-07-18 16:54,Customer-16428,Pending
ORD01484,P00361,Standard Curtain (White),Home,3,Low,2026-08-27 18:07,Customer-16793,Cancelled
ORD01485,P00416,Pro Notebook (Black),Stationery,1,Urgent,2026-08-04 19:40,Customer-17886,Cancelled
ORD01486,P00379,Pro Laptop Stand (Green),Electronics,6,High,2026-08-07 23:07,Customer-10833,Pending
ORD01487,P00051,Max Umbrella (Blue),Accessories,3,Low,2026-07-17 23:13,Customer-15973,Pending
ORD01488,P00631,Max Running Shoes (Silver),Footwear,7,Urgent,2026-07-19 08:38,Customer-14602,Shipped
ORD01489,P00006,Deluxe Slippers (Grey),Footwear,3,Urgent,2026-08-26 07:46,Customer-13847,Picking
ORD01490,P00464,Pro Marker Pack (Red),Stationery,5,High,2026-07-08 22:02,Customer-11826,Picking
ORD01491,P00484,Lite Bed Sheet Set (Grey),Home,8,High,2026-07-27 06:38,Customer-18172,Cancelled
ORD01492,P00234,Pro File Folder (Red),Stationery,3,High,2026-08-22 16:22,Customer-16678,Cancelled
ORD01493,P00638,Standard Cap (White),Accessories,6,Medium,2026-07-26 08:00,Customer-12585,Shipped
ORD01494,P00427,Classic Door Mat (Beige),Home,4,High,2026-07-12 11:10,Customer-16475,Cancelled
ORD01495,P00524,Premium Running Shoes (Green),Footwear,3,Medium,2026-07-20 12:04,Customer-10487,Shipped
ORD01496,P00179,Premium Marker Pack (Silver),Stationery,2,Medium,2026-08-16 21:10,Customer-18230,Pending
ORD01497,P00646,Pro Backpack (Grey),Accessories,7,Urgent,2026-08-30 17:14,Customer-18211,Pending
ORD01498,P00604,Premium Flip Flops (Red),Footwear,1,Urgent,2026-08-16 01:44,Customer-14305,Pending
ORD01499,P00640,Pro Boots (Black),Footwear,4,Low,2026-07-19 22:04,Customer-12899,Shipped
ORD01500,P00151,Standard Power Bank (Green),Electronics,5,Medium,2026-07-25 10:57,Customer-12081,Picking
ORD01501,P00496,Compact Slippers (Silver),Footwear,5,High,2026-08-02 17:06,Customer-16384,Shipped
ORD01502,P00239,Compact Hiking Boots (Blue),Footwear,8,High,2026-07-13 04:24,Customer-13037,Picking
ORD01503,P00105,Standard Travel Pouch (Green),Accessories,6,High,2026-07-29 16:56,Customer-12392,Picked
ORD01504,P00052,Premium Desk Organizer (Red),Stationery,7,High,2026-07-09 18:26,Customer-13045,Cancelled
ORD01505,P00454,Mini Router (Green),Electronics,6,Urgent,2026-07-24 02:00,Customer-11398,Shipped
ORD01506,P00347,Pro Watch Strap (Grey),Accessories,7,Urgent,2026-07-07 05:37,Customer-18956,Shipped
ORD01507,P00178,Standard USB-C Cable (Silver),Electronics,6,Urgent,2026-07-27 22:59,Customer-13682,Picking
ORD01508,P00596,Lite Flip Flops (Red),Footwear,7,Urgent,2026-08-08 16:56,Customer-15587,Shipped
ORD01509,P00332,Max Slippers (White),Footwear,7,Low,2026-07-14 13:21,Customer-14994,Shipped
ORD01510,P00068,Compact Router (Black),Electronics,2,High,2026-07-09 12:15,Customer-12205,Pending
ORD01511,P00465,Premium Sneakers (Black),Footwear,4,Urgent,2026-07-15 02:41,Customer-19551,Pending
ORD01512,P00551,Premium Cap (Silver),Accessories,7,Medium,2026-07-24 22:43,Customer-15979,Pending
ORD01513,P00794,Deluxe Curtain (Black),Home,4,Low,2026-08-07 09:23,Customer-19507,Cancelled
ORD01514,P00349,Standard USB-C Cable (Black),Electronics,7,Low,2026-07-06 18:23,Customer-16889,Picked
ORD01515,P00364,Max Calculator (Green),Stationery,2,Low,2026-08-26 10:31,Customer-16757,Cancelled
ORD01516,P00454,Mini Router (Green),Electronics,1,High,2026-08-06 22:51,Customer-12259,Picking
ORD01517,P00388,Deluxe Storage Box (White),Home,5,Medium,2026-07-26 00:10,Customer-11706,Picked
ORD01518,P00241,Classic Stapler (Grey),Stationery,1,Medium,2026-08-10 23:43,Customer-13229,Picked
ORD01519,P00159,Plus Wall Clock (Blue),Home,2,Low,2026-07-28 00:16,Customer-12544,Shipped
ORD01520,P00203,Classic Desk Organizer (White),Stationery,8,Low,2026-07-11 21:21,Customer-17690,Picked
ORD01521,P00726,Max Storage Box (Beige),Home,3,High,2026-07-25 21:16,Customer-12377,Pending
ORD01522,P00191,Compact Charger (Blue),Electronics,3,Urgent,2026-07-28 10:40,Customer-19672,Shipped
ORD01523,P00197,Pro Door Mat (Black),Home,2,Urgent,2026-08-16 17:07,Customer-13810,Picked
ORD01524,P00455,Lite Photo Frame (Red),Home,2,Low,2026-07-19 13:39,Customer-15352,Pending
ORD01525,P00033,Lite Wallet (Beige),Accessories,3,Medium,2026-08-30 05:21,Customer-18854,Picking
ORD01526,P00747,Premium Candle Holder (White),Home,6,Urgent,2026-08-20 22:17,Customer-18292,Picking
ORD01527,P00241,Classic Stapler (Grey),Stationery,8,Urgent,2026-07-16 07:38,Customer-10399,Picked
ORD01528,P00322,Max Door Mat (Beige),Home,6,Urgent,2026-07-19 20:47,Customer-13564,Picked
ORD01529,P00666,Deluxe Pen Set (Green),Stationery,4,Medium,2026-08-08 19:40,Customer-13689,Pending
ORD01530,P00714,Plus Bed Sheet Set (Beige),Home,2,Urgent,2026-08-10 00:05,Customer-16237,Picking
ORD01531,P00201,Premium File Folder (Silver),Stationery,5,Low,2026-08-01 16:44,Customer-11394,Picked
ORD01532,P00267,Pro Sticky Notes (Silver),Stationery,4,High,2026-07-20 05:19,Customer-15302,Picked
ORD01533,P00111,Standard Charger (Black),Electronics,7,High,2026-08-14 02:59,Customer-12410,Pending
ORD01534,P00408,Mini Bed Sheet Set (Beige),Home,3,Medium,2026-08-19 02:20,Customer-15586,Cancelled
ORD01535,P00705,Compact Sneakers (Blue),Footwear,3,Medium,2026-07-04 18:46,Customer-15678,Shipped
ORD01536,P00122,Deluxe Travel Pouch (Green),Accessories,7,Urgent,2026-08-20 16:02,Customer-19243,Cancelled
ORD01537,P00088,Pro Backpack (Beige),Accessories,3,Medium,2026-08-08 21:16,Customer-14806,Cancelled
ORD01538,P00620,Plus Loafers (Beige),Footwear,2,Medium,2026-07-18 19:01,Customer-15279,Picking
ORD01539,P00748,Compact Keyboard (Grey),Electronics,6,Urgent,2026-08-08 01:38,Customer-13281,Picking
ORD01540,P00530,Lite Scissors (Silver),Stationery,2,High,2026-08-09 11:15,Customer-16787,Shipped
ORD01541,P00709,Premium Marker Pack (Beige),Stationery,7,Urgent,2026-07-27 11:14,Customer-17062,Pending
ORD01542,P00440,Premium Sunglasses (Silver),Accessories,6,Medium,2026-07-01 23:41,Customer-13948,Picking
ORD01543,P00464,Pro Marker Pack (Red),Stationery,8,High,2026-07-02 19:20,Customer-16267,Shipped
ORD01544,P00081,Pro Loafers (Red),Footwear,8,Medium,2026-07-12 13:33,Customer-17927,Pending
ORD01545,P00428,Classic Cap (Green),Accessories,6,High,2026-08-25 02:40,Customer-11279,Picking
ORD01546,P00111,Standard Charger (Black),Electronics,5,Urgent,2026-08-11 06:31,Customer-16354,Cancelled
ORD01547,P00789,Lite Wallet (White),Accessories,3,Low,2026-08-11 01:20,Customer-17312,Picking
ORD01548,P00054,Standard Monitor (Green),Electronics,2,Low,2026-07-25 20:03,Customer-12780,Cancelled
ORD01549,P00201,Premium File Folder (Silver),Stationery,2,Low,2026-07-06 22:23,Customer-17271,Cancelled
ORD01550,P00648,Max Backpack (Blue),Accessories,6,Low,2026-08-11 03:59,Customer-14224,Shipped
ORD01551,P00265,Premium Wall Clock (Grey),Home,2,High,2026-07-02 07:10,Customer-15957,Picked
ORD01552,P00253,Deluxe Handbag (Beige),Accessories,8,Medium,2026-07-11 23:38,Customer-15344,Pending
ORD01553,P00267,Pro Sticky Notes (Silver),Stationery,2,Low,2026-08-05 14:21,Customer-11838,Picked
ORD01554,P00723,Premium Sticky Notes (Grey),Stationery,5,Urgent,2026-07-22 07:07,Customer-13714,Cancelled
ORD01555,P00478,Compact Keychain (White),Accessories,7,Low,2026-07-12 10:35,Customer-15509,Picked
ORD01556,P00354,Plus Calculator (White),Stationery,7,Urgent,2026-08-10 01:12,Customer-19533,Picked
ORD01557,P00092,Mini Headphones (Black),Electronics,3,Medium,2026-07-24 11:36,Customer-11012,Cancelled
ORD01558,P00362,Plus Wall Clock (Red),Home,4,Low,2026-08-05 17:01,Customer-10921,Picking
ORD01559,P00522,Standard Desk Organizer (Blue),Stationery,6,High,2026-07-31 01:05,Customer-18308,Cancelled
ORD01560,P00191,Compact Charger (Blue),Electronics,2,High,2026-07-18 06:41,Customer-12434,Cancelled
ORD01561,P00635,Classic Stapler (Beige),Stationery,8,High,2026-08-08 21:53,Customer-15057,Picking
ORD01562,P00368,Deluxe Door Mat (Silver),Home,6,Urgent,2026-08-18 18:25,Customer-19936,Shipped
ORD01563,P00794,Deluxe Curtain (Black),Home,7,High,2026-08-12 10:17,Customer-18392,Picked
ORD01564,P00525,Standard Storage Box (Red),Home,3,High,2026-08-05 15:55,Customer-15473,Picked
ORD01565,P00233,Compact Boots (Black),Footwear,7,High,2026-08-14 09:28,Customer-16896,Shipped
ORD01566,P00181,Max Sports Shoes (Grey),Footwear,8,Urgent,2026-08-15 17:55,Customer-11258,Shipped
ORD01567,P00119,Standard Belt (Green),Accessories,6,High,2026-08-09 19:07,Customer-15611,Cancelled
ORD01568,P00776,Max Wallet (Grey),Accessories,6,High,2026-07-31 07:05,Customer-19920,Picked
ORD01569,P00379,Pro Laptop Stand (Green),Electronics,7,Medium,2026-07-05 08:06,Customer-18233,Picking
ORD01570,P00622,Compact Power Bank (Beige),Electronics,7,High,2026-07-24 23:59,Customer-11001,Cancelled
ORD01571,P00588,Standard Bed Sheet Set (Beige),Home,3,Medium,2026-08-12 00:38,Customer-15329,Picked
ORD01572,P00125,Premium USB-C Cable (White),Electronics,4,Medium,2026-08-10 15:46,Customer-13593,Pending
ORD01573,P00320,Deluxe Bed Sheet Set (Beige),Home,2,Medium,2026-08-21 12:23,Customer-12603,Pending
ORD01574,P00365,Max Sunglasses (White),Accessories,5,Urgent,2026-07-23 23:26,Customer-19499,Shipped
ORD01575,P00474,Lite Sticky Notes (Blue),Stationery,3,Medium,2026-08-05 10:36,Customer-12336,Cancelled
ORD01576,P00370,Pro Slippers (Silver),Footwear,5,Urgent,2026-08-15 00:31,Customer-15066,Pending
ORD01577,P00797,Compact Travel Pouch (Grey),Accessories,3,Low,2026-08-03 16:23,Customer-17622,Pending
ORD01578,P00206,Standard Running Shoes (Silver),Footwear,5,Low,2026-08-03 12:18,Customer-17061,Shipped
ORD01579,P00238,Mini Bed Sheet Set (Beige),Home,8,Low,2026-07-05 13:12,Customer-19344,Cancelled
ORD01580,P00501,Lite Highlighter Set (Black),Stationery,2,Urgent,2026-07-30 04:04,Customer-19548,Pending
ORD01581,P00405,Premium Backpack (Green),Accessories,6,Urgent,2026-08-29 16:09,Customer-14635,Pending
ORD01582,P00500,Lite Wireless Mouse (Silver),Electronics,4,Medium,2026-07-16 10:27,Customer-16686,Pending
ORD01583,P00372,Pro Travel Pouch (Grey),Accessories,5,Urgent,2026-07-04 19:12,Customer-11024,Shipped
ORD01584,P00052,Premium Desk Organizer (Red),Stationery,3,High,2026-08-16 17:28,Customer-12279,Pending
ORD01585,P00602,Plus Bed Sheet Set (Beige),Home,6,Urgent,2026-07-14 01:33,Customer-13450,Cancelled
ORD01586,P00030,Deluxe Candle Holder (Silver),Home,3,Medium,2026-07-01 09:33,Customer-10733,Pending
ORD01587,P00754,Mini Desk Organizer (Silver),Stationery,5,Low,2026-07-09 12:37,Customer-14206,Shipped
ORD01588,P00181,Max Sports Shoes (Grey),Footwear,1,Medium,2026-08-26 03:38,Customer-16064,Picked
ORD01589,P00130,Max Smart Watch (White),Electronics,8,High,2026-07-22 21:40,Customer-10457,Picked
ORD01590,P00628,Classic Flip Flops (Black),Footwear,6,Low,2026-08-15 00:19,Customer-14799,Picked
ORD01591,P00386,Plus Sticky Notes (White),Stationery,5,Medium,2026-08-19 12:47,Customer-12234,Shipped
ORD01592,P00238,Mini Bed Sheet Set (Beige),Home,4,High,2026-07-18 19:15,Customer-19143,Cancelled
ORD01593,P00315,Standard Laptop Stand (Beige),Electronics,6,Urgent,2026-08-07 17:13,Customer-19350,Pending
ORD01594,P00213,Deluxe Keychain (Grey),Accessories,4,Urgent,2026-07-27 11:36,Customer-19161,Picking
ORD01595,P00302,Mini Belt (Red),Accessories,4,Urgent,2026-07-09 02:51,Customer-11925,Shipped
ORD01596,P00051,Max Umbrella (Blue),Accessories,5,Medium,2026-08-06 22:01,Customer-19529,Pending
ORD01597,P00207,Lite Highlighter Set (Black),Stationery,4,Medium,2026-08-03 07:50,Customer-11945,Shipped
ORD01598,P00700,Plus Cap (Silver),Accessories,4,High,2026-08-14 01:22,Customer-14664,Picking
ORD01599,P00769,Mini Sports Shoes (Blue),Footwear,1,Low,2026-08-27 09:18,Customer-11819,Cancelled
ORD01600,P00737,Pro Laptop Stand (Red),Electronics,2,High,2026-07-14 19:44,Customer-11507,Shipped
ORD01601,P00687,Max Boots (Grey),Footwear,7,High,2026-07-02 12:51,Customer-19322,Picking
ORD01602,P00226,Lite Webcam (Green),Electronics,7,Low,2026-07-07 02:25,Customer-18536,Pending
ORD01603,P00692,Max Earbuds (Green),Electronics,1,Urgent,2026-07-08 17:35,Customer-12527,Picking
ORD01604,P00555,Deluxe Cap (Red),Accessories,4,Low,2026-08-20 17:01,Customer-19456,Shipped
ORD01605,P00007,Mini Earbuds (Beige),Electronics,6,Low,2026-07-13 18:47,Customer-19963,Picked
ORD01606,P00246,Max File Folder (Beige),Stationery,7,Medium,2026-08-02 13:25,Customer-14430,Pending
ORD01607,P00072,Max Pen Set (Beige),Stationery,4,Medium,2026-08-25 03:13,Customer-14783,Shipped
ORD01608,P00711,Deluxe Wallet (White),Accessories,7,High,2026-07-17 19:44,Customer-19696,Cancelled
ORD01609,P00719,Mini Wallet (Green),Accessories,3,Medium,2026-08-05 16:39,Customer-10272,Picking
ORD01610,P00238,Mini Bed Sheet Set (Beige),Home,5,High,2026-08-15 17:04,Customer-10943,Picking
ORD01611,P00073,Deluxe HDMI Cable (Red),Electronics,6,Urgent,2026-08-13 05:24,Customer-14281,Picked
ORD01612,P00011,Premium Charger (White),Electronics,1,Urgent,2026-08-25 06:27,Customer-13133,Cancelled
ORD01613,P00692,Max Earbuds (Green),Electronics,8,High,2026-08-03 05:49,Customer-18539,Shipped
ORD01614,P00631,Max Running Shoes (Silver),Footwear,6,High,2026-07-22 23:37,Customer-19442,Pending
ORD01615,P00026,Deluxe File Folder (Beige),Stationery,8,High,2026-08-04 20:33,Customer-13607,Picking
ORD01616,P00533,Premium Photo Frame (Green),Home,8,Low,2026-07-17 18:38,Customer-15242,Picking
ORD01617,P00780,Pro Candle Holder (Red),Home,1,High,2026-07-27 21:30,Customer-14914,Cancelled
ORD01618,P00399,Deluxe Slippers (Grey),Footwear,3,High,2026-08-05 14:36,Customer-19131,Picked
ORD01619,P00561,Deluxe Cap (Black),Accessories,6,High,2026-08-01 09:51,Customer-10445,Pending
ORD01620,P00002,Pro Sandals (White),Footwear,6,Medium,2026-07-11 04:27,Customer-14960,Picked
ORD01621,P00564,Lite Bed Sheet Set (White),Home,8,High,2026-07-29 05:17,Customer-10064,Shipped
ORD01622,P00278,Lite Formal Shoes (Green),Footwear,6,Urgent,2026-07-06 04:23,Customer-19000,Shipped
ORD01623,P00015,Max Tablet Stand (White),Electronics,3,High,2026-07-18 04:23,Customer-11682,Shipped
ORD01624,P00468,Standard Power Bank (Silver),Electronics,1,High,2026-07-30 20:58,Customer-15642,Picked
ORD01625,P00767,Pro Sports Shoes (White),Footwear,4,Urgent,2026-08-27 01:57,Customer-10426,Picking
ORD01626,P00181,Max Sports Shoes (Grey),Footwear,5,Urgent,2026-07-01 13:37,Customer-10855,Picking
ORD01627,P00656,Plus Cushion (Beige),Home,3,Urgent,2026-08-14 07:23,Customer-10897,Picking
ORD01628,P00771,Premium Sticky Notes (Green),Stationery,8,High,2026-08-24 09:08,Customer-19755,Picked
ORD01629,P00459,Premium Stapler (Red),Stationery,6,Urgent,2026-07-30 17:45,Customer-12551,Shipped
ORD01630,P00220,Premium Bed Sheet Set (Grey),Home,1,Urgent,2026-08-12 04:06,Customer-18091,Cancelled
ORD01631,P00437,Plus Boots (Black),Footwear,4,High,2026-08-29 15:22,Customer-10378,Picking
ORD01632,P00163,Deluxe Formal Shoes (Red),Footwear,2,Low,2026-08-01 18:17,Customer-16342,Shipped
ORD01633,P00448,Standard Headphones (Green),Electronics,3,Urgent,2026-08-18 11:20,Customer-12690,Shipped
ORD01634,P00293,Plus Door Mat (Beige),Home,3,Urgent,2026-08-08 00:54,Customer-13406,Picking
ORD01635,P00311,Premium Laptop Stand (Green),Electronics,6,High,2026-08-03 04:05,Customer-16021,Shipped
ORD01636,P00359,Premium Hiking Boots (Green),Footwear,3,Urgent,2026-08-06 04:55,Customer-19503,Picking
ORD01637,P00613,Plus Cushion (Grey),Home,1,Medium,2026-07-30 16:31,Customer-14865,Pending
ORD01638,P00769,Mini Sports Shoes (Blue),Footwear,8,Medium,2026-07-28 04:11,Customer-13408,Shipped
ORD01639,P00438,Pro Cap (Green),Accessories,8,High,2026-07-18 20:06,Customer-15715,Shipped
ORD01640,P00300,Premium Tablet Stand (White),Electronics,6,Low,2026-08-16 05:51,Customer-15107,Shipped
ORD01641,P00448,Standard Headphones (Green),Electronics,6,Medium,2026-08-08 00:27,Customer-18137,Shipped
ORD01642,P00741,Deluxe Stapler (Blue),Stationery,6,Urgent,2026-07-01 09:46,Customer-19187,Shipped
ORD01643,P00375,Compact Desk Organizer (Beige),Stationery,7,Low,2026-07-05 18:09,Customer-19815,Cancelled
ORD01644,P00424,Standard Hiking Boots (Blue),Footwear,6,Urgent,2026-07-26 11:46,Customer-11629,Picked
ORD01645,P00600,Mini Desk Organizer (Beige),Stationery,1,Medium,2026-08-28 08:38,Customer-12250,Picked
ORD01646,P00423,Classic Watch Strap (Green),Accessories,8,Urgent,2026-08-15 18:59,Customer-15085,Picking
ORD01647,P00435,Lite Webcam (Beige),Electronics,7,Low,2026-07-24 21:05,Customer-15850,Pending
ORD01648,P00747,Premium Candle Holder (White),Home,1,Medium,2026-08-19 15:34,Customer-16511,Shipped
ORD01649,P00007,Mini Earbuds (Beige),Electronics,7,High,2026-08-27 04:02,Customer-18310,Picking
ORD01650,P00517,Premium Stapler (Black),Stationery,1,Medium,2026-08-03 19:04,Customer-11674,Shipped
ORD01651,P00146,Standard Water Bottle (Green),Home,6,Urgent,2026-08-12 07:07,Customer-12666,Pending
ORD01652,P00655,Lite Backpack (Silver),Accessories,3,High,2026-08-25 22:29,Customer-15482,Picking
ORD01653,P00113,Plus Table Lamp (Green),Home,4,Urgent,2026-07-17 18:55,Customer-12859,Cancelled
ORD01654,P00689,Premium Curtain (Beige),Home,5,Low,2026-07-26 15:23,Customer-12202,Shipped
ORD01655,P00388,Deluxe Storage Box (White),Home,6,Urgent,2026-07-23 03:53,Customer-14811,Cancelled
ORD01656,P00476,Pro Stapler (Grey),Stationery,8,Urgent,2026-07-24 23:44,Customer-15162,Pending
ORD01657,P00135,Max Highlighter Set (Grey),Stationery,6,Medium,2026-08-24 08:58,Customer-16057,Cancelled
ORD01658,P00613,Plus Cushion (Grey),Home,6,High,2026-07-22 21:09,Customer-13719,Picked
ORD01659,P00513,Mini Calculator (Green),Stationery,5,Urgent,2026-08-30 03:26,Customer-17098,Cancelled
ORD01660,P00356,Plus Table Lamp (Beige),Home,6,Medium,2026-07-21 06:48,Customer-12345,Picking
ORD01661,P00564,Lite Bed Sheet Set (White),Home,6,Urgent,2026-08-13 02:20,Customer-12125,Pending
ORD01662,P00586,Standard Flip Flops (Blue),Footwear,2,Urgent,2026-07-05 00:28,Customer-18135,Picked
ORD01663,P00773,Pro Formal Shoes (Blue),Footwear,8,High,2026-08-22 08:28,Customer-11036,Pending
ORD01664,P00082,Mini Cap (Silver),Accessories,7,High,2026-07-27 03:14,Customer-13439,Shipped
ORD01665,P00027,Mini Belt (Silver),Accessories,2,Urgent,2026-08-21 09:14,Customer-15152,Pending
ORD01666,P00289,Pro Marker Pack (Silver),Stationery,7,Urgent,2026-07-30 07:54,Customer-17410,Picked
ORD01667,P00064,Mini Water Bottle (Beige),Home,6,Low,2026-07-03 13:09,Customer-16013,Cancelled
ORD01668,P00213,Deluxe Keychain (Grey),Accessories,5,Medium,2026-07-24 19:44,Customer-19837,Picked
ORD01669,P00173,Deluxe Slippers (Beige),Footwear,1,Medium,2026-07-09 02:26,Customer-12669,Pending
ORD01670,P00693,Classic Hiking Boots (Beige),Footwear,5,Urgent,2026-08-16 07:45,Customer-18416,Picking
ORD01671,P00559,Classic Belt (Grey),Accessories,7,Medium,2026-08-27 02:06,Customer-14447,Cancelled
ORD01672,P00037,Mini Loafers (Black),Footwear,8,High,2026-08-12 08:16,Customer-15315,Picked
ORD01673,P00036,Deluxe Travel Pouch (Red),Accessories,5,Urgent,2026-08-03 23:24,Customer-15481,Pending
ORD01674,P00621,Max Router (Blue),Electronics,4,Low,2026-07-05 09:11,Customer-16056,Shipped
ORD01675,P00778,Compact Desk Organizer (Red),Stationery,1,Low,2026-08-12 09:43,Customer-19490,Shipped
ORD01676,P00674,Premium Belt (Red),Accessories,7,Urgent,2026-07-03 16:43,Customer-16942,Cancelled
ORD01677,P00283,Standard Sneakers (Green),Footwear,4,Medium,2026-07-11 06:17,Customer-11647,Picking
ORD01678,P00555,Deluxe Cap (Red),Accessories,4,Low,2026-07-24 21:33,Customer-19845,Picked
ORD01679,P00796,Mini Running Shoes (Silver),Footwear,6,High,2026-08-02 18:29,Customer-17936,Shipped
ORD01680,P00755,Classic Backpack (White),Accessories,7,High,2026-07-06 14:32,Customer-12235,Shipped
ORD01681,P00614,Max USB-C Cable (White),Electronics,2,Medium,2026-08-29 17:40,Customer-16367,Cancelled
ORD01682,P00689,Premium Curtain (Beige),Home,1,Low,2026-07-23 22:07,Customer-10341,Cancelled
ORD01683,P00661,Pro Handbag (White),Accessories,8,Low,2026-07-17 05:03,Customer-12038,Pending
ORD01684,P00012,Compact Table Lamp (Grey),Home,4,Medium,2026-07-16 10:44,Customer-11260,Picking
ORD01685,P00028,Classic Earbuds (White),Electronics,5,Medium,2026-08-26 18:57,Customer-19606,Shipped
ORD01686,P00598,Mini Boots (Red),Footwear,6,Low,2026-07-10 23:35,Customer-13366,Picked
ORD01687,P00616,Compact Cushion (Green),Home,4,Medium,2026-07-24 18:56,Customer-16932,Picking
ORD01688,P00210,Standard Marker Pack (White),Stationery,6,Medium,2026-08-13 09:16,Customer-19703,Pending
ORD01689,P00249,Deluxe Flip Flops (Green),Footwear,8,Low,2026-08-19 04:59,Customer-10044,Pending
ORD01690,P00575,Classic Highlighter Set (Silver),Stationery,2,Urgent,2026-08-16 22:55,Customer-11965,Picking
ORD01691,P00240,Standard Power Bank (Green),Electronics,6,High,2026-08-13 01:50,Customer-13415,Picking
ORD01692,P00097,Max Sticky Notes (Blue),Stationery,4,High,2026-07-25 04:58,Customer-14513,Pending
ORD01693,P00645,Deluxe Sneakers (Silver),Footwear,1,Low,2026-08-10 05:56,Customer-11610,Picking
ORD01694,P00502,Mini Keyboard (Grey),Electronics,8,Low,2026-08-15 19:18,Customer-13931,Picking
ORD01695,P00764,Compact Marker Pack (Silver),Stationery,8,Urgent,2026-08-16 09:52,Customer-18399,Pending
ORD01696,P00197,Pro Door Mat (Black),Home,3,Urgent,2026-07-16 16:06,Customer-18314,Picking
ORD01697,P00186,Compact Charger (Blue),Electronics,5,Medium,2026-07-05 22:21,Customer-18504,Picked
ORD01698,P00675,Mini Table Lamp (Grey),Home,6,Urgent,2026-07-22 18:35,Customer-19891,Shipped
ORD01699,P00528,Premium Scissors (Beige),Stationery,2,Low,2026-08-21 03:13,Customer-14184,Cancelled
ORD01700,P00362,Plus Wall Clock (Red),Home,2,Urgent,2026-08-13 07:25,Customer-14766,Picking
ORD01701,P00685,Premium Cushion (Grey),Home,1,Urgent,2026-08-01 00:17,Customer-13053,Cancelled
ORD01702,P00302,Mini Belt (Red),Accessories,3,Medium,2026-07-15 22:24,Customer-11597,Shipped
ORD01703,P00045,Premium Photo Frame (Silver),Home,4,Urgent,2026-07-12 07:45,Customer-13908,Shipped
ORD01704,P00505,Lite Travel Pouch (White),Accessories,4,Medium,2026-07-26 02:25,Customer-10572,Picking
ORD01705,P00061,Compact Monitor (Black),Electronics,8,High,2026-08-01 01:47,Customer-15441,Pending
ORD01706,P00510,Standard Calculator (Black),Stationery,4,High,2026-07-21 07:39,Customer-15692,Cancelled
ORD01707,P00118,Classic Bed Sheet Set (Grey),Home,7,High,2026-07-22 04:12,Customer-12658,Pending
ORD01708,P00084,Pro Stapler (Blue),Stationery,6,High,2026-08-27 04:15,Customer-17970,Cancelled
ORD01709,P00429,Max Webcam (White),Electronics,6,Medium,2026-08-20 08:07,Customer-16619,Picking
ORD01710,P00084,Pro Stapler (Blue),Stationery,7,Low,2026-07-09 09:52,Customer-10142,Pending
ORD01711,P00428,Classic Cap (Green),Accessories,1,High,2026-07-15 22:32,Customer-11732,Picking
ORD01712,P00275,Deluxe Sneakers (Grey),Footwear,8,Low,2026-07-01 21:32,Customer-17089,Picked
ORD01713,P00737,Pro Laptop Stand (Red),Electronics,6,High,2026-08-27 22:55,Customer-16371,Picking
ORD01714,P00589,Premium Sneakers (Green),Footwear,2,High,2026-07-12 15:20,Customer-15450,Pending
ORD01715,P00649,Lite Table Lamp (Blue),Home,2,High,2026-07-10 03:21,Customer-14437,Picked
ORD01716,P00621,Max Router (Blue),Electronics,6,Urgent,2026-08-04 07:31,Customer-19664,Picking
ORD01717,P00577,Compact Notebook (Silver),Stationery,5,Medium,2026-07-08 12:29,Customer-15832,Picked
ORD01718,P00685,Premium Cushion (Grey),Home,5,Low,2026-08-23 03:39,Customer-12306,Picked
ORD01719,P00302,Mini Belt (Red),Accessories,3,Urgent,2026-08-12 10:25,Customer-14732,Shipped
ORD01720,P00257,Standard Formal Shoes (White),Footwear,3,Urgent,2026-07-28 21:51,Customer-17336,Picked
ORD01721,P00422,Max Desk Organizer (Blue),Stationery,5,Urgent,2026-07-22 00:28,Customer-14307,Shipped
ORD01722,P00334,Max Keychain (Beige),Accessories,5,Medium,2026-07-10 04:24,Customer-14236,Picked
ORD01723,P00431,Plus Travel Pouch (Blue),Accessories,8,Medium,2026-08-03 01:12,Customer-18467,Pending
ORD01724,P00300,Premium Tablet Stand (White),Electronics,3,Medium,2026-07-29 23:07,Customer-12205,Cancelled
ORD01725,P00775,Mini Photo Frame (Red),Home,7,Medium,2026-08-16 11:52,Customer-16208,Picked
ORD01726,P00018,Deluxe Wallet (Blue),Accessories,4,Urgent,2026-08-20 23:54,Customer-14096,Picking
ORD01727,P00085,Pro Wallet (Blue),Accessories,5,High,2026-08-13 07:05,Customer-11252,Picking
ORD01728,P00611,Deluxe Watch Strap (Black),Accessories,4,Low,2026-07-09 21:54,Customer-19983,Cancelled
ORD01729,P00512,Premium Bed Sheet Set (Blue),Home,5,High,2026-07-31 23:15,Customer-13516,Shipped
ORD01730,P00497,Premium Wall Clock (Black),Home,3,Low,2026-08-14 00:41,Customer-11998,Picked
ORD01731,P00258,Mini Laptop Stand (Grey),Electronics,3,Medium,2026-07-14 19:11,Customer-11893,Picking
ORD01732,P00325,Mini Handbag (Silver),Accessories,4,High,2026-07-01 03:16,Customer-14506,Pending
ORD01733,P00191,Compact Charger (Blue),Electronics,8,High,2026-07-27 05:05,Customer-12956,Picking
ORD01734,P00467,Mini Bed Sheet Set (White),Home,1,Low,2026-07-14 07:27,Customer-14874,Pending
ORD01735,P00614,Max USB-C Cable (White),Electronics,6,High,2026-08-13 23:09,Customer-17823,Pending
ORD01736,P00691,Deluxe Travel Pouch (White),Accessories,7,High,2026-07-05 17:30,Customer-12641,Picking
ORD01737,P00611,Deluxe Watch Strap (Black),Accessories,8,Low,2026-08-24 23:44,Customer-13436,Picking
ORD01738,P00382,Lite Handbag (Beige),Accessories,2,Urgent,2026-07-15 11:59,Customer-18699,Picked
ORD01739,P00543,Pro Umbrella (Blue),Accessories,8,Medium,2026-07-18 05:17,Customer-15838,Cancelled
ORD01740,P00184,Lite Wall Clock (Grey),Home,4,High,2026-08-07 18:42,Customer-11435,Cancelled
ORD01741,P00619,Premium Table Lamp (Green),Home,6,Urgent,2026-07-26 14:10,Customer-10998,Cancelled
ORD01742,P00536,Lite Sunglasses (Black),Accessories,2,Urgent,2026-08-01 13:18,Customer-11633,Cancelled
ORD01743,P00636,Pro Formal Shoes (Blue),Footwear,3,Urgent,2026-07-25 14:24,Customer-18141,Cancelled
ORD01744,P00241,Classic Stapler (Grey),Stationery,3,Urgent,2026-07-26 23:15,Customer-16745,Picked
ORD01745,P00195,Mini Photo Frame (Black),Home,6,Medium,2026-07-19 05:56,Customer-13081,Picked
ORD01746,P00201,Premium File Folder (Silver),Stationery,5,Low,2026-07-18 01:47,Customer-11618,Cancelled
ORD01747,P00456,Mini Wireless Mouse (Silver),Electronics,1,Medium,2026-07-12 14:47,Customer-10827,Cancelled
ORD01748,P00692,Max Earbuds (Green),Electronics,3,Medium,2026-07-20 15:13,Customer-12430,Picked
ORD01749,P00794,Deluxe Curtain (Black),Home,1,Urgent,2026-07-18 20:06,Customer-11327,Shipped
ORD01750,P00231,Lite Sticky Notes (Silver),Stationery,7,High,2026-07-11 03:46,Customer-13629,Picking
ORD01751,P00301,Classic Hiking Boots (Black),Footwear,4,Urgent,2026-08-28 23:27,Customer-18450,Shipped
ORD01752,P00784,Classic Table Lamp (White),Home,5,Medium,2026-07-16 12:54,Customer-17866,Cancelled
ORD01753,P00245,Max Photo Frame (Red),Home,1,Low,2026-08-22 03:22,Customer-11946,Picking
ORD01754,P00086,Deluxe Cap (Red),Accessories,6,Low,2026-07-16 04:51,Customer-18842,Cancelled
ORD01755,P00443,Plus Stapler (White),Stationery,2,Urgent,2026-08-24 15:00,Customer-12400,Picked
ORD01756,P00115,Standard Photo Frame (Grey),Home,3,Low,2026-08-21 18:47,Customer-12667,Picked
ORD01757,P00298,Plus Monitor (Green),Electronics,6,High,2026-08-29 07:07,Customer-10611,Shipped
ORD01758,P00394,Lite Formal Shoes (White),Footwear,2,Medium,2026-08-21 22:21,Customer-12348,Cancelled
ORD01759,P00216,Deluxe Table Lamp (Black),Home,2,Low,2026-07-08 18:15,Customer-18077,Cancelled
ORD01760,P00591,Standard Earbuds (Black),Electronics,2,Low,2026-08-02 11:31,Customer-16646,Picked
ORD01761,P00058,Mini Highlighter Set (Beige),Stationery,1,Urgent,2026-07-10 16:50,Customer-16101,Picked
ORD01762,P00304,Max Marker Pack (Green),Stationery,3,Low,2026-07-02 21:31,Customer-17169,Shipped
ORD01763,P00061,Compact Monitor (Black),Electronics,3,High,2026-07-11 15:53,Customer-11594,Shipped
ORD01764,P00141,Max Water Bottle (Beige),Home,8,Medium,2026-07-31 21:39,Customer-11509,Pending
ORD01765,P00035,Compact Sticky Notes (White),Stationery,4,Low,2026-07-02 18:15,Customer-16733,Cancelled
ORD01766,P00358,Classic Keyboard (Green),Electronics,5,High,2026-08-12 21:57,Customer-19594,Shipped
ORD01767,P00659,Pro Formal Shoes (Grey),Footwear,5,Low,2026-07-22 13:14,Customer-11492,Cancelled
ORD01768,P00276,Classic Formal Shoes (Grey),Footwear,2,Low,2026-08-03 07:45,Customer-13717,Pending
ORD01769,P00181,Max Sports Shoes (Grey),Footwear,3,Urgent,2026-07-10 18:05,Customer-18781,Picking
ORD01770,P00197,Pro Door Mat (Black),Home,4,Low,2026-08-07 01:12,Customer-12197,Picked
ORD01771,P00116,Max Sticky Notes (Beige),Stationery,3,Urgent,2026-07-09 11:58,Customer-13368,Pending
ORD01772,P00054,Standard Monitor (Green),Electronics,7,High,2026-07-15 00:55,Customer-13808,Shipped
ORD01773,P00026,Deluxe File Folder (Beige),Stationery,1,Low,2026-08-03 00:49,Customer-17444,Picked
ORD01774,P00571,Compact Tablet Stand (Red),Electronics,6,High,2026-07-16 21:00,Customer-12497,Cancelled
ORD01775,P00164,Lite Charger (White),Electronics,5,Low,2026-07-30 16:10,Customer-15515,Picked
ORD01776,P00507,Pro Desk Organizer (Blue),Stationery,4,Urgent,2026-08-04 05:30,Customer-17086,Cancelled
ORD01777,P00095,Plus Backpack (Red),Accessories,6,Medium,2026-07-28 00:34,Customer-19751,Pending
ORD01778,P00212,Classic Formal Shoes (Blue),Footwear,6,High,2026-08-05 00:46,Customer-15816,Picked
ORD01779,P00163,Deluxe Formal Shoes (Red),Footwear,8,High,2026-07-19 13:41,Customer-14188,Shipped
ORD01780,P00435,Lite Webcam (Beige),Electronics,7,High,2026-08-11 03:10,Customer-12742,Shipped
ORD01781,P00715,Deluxe File Folder (White),Stationery,7,Urgent,2026-08-13 20:35,Customer-18077,Picked
ORD01782,P00660,Mini Sports Shoes (Beige),Footwear,1,Medium,2026-08-10 01:39,Customer-15827,Picked
ORD01783,P00171,Lite Curtain (Green),Home,5,High,2026-07-13 23:59,Customer-10708,Picked
ORD01784,P00612,Deluxe USB-C Cable (Red),Electronics,5,High,2026-08-08 20:18,Customer-16000,Picked
ORD01785,P00619,Premium Table Lamp (Green),Home,1,Low,2026-08-10 22:48,Customer-14453,Picking
ORD01786,P00494,Max File Folder (Blue),Stationery,7,Urgent,2026-07-08 13:32,Customer-13097,Picked
ORD01787,P00769,Mini Sports Shoes (Blue),Footwear,8,High,2026-08-16 13:33,Customer-11132,Pending
ORD01788,P00439,Premium Candle Holder (Beige),Home,2,Medium,2026-07-05 05:20,Customer-16227,Picked
ORD01789,P00241,Classic Stapler (Grey),Stationery,6,High,2026-08-21 12:46,Customer-11506,Pending
ORD01790,P00791,Pro Curtain (Grey),Home,6,Medium,2026-08-28 04:18,Customer-13007,Picked
ORD01791,P00005,Compact Marker Pack (Beige),Stationery,6,Urgent,2026-07-09 12:00,Customer-14278,Picking
ORD01792,P00655,Lite Backpack (Silver),Accessories,1,Low,2026-08-12 08:29,Customer-18979,Pending
ORD01793,P00544,Mini Smart Watch (Beige),Electronics,4,Medium,2026-08-16 13:52,Customer-18639,Picked
ORD01794,P00361,Standard Curtain (White),Home,4,Low,2026-08-15 18:04,Customer-14273,Picked
ORD01795,P00270,Pro Door Mat (Red),Home,8,Medium,2026-08-27 16:13,Customer-17355,Cancelled
ORD01796,P00579,Max Charger (White),Electronics,5,High,2026-08-13 23:22,Customer-15725,Picked
ORD01797,P00166,Compact Wallet (Green),Accessories,1,Medium,2026-08-27 12:43,Customer-13489,Shipped
ORD01798,P00543,Pro Umbrella (Blue),Accessories,8,Medium,2026-07-16 06:04,Customer-16612,Cancelled
ORD01799,P00262,Mini Sticky Notes (Blue),Stationery,8,Medium,2026-08-23 06:22,Customer-11011,Shipped
ORD01800,P00536,Lite Sunglasses (Black),Accessories,7,Low,2026-08-28 08:00,Customer-12970,Picked
ORD01801,P00239,Compact Hiking Boots (Blue),Footwear,2,Medium,2026-07-06 03:55,Customer-18682,Pending
ORD01802,P00557,Pro Scissors (Beige),Stationery,8,Medium,2026-08-06 18:40,Customer-16113,Pending
ORD01803,P00111,Standard Charger (Black),Electronics,4,High,2026-08-24 20:04,Customer-14643,Shipped
ORD01804,P00494,Max File Folder (Blue),Stationery,3,Low,2026-07-07 11:09,Customer-15508,Picking
ORD01805,P00222,Plus Laptop Stand (Beige),Electronics,2,Urgent,2026-08-09 23:14,Customer-10138,Picking
ORD01806,P00746,Mini Door Mat (Grey),Home,6,Low,2026-08-26 16:17,Customer-13121,Picked
ORD01807,P00076,Plus Belt (Red),Accessories,8,Medium,2026-08-20 22:13,Customer-17412,Pending
ORD01808,P00376,Compact Curtain (Black),Home,3,Urgent,2026-07-19 13:26,Customer-19219,Picking
ORD01809,P00386,Plus Sticky Notes (White),Stationery,4,Urgent,2026-07-07 22:41,Customer-11066,Picked
ORD01810,P00320,Deluxe Bed Sheet Set (Beige),Home,5,Urgent,2026-08-07 01:52,Customer-17903,Picking
ORD01811,P00728,Premium Candle Holder (Silver),Home,5,Urgent,2026-08-21 08:55,Customer-10939,Picking
ORD01812,P00438,Pro Cap (Green),Accessories,6,Urgent,2026-08-14 21:07,Customer-16350,Cancelled
ORD01813,P00800,Compact Wall Clock (White),Home,3,Medium,2026-07-21 05:15,Customer-10652,Pending
ORD01814,P00094,Classic Storage Box (Grey),Home,2,High,2026-08-11 12:16,Customer-10554,Picking
ORD01815,P00724,Plus Sandals (Silver),Footwear,1,Low,2026-08-14 02:29,Customer-11660,Cancelled
ORD01816,P00271,Plus Curtain (Grey),Home,8,Urgent,2026-08-07 12:15,Customer-19042,Shipped
ORD01817,P00488,Deluxe Loafers (Blue),Footwear,8,High,2026-07-22 07:27,Customer-11729,Shipped
ORD01818,P00585,Plus Sticky Notes (White),Stationery,8,Medium,2026-07-14 00:48,Customer-19987,Picking
ORD01819,P00503,Plus Watch Strap (Black),Accessories,7,Urgent,2026-07-29 04:10,Customer-11381,Pending
ORD01820,P00017,Plus Loafers (Red),Footwear,8,Low,2026-08-06 09:11,Customer-14785,Pending
ORD01821,P00002,Pro Sandals (White),Footwear,8,Urgent,2026-08-24 02:29,Customer-11032,Cancelled
ORD01822,P00221,Standard Hiking Boots (Silver),Footwear,6,Low,2026-07-13 00:56,Customer-16246,Pending
ORD01823,P00558,Mini Bluetooth Speaker (Silver),Electronics,7,Urgent,2026-07-01 18:58,Customer-10052,Cancelled
ORD01824,P00347,Pro Watch Strap (Grey),Accessories,8,Urgent,2026-07-23 04:18,Customer-10106,Shipped
ORD01825,P00064,Mini Water Bottle (Beige),Home,2,Urgent,2026-07-02 21:10,Customer-12452,Picking
ORD01826,P00136,Lite Table Lamp (Red),Home,3,Low,2026-07-11 14:58,Customer-19168,Picking
ORD01827,P00629,Classic Tablet Stand (Black),Electronics,6,Urgent,2026-07-04 19:23,Customer-10585,Pending
ORD01828,P00079,Deluxe Curtain (White),Home,2,Low,2026-08-19 16:52,Customer-19278,Picking
ORD01829,P00276,Classic Formal Shoes (Grey),Footwear,2,Urgent,2026-08-23 12:33,Customer-16259,Shipped
ORD01830,P00447,Standard Keychain (Grey),Accessories,8,Urgent,2026-08-26 01:39,Customer-10649,Pending
ORD01831,P00289,Pro Marker Pack (Silver),Stationery,5,Urgent,2026-08-25 21:01,Customer-11336,Shipped
ORD01832,P00235,Pro Laptop Stand (Blue),Electronics,3,High,2026-07-17 08:03,Customer-15944,Pending
ORD01833,P00582,Standard Power Bank (Blue),Electronics,5,High,2026-08-04 16:36,Customer-19667,Picked
ORD01834,P00520,Deluxe Keychain (Red),Accessories,7,Urgent,2026-08-27 10:42,Customer-17088,Shipped
ORD01835,P00150,Premium Storage Box (Blue),Home,2,Low,2026-07-10 21:07,Customer-10323,Picking
ORD01836,P00335,Deluxe Desk Organizer (Black),Stationery,5,Low,2026-07-24 01:05,Customer-15179,Picked
ORD01837,P00037,Mini Loafers (Black),Footwear,5,High,2026-07-15 07:04,Customer-11370,Cancelled
ORD01838,P00680,Plus Sports Shoes (Grey),Footwear,6,Medium,2026-07-13 22:02,Customer-18599,Pending
ORD01839,P00340,Standard Marker Pack (Beige),Stationery,6,Medium,2026-08-12 11:18,Customer-10032,Picking
ORD01840,P00302,Mini Belt (Red),Accessories,5,High,2026-07-13 21:26,Customer-16863,Picking
ORD01841,P00251,Classic Highlighter Set (Blue),Stationery,3,High,2026-08-04 02:45,Customer-11890,Shipped
ORD01842,P00645,Deluxe Sneakers (Silver),Footwear,5,Low,2026-07-30 03:48,Customer-18154,Pending
ORD01843,P00703,Lite Wallet (Black),Accessories,3,Urgent,2026-07-18 16:26,Customer-12532,Pending
ORD01844,P00411,Plus Bed Sheet Set (Red),Home,4,High,2026-07-09 04:49,Customer-10235,Picking
ORD01845,P00109,Compact Curtain (White),Home,7,Low,2026-08-17 16:43,Customer-16968,Shipped
ORD01846,P00287,Max Wallet (Silver),Accessories,3,High,2026-07-28 23:08,Customer-18360,Shipped
ORD01847,P00568,Compact Highlighter Set (Red),Stationery,8,High,2026-07-01 23:45,Customer-11012,Pending
ORD01848,P00307,Classic Formal Shoes (Blue),Footwear,7,High,2026-08-25 17:14,Customer-10512,Cancelled
ORD01849,P00396,Mini Keychain (Beige),Accessories,7,Low,2026-08-07 23:51,Customer-17159,Picking
ORD01850,P00582,Standard Power Bank (Blue),Electronics,1,High,2026-08-04 10:30,Customer-19972,Shipped
ORD01851,P00667,Lite Water Bottle (Beige),Home,2,Urgent,2026-07-29 09:19,Customer-14210,Shipped
ORD01852,P00126,Deluxe Candle Holder (Red),Home,5,Medium,2026-08-07 18:38,Customer-14211,Picked
ORD01853,P00654,Deluxe Keychain (Beige),Accessories,5,Medium,2026-08-15 16:55,Customer-16668,Picked
ORD01854,P00480,Deluxe Hiking Boots (Green),Footwear,2,High,2026-08-12 00:51,Customer-17376,Pending
ORD01855,P00353,Standard Sandals (Red),Footwear,5,High,2026-07-18 23:29,Customer-17628,Cancelled
ORD01856,P00765,Plus Wireless Mouse (White),Electronics,4,High,2026-08-22 23:25,Customer-18538,Shipped
ORD01857,P00789,Lite Wallet (White),Accessories,3,High,2026-07-20 13:37,Customer-17674,Shipped
ORD01858,P00437,Plus Boots (Black),Footwear,5,Medium,2026-07-30 03:57,Customer-12098,Shipped
ORD01859,P00313,Deluxe Marker Pack (Black),Stationery,5,Low,2026-08-24 01:42,Customer-15002,Picked
ORD01860,P00644,Pro Keychain (Black),Accessories,1,High,2026-07-26 01:02,Customer-10492,Pending
ORD01861,P00160,Pro Desk Organizer (Blue),Stationery,2,Medium,2026-08-28 13:05,Customer-13828,Shipped
ORD01862,P00426,Compact Calculator (Black),Stationery,5,Medium,2026-07-30 16:56,Customer-13297,Cancelled
ORD01863,P00567,Plus Curtain (Beige),Home,4,High,2026-07-16 16:10,Customer-14076,Picked
ORD01864,P00341,Mini Photo Frame (Green),Home,4,Medium,2026-07-23 06:32,Customer-16350,Shipped
ORD01865,P00528,Premium Scissors (Beige),Stationery,3,Low,2026-07-15 17:42,Customer-15977,Shipped
ORD01866,P00687,Max Boots (Grey),Footwear,5,High,2026-08-03 13:11,Customer-10086,Picking
ORD01867,P00717,Deluxe Keychain (White),Accessories,1,Urgent,2026-08-25 22:56,Customer-13306,Picking
ORD01868,P00651,Standard Scissors (Blue),Stationery,7,Urgent,2026-08-12 11:34,Customer-11277,Picked
ORD01869,P00689,Premium Curtain (Beige),Home,8,Urgent,2026-08-11 14:11,Customer-11626,Picked
ORD01870,P00092,Mini Headphones (Black),Electronics,2,Medium,2026-07-11 11:39,Customer-18656,Pending
ORD01871,P00652,Plus Smart Watch (Black),Electronics,3,High,2026-08-04 15:06,Customer-11132,Picked
ORD01872,P00250,Premium Tablet Stand (White),Electronics,5,High,2026-08-25 11:35,Customer-18991,Pending
ORD01873,P00116,Max Sticky Notes (Beige),Stationery,8,Low,2026-08-02 14:28,Customer-15535,Pending
ORD01874,P00591,Standard Earbuds (Black),Electronics,7,High,2026-07-06 20:15,Customer-19832,Shipped
ORD01875,P00653,Max Keyboard (White),Electronics,1,Medium,2026-08-03 03:48,Customer-17195,Cancelled
ORD01876,P00772,Standard Sandals (Silver),Footwear,2,Medium,2026-07-13 11:30,Customer-11054,Pending
ORD01877,P00672,Lite Sports Shoes (Beige),Footwear,2,Urgent,2026-08-24 22:34,Customer-10498,Cancelled
ORD01878,P00272,Standard Backpack (Grey),Accessories,4,Urgent,2026-07-27 20:13,Customer-10581,Picking
ORD01879,P00471,Plus Bed Sheet Set (Blue),Home,4,High,2026-08-14 10:19,Customer-10231,Shipped
ORD01880,P00344,Premium Power Bank (Beige),Electronics,5,High,2026-08-06 03:12,Customer-17314,Shipped
ORD01881,P00644,Pro Keychain (Black),Accessories,1,High,2026-07-18 04:12,Customer-16269,Picking
ORD01882,P00169,Mini Sports Shoes (Grey),Footwear,8,Low,2026-08-05 19:46,Customer-13708,Pending
ORD01883,P00090,Mini Boots (Silver),Footwear,4,Urgent,2026-07-29 03:53,Customer-11006,Shipped
ORD01884,P00348,Compact Highlighter Set (Grey),Stationery,8,Urgent,2026-07-21 19:33,Customer-14527,Pending
ORD01885,P00273,Classic Router (Silver),Electronics,7,Medium,2026-07-17 22:12,Customer-12195,Cancelled
ORD01886,P00227,Standard Earbuds (Black),Electronics,7,Medium,2026-07-03 19:08,Customer-16249,Pending
ORD01887,P00289,Pro Marker Pack (Silver),Stationery,4,Urgent,2026-07-19 02:10,Customer-16767,Shipped
ORD01888,P00308,Max Webcam (Green),Electronics,6,Medium,2026-07-13 05:31,Customer-10837,Picked
ORD01889,P00546,Classic Cap (White),Accessories,8,Medium,2026-07-26 21:15,Customer-14032,Cancelled
ORD01890,P00598,Mini Boots (Red),Footwear,8,Medium,2026-07-27 15:40,Customer-12188,Cancelled
ORD01891,P00604,Premium Flip Flops (Red),Footwear,3,Medium,2026-08-14 02:01,Customer-15467,Cancelled
ORD01892,P00470,Pro Loafers (Silver),Footwear,3,High,2026-08-21 07:54,Customer-14714,Picked
ORD01893,P00354,Plus Calculator (White),Stationery,1,Medium,2026-07-27 20:39,Customer-12480,Pending
ORD01894,P00022,Lite Watch Strap (White),Accessories,2,Medium,2026-07-01 20:35,Customer-19691,Cancelled
ORD01895,P00410,Standard Backpack (Black),Accessories,2,Low,2026-07-11 18:45,Customer-17299,Cancelled
ORD01896,P00330,Deluxe Power Bank (Grey),Electronics,6,High,2026-07-26 11:09,Customer-19271,Pending
ORD01897,P00739,Mini Hiking Boots (Red),Footwear,8,Low,2026-08-01 12:42,Customer-16296,Picking
ORD01898,P00762,Pro Charger (Black),Electronics,3,High,2026-08-09 05:47,Customer-13881,Cancelled
ORD01899,P00347,Pro Watch Strap (Grey),Accessories,1,Urgent,2026-07-22 22:59,Customer-12094,Picked
ORD01900,P00756,Pro Water Bottle (Blue),Home,4,Medium,2026-08-01 23:18,Customer-13003,Picked
ORD01901,P00410,Standard Backpack (Black),Accessories,8,Low,2026-07-19 18:19,Customer-13574,Pending
ORD01902,P00180,Pro Water Bottle (Grey),Home,3,Medium,2026-08-02 15:48,Customer-15933,Cancelled
ORD01903,P00737,Pro Laptop Stand (Red),Electronics,1,Urgent,2026-08-14 13:19,Customer-13618,Pending
ORD01904,P00756,Pro Water Bottle (Blue),Home,2,Low,2026-07-11 15:31,Customer-15751,Pending
ORD01905,P00503,Plus Watch Strap (Black),Accessories,4,Medium,2026-07-22 15:04,Customer-19128,Picking
ORD01906,P00422,Max Desk Organizer (Blue),Stationery,5,High,2026-07-13 22:21,Customer-12037,Picked
ORD01907,P00089,Classic Backpack (Green),Accessories,7,Medium,2026-07-31 22:17,Customer-15103,Picking
ORD01908,P00567,Plus Curtain (Beige),Home,8,Urgent,2026-08-15 02:22,Customer-17497,Pending
ORD01909,P00237,Premium Door Mat (Red),Home,4,Medium,2026-07-30 11:02,Customer-18413,Cancelled
ORD01910,P00086,Deluxe Cap (Red),Accessories,6,Medium,2026-07-06 03:13,Customer-18823,Picking
ORD01911,P00339,Classic Bluetooth Speaker (White),Electronics,3,Low,2026-08-09 10:22,Customer-13488,Cancelled
ORD01912,P00435,Lite Webcam (Beige),Electronics,4,High,2026-07-26 13:01,Customer-12042,Shipped
ORD01913,P00085,Pro Wallet (Blue),Accessories,1,High,2026-07-15 00:52,Customer-19001,Shipped
ORD01914,P00677,Plus Umbrella (Beige),Accessories,8,Medium,2026-08-18 13:31,Customer-12509,Shipped
ORD01915,P00493,Lite Wireless Mouse (Beige),Electronics,2,Medium,2026-07-31 02:01,Customer-13641,Shipped
ORD01916,P00674,Premium Belt (Red),Accessories,3,Urgent,2026-08-10 00:37,Customer-19665,Shipped
ORD01917,P00767,Pro Sports Shoes (White),Footwear,1,Low,2026-08-02 04:42,Customer-16152,Cancelled
ORD01918,P00608,Max Boots (Green),Footwear,3,Medium,2026-07-10 10:50,Customer-16484,Cancelled
ORD01919,P00338,Mini Bluetooth Speaker (Beige),Electronics,5,Medium,2026-08-21 11:04,Customer-11289,Shipped
ORD01920,P00293,Plus Door Mat (Beige),Home,4,High,2026-08-22 01:14,Customer-11627,Pending
ORD01921,P00090,Mini Boots (Silver),Footwear,7,Medium,2026-07-30 02:42,Customer-15114,Pending
ORD01922,P00175,Max Slippers (Green),Footwear,3,Urgent,2026-08-05 05:03,Customer-18485,Pending
ORD01923,P00403,Compact Bed Sheet Set (Beige),Home,1,High,2026-08-29 17:46,Customer-16698,Picking
ORD01924,P00174,Premium Backpack (Green),Accessories,6,Urgent,2026-07-22 00:23,Customer-19008,Picked
ORD01925,P00176,Lite Handbag (Grey),Accessories,2,Low,2026-07-14 03:54,Customer-15801,Shipped
ORD01926,P00096,Plus Formal Shoes (Beige),Footwear,1,Low,2026-07-19 03:18,Customer-13939,Cancelled
ORD01927,P00528,Premium Scissors (Beige),Stationery,2,Medium,2026-08-09 20:21,Customer-18374,Picked
ORD01928,P00698,Pro Laptop Stand (Grey),Electronics,5,Medium,2026-07-30 05:55,Customer-13257,Pending
ORD01929,P00005,Compact Marker Pack (Beige),Stationery,5,Medium,2026-08-12 06:04,Customer-17384,Shipped
ORD01930,P00481,Classic Notebook (White),Stationery,2,Medium,2026-07-27 11:43,Customer-16883,Picked
ORD01931,P00103,Max Monitor (Beige),Electronics,4,Urgent,2026-08-15 15:22,Customer-16576,Picking
ORD01932,P00206,Standard Running Shoes (Silver),Footwear,6,High,2026-07-16 22:20,Customer-13968,Shipped
ORD01933,P00202,Standard Keychain (Grey),Accessories,6,Low,2026-07-04 14:51,Customer-15786,Shipped
ORD01934,P00705,Compact Sneakers (Blue),Footwear,7,Low,2026-08-16 00:36,Customer-10913,Shipped
ORD01935,P00060,Compact Laptop Stand (White),Electronics,6,Urgent,2026-07-18 00:09,Customer-17479,Shipped
ORD01936,P00438,Pro Cap (Green),Accessories,1,Low,2026-08-08 20:15,Customer-19430,Picked
ORD01937,P00020,Compact Wall Clock (Red),Home,6,High,2026-08-16 22:21,Customer-16988,Pending
ORD01938,P00049,Pro USB-C Cable (Black),Electronics,7,Medium,2026-08-08 07:23,Customer-15671,Picking
ORD01939,P00140,Compact Photo Frame (Silver),Home,5,Low,2026-08-05 02:07,Customer-14442,Pending
ORD01940,P00665,Pro Wireless Mouse (Green),Electronics,2,High,2026-07-24 15:17,Customer-14456,Pending
ORD01941,P00691,Deluxe Travel Pouch (White),Accessories,4,Low,2026-07-24 15:58,Customer-18526,Picked
ORD01942,P00528,Premium Scissors (Beige),Stationery,6,Low,2026-07-20 03:31,Customer-10820,Pending
ORD01943,P00006,Deluxe Slippers (Grey),Footwear,3,Urgent,2026-07-07 02:55,Customer-18415,Shipped
ORD01944,P00109,Compact Curtain (White),Home,4,Urgent,2026-08-05 06:27,Customer-19706,Picking
ORD01945,P00728,Premium Candle Holder (Silver),Home,3,Low,2026-08-22 22:47,Customer-11330,Cancelled
ORD01946,P00098,Classic Sports Shoes (Blue),Footwear,4,Urgent,2026-08-16 01:16,Customer-18753,Shipped
ORD01947,P00619,Premium Table Lamp (Green),Home,2,Low,2026-07-12 16:52,Customer-15447,Pending
ORD01948,P00100,Standard Formal Shoes (Black),Footwear,2,Low,2026-08-17 18:17,Customer-15931,Shipped
ORD01949,P00432,Mini Door Mat (Blue),Home,2,Urgent,2026-07-01 17:23,Customer-18518,Shipped
ORD01950,P00730,Classic Boots (Grey),Footwear,6,High,2026-08-10 00:10,Customer-12066,Shipped
ORD01951,P00135,Max Highlighter Set (Grey),Stationery,2,Medium,2026-07-28 20:55,Customer-12108,Cancelled
ORD01952,P00630,Max Storage Box (White),Home,3,Urgent,2026-07-21 11:10,Customer-16614,Shipped
ORD01953,P00346,Compact Belt (White),Accessories,8,Low,2026-07-08 07:41,Customer-13291,Pending
ORD01954,P00212,Classic Formal Shoes (Blue),Footwear,8,Medium,2026-07-08 14:17,Customer-19328,Picking
ORD01955,P00119,Standard Belt (Green),Accessories,6,High,2026-07-22 18:44,Customer-18010,Shipped
ORD01956,P00187,Premium Sneakers (Grey),Footwear,6,High,2026-08-01 08:51,Customer-18058,Shipped
ORD01957,P00676,Plus Keyboard (Beige),Electronics,2,Urgent,2026-08-03 16:02,Customer-18497,Picking
ORD01958,P00329,Plus Keyboard (Beige),Electronics,7,Medium,2026-08-09 19:16,Customer-11806,Shipped
ORD01959,P00220,Premium Bed Sheet Set (Grey),Home,2,Low,2026-08-24 06:17,Customer-12777,Shipped
ORD01960,P00098,Classic Sports Shoes (Blue),Footwear,5,High,2026-07-31 00:16,Customer-16773,Picking
ORD01961,P00548,Mini Sports Shoes (Black),Footwear,4,Medium,2026-07-09 11:09,Customer-11990,Picking
ORD01962,P00342,Deluxe Handbag (White),Accessories,4,High,2026-07-03 03:19,Customer-14640,Shipped
ORD01963,P00013,Deluxe Scissors (Red),Stationery,5,Low,2026-08-13 02:08,Customer-18274,Shipped
ORD01964,P00334,Max Keychain (Beige),Accessories,5,Medium,2026-08-10 13:58,Customer-17010,Picked
ORD01965,P00312,Pro Desk Organizer (Silver),Stationery,3,Urgent,2026-07-24 00:34,Customer-18442,Shipped
ORD01966,P00223,Pro Handbag (Blue),Accessories,3,Urgent,2026-08-25 23:01,Customer-12082,Picked
ORD01967,P00334,Max Keychain (Beige),Accessories,8,Low,2026-08-16 10:20,Customer-14579,Pending
ORD01968,P00798,Mini Loafers (Grey),Footwear,1,High,2026-08-01 23:33,Customer-11066,Picked
ORD01969,P00068,Compact Router (Black),Electronics,5,Low,2026-07-19 22:22,Customer-16118,Pending
ORD01970,P00559,Classic Belt (Grey),Accessories,7,Medium,2026-08-30 07:48,Customer-16850,Cancelled
ORD01971,P00577,Compact Notebook (Silver),Stationery,4,Low,2026-08-09 00:47,Customer-14366,Picked
ORD01972,P00491,Premium Belt (White),Accessories,2,High,2026-08-14 18:41,Customer-15045,Pending
ORD01973,P00170,Premium Calculator (Silver),Stationery,4,High,2026-07-31 21:34,Customer-14319,Pending
ORD01974,P00027,Mini Belt (Silver),Accessories,6,Low,2026-08-08 14:05,Customer-12217,Cancelled
ORD01975,P00748,Compact Keyboard (Grey),Electronics,8,Low,2026-08-26 12:05,Customer-16265,Picked
ORD01976,P00432,Mini Door Mat (Blue),Home,1,Low,2026-07-15 06:58,Customer-18172,Pending
ORD01977,P00242,Deluxe Keychain (Silver),Accessories,4,High,2026-08-25 05:45,Customer-16158,Shipped
ORD01978,P00697,Mini Calculator (Green),Stationery,8,Medium,2026-08-14 07:51,Customer-15101,Pending
ORD01979,P00035,Compact Sticky Notes (White),Stationery,5,High,2026-08-20 20:27,Customer-19591,Shipped
ORD01980,P00125,Premium USB-C Cable (White),Electronics,3,Urgent,2026-07-11 04:36,Customer-10200,Picking
ORD01981,P00688,Standard Sports Shoes (White),Footwear,1,High,2026-07-26 01:32,Customer-15494,Cancelled
ORD01982,P00188,Deluxe Calculator (Grey),Stationery,2,Low,2026-08-13 10:47,Customer-13245,Picking
ORD01983,P00055,Premium Candle Holder (Black),Home,2,Urgent,2026-07-20 05:17,Customer-17162,Shipped
ORD01984,P00405,Premium Backpack (Green),Accessories,7,Medium,2026-07-26 14:48,Customer-11580,Cancelled
ORD01985,P00274,Deluxe Belt (Green),Accessories,8,Low,2026-08-13 05:24,Customer-18617,Cancelled
ORD01986,P00525,Standard Storage Box (Red),Home,6,Low,2026-07-28 17:19,Customer-15824,Shipped
ORD01987,P00718,Pro Loafers (Red),Footwear,8,Urgent,2026-08-22 21:09,Customer-11621,Picked
ORD01988,P00614,Max USB-C Cable (White),Electronics,8,Medium,2026-07-08 21:11,Customer-16827,Pending
ORD01989,P00663,Mini Wallet (White),Accessories,1,Low,2026-08-25 17:13,Customer-19648,Picking
ORD01990,P00231,Lite Sticky Notes (Silver),Stationery,6,Urgent,2026-08-28 03:04,Customer-10339,Cancelled
ORD01991,P00665,Pro Wireless Mouse (Green),Electronics,3,Low,2026-07-19 14:07,Customer-18466,Shipped
ORD01992,P00402,Premium Highlighter Set (Grey),Stationery,7,Medium,2026-08-17 08:26,Customer-12393,Pending
ORD01993,P00022,Lite Watch Strap (White),Accessories,3,Low,2026-07-21 20:12,Customer-15422,Pending
ORD01994,P00657,Deluxe Storage Box (Beige),Home,1,Medium,2026-07-21 18:45,Customer-12290,Picked
ORD01995,P00097,Max Sticky Notes (Blue),Stationery,5,High,2026-07-09 19:06,Customer-10644,Shipped
ORD01996,P00417,Mini Belt (Beige),Accessories,2,High,2026-08-04 00:50,Customer-13538,Picked
ORD01997,P00183,Plus Bed Sheet Set (Green),Home,5,Medium,2026-08-21 05:34,Customer-17805,Shipped
ORD01998,P00055,Premium Candle Holder (Black),Home,7,Urgent,2026-07-23 15:18,Customer-10496,Cancelled
ORD01999,P00277,Deluxe Water Bottle (Green),Home,3,Low,2026-08-27 13:57,Customer-10880,Picked
ORD02000,P00792,Classic Cushion (Red),Home,4,Low,2026-07-29 21:14,Customer-18892,Shipped
ORD02001,P00408,Mini Bed Sheet Set (Beige),Home,3,Low,2026-07-07 08:36,Customer-16736,Shipped
ORD02002,P00386,Plus Sticky Notes (White),Stationery,2,High,2026-07-14 20:47,Customer-15493,Picked
ORD02003,P00647,Classic Desk Organizer (Blue),Stationery,7,Urgent,2026-07-30 04:56,Customer-14599,Picking
ORD02004,P00124,Mini Sneakers (Black),Footwear,4,High,2026-08-01 08:27,Customer-14983,Cancelled
ORD02005,P00657,Deluxe Storage Box (Beige),Home,6,High,2026-08-22 11:07,Customer-11087,Picking
ORD02006,P00052,Premium Desk Organizer (Red),Stationery,6,Urgent,2026-07-03 21:39,Customer-15108,Pending
ORD02007,P00798,Mini Loafers (Grey),Footwear,3,Medium,2026-07-03 16:31,Customer-11703,Shipped
ORD02008,P00033,Lite Wallet (Beige),Accessories,7,Medium,2026-07-20 13:30,Customer-13003,Picking
ORD02009,P00503,Plus Watch Strap (Black),Accessories,4,Urgent,2026-07-23 14:18,Customer-13351,Picked
ORD02010,P00649,Lite Table Lamp (Blue),Home,5,Urgent,2026-07-14 13:43,Customer-14789,Shipped
ORD02011,P00127,Standard Door Mat (Red),Home,8,Low,2026-08-16 15:44,Customer-12661,Pending
ORD02012,P00778,Compact Desk Organizer (Red),Stationery,8,Medium,2026-08-13 17:17,Customer-12311,Cancelled
ORD02013,P00182,Premium Scissors (Green),Stationery,1,Urgent,2026-07-09 23:16,Customer-18110,Picking
ORD02014,P00508,Plus Keyboard (Green),Electronics,3,Urgent,2026-07-25 08:30,Customer-15581,Pending
ORD02015,P00492,Max Umbrella (Blue),Accessories,1,Low,2026-07-31 16:22,Customer-19296,Shipped
ORD02016,P00242,Deluxe Keychain (Silver),Accessories,4,High,2026-07-08 07:09,Customer-14486,Pending
ORD02017,P00679,Premium Marker Pack (Green),Stationery,7,Urgent,2026-07-25 23:31,Customer-16877,Picked
ORD02018,P00095,Plus Backpack (Red),Accessories,7,Low,2026-08-25 13:17,Customer-12813,Shipped
ORD02019,P00095,Plus Backpack (Red),Accessories,6,Low,2026-07-26 03:41,Customer-10844,Shipped
ORD02020,P00325,Mini Handbag (Silver),Accessories,7,Low,2026-08-18 08:37,Customer-12669,Picking
ORD02021,P00453,Plus Photo Frame (Silver),Home,6,Low,2026-08-16 13:25,Customer-17577,Pending
ORD02022,P00693,Classic Hiking Boots (Beige),Footwear,2,High,2026-08-12 03:40,Customer-11078,Cancelled
ORD02023,P00605,Mini Boots (Silver),Footwear,4,Urgent,2026-08-21 22:47,Customer-18071,Shipped
ORD02024,P00739,Mini Hiking Boots (Red),Footwear,1,Low,2026-08-13 12:48,Customer-10185,Pending
ORD02025,P00131,Premium Storage Box (Green),Home,8,Low,2026-07-16 14:07,Customer-12634,Picked
ORD02026,P00314,Premium Stapler (Black),Stationery,3,Low,2026-07-31 15:49,Customer-18286,Picked
ORD02027,P00201,Premium File Folder (Silver),Stationery,1,High,2026-07-01 00:10,Customer-19935,Cancelled
ORD02028,P00509,Mini Scissors (Red),Stationery,1,Low,2026-08-15 13:49,Customer-14699,Shipped
ORD02029,P00349,Standard USB-C Cable (Black),Electronics,5,Urgent,2026-08-21 08:09,Customer-18855,Shipped
ORD02030,P00556,Standard Hiking Boots (Beige),Footwear,5,Low,2026-08-28 18:11,Customer-14452,Cancelled
ORD02031,P00728,Premium Candle Holder (Silver),Home,3,Urgent,2026-07-18 14:30,Customer-13432,Cancelled
ORD02032,P00145,Lite Cushion (Beige),Home,7,Low,2026-07-16 04:31,Customer-18211,Shipped
ORD02033,P00027,Mini Belt (Silver),Accessories,4,Low,2026-08-28 23:57,Customer-16013,Picked
ORD02034,P00756,Pro Water Bottle (Blue),Home,6,Medium,2026-08-14 16:51,Customer-15368,Shipped
ORD02035,P00723,Premium Sticky Notes (Grey),Stationery,6,High,2026-08-05 04:22,Customer-10069,Cancelled
ORD02036,P00147,Premium Storage Box (Blue),Home,7,Medium,2026-07-24 17:25,Customer-13360,Pending
ORD02037,P00518,Pro Handbag (Beige),Accessories,4,High,2026-07-11 03:50,Customer-12459,Picking
ORD02038,P00355,Standard Water Bottle (Black),Home,6,Urgent,2026-08-11 21:57,Customer-14238,Pending
ORD02039,P00142,Classic Curtain (Beige),Home,7,Low,2026-07-15 21:26,Customer-15012,Picking
ORD02040,P00709,Premium Marker Pack (Beige),Stationery,1,Medium,2026-08-03 23:49,Customer-15164,Picked
ORD02041,P00757,Classic Door Mat (Beige),Home,8,High,2026-08-28 21:06,Customer-11606,Picked
ORD02042,P00789,Lite Wallet (White),Accessories,3,Low,2026-08-21 21:25,Customer-16912,Picking
ORD02043,P00149,Classic Desk Organizer (White),Stationery,5,Low,2026-08-29 20:44,Customer-17182,Shipped
ORD02044,P00003,Classic File Folder (Black),Stationery,3,Urgent,2026-07-19 08:02,Customer-17885,Pending
ORD02045,P00063,Premium Door Mat (Red),Home,3,Medium,2026-07-05 10:56,Customer-15179,Cancelled
ORD02046,P00792,Classic Cushion (Red),Home,7,Medium,2026-08-18 01:49,Customer-11854,Shipped
ORD02047,P00671,Mini Umbrella (White),Accessories,4,Low,2026-08-23 11:29,Customer-17837,Cancelled
ORD02048,P00251,Classic Highlighter Set (Blue),Stationery,4,High,2026-08-29 21:30,Customer-14026,Cancelled
ORD02049,P00201,Premium File Folder (Silver),Stationery,8,Low,2026-07-18 19:59,Customer-19075,Cancelled
ORD02050,P00216,Deluxe Table Lamp (Black),Home,7,High,2026-08-20 05:12,Customer-15660,Cancelled
ORD02051,P00126,Deluxe Candle Holder (Red),Home,4,Low,2026-08-10 17:23,Customer-18823,Pending
ORD02052,P00388,Deluxe Storage Box (White),Home,3,High,2026-08-01 17:30,Customer-14087,Picked
ORD02053,P00039,Plus HDMI Cable (Grey),Electronics,4,Low,2026-08-14 16:56,Customer-18903,Shipped
ORD02054,P00239,Compact Hiking Boots (Blue),Footwear,6,High,2026-08-27 12:11,Customer-11867,Cancelled
ORD02055,P00619,Premium Table Lamp (Green),Home,1,Low,2026-08-17 14:00,Customer-18460,Picked
ORD02056,P00612,Deluxe USB-C Cable (Red),Electronics,1,High,2026-08-06 18:16,Customer-13417,Picked
ORD02057,P00181,Max Sports Shoes (Grey),Footwear,6,Urgent,2026-08-24 02:10,Customer-18866,Shipped
ORD02058,P00475,Max Loafers (Green),Footwear,3,Low,2026-07-15 00:20,Customer-17109,Picking
ORD02059,P00548,Mini Sports Shoes (Black),Footwear,1,Low,2026-07-09 00:37,Customer-16621,Shipped
ORD02060,P00468,Standard Power Bank (Silver),Electronics,7,Low,2026-08-10 10:32,Customer-13750,Cancelled
ORD02061,P00494,Max File Folder (Blue),Stationery,2,Urgent,2026-07-07 20:21,Customer-15879,Cancelled
ORD02062,P00449,Classic Sticky Notes (Blue),Stationery,7,High,2026-07-25 02:23,Customer-13558,Pending
ORD02063,P00371,Lite Wall Clock (Black),Home,8,Medium,2026-07-20 14:50,Customer-10702,Shipped
ORD02064,P00162,Standard Keychain (Beige),Accessories,3,Low,2026-07-24 07:52,Customer-11922,Pending
ORD02065,P00727,Premium Calculator (Beige),Stationery,4,High,2026-07-22 10:12,Customer-14581,Cancelled
ORD02066,P00710,Max Water Bottle (Red),Home,8,High,2026-08-12 23:36,Customer-16382,Picked
ORD02067,P00112,Max Calculator (Green),Stationery,5,Urgent,2026-08-18 01:45,Customer-18790,Shipped
ORD02068,P00773,Pro Formal Shoes (Blue),Footwear,2,High,2026-08-05 19:30,Customer-12313,Cancelled
ORD02069,P00309,Lite Bluetooth Speaker (Black),Electronics,7,High,2026-07-02 22:49,Customer-15969,Shipped
ORD02070,P00187,Premium Sneakers (Grey),Footwear,8,Low,2026-07-25 01:36,Customer-13340,Cancelled
ORD02071,P00564,Lite Bed Sheet Set (White),Home,8,High,2026-08-01 16:44,Customer-16500,Cancelled
ORD02072,P00331,Deluxe Wallet (Red),Accessories,1,Low,2026-07-04 03:24,Customer-12291,Cancelled
ORD02073,P00694,Pro Watch Strap (Black),Accessories,4,Medium,2026-07-28 05:18,Customer-18596,Pending
ORD02074,P00028,Classic Earbuds (White),Electronics,7,Low,2026-08-22 16:43,Customer-19313,Picking
ORD02075,P00715,Deluxe File Folder (White),Stationery,6,Urgent,2026-07-25 08:53,Customer-15353,Pending
ORD02076,P00274,Deluxe Belt (Green),Accessories,1,Medium,2026-08-26 02:25,Customer-18244,Shipped
ORD02077,P00766,Premium Storage Box (White),Home,6,Low,2026-07-21 08:13,Customer-16139,Picked
ORD02078,P00232,Classic Table Lamp (Red),Home,6,High,2026-07-27 03:10,Customer-16253,Picked
ORD02079,P00634,Compact Wireless Mouse (Grey),Electronics,7,Urgent,2026-08-21 10:59,Customer-11007,Shipped
ORD02080,P00512,Premium Bed Sheet Set (Blue),Home,8,Low,2026-08-22 05:38,Customer-12333,Picking
ORD02081,P00165,Plus Notebook (Beige),Stationery,7,Medium,2026-07-13 20:51,Customer-16207,Pending
ORD02082,P00775,Mini Photo Frame (Red),Home,4,High,2026-07-30 11:14,Customer-10559,Pending
ORD02083,P00152,Plus Slippers (Green),Footwear,1,High,2026-08-15 05:13,Customer-17540,Picked
ORD02084,P00760,Mini Webcam (Black),Electronics,8,Low,2026-07-06 10:49,Customer-17706,Shipped
ORD02085,P00711,Deluxe Wallet (White),Accessories,4,Urgent,2026-08-21 05:53,Customer-15229,Pending
ORD02086,P00259,Plus Wireless Mouse (Black),Electronics,4,Low,2026-08-02 14:49,Customer-19737,Pending
ORD02087,P00120,Premium Door Mat (Red),Home,2,High,2026-08-09 13:55,Customer-10614,Shipped
ORD02088,P00351,Lite Boots (Green),Footwear,1,Urgent,2026-07-01 13:58,Customer-16595,Cancelled
ORD02089,P00789,Lite Wallet (White),Accessories,2,Medium,2026-08-26 05:33,Customer-15995,Cancelled
ORD02090,P00355,Standard Water Bottle (Black),Home,4,High,2026-08-21 17:38,Customer-12353,Picked
ORD02091,P00263,Standard Router (Red),Electronics,6,Low,2026-07-30 00:28,Customer-15549,Picking
ORD02092,P00218,Max Headphones (Black),Electronics,3,Urgent,2026-07-17 12:29,Customer-14975,Cancelled
ORD02093,P00630,Max Storage Box (White),Home,5,Urgent,2026-07-29 03:19,Customer-13105,Cancelled
ORD02094,P00793,Standard HDMI Cable (White),Electronics,6,Urgent,2026-08-22 01:08,Customer-17327,Shipped
ORD02095,P00578,Standard Backpack (Grey),Accessories,4,High,2026-08-24 14:03,Customer-10848,Picking
ORD02096,P00565,Deluxe Handbag (Red),Accessories,6,Low,2026-07-08 04:52,Customer-19564,Picked
ORD02097,P00602,Plus Bed Sheet Set (Beige),Home,8,Urgent,2026-07-04 18:51,Customer-15721,Shipped
ORD02098,P00613,Plus Cushion (Grey),Home,2,Urgent,2026-08-03 14:49,Customer-17067,Picking
ORD02099,P00422,Max Desk Organizer (Blue),Stationery,2,High,2026-07-11 04:36,Customer-18501,Shipped
ORD02100,P00299,Lite Keyboard (Red),Electronics,2,Urgent,2026-07-04 17:38,Customer-17428,Picking
ORD02101,P00026,Deluxe File Folder (Beige),Stationery,4,High,2026-08-04 04:51,Customer-11134,Picked
ORD02102,P00322,Max Door Mat (Beige),Home,8,Low,2026-07-13 01:05,Customer-12211,Cancelled
ORD02103,P00591,Standard Earbuds (Black),Electronics,1,High,2026-07-22 08:25,Customer-19052,Picked
ORD02104,P00058,Mini Highlighter Set (Beige),Stationery,3,Urgent,2026-08-02 19:46,Customer-18232,Picked
ORD02105,P00049,Pro USB-C Cable (Black),Electronics,7,Urgent,2026-07-30 03:57,Customer-19169,Picking
ORD02106,P00762,Pro Charger (Black),Electronics,2,High,2026-07-10 17:23,Customer-16691,Pending
ORD02107,P00269,Lite Umbrella (Red),Accessories,6,Low,2026-08-19 17:24,Customer-15340,Picked
ORD02108,P00628,Classic Flip Flops (Black),Footwear,2,Medium,2026-08-20 05:02,Customer-14462,Pending
ORD02109,P00609,Premium HDMI Cable (Green),Electronics,7,Medium,2026-07-23 00:14,Customer-15043,Shipped
ORD02110,P00072,Max Pen Set (Beige),Stationery,3,Low,2026-08-26 15:13,Customer-10842,Picked
ORD02111,P00260,Plus Handbag (Beige),Accessories,8,Medium,2026-08-16 10:52,Customer-18675,Shipped
ORD02112,P00038,Premium Scissors (Black),Stationery,7,Low,2026-07-31 14:33,Customer-12509,Picking
ORD02113,P00029,Standard Sandals (White),Footwear,6,Low,2026-07-05 07:19,Customer-10111,Cancelled
ORD02114,P00665,Pro Wireless Mouse (Green),Electronics,5,Low,2026-07-29 02:26,Customer-11770,Picked
ORD02115,P00011,Premium Charger (White),Electronics,3,High,2026-07-09 20:44,Customer-15480,Pending
ORD02116,P00428,Classic Cap (Green),Accessories,6,Low,2026-08-05 22:18,Customer-17090,Pending
ORD02117,P00369,Plus Desk Organizer (Green),Stationery,6,Urgent,2026-07-03 15:33,Customer-18377,Picked
ORD02118,P00660,Mini Sports Shoes (Beige),Footwear,8,Low,2026-08-03 21:59,Customer-15403,Shipped
ORD02119,P00551,Premium Cap (Silver),Accessories,4,Low,2026-08-22 06:59,Customer-19386,Picking
ORD02120,P00598,Mini Boots (Red),Footwear,5,Low,2026-07-09 18:11,Customer-14367,Picking
ORD02121,P00473,Classic Bed Sheet Set (White),Home,1,High,2026-07-14 19:58,Customer-15334,Picking
ORD02122,P00085,Pro Wallet (Blue),Accessories,7,Urgent,2026-08-21 13:35,Customer-19707,Pending
ORD02123,P00028,Classic Earbuds (White),Electronics,8,Low,2026-07-13 13:39,Customer-14456,Shipped
ORD02124,P00073,Deluxe HDMI Cable (Red),Electronics,3,Medium,2026-07-29 01:53,Customer-13733,Picking
ORD02125,P00083,Deluxe Stapler (Black),Stationery,2,Urgent,2026-07-10 04:00,Customer-12142,Shipped
ORD02126,P00664,Premium Sports Shoes (Beige),Footwear,3,High,2026-08-07 21:55,Customer-17945,Shipped
ORD02127,P00197,Pro Door Mat (Black),Home,2,High,2026-08-27 13:30,Customer-14084,Pending
ORD02128,P00627,Mini Sunglasses (Silver),Accessories,4,Urgent,2026-08-18 21:37,Customer-14311,Picked
ORD02129,P00167,Standard Tablet Stand (Silver),Electronics,8,Urgent,2026-07-23 17:53,Customer-13396,Picked
ORD02130,P00396,Mini Keychain (Beige),Accessories,4,High,2026-07-20 17:45,Customer-18437,Shipped
ORD02131,P00271,Plus Curtain (Grey),Home,3,Medium,2026-08-27 14:58,Customer-16829,Picked
ORD02132,P00414,Classic Sandals (Grey),Footwear,7,Low,2026-08-20 06:52,Customer-18707,Pending
ORD02133,P00766,Premium Storage Box (White),Home,6,Urgent,2026-08-29 22:17,Customer-10514,Pending
ORD02134,P00733,Lite Pen Set (Green),Stationery,6,High,2026-08-02 19:06,Customer-18920,Pending
ORD02135,P00336,Classic Stapler (Blue),Stationery,6,Urgent,2026-08-12 16:48,Customer-11516,Picked
ORD02136,P00277,Deluxe Water Bottle (Green),Home,6,Low,2026-07-21 02:30,Customer-18854,Pending
ORD02137,P00574,Premium Hiking Boots (White),Footwear,1,Low,2026-08-27 20:43,Customer-17439,Cancelled
ORD02138,P00730,Classic Boots (Grey),Footwear,2,Medium,2026-07-25 21:59,Customer-18691,Cancelled
ORD02139,P00118,Classic Bed Sheet Set (Grey),Home,2,Medium,2026-08-01 15:14,Customer-14441,Shipped
ORD02140,P00417,Mini Belt (Beige),Accessories,6,Medium,2026-07-09 10:24,Customer-11810,Shipped
ORD02141,P00096,Plus Formal Shoes (Beige),Footwear,1,Low,2026-07-04 05:37,Customer-15954,Shipped
ORD02142,P00145,Lite Cushion (Beige),Home,7,Low,2026-08-06 00:04,Customer-18787,Cancelled
ORD02143,P00371,Lite Wall Clock (Black),Home,6,Medium,2026-07-27 10:35,Customer-13849,Shipped
ORD02144,P00226,Lite Webcam (Green),Electronics,8,Low,2026-08-15 07:04,Customer-17103,Picked
ORD02145,P00619,Premium Table Lamp (Green),Home,6,Urgent,2026-08-26 11:58,Customer-12763,Picking
ORD02146,P00283,Standard Sneakers (Green),Footwear,3,High,2026-07-26 15:06,Customer-19192,Pending
ORD02147,P00439,Premium Candle Holder (Beige),Home,3,Low,2026-07-17 11:24,Customer-17029,Picked
ORD02148,P00523,Deluxe Running Shoes (White),Footwear,2,Low,2026-07-29 04:36,Customer-11584,Picked
ORD02149,P00395,Compact Calculator (Black),Stationery,4,Low,2026-07-15 13:53,Customer-13570,Picked
ORD02150,P00551,Premium Cap (Silver),Accessories,6,High,2026-07-06 10:38,Customer-13289,Pending
ORD02151,P00675,Mini Table Lamp (Grey),Home,2,High,2026-08-02 20:06,Customer-11265,Picking
ORD02152,P00354,Plus Calculator (White),Stationery,2,Urgent,2026-08-09 05:28,Customer-17279,Pending
ORD02153,P00168,Plus Keyboard (Silver),Electronics,5,Low,2026-08-14 03:49,Customer-13074,Picked
ORD02154,P00315,Standard Laptop Stand (Beige),Electronics,4,Low,2026-08-11 12:40,Customer-12798,Picking
ORD02155,P00233,Compact Boots (Black),Footwear,2,Low,2026-08-26 11:42,Customer-16230,Pending
ORD02156,P00625,Plus Bed Sheet Set (Grey),Home,3,High,2026-08-07 01:47,Customer-15672,Cancelled
ORD02157,P00560,Premium Cushion (Grey),Home,5,High,2026-08-01 01:11,Customer-11968,Picking
ORD02158,P00650,Deluxe Marker Pack (Beige),Stationery,8,Medium,2026-07-29 14:08,Customer-10247,Cancelled
ORD02159,P00459,Premium Stapler (Red),Stationery,8,Medium,2026-07-28 23:37,Customer-10452,Shipped
ORD02160,P00200,Deluxe Desk Organizer (Red),Stationery,8,High,2026-08-25 12:44,Customer-19415,Shipped
ORD02161,P00107,Classic Stapler (White),Stationery,6,Low,2026-08-14 08:05,Customer-15595,Shipped
ORD02162,P00497,Premium Wall Clock (Black),Home,1,Low,2026-08-23 16:22,Customer-12043,Cancelled
ORD02163,P00249,Deluxe Flip Flops (Green),Footwear,5,High,2026-07-27 07:41,Customer-15387,Pending
ORD02164,P00089,Classic Backpack (Green),Accessories,1,Medium,2026-08-16 01:27,Customer-14271,Picked
ORD02165,P00321,Pro Earbuds (Red),Electronics,3,Medium,2026-07-08 02:14,Customer-11711,Picked
ORD02166,P00133,Mini Highlighter Set (Silver),Stationery,7,High,2026-08-16 18:34,Customer-15099,Cancelled
ORD02167,P00258,Mini Laptop Stand (Grey),Electronics,2,Low,2026-07-01 13:14,Customer-11427,Shipped
ORD02168,P00050,Compact Wallet (Red),Accessories,7,Medium,2026-08-29 04:07,Customer-19942,Pending
ORD02169,P00312,Pro Desk Organizer (Silver),Stationery,6,High,2026-07-28 20:19,Customer-14021,Shipped
ORD02170,P00706,Plus Sticky Notes (Beige),Stationery,3,Urgent,2026-08-01 19:35,Customer-11578,Picked
ORD02171,P00391,Classic Scissors (Green),Stationery,2,Medium,2026-08-25 19:10,Customer-17133,Pending
ORD02172,P00389,Standard Travel Pouch (Green),Accessories,2,Medium,2026-07-28 04:42,Customer-17766,Picking
ORD02173,P00193,Pro Slippers (Black),Footwear,7,Medium,2026-08-13 06:01,Customer-10118,Cancelled
ORD02174,P00091,Compact File Folder (Black),Stationery,5,Urgent,2026-07-19 08:25,Customer-18051,Cancelled
ORD02175,P00071,Mini Pen Set (White),Stationery,1,Low,2026-07-02 10:04,Customer-11823,Cancelled
ORD02176,P00384,Plus Wallet (White),Accessories,2,Medium,2026-08-13 20:46,Customer-15649,Pending
ORD02177,P00320,Deluxe Bed Sheet Set (Beige),Home,6,Urgent,2026-08-23 01:18,Customer-14583,Cancelled
ORD02178,P00708,Standard Sports Shoes (Black),Footwear,6,Medium,2026-08-29 07:14,Customer-18719,Picking
ORD02179,P00556,Standard Hiking Boots (Beige),Footwear,4,Low,2026-08-14 06:25,Customer-18995,Pending
ORD02180,P00479,Deluxe Sticky Notes (Blue),Stationery,7,Low,2026-07-16 21:56,Customer-11276,Cancelled
ORD02181,P00051,Max Umbrella (Blue),Accessories,5,High,2026-08-18 16:56,Customer-18527,Cancelled
ORD02182,P00071,Mini Pen Set (White),Stationery,5,High,2026-08-04 19:50,Customer-17674,Picking
ORD02183,P00201,Premium File Folder (Silver),Stationery,1,Urgent,2026-08-29 08:37,Customer-17465,Pending
ORD02184,P00320,Deluxe Bed Sheet Set (Beige),Home,5,Medium,2026-08-05 01:24,Customer-15576,Pending
ORD02185,P00242,Deluxe Keychain (Silver),Accessories,1,Low,2026-07-02 23:50,Customer-10042,Picked
ORD02186,P00367,Pro Sticky Notes (Blue),Stationery,1,Urgent,2026-07-12 07:42,Customer-18409,Shipped
ORD02187,P00237,Premium Door Mat (Red),Home,1,Urgent,2026-07-20 04:56,Customer-12905,Shipped
ORD02188,P00654,Deluxe Keychain (Beige),Accessories,4,High,2026-08-04 08:54,Customer-17487,Picking
ORD02189,P00171,Lite Curtain (Green),Home,8,High,2026-07-19 19:36,Customer-16991,Cancelled
ORD02190,P00332,Max Slippers (White),Footwear,5,High,2026-07-06 09:26,Customer-12394,Shipped
ORD02191,P00046,Max USB-C Cable (White),Electronics,1,Medium,2026-07-31 05:09,Customer-17607,Picking
ORD02192,P00366,Max Boots (Blue),Footwear,6,High,2026-07-20 04:35,Customer-12691,Shipped
ORD02193,P00776,Max Wallet (Grey),Accessories,6,Medium,2026-08-29 19:01,Customer-19661,Picking
ORD02194,P00054,Standard Monitor (Green),Electronics,4,Low,2026-08-01 07:25,Customer-13110,Picked
ORD02195,P00379,Pro Laptop Stand (Green),Electronics,4,Medium,2026-07-09 18:54,Customer-19624,Shipped
ORD02196,P00304,Max Marker Pack (Green),Stationery,7,Urgent,2026-07-14 04:54,Customer-16223,Pending
ORD02197,P00733,Lite Pen Set (Green),Stationery,8,High,2026-07-03 07:42,Customer-17652,Picked
ORD02198,P00012,Compact Table Lamp (Grey),Home,2,Medium,2026-07-29 14:30,Customer-13970,Pending
ORD02199,P00397,Mini Sandals (Blue),Footwear,2,Urgent,2026-07-27 11:36,Customer-19961,Cancelled
ORD02200,P00092,Mini Headphones (Black),Electronics,7,Medium,2026-07-19 05:09,Customer-16879,Picked
ORD02201,P00735,Max Table Lamp (Grey),Home,3,Medium,2026-07-05 11:52,Customer-14727,Picking
ORD02202,P00439,Premium Candle Holder (Beige),Home,1,Low,2026-07-04 16:57,Customer-12083,Cancelled
ORD02203,P00771,Premium Sticky Notes (Green),Stationery,3,High,2026-08-28 19:03,Customer-13102,Cancelled
ORD02204,P00266,Premium HDMI Cable (Grey),Electronics,6,Low,2026-07-19 12:52,Customer-19981,Cancelled
ORD02205,P00193,Pro Slippers (Black),Footwear,6,Medium,2026-08-18 22:46,Customer-16017,Cancelled
ORD02206,P00579,Max Charger (White),Electronics,3,Medium,2026-07-16 05:18,Customer-11045,Shipped
ORD02207,P00286,Deluxe Cap (Beige),Accessories,6,High,2026-08-14 05:59,Customer-19772,Picked
ORD02208,P00638,Standard Cap (White),Accessories,8,Medium,2026-08-10 12:33,Customer-16523,Picked
ORD02209,P00323,Standard Umbrella (Beige),Accessories,3,Medium,2026-07-10 07:06,Customer-17137,Picking
ORD02210,P00549,Mini Door Mat (Grey),Home,7,Low,2026-07-18 02:59,Customer-16682,Shipped
ORD02211,P00356,Plus Table Lamp (Beige),Home,1,High,2026-08-11 07:55,Customer-11315,Pending
ORD02212,P00081,Pro Loafers (Red),Footwear,3,Urgent,2026-07-16 06:14,Customer-14020,Picking
ORD02213,P00660,Mini Sports Shoes (Beige),Footwear,8,Medium,2026-08-16 22:51,Customer-13444,Picked
ORD02214,P00183,Plus Bed Sheet Set (Green),Home,5,Medium,2026-07-07 16:59,Customer-18377,Picking
ORD02215,P00344,Premium Power Bank (Beige),Electronics,6,Low,2026-07-27 06:17,Customer-14727,Cancelled
ORD02216,P00519,Classic Stapler (Silver),Stationery,4,Low,2026-08-17 21:53,Customer-18525,Picking
ORD02217,P00576,Standard Flip Flops (Silver),Footwear,6,High,2026-07-12 13:51,Customer-16089,Picked
ORD02218,P00221,Standard Hiking Boots (Silver),Footwear,4,Medium,2026-07-04 06:27,Customer-14077,Picked
ORD02219,P00178,Standard USB-C Cable (Silver),Electronics,6,Urgent,2026-07-06 19:57,Customer-18031,Picking
ORD02220,P00697,Mini Calculator (Green),Stationery,7,Low,2026-07-27 01:55,Customer-10348,Shipped
ORD02221,P00546,Classic Cap (White),Accessories,3,Medium,2026-08-22 05:56,Customer-17704,Pending
ORD02222,P00367,Pro Sticky Notes (Blue),Stationery,6,Low,2026-08-13 07:27,Customer-11726,Pending
ORD02223,P00559,Classic Belt (Grey),Accessories,2,Urgent,2026-07-05 05:24,Customer-13495,Pending
ORD02224,P00167,Standard Tablet Stand (Silver),Electronics,2,High,2026-07-17 08:08,Customer-13434,Cancelled
ORD02225,P00347,Pro Watch Strap (Grey),Accessories,2,High,2026-08-03 01:50,Customer-11581,Shipped
ORD02226,P00611,Deluxe Watch Strap (Black),Accessories,4,High,2026-08-16 14:32,Customer-13129,Picking
ORD02227,P00569,Pro Hiking Boots (Silver),Footwear,5,Urgent,2026-08-02 07:42,Customer-14288,Picking
ORD02228,P00169,Mini Sports Shoes (Grey),Footwear,4,High,2026-08-07 06:05,Customer-16757,Picking
ORD02229,P00117,Deluxe Storage Box (Grey),Home,5,Medium,2026-07-27 20:22,Customer-13324,Shipped
ORD02230,P00109,Compact Curtain (White),Home,1,Medium,2026-07-31 14:10,Customer-15273,Pending
ORD02231,P00633,Classic Water Bottle (Beige),Home,8,Low,2026-08-05 18:00,Customer-18089,Cancelled
ORD02232,P00513,Mini Calculator (Green),Stationery,2,Urgent,2026-07-03 22:25,Customer-15782,Cancelled
ORD02233,P00103,Max Monitor (Beige),Electronics,3,Low,2026-07-19 22:30,Customer-18793,Picked
ORD02234,P00191,Compact Charger (Blue),Electronics,3,Low,2026-07-18 19:29,Customer-13115,Picked
ORD02235,P00364,Max Calculator (Green),Stationery,7,Urgent,2026-07-25 11:01,Customer-13401,Picking
ORD02236,P00735,Max Table Lamp (Grey),Home,4,Urgent,2026-08-05 05:11,Customer-10575,Picked
ORD02237,P00456,Mini Wireless Mouse (Silver),Electronics,8,High,2026-07-08 13:01,Customer-12883,Picking
ORD02238,P00721,Deluxe Sticky Notes (Beige),Stationery,2,Medium,2026-08-19 21:32,Customer-14805,Picked
ORD02239,P00347,Pro Watch Strap (Grey),Accessories,8,Low,2026-07-13 12:41,Customer-17160,Picking
ORD02240,P00646,Pro Backpack (Grey),Accessories,1,High,2026-08-04 16:12,Customer-13526,Picked
ORD02241,P00440,Premium Sunglasses (Silver),Accessories,1,High,2026-07-26 20:48,Customer-10238,Cancelled
ORD02242,P00627,Mini Sunglasses (Silver),Accessories,7,Urgent,2026-08-26 01:31,Customer-19825,Picked
ORD02243,P00013,Deluxe Scissors (Red),Stationery,7,Low,2026-08-13 20:17,Customer-19322,Shipped
ORD02244,P00584,Standard Candle Holder (White),Home,4,Urgent,2026-08-22 00:18,Customer-19330,Pending
ORD02245,P00643,Premium Formal Shoes (Beige),Footwear,5,Low,2026-08-21 17:09,Customer-14470,Shipped
ORD02246,P00121,Mini Highlighter Set (White),Stationery,4,Urgent,2026-07-16 18:38,Customer-19807,Pending
ORD02247,P00037,Mini Loafers (Black),Footwear,5,Urgent,2026-07-13 22:14,Customer-15935,Picked
ORD02248,P00116,Max Sticky Notes (Beige),Stationery,6,Low,2026-08-15 00:07,Customer-13567,Shipped
ORD02249,P00216,Deluxe Table Lamp (Black),Home,4,High,2026-07-31 07:57,Customer-12716,Shipped
ORD02250,P00036,Deluxe Travel Pouch (Red),Accessories,7,Low,2026-07-12 21:13,Customer-17118,Cancelled
ORD02251,P00444,Lite Webcam (Grey),Electronics,6,Medium,2026-08-18 12:26,Customer-13482,Pending
ORD02252,P00092,Mini Headphones (Black),Electronics,3,Urgent,2026-08-05 01:30,Customer-10972,Shipped
ORD02253,P00364,Max Calculator (Green),Stationery,5,Medium,2026-07-08 16:00,Customer-17563,Picking
ORD02254,P00629,Classic Tablet Stand (Black),Electronics,6,Medium,2026-08-06 15:26,Customer-13292,Pending
ORD02255,P00019,Mini Marker Pack (Silver),Stationery,6,Low,2026-07-31 22:33,Customer-18114,Pending
ORD02256,P00679,Premium Marker Pack (Green),Stationery,4,Urgent,2026-07-05 02:42,Customer-12357,Shipped
ORD02257,P00339,Classic Bluetooth Speaker (White),Electronics,7,Urgent,2026-08-22 04:19,Customer-19129,Cancelled
ORD02258,P00593,Premium Notebook (Black),Stationery,7,Low,2026-07-31 02:21,Customer-19959,Picking
ORD02259,P00340,Standard Marker Pack (Beige),Stationery,5,High,2026-08-17 11:01,Customer-14191,Picking
ORD02260,P00193,Pro Slippers (Black),Footwear,5,Medium,2026-07-10 02:04,Customer-15462,Picking
ORD02261,P00760,Mini Webcam (Black),Electronics,3,Medium,2026-07-10 05:33,Customer-18981,Shipped
ORD02262,P00047,Deluxe Backpack (Red),Accessories,3,Urgent,2026-08-08 14:48,Customer-18391,Pending
ORD02263,P00565,Deluxe Handbag (Red),Accessories,5,Urgent,2026-07-05 01:13,Customer-19408,Cancelled
ORD02264,P00599,Lite Wall Clock (Black),Home,6,Urgent,2026-07-11 12:10,Customer-14947,Pending
ORD02265,P00299,Lite Keyboard (Red),Electronics,6,Urgent,2026-07-01 04:39,Customer-19148,Picked
ORD02266,P00015,Max Tablet Stand (White),Electronics,2,High,2026-08-30 13:13,Customer-14362,Shipped
ORD02267,P00645,Deluxe Sneakers (Silver),Footwear,3,Low,2026-07-25 19:50,Customer-13590,Shipped
ORD02268,P00261,Compact Sneakers (Beige),Footwear,3,High,2026-07-07 13:38,Customer-16749,Picked
ORD02269,P00464,Pro Marker Pack (Red),Stationery,6,Medium,2026-07-13 08:20,Customer-13591,Cancelled
ORD02270,P00758,Lite Sandals (Blue),Footwear,5,Medium,2026-07-17 05:30,Customer-13471,Cancelled
ORD02271,P00742,Lite Cap (Grey),Accessories,1,Medium,2026-08-06 05:05,Customer-12072,Picked
ORD02272,P00027,Mini Belt (Silver),Accessories,2,Low,2026-08-18 20:48,Customer-14639,Picked
ORD02273,P00142,Classic Curtain (Beige),Home,4,Low,2026-08-03 10:37,Customer-18649,Picked
ORD02274,P00770,Deluxe Smart Watch (Black),Electronics,3,Low,2026-08-26 22:57,Customer-17086,Cancelled
ORD02275,P00182,Premium Scissors (Green),Stationery,2,Urgent,2026-07-02 17:51,Customer-12710,Picking
ORD02276,P00315,Standard Laptop Stand (Beige),Electronics,7,Urgent,2026-08-04 23:14,Customer-14254,Picking
ORD02277,P00799,Classic Earbuds (Green),Electronics,1,Low,2026-08-18 20:52,Customer-10026,Picking
ORD02278,P00009,Pro Wallet (Beige),Accessories,8,Urgent,2026-08-25 08:09,Customer-19951,Shipped
ORD02279,P00691,Deluxe Travel Pouch (White),Accessories,6,Urgent,2026-07-23 11:13,Customer-15212,Cancelled
ORD02280,P00080,Max Smart Watch (Grey),Electronics,8,Medium,2026-07-07 19:24,Customer-13493,Picking
ORD02281,P00121,Mini Highlighter Set (White),Stationery,1,High,2026-08-10 00:53,Customer-15739,Picking
ORD02282,P00245,Max Photo Frame (Red),Home,8,Urgent,2026-08-15 09:46,Customer-18706,Shipped
ORD02283,P00053,Max Candle Holder (White),Home,4,Low,2026-07-29 01:39,Customer-17841,Picked
ORD02284,P00564,Lite Bed Sheet Set (White),Home,3,Medium,2026-08-11 22:32,Customer-13249,Shipped
ORD02285,P00089,Classic Backpack (Green),Accessories,3,Urgent,2026-08-14 19:32,Customer-11881,Picked
ORD02286,P00236,Compact Wall Clock (Grey),Home,4,Urgent,2026-07-22 20:33,Customer-10121,Picking
ORD02287,P00191,Compact Charger (Blue),Electronics,7,Low,2026-07-31 15:27,Customer-14450,Shipped
ORD02288,P00782,Mini Handbag (Beige),Accessories,2,High,2026-07-23 21:14,Customer-13864,Pending
ORD02289,P00103,Max Monitor (Beige),Electronics,2,Low,2026-08-02 11:24,Customer-18243,Picking
ORD02290,P00625,Plus Bed Sheet Set (Grey),Home,5,High,2026-07-27 10:59,Customer-12310,Shipped
ORD02291,P00672,Lite Sports Shoes (Beige),Footwear,4,Urgent,2026-08-09 08:29,Customer-16028,Picked
ORD02292,P00218,Max Headphones (Black),Electronics,1,High,2026-07-02 14:29,Customer-15098,Cancelled
ORD02293,P00121,Mini Highlighter Set (White),Stationery,2,Medium,2026-07-23 11:03,Customer-16241,Picked
ORD02294,P00201,Premium File Folder (Silver),Stationery,7,Low,2026-08-04 12:17,Customer-11441,Picking
ORD02295,P00411,Plus Bed Sheet Set (Red),Home,7,High,2026-07-28 20:44,Customer-15385,Pending
ORD02296,P00765,Plus Wireless Mouse (White),Electronics,6,High,2026-07-28 10:35,Customer-13010,Cancelled
ORD02297,P00773,Pro Formal Shoes (Blue),Footwear,3,High,2026-08-28 03:43,Customer-12280,Picked
ORD02298,P00704,Plus Wireless Mouse (White),Electronics,5,Medium,2026-07-20 16:35,Customer-13063,Cancelled
ORD02299,P00458,Premium Cap (Red),Accessories,4,Medium,2026-08-25 17:40,Customer-19766,Shipped
ORD02300,P00364,Max Calculator (Green),Stationery,8,Medium,2026-08-09 21:06,Customer-19007,Picking
ORD02301,P00657,Deluxe Storage Box (Beige),Home,6,High,2026-07-21 03:13,Customer-11954,Cancelled
ORD02302,P00509,Mini Scissors (Red),Stationery,7,Medium,2026-07-01 00:16,Customer-10106,Shipped
ORD02303,P00296,Plus Charger (Red),Electronics,3,High,2026-07-09 00:58,Customer-11250,Picked
ORD02304,P00288,Compact Router (Green),Electronics,3,Medium,2026-07-04 17:22,Customer-14280,Shipped
ORD02305,P00516,Compact Calculator (Silver),Stationery,1,Low,2026-07-19 14:27,Customer-15472,Pending
ORD02306,P00110,Max Curtain (Grey),Home,4,High,2026-08-06 09:33,Customer-18150,Pending
ORD02307,P00195,Mini Photo Frame (Black),Home,5,Urgent,2026-08-29 05:33,Customer-14140,Pending
ORD02308,P00017,Plus Loafers (Red),Footwear,3,Low,2026-08-01 12:23,Customer-19915,Shipped
ORD02309,P00206,Standard Running Shoes (Silver),Footwear,5,High,2026-08-07 15:06,Customer-17609,Picking
ORD02310,P00748,Compact Keyboard (Grey),Electronics,3,Low,2026-07-07 17:57,Customer-14284,Picked
ORD02311,P00292,Max Headphones (Blue),Electronics,7,Low,2026-07-19 10:48,Customer-16851,Cancelled
ORD02312,P00664,Premium Sports Shoes (Beige),Footwear,7,Low,2026-08-13 18:53,Customer-15009,Shipped
ORD02313,P00491,Premium Belt (White),Accessories,3,Low,2026-08-27 07:19,Customer-19762,Cancelled
ORD02314,P00419,Classic Wallet (Red),Accessories,1,Urgent,2026-07-18 16:51,Customer-13808,Picking
ORD02315,P00226,Lite Webcam (Green),Electronics,8,High,2026-07-13 01:39,Customer-11550,Shipped
ORD02316,P00002,Pro Sandals (White),Footwear,7,Low,2026-07-16 13:35,Customer-11976,Cancelled
ORD02317,P00581,Pro Notebook (Silver),Stationery,2,Medium,2026-08-05 00:37,Customer-19878,Picked
ORD02318,P00639,Premium Watch Strap (Red),Accessories,6,Urgent,2026-07-09 13:23,Customer-15049,Shipped
ORD02319,P00364,Max Calculator (Green),Stationery,2,Low,2026-08-08 10:53,Customer-10681,Picking
ORD02320,P00558,Mini Bluetooth Speaker (Silver),Electronics,6,High,2026-07-26 18:34,Customer-16526,Pending
ORD02321,P00429,Max Webcam (White),Electronics,3,High,2026-08-16 21:59,Customer-18220,Shipped
ORD02322,P00580,Plus Keyboard (White),Electronics,7,Urgent,2026-07-29 12:36,Customer-15027,Pending
ORD02323,P00772,Standard Sandals (Silver),Footwear,7,Low,2026-07-01 23:32,Customer-11145,Picked
ORD02324,P00630,Max Storage Box (White),Home,4,High,2026-07-16 10:45,Customer-15527,Shipped
ORD02325,P00541,Compact Running Shoes (Red),Footwear,1,Medium,2026-08-24 12:44,Customer-10709,Shipped
ORD02326,P00583,Plus Sports Shoes (Beige),Footwear,4,Urgent,2026-07-02 08:37,Customer-13646,Picked
ORD02327,P00754,Mini Desk Organizer (Silver),Stationery,2,Urgent,2026-08-13 22:20,Customer-13014,Pending
ORD02328,P00141,Max Water Bottle (Beige),Home,4,Urgent,2026-08-12 16:00,Customer-12276,Picking
ORD02329,P00541,Compact Running Shoes (Red),Footwear,6,Medium,2026-08-26 22:02,Customer-11595,Picking
ORD02330,P00607,Mini Calculator (Beige),Stationery,3,Urgent,2026-08-26 23:47,Customer-17613,Picking
ORD02331,P00151,Standard Power Bank (Green),Electronics,1,High,2026-07-18 22:21,Customer-13973,Picked
ORD02332,P00754,Mini Desk Organizer (Silver),Stationery,3,High,2026-08-20 09:01,Customer-13675,Cancelled
ORD02333,P00554,Mini Wall Clock (Black),Home,6,Urgent,2026-08-26 04:29,Customer-11729,Pending
ORD02334,P00247,Premium Webcam (Beige),Electronics,8,Low,2026-08-27 00:33,Customer-13991,Cancelled
ORD02335,P00678,Lite Sticky Notes (Green),Stationery,3,Low,2026-08-11 15:55,Customer-19032,Shipped
ORD02336,P00400,Compact Cushion (Red),Home,3,High,2026-08-09 19:58,Customer-16414,Pending
ORD02337,P00651,Standard Scissors (Blue),Stationery,5,High,2026-08-20 04:27,Customer-12133,Cancelled
ORD02338,P00789,Lite Wallet (White),Accessories,7,Medium,2026-08-04 21:05,Customer-11704,Picked
ORD02339,P00262,Mini Sticky Notes (Blue),Stationery,7,Medium,2026-07-24 16:27,Customer-17528,Picked
ORD02340,P00203,Classic Desk Organizer (White),Stationery,7,High,2026-07-03 03:38,Customer-10380,Shipped
ORD02341,P00541,Compact Running Shoes (Red),Footwear,5,Medium,2026-07-06 21:05,Customer-19273,Cancelled
ORD02342,P00642,Classic Highlighter Set (Black),Stationery,8,High,2026-07-12 05:29,Customer-10825,Picking
ORD02343,P00605,Mini Boots (Silver),Footwear,2,Urgent,2026-08-16 18:42,Customer-13415,Pending
ORD02344,P00778,Compact Desk Organizer (Red),Stationery,5,High,2026-07-01 10:17,Customer-13579,Cancelled
ORD02345,P00123,Max Tablet Stand (Grey),Electronics,2,Urgent,2026-07-27 08:35,Customer-11236,Shipped
ORD02346,P00606,Standard Smart Watch (Beige),Electronics,4,High,2026-08-07 08:07,Customer-10346,Picked
ORD02347,P00002,Pro Sandals (White),Footwear,5,Medium,2026-08-11 09:01,Customer-10865,Picked
ORD02348,P00290,Pro Watch Strap (Blue),Accessories,3,Low,2026-07-22 18:12,Customer-11586,Cancelled
ORD02349,P00171,Lite Curtain (Green),Home,1,High,2026-08-21 22:00,Customer-18521,Picked
ORD02350,P00666,Deluxe Pen Set (Green),Stationery,2,Low,2026-07-25 00:03,Customer-11416,Shipped
ORD02351,P00607,Mini Calculator (Beige),Stationery,7,High,2026-07-20 09:31,Customer-14472,Pending
ORD02352,P00533,Premium Photo Frame (Green),Home,6,Urgent,2026-08-17 21:34,Customer-17009,Picking
ORD02353,P00136,Lite Table Lamp (Red),Home,2,High,2026-07-22 21:26,Customer-18028,Pending
ORD02354,P00754,Mini Desk Organizer (Silver),Stationery,8,Medium,2026-07-30 03:20,Customer-11252,Pending
ORD02355,P00249,Deluxe Flip Flops (Green),Footwear,7,High,2026-08-13 07:28,Customer-12870,Shipped
ORD02356,P00747,Premium Candle Holder (White),Home,5,Urgent,2026-07-31 10:57,Customer-15346,Picking
ORD02357,P00369,Plus Desk Organizer (Green),Stationery,4,Medium,2026-08-18 14:40,Customer-11370,Shipped
ORD02358,P00240,Standard Power Bank (Green),Electronics,8,Urgent,2026-07-29 15:44,Customer-11943,Shipped
ORD02359,P00290,Pro Watch Strap (Blue),Accessories,7,Low,2026-07-26 07:23,Customer-18199,Picked
ORD02360,P00491,Premium Belt (White),Accessories,4,High,2026-07-10 16:24,Customer-10961,Pending
ORD02361,P00795,Pro Sunglasses (Black),Accessories,3,Urgent,2026-07-06 08:33,Customer-15544,Cancelled
ORD02362,P00791,Pro Curtain (Grey),Home,2,Urgent,2026-08-01 00:47,Customer-19026,Picked
ORD02363,P00539,Compact Stapler (Grey),Stationery,2,Urgent,2026-07-08 09:25,Customer-11536,Picked
ORD02364,P00394,Lite Formal Shoes (White),Footwear,3,High,2026-07-05 03:42,Customer-16073,Picking
ORD02365,P00346,Compact Belt (White),Accessories,7,High,2026-08-27 16:39,Customer-18359,Cancelled
ORD02366,P00016,Premium Wall Clock (Green),Home,5,Urgent,2026-07-09 20:43,Customer-18812,Pending
ORD02367,P00144,Compact Candle Holder (Red),Home,6,Low,2026-07-23 01:22,Customer-13732,Pending
ORD02368,P00409,Max HDMI Cable (Silver),Electronics,7,Low,2026-08-15 01:44,Customer-10803,Picking
ORD02369,P00464,Pro Marker Pack (Red),Stationery,7,High,2026-07-09 15:42,Customer-17588,Cancelled
ORD02370,P00649,Lite Table Lamp (Blue),Home,5,Low,2026-08-20 11:52,Customer-18398,Shipped
ORD02371,P00092,Mini Headphones (Black),Electronics,2,High,2026-08-19 15:11,Customer-18712,Picking
ORD02372,P00315,Standard Laptop Stand (Beige),Electronics,8,Urgent,2026-08-15 09:18,Customer-15703,Pending
ORD02373,P00013,Deluxe Scissors (Red),Stationery,5,Low,2026-08-29 00:27,Customer-13810,Pending
ORD02374,P00643,Premium Formal Shoes (Beige),Footwear,1,High,2026-08-20 11:52,Customer-18473,Picking
ORD02375,P00097,Max Sticky Notes (Blue),Stationery,2,Urgent,2026-07-20 14:55,Customer-14883,Cancelled
ORD02376,P00177,Compact Notebook (Red),Stationery,2,Medium,2026-07-29 07:29,Customer-13834,Pending
ORD02377,P00281,Premium Boots (Grey),Footwear,5,Low,2026-07-27 21:40,Customer-19291,Shipped
ORD02378,P00546,Classic Cap (White),Accessories,5,High,2026-08-27 01:13,Customer-15368,Cancelled
ORD02379,P00423,Classic Watch Strap (Green),Accessories,5,Urgent,2026-07-21 02:55,Customer-10348,Pending
ORD02380,P00605,Mini Boots (Silver),Footwear,7,High,2026-08-11 02:31,Customer-14042,Picked
ORD02381,P00369,Plus Desk Organizer (Green),Stationery,1,Medium,2026-07-01 15:47,Customer-11703,Cancelled
ORD02382,P00373,Classic Door Mat (Black),Home,2,High,2026-07-09 03:03,Customer-10717,Picking
ORD02383,P00027,Mini Belt (Silver),Accessories,7,Low,2026-08-10 08:23,Customer-11155,Shipped
ORD02384,P00005,Compact Marker Pack (Beige),Stationery,2,Low,2026-08-05 05:37,Customer-16585,Cancelled
ORD02385,P00752,Max Sports Shoes (Silver),Footwear,7,Medium,2026-07-25 08:39,Customer-18822,Picking
ORD02386,P00657,Deluxe Storage Box (Beige),Home,8,High,2026-07-03 19:37,Customer-18698,Picked
ORD02387,P00787,Standard File Folder (Beige),Stationery,2,Urgent,2026-08-17 15:04,Customer-18758,Shipped
ORD02388,P00588,Standard Bed Sheet Set (Beige),Home,3,High,2026-08-05 18:56,Customer-14600,Picked
ORD02389,P00263,Standard Router (Red),Electronics,6,Medium,2026-07-06 01:47,Customer-17207,Picking
ORD02390,P00317,Deluxe Webcam (Blue),Electronics,8,High,2026-08-15 08:54,Customer-11358,Picking
ORD02391,P00800,Compact Wall Clock (White),Home,7,High,2026-08-21 22:43,Customer-16614,Picking
ORD02392,P00027,Mini Belt (Silver),Accessories,2,Low,2026-08-23 01:22,Customer-10124,Picked
ORD02393,P00599,Lite Wall Clock (Black),Home,2,Low,2026-07-27 19:26,Customer-12581,Picking
ORD02394,P00070,Mini Calculator (Black),Stationery,1,Urgent,2026-08-26 19:18,Customer-17190,Pending
ORD02395,P00716,Premium Handbag (Blue),Accessories,7,Low,2026-08-05 12:46,Customer-13977,Shipped
ORD02396,P00138,Max Sandals (Beige),Footwear,6,High,2026-07-10 02:10,Customer-15665,Cancelled
ORD02397,P00257,Standard Formal Shoes (White),Footwear,1,Medium,2026-08-29 15:20,Customer-17887,Pending
ORD02398,P00798,Mini Loafers (Grey),Footwear,8,Urgent,2026-08-03 07:56,Customer-12603,Shipped
ORD02399,P00326,Pro Headphones (White),Electronics,6,Low,2026-08-05 08:11,Customer-14559,Pending
ORD02400,P00697,Mini Calculator (Green),Stationery,6,Low,2026-08-08 23:49,Customer-16385,Shipped
ORD02401,P00469,Standard File Folder (White),Stationery,6,Low,2026-07-09 15:48,Customer-11837,Pending
ORD02402,P00122,Deluxe Travel Pouch (Green),Accessories,1,Low,2026-07-13 18:35,Customer-10294,Pending
ORD02403,P00535,Standard Calculator (Beige),Stationery,1,Medium,2026-08-29 19:32,Customer-18625,Cancelled
ORD02404,P00197,Pro Door Mat (Black),Home,7,Low,2026-08-03 10:12,Customer-19661,Picking
ORD02405,P00420,Premium Curtain (White),Home,6,Medium,2026-07-17 14:30,Customer-12248,Picked
ORD02406,P00472,Mini Desk Organizer (Blue),Stationery,2,Medium,2026-08-08 07:45,Customer-10463,Picking
ORD02407,P00193,Pro Slippers (Black),Footwear,5,Urgent,2026-08-01 14:30,Customer-18449,Shipped
ORD02408,P00068,Compact Router (Black),Electronics,7,High,2026-08-15 20:57,Customer-10164,Picked
ORD02409,P00210,Standard Marker Pack (White),Stationery,3,High,2026-07-26 12:14,Customer-19710,Cancelled
ORD02410,P00682,Standard Wall Clock (Green),Home,6,High,2026-08-15 03:29,Customer-12142,Pending
ORD02411,P00708,Standard Sports Shoes (Black),Footwear,2,High,2026-07-01 07:18,Customer-13588,Cancelled
ORD02412,P00558,Mini Bluetooth Speaker (Silver),Electronics,4,Urgent,2026-08-21 10:46,Customer-19258,Pending
ORD02413,P00288,Compact Router (Green),Electronics,1,High,2026-07-01 16:04,Customer-18027,Shipped
ORD02414,P00353,Standard Sandals (Red),Footwear,5,Urgent,2026-08-20 10:32,Customer-11737,Picked
ORD02415,P00044,Max Flip Flops (Grey),Footwear,7,Medium,2026-07-31 20:52,Customer-10006,Picking
ORD02416,P00361,Standard Curtain (White),Home,8,Urgent,2026-08-10 23:16,Customer-19794,Pending
ORD02417,P00626,Premium Door Mat (Blue),Home,1,High,2026-07-30 13:46,Customer-17552,Cancelled
ORD02418,P00578,Standard Backpack (Grey),Accessories,5,Low,2026-07-01 15:09,Customer-13160,Shipped
ORD02419,P00620,Plus Loafers (Beige),Footwear,2,High,2026-07-07 04:32,Customer-18547,Shipped
ORD02420,P00274,Deluxe Belt (Green),Accessories,4,Low,2026-08-18 07:10,Customer-12180,Shipped
ORD02421,P00601,Classic Highlighter Set (Green),Stationery,2,Low,2026-08-07 17:50,Customer-13176,Shipped
ORD02422,P00456,Mini Wireless Mouse (Silver),Electronics,2,Low,2026-08-13 05:41,Customer-17498,Picked
ORD02423,P00190,Mini Loafers (Grey),Footwear,7,Medium,2026-08-24 09:45,Customer-12947,Shipped
ORD02424,P00638,Standard Cap (White),Accessories,6,Medium,2026-07-10 00:51,Customer-18851,Cancelled
ORD02425,P00474,Lite Sticky Notes (Blue),Stationery,2,Medium,2026-08-19 03:21,Customer-11577,Picking
ORD02426,P00265,Premium Wall Clock (Grey),Home,3,Low,2026-07-30 20:16,Customer-17738,Pending
ORD02427,P00371,Lite Wall Clock (Black),Home,8,Medium,2026-07-04 11:23,Customer-15537,Pending
ORD02428,P00330,Deluxe Power Bank (Grey),Electronics,3,Medium,2026-08-09 03:15,Customer-14838,Cancelled
ORD02429,P00083,Deluxe Stapler (Black),Stationery,7,Low,2026-08-19 11:14,Customer-18463,Cancelled
ORD02430,P00733,Lite Pen Set (Green),Stationery,1,Urgent,2026-08-03 11:54,Customer-13698,Cancelled
ORD02431,P00116,Max Sticky Notes (Beige),Stationery,4,Low,2026-08-22 12:28,Customer-11019,Shipped
ORD02432,P00286,Deluxe Cap (Beige),Accessories,5,High,2026-07-08 08:16,Customer-10359,Pending
ORD02433,P00247,Premium Webcam (Beige),Electronics,5,High,2026-07-26 03:59,Customer-19045,Picking
ORD02434,P00559,Classic Belt (Grey),Accessories,2,Medium,2026-08-30 09:59,Customer-10272,Picked
ORD02435,P00400,Compact Cushion (Red),Home,5,Low,2026-07-17 02:26,Customer-18731,Shipped
ORD02436,P00704,Plus Wireless Mouse (White),Electronics,6,Low,2026-07-18 20:12,Customer-13030,Picking
ORD02437,P00421,Premium Tablet Stand (Black),Electronics,3,Low,2026-08-30 08:46,Customer-13723,Picking
ORD02438,P00049,Pro USB-C Cable (Black),Electronics,1,High,2026-08-15 15:39,Customer-15010,Picked
ORD02439,P00796,Mini Running Shoes (Silver),Footwear,5,Low,2026-07-28 00:11,Customer-18192,Picked
ORD02440,P00255,Compact Umbrella (Black),Accessories,2,Urgent,2026-07-17 06:14,Customer-19729,Picked
ORD02441,P00304,Max Marker Pack (Green),Stationery,7,Low,2026-08-24 17:34,Customer-11666,Shipped
ORD02442,P00472,Mini Desk Organizer (Blue),Stationery,4,Urgent,2026-08-30 13:21,Customer-17737,Cancelled
ORD02443,P00004,Max USB-C Cable (Black),Electronics,2,Medium,2026-08-22 03:30,Customer-16501,Shipped
ORD02444,P00430,Mini Scissors (Black),Stationery,8,Urgent,2026-07-07 04:52,Customer-19776,Cancelled
ORD02445,P00382,Lite Handbag (Beige),Accessories,2,Urgent,2026-07-11 17:59,Customer-13528,Picked
ORD02446,P00414,Classic Sandals (Grey),Footwear,6,Low,2026-07-15 20:03,Customer-16518,Picking
ORD02447,P00071,Mini Pen Set (White),Stationery,1,High,2026-07-06 03:58,Customer-18629,Pending
ORD02448,P00355,Standard Water Bottle (Black),Home,6,Medium,2026-08-11 06:58,Customer-10381,Pending
ORD02449,P00057,Max USB-C Cable (Red),Electronics,5,Medium,2026-07-24 09:00,Customer-11207,Picked
ORD02450,P00437,Plus Boots (Black),Footwear,4,Urgent,2026-08-04 19:00,Customer-16133,Shipped
ORD02451,P00161,Deluxe Wallet (Black),Accessories,6,Low,2026-08-15 05:26,Customer-12535,Picking
ORD02452,P00023,Plus Hiking Boots (Red),Footwear,2,Low,2026-07-15 21:44,Customer-15231,Cancelled
ORD02453,P00582,Standard Power Bank (Blue),Electronics,4,Urgent,2026-07-17 06:45,Customer-15249,Picking
ORD02454,P00471,Plus Bed Sheet Set (Blue),Home,2,High,2026-07-03 15:52,Customer-17833,Shipped
ORD02455,P00720,Standard Flip Flops (Beige),Footwear,8,High,2026-07-03 15:04,Customer-10078,Picking
ORD02456,P00157,Max Sticky Notes (Blue),Stationery,4,High,2026-07-26 09:59,Customer-13726,Shipped
ORD02457,P00494,Max File Folder (Blue),Stationery,7,Low,2026-08-03 06:47,Customer-17796,Cancelled
ORD02458,P00278,Lite Formal Shoes (Green),Footwear,7,Medium,2026-08-04 05:08,Customer-13350,Picking
ORD02459,P00284,Standard Earbuds (Black),Electronics,5,Medium,2026-07-11 15:03,Customer-12559,Shipped
ORD02460,P00666,Deluxe Pen Set (Green),Stationery,1,Low,2026-08-21 02:43,Customer-17230,Picked
ORD02461,P00488,Deluxe Loafers (Blue),Footwear,5,Low,2026-08-27 16:03,Customer-15644,Cancelled
ORD02462,P00347,Pro Watch Strap (Grey),Accessories,6,Low,2026-08-09 22:59,Customer-14903,Picked
ORD02463,P00090,Mini Boots (Silver),Footwear,3,Medium,2026-08-22 22:53,Customer-12253,Shipped
ORD02464,P00582,Standard Power Bank (Blue),Electronics,5,Low,2026-07-23 00:49,Customer-18817,Picking
ORD02465,P00669,Mini Calculator (Beige),Stationery,6,Urgent,2026-08-26 03:41,Customer-16529,Picked
ORD02466,P00148,Classic Calculator (Beige),Stationery,8,High,2026-07-17 17:03,Customer-15345,Pending
ORD02467,P00089,Classic Backpack (Green),Accessories,8,Low,2026-08-20 03:10,Customer-18688,Shipped
ORD02468,P00247,Premium Webcam (Beige),Electronics,2,Medium,2026-07-24 15:04,Customer-14663,Cancelled
ORD02469,P00490,Compact Loafers (White),Footwear,8,Low,2026-08-30 13:01,Customer-14924,Shipped
ORD02470,P00418,Lite Earbuds (Red),Electronics,8,Urgent,2026-07-18 21:59,Customer-10298,Picking
ORD02471,P00069,Classic Backpack (Silver),Accessories,8,High,2026-08-17 16:25,Customer-18147,Shipped
ORD02472,P00583,Plus Sports Shoes (Beige),Footwear,1,Low,2026-08-08 01:31,Customer-18836,Cancelled
ORD02473,P00535,Standard Calculator (Beige),Stationery,7,Low,2026-08-30 23:22,Customer-14632,Picking
ORD02474,P00010,Plus Webcam (Grey),Electronics,1,Medium,2026-07-31 02:00,Customer-17711,Cancelled
ORD02475,P00304,Max Marker Pack (Green),Stationery,3,High,2026-08-06 17:19,Customer-11141,Shipped
ORD02476,P00215,Compact Wall Clock (Silver),Home,7,Medium,2026-07-24 20:03,Customer-11517,Cancelled
ORD02477,P00739,Mini Hiking Boots (Red),Footwear,6,Urgent,2026-08-06 20:03,Customer-15671,Picking
ORD02478,P00088,Pro Backpack (Beige),Accessories,2,Medium,2026-07-13 01:45,Customer-11175,Picking
ORD02479,P00730,Classic Boots (Grey),Footwear,3,Low,2026-08-17 10:43,Customer-10768,Cancelled
ORD02480,P00767,Pro Sports Shoes (White),Footwear,7,Medium,2026-08-09 03:43,Customer-11770,Picked
ORD02481,P00448,Standard Headphones (Green),Electronics,1,Urgent,2026-08-07 07:21,Customer-18096,Pending
ORD02482,P00785,Max Power Bank (Black),Electronics,4,Low,2026-08-01 20:26,Customer-17587,Pending
ORD02483,P00110,Max Curtain (Grey),Home,6,High,2026-07-31 11:19,Customer-13014,Shipped
ORD02484,P00316,Premium Laptop Stand (White),Electronics,3,Medium,2026-07-08 02:03,Customer-16321,Picked
ORD02485,P00343,Mini Bluetooth Speaker (Black),Electronics,6,Low,2026-07-15 00:48,Customer-19195,Shipped
ORD02486,P00201,Premium File Folder (Silver),Stationery,2,Low,2026-07-29 20:51,Customer-18896,Picking
ORD02487,P00143,Plus Water Bottle (Grey),Home,3,High,2026-07-01 12:25,Customer-17587,Pending
ORD02488,P00085,Pro Wallet (Blue),Accessories,2,Urgent,2026-07-20 12:10,Customer-10980,Picking
ORD02489,P00085,Pro Wallet (Blue),Accessories,1,Urgent,2026-07-26 07:20,Customer-18742,Picked
ORD02490,P00454,Mini Router (Green),Electronics,6,Medium,2026-07-29 16:13,Customer-17317,Shipped
ORD02491,P00253,Deluxe Handbag (Beige),Accessories,4,High,2026-07-27 09:45,Customer-19181,Picking
ORD02492,P00235,Pro Laptop Stand (Blue),Electronics,2,High,2026-08-25 04:45,Customer-12087,Pending
ORD02493,P00563,Lite Laptop Stand (Blue),Electronics,4,Low,2026-08-27 18:15,Customer-16393,Cancelled
ORD02494,P00744,Mini Power Bank (Blue),Electronics,4,Medium,2026-07-24 21:44,Customer-19627,Cancelled
ORD02495,P00657,Deluxe Storage Box (Beige),Home,5,Low,2026-07-01 21:41,Customer-19837,Cancelled
ORD02496,P00772,Standard Sandals (Silver),Footwear,4,High,2026-08-15 06:15,Customer-19463,Shipped
ORD02497,P00324,Standard Webcam (Green),Electronics,5,Medium,2026-08-16 11:08,Customer-16995,Picking
ORD02498,P00486,Classic Table Lamp (Blue),Home,4,Low,2026-07-10 17:48,Customer-10873,Picking
ORD02499,P00266,Premium HDMI Cable (Grey),Electronics,7,Medium,2026-07-28 04:51,Customer-15696,Cancelled
ORD02500,P00555,Deluxe Cap (Red),Accessories,1,Urgent,2026-08-25 22:21,Customer-16219,Shipped
ORD02501,P00029,Standard Sandals (White),Footwear,5,Low,2026-08-22 05:11,Customer-18592,Picking
ORD02502,P00056,Standard Wireless Mouse (Green),Electronics,3,Low,2026-08-07 22:14,Customer-14767,Shipped
ORD02503,P00738,Plus Hiking Boots (Beige),Footwear,8,High,2026-07-31 04:23,Customer-14384,Picked
ORD02504,P00778,Compact Desk Organizer (Red),Stationery,7,High,2026-07-28 08:31,Customer-11345,Picking
ORD02505,P00746,Mini Door Mat (Grey),Home,5,High,2026-08-18 05:38,Customer-10702,Cancelled
ORD02506,P00177,Compact Notebook (Red),Stationery,5,High,2026-08-11 17:40,Customer-19291,Pending
ORD02507,P00604,Premium Flip Flops (Red),Footwear,2,Urgent,2026-08-16 22:30,Customer-12346,Picking
ORD02508,P00039,Plus HDMI Cable (Grey),Electronics,2,Medium,2026-07-17 12:51,Customer-11578,Picking
ORD02509,P00661,Pro Handbag (White),Accessories,6,Urgent,2026-08-16 05:19,Customer-13444,Shipped
ORD02510,P00522,Standard Desk Organizer (Blue),Stationery,1,Medium,2026-07-26 09:14,Customer-14762,Pending
ORD02511,P00733,Lite Pen Set (Green),Stationery,6,High,2026-08-05 06:57,Customer-13767,Shipped
ORD02512,P00009,Pro Wallet (Beige),Accessories,8,Low,2026-07-01 02:40,Customer-17800,Picked
ORD02513,P00080,Max Smart Watch (Grey),Electronics,1,Urgent,2026-08-25 22:22,Customer-13369,Picking
ORD02514,P00163,Deluxe Formal Shoes (Red),Footwear,1,Low,2026-08-09 05:20,Customer-13963,Picked
ORD02515,P00779,Classic Wall Clock (Red),Home,5,High,2026-08-12 06:15,Customer-12633,Shipped
ORD02516,P00479,Deluxe Sticky Notes (Blue),Stationery,5,Low,2026-07-24 08:31,Customer-14459,Picking
ORD02517,P00080,Max Smart Watch (Grey),Electronics,4,High,2026-07-06 15:08,Customer-13576,Picking
ORD02518,P00558,Mini Bluetooth Speaker (Silver),Electronics,6,Medium,2026-08-30 10:33,Customer-13976,Shipped
ORD02519,P00733,Lite Pen Set (Green),Stationery,8,High,2026-08-09 13:32,Customer-10903,Picked
ORD02520,P00562,Max Handbag (Black),Accessories,3,Urgent,2026-08-01 04:58,Customer-16927,Picked
ORD02521,P00781,Pro Curtain (Black),Home,7,High,2026-08-01 01:31,Customer-12270,Picked
ORD02522,P00211,Mini Marker Pack (Grey),Stationery,3,Urgent,2026-07-09 11:32,Customer-12445,Picked
ORD02523,P00375,Compact Desk Organizer (Beige),Stationery,4,High,2026-08-15 15:20,Customer-13375,Pending
ORD02524,P00489,Plus Handbag (Beige),Accessories,2,Medium,2026-08-19 11:11,Customer-11819,Picking
ORD02525,P00795,Pro Sunglasses (Black),Accessories,8,Urgent,2026-07-31 00:33,Customer-16759,Shipped
ORD02526,P00060,Compact Laptop Stand (White),Electronics,8,High,2026-08-11 14:54,Customer-14917,Picked
ORD02527,P00730,Classic Boots (Grey),Footwear,5,Low,2026-08-01 06:29,Customer-15339,Cancelled
ORD02528,P00449,Classic Sticky Notes (Blue),Stationery,2,High,2026-07-07 07:36,Customer-11805,Picked
ORD02529,P00773,Pro Formal Shoes (Blue),Footwear,8,High,2026-08-07 19:03,Customer-11918,Pending
ORD02530,P00134,Max Wall Clock (Grey),Home,3,Low,2026-07-28 04:02,Customer-14844,Picked
ORD02531,P00616,Compact Cushion (Green),Home,4,Medium,2026-08-09 01:43,Customer-17002,Cancelled
ORD02532,P00294,Standard Sticky Notes (White),Stationery,4,Urgent,2026-08-03 18:51,Customer-10205,Cancelled
ORD02533,P00015,Max Tablet Stand (White),Electronics,6,Medium,2026-07-18 12:15,Customer-18248,Shipped
ORD02534,P00139,Pro Sneakers (Beige),Footwear,4,High,2026-08-04 09:46,Customer-17758,Picked
ORD02535,P00036,Deluxe Travel Pouch (Red),Accessories,8,Urgent,2026-07-18 01:11,Customer-19927,Picking
ORD02536,P00399,Deluxe Slippers (Grey),Footwear,3,Urgent,2026-07-28 19:48,Customer-10109,Picking
ORD02537,P00241,Classic Stapler (Grey),Stationery,8,High,2026-08-20 01:02,Customer-18458,Cancelled
ORD02538,P00032,Compact Monitor (Grey),Electronics,4,Low,2026-08-14 11:23,Customer-16785,Picked
ORD02539,P00583,Plus Sports Shoes (Beige),Footwear,1,Low,2026-08-14 22:21,Customer-15126,Cancelled
ORD02540,P00728,Premium Candle Holder (Silver),Home,1,Urgent,2026-08-26 11:29,Customer-19227,Shipped
ORD02541,P00679,Premium Marker Pack (Green),Stationery,5,High,2026-08-27 09:32,Customer-13926,Picked
ORD02542,P00424,Standard Hiking Boots (Blue),Footwear,4,Medium,2026-07-14 01:34,Customer-10436,Picking
ORD02543,P00075,Deluxe Curtain (Green),Home,2,Low,2026-07-08 00:52,Customer-10087,Pending
ORD02544,P00005,Compact Marker Pack (Beige),Stationery,3,High,2026-07-04 15:34,Customer-12094,Pending
ORD02545,P00368,Deluxe Door Mat (Silver),Home,3,High,2026-07-22 11:05,Customer-10696,Cancelled
ORD02546,P00601,Classic Highlighter Set (Green),Stationery,6,Low,2026-07-22 09:26,Customer-10807,Cancelled
ORD02547,P00585,Plus Sticky Notes (White),Stationery,1,Medium,2026-08-18 02:10,Customer-16957,Shipped
ORD02548,P00073,Deluxe HDMI Cable (Red),Electronics,2,Urgent,2026-08-10 16:27,Customer-11509,Picked
ORD02549,P00482,Deluxe Monitor (Grey),Electronics,3,Medium,2026-08-18 20:05,Customer-17631,Picked
ORD02550,P00579,Max Charger (White),Electronics,2,Urgent,2026-08-25 20:58,Customer-17980,Picking
ORD02551,P00582,Standard Power Bank (Blue),Electronics,7,Low,2026-07-05 00:04,Customer-15311,Pending
ORD02552,P00754,Mini Desk Organizer (Silver),Stationery,6,Low,2026-08-06 16:07,Customer-17038,Pending
ORD02553,P00188,Deluxe Calculator (Grey),Stationery,4,Urgent,2026-08-12 07:28,Customer-16958,Pending
ORD02554,P00245,Max Photo Frame (Red),Home,1,High,2026-08-01 17:03,Customer-15003,Picked
ORD02555,P00016,Premium Wall Clock (Green),Home,4,High,2026-08-05 20:31,Customer-17586,Pending
ORD02556,P00708,Standard Sports Shoes (Black),Footwear,3,Medium,2026-08-01 19:25,Customer-11442,Shipped
ORD02557,P00624,Deluxe Sports Shoes (Red),Footwear,6,Low,2026-07-24 09:46,Customer-14911,Shipped
ORD02558,P00550,Lite Wireless Mouse (White),Electronics,7,Low,2026-08-07 20:04,Customer-16497,Picked
ORD02559,P00422,Max Desk Organizer (Blue),Stationery,2,Medium,2026-08-25 21:21,Customer-12716,Cancelled
ORD02560,P00313,Deluxe Marker Pack (Black),Stationery,1,Urgent,2026-07-01 18:15,Customer-10221,Pending
ORD02561,P00217,Deluxe Photo Frame (Grey),Home,5,High,2026-08-10 09:03,Customer-17329,Cancelled
ORD02562,P00278,Lite Formal Shoes (Green),Footwear,2,Urgent,2026-08-14 12:27,Customer-17777,Picking
ORD02563,P00520,Deluxe Keychain (Red),Accessories,4,High,2026-07-17 05:29,Customer-12412,Picked
ORD02564,P00741,Deluxe Stapler (Blue),Stationery,4,High,2026-08-30 08:23,Customer-17878,Shipped
ORD02565,P00800,Compact Wall Clock (White),Home,3,High,2026-07-15 23:12,Customer-13855,Picked
ORD02566,P00338,Mini Bluetooth Speaker (Beige),Electronics,2,Medium,2026-07-05 01:00,Customer-14521,Pending
ORD02567,P00483,Standard Hiking Boots (Black),Footwear,7,Medium,2026-08-14 22:44,Customer-17566,Cancelled
ORD02568,P00432,Mini Door Mat (Blue),Home,2,Urgent,2026-08-09 18:50,Customer-10826,Pending
ORD02569,P00020,Compact Wall Clock (Red),Home,2,Urgent,2026-08-01 23:51,Customer-18678,Shipped
ORD02570,P00167,Standard Tablet Stand (Silver),Electronics,5,Low,2026-08-28 15:06,Customer-19967,Picking
ORD02571,P00639,Premium Watch Strap (Red),Accessories,4,Medium,2026-07-20 14:12,Customer-18326,Cancelled
ORD02572,P00088,Pro Backpack (Beige),Accessories,1,High,2026-07-26 22:58,Customer-16467,Cancelled
ORD02573,P00658,Deluxe Earbuds (Grey),Electronics,4,Urgent,2026-08-05 09:35,Customer-15243,Picked
ORD02574,P00649,Lite Table Lamp (Blue),Home,1,Urgent,2026-08-01 22:43,Customer-18247,Shipped
ORD02575,P00380,Mini Smart Watch (Black),Electronics,6,Low,2026-08-15 08:30,Customer-15382,Pending
ORD02576,P00707,Standard Cushion (Blue),Home,2,High,2026-07-20 07:05,Customer-19036,Picking
ORD02577,P00198,Deluxe Sandals (Grey),Footwear,1,Medium,2026-08-14 17:03,Customer-14499,Picked
ORD02578,P00398,Standard Water Bottle (Green),Home,6,Urgent,2026-08-18 18:53,Customer-11726,Picking
ORD02579,P00647,Classic Desk Organizer (Blue),Stationery,2,High,2026-08-19 07:18,Customer-18299,Picked
ORD02580,P00733,Lite Pen Set (Green),Stationery,2,Medium,2026-07-28 03:43,Customer-12899,Cancelled
ORD02581,P00232,Classic Table Lamp (Red),Home,7,Medium,2026-07-15 15:21,Customer-15294,Shipped
ORD02582,P00048,Classic Marker Pack (White),Stationery,8,Low,2026-07-06 23:34,Customer-14089,Picking
ORD02583,P00499,Deluxe Sneakers (Green),Footwear,1,Urgent,2026-08-30 04:12,Customer-10773,Shipped
ORD02584,P00371,Lite Wall Clock (Black),Home,7,Urgent,2026-07-18 12:43,Customer-15668,Picked
ORD02585,P00742,Lite Cap (Grey),Accessories,8,Urgent,2026-08-21 10:11,Customer-13012,Shipped
ORD02586,P00592,Pro Sneakers (White),Footwear,2,Urgent,2026-07-22 04:53,Customer-18749,Picking
ORD02587,P00398,Standard Water Bottle (Green),Home,8,Low,2026-07-16 00:30,Customer-15137,Shipped
ORD02588,P00794,Deluxe Curtain (Black),Home,1,Low,2026-08-24 10:03,Customer-10361,Picked
ORD02589,P00119,Standard Belt (Green),Accessories,7,Low,2026-08-16 00:08,Customer-10175,Cancelled
ORD02590,P00369,Plus Desk Organizer (Green),Stationery,7,Urgent,2026-08-04 23:20,Customer-11391,Cancelled
ORD02591,P00192,Classic Backpack (Grey),Accessories,3,Urgent,2026-08-20 02:55,Customer-10285,Shipped
ORD02592,P00321,Pro Earbuds (Red),Electronics,7,Medium,2026-08-15 18:04,Customer-13594,Picked
ORD02593,P00576,Standard Flip Flops (Silver),Footwear,1,Low,2026-07-22 14:43,Customer-15271,Picking
ORD02594,P00203,Classic Desk Organizer (White),Stationery,4,Urgent,2026-08-04 08:29,Customer-14290,Cancelled
ORD02595,P00138,Max Sandals (Beige),Footwear,7,Urgent,2026-08-15 15:45,Customer-18454,Shipped
ORD02596,P00123,Max Tablet Stand (Grey),Electronics,8,Medium,2026-08-30 00:11,Customer-16466,Cancelled
ORD02597,P00443,Plus Stapler (White),Stationery,5,Medium,2026-07-20 20:06,Customer-14503,Cancelled
ORD02598,P00392,Max Sunglasses (Green),Accessories,3,High,2026-07-26 11:09,Customer-10469,Shipped
ORD02599,P00787,Standard File Folder (Beige),Stationery,3,Medium,2026-08-21 16:21,Customer-15621,Cancelled
ORD02600,P00793,Standard HDMI Cable (White),Electronics,1,Urgent,2026-07-22 21:36,Customer-13246,Picked
ORD02601,P00548,Mini Sports Shoes (Black),Footwear,8,Medium,2026-07-06 09:01,Customer-16647,Picking
ORD02602,P00261,Compact Sneakers (Beige),Footwear,2,Urgent,2026-07-27 09:10,Customer-18305,Cancelled
ORD02603,P00357,Standard File Folder (Grey),Stationery,5,High,2026-07-22 03:55,Customer-11399,Cancelled
ORD02604,P00773,Pro Formal Shoes (Blue),Footwear,8,High,2026-07-17 23:14,Customer-17418,Shipped
ORD02605,P00519,Classic Stapler (Silver),Stationery,5,Urgent,2026-07-20 02:06,Customer-18137,Cancelled
ORD02606,P00703,Lite Wallet (Black),Accessories,4,High,2026-08-27 00:11,Customer-18223,Pending
ORD02607,P00571,Compact Tablet Stand (Red),Electronics,7,Low,2026-07-09 02:16,Customer-11409,Shipped
ORD02608,P00463,Mini Sunglasses (Green),Accessories,2,Urgent,2026-08-30 13:44,Customer-10110,Picking
ORD02609,P00292,Max Headphones (Blue),Electronics,3,Urgent,2026-07-04 22:56,Customer-18051,Picking
ORD02610,P00448,Standard Headphones (Green),Electronics,8,Medium,2026-07-07 00:17,Customer-15232,Shipped
ORD02611,P00776,Max Wallet (Grey),Accessories,2,Low,2026-07-24 19:43,Customer-11087,Cancelled
ORD02612,P00279,Max Storage Box (Blue),Home,1,Urgent,2026-08-28 03:33,Customer-11018,Pending
ORD02613,P00770,Deluxe Smart Watch (Black),Electronics,2,High,2026-07-02 09:33,Customer-13912,Pending
ORD02614,P00704,Plus Wireless Mouse (White),Electronics,3,Urgent,2026-08-28 02:08,Customer-14526,Cancelled
ORD02615,P00603,Lite Storage Box (Beige),Home,5,Urgent,2026-07-02 16:15,Customer-11305,Pending
ORD02616,P00745,Plus Sandals (Red),Footwear,3,Urgent,2026-07-23 12:05,Customer-15820,Cancelled
ORD02617,P00744,Mini Power Bank (Blue),Electronics,3,Low,2026-07-08 02:25,Customer-18061,Picking
ORD02618,P00273,Classic Router (Silver),Electronics,4,Low,2026-07-27 06:25,Customer-16889,Picked
ORD02619,P00331,Deluxe Wallet (Red),Accessories,2,Medium,2026-08-04 08:28,Customer-16984,Cancelled
ORD02620,P00588,Standard Bed Sheet Set (Beige),Home,6,High,2026-07-09 23:31,Customer-13380,Shipped
ORD02621,P00337,Plus Cap (Green),Accessories,8,Medium,2026-08-26 12:40,Customer-17985,Pending
ORD02622,P00645,Deluxe Sneakers (Silver),Footwear,2,Medium,2026-08-23 18:04,Customer-18443,Shipped
ORD02623,P00760,Mini Webcam (Black),Electronics,3,Urgent,2026-07-11 19:18,Customer-18370,Picking
ORD02624,P00229,Plus Flip Flops (Silver),Footwear,3,Low,2026-08-17 12:42,Customer-15694,Shipped
ORD02625,P00125,Premium USB-C Cable (White),Electronics,8,Low,2026-08-21 13:40,Customer-18903,Pending
ORD02626,P00139,Pro Sneakers (Beige),Footwear,7,Low,2026-08-04 07:33,Customer-19507,Pending
ORD02627,P00395,Compact Calculator (Black),Stationery,3,Low,2026-08-22 06:03,Customer-17422,Pending
ORD02628,P00692,Max Earbuds (Green),Electronics,7,Low,2026-08-15 17:25,Customer-15817,Shipped
ORD02629,P00304,Max Marker Pack (Green),Stationery,7,Medium,2026-08-19 01:31,Customer-19783,Shipped
ORD02630,P00453,Plus Photo Frame (Silver),Home,6,Low,2026-08-30 09:40,Customer-18035,Shipped
ORD02631,P00494,Max File Folder (Blue),Stationery,1,Urgent,2026-07-20 11:21,Customer-17575,Picked
ORD02632,P00035,Compact Sticky Notes (White),Stationery,3,High,2026-08-07 10:53,Customer-14066,Shipped
ORD02633,P00241,Classic Stapler (Grey),Stationery,4,Medium,2026-07-21 09:17,Customer-17661,Picked
ORD02634,P00708,Standard Sports Shoes (Black),Footwear,3,Low,2026-07-09 11:53,Customer-18171,Cancelled
ORD02635,P00513,Mini Calculator (Green),Stationery,6,Low,2026-08-06 19:17,Customer-10855,Shipped
ORD02636,P00252,Pro Storage Box (Silver),Home,6,Medium,2026-08-28 16:31,Customer-16596,Pending
ORD02637,P00762,Pro Charger (Black),Electronics,3,Urgent,2026-08-02 17:07,Customer-17535,Picking
ORD02638,P00139,Pro Sneakers (Beige),Footwear,4,High,2026-07-07 01:43,Customer-10049,Picked
ORD02639,P00527,Mini Charger (Red),Electronics,3,Urgent,2026-08-09 22:36,Customer-12693,Picking
ORD02640,P00603,Lite Storage Box (Beige),Home,6,Medium,2026-08-29 18:15,Customer-18190,Shipped
ORD02641,P00634,Compact Wireless Mouse (Grey),Electronics,1,High,2026-07-20 20:12,Customer-18161,Pending
ORD02642,P00450,Classic Highlighter Set (Blue),Stationery,2,Urgent,2026-08-24 11:20,Customer-16839,Picking
ORD02643,P00193,Pro Slippers (Black),Footwear,2,Medium,2026-08-30 06:40,Customer-14620,Picking
ORD02644,P00792,Classic Cushion (Red),Home,5,Urgent,2026-07-28 21:41,Customer-19223,Shipped
ORD02645,P00318,Lite Bluetooth Speaker (Green),Electronics,1,Medium,2026-08-11 08:03,Customer-18867,Shipped
ORD02646,P00500,Lite Wireless Mouse (Silver),Electronics,2,Low,2026-07-12 06:58,Customer-12594,Picked
ORD02647,P00625,Plus Bed Sheet Set (Grey),Home,6,Low,2026-08-18 02:22,Customer-13925,Picked
ORD02648,P00207,Lite Highlighter Set (Black),Stationery,6,Urgent,2026-08-08 10:57,Customer-14106,Pending
ORD02649,P00428,Classic Cap (Green),Accessories,7,Low,2026-07-13 20:37,Customer-12924,Picked
ORD02650,P00012,Compact Table Lamp (Grey),Home,7,High,2026-08-16 00:10,Customer-19169,Shipped
ORD02651,P00059,Premium Boots (Red),Footwear,4,High,2026-07-08 14:07,Customer-11655,Picked
ORD02652,P00408,Mini Bed Sheet Set (Beige),Home,8,Urgent,2026-08-08 13:54,Customer-11032,Cancelled
ORD02653,P00079,Deluxe Curtain (White),Home,8,Urgent,2026-08-16 11:53,Customer-17614,Pending
ORD02654,P00008,Mini Cap (Red),Accessories,6,High,2026-07-25 08:56,Customer-10738,Shipped
ORD02655,P00081,Pro Loafers (Red),Footwear,1,High,2026-08-16 22:35,Customer-12825,Pending
ORD02656,P00249,Deluxe Flip Flops (Green),Footwear,7,Urgent,2026-07-10 12:34,Customer-15131,Pending
ORD02657,P00196,Pro Umbrella (White),Accessories,7,Urgent,2026-07-29 10:32,Customer-11472,Shipped
ORD02658,P00244,Compact Handbag (Beige),Accessories,2,Low,2026-07-27 21:13,Customer-14206,Pending
ORD02659,P00286,Deluxe Cap (Beige),Accessories,6,Medium,2026-08-07 02:38,Customer-14915,Picked
ORD02660,P00088,Pro Backpack (Beige),Accessories,4,High,2026-07-17 16:24,Customer-15574,Picked
ORD02661,P00602,Plus Bed Sheet Set (Beige),Home,7,Medium,2026-07-07 19:49,Customer-11427,Picked
ORD02662,P00672,Lite Sports Shoes (Beige),Footwear,7,High,2026-08-07 09:06,Customer-10385,Picking
ORD02663,P00392,Max Sunglasses (Green),Accessories,4,Low,2026-07-19 04:29,Customer-15041,Cancelled
ORD02664,P00410,Standard Backpack (Black),Accessories,1,Urgent,2026-07-31 06:57,Customer-17314,Picked
ORD02665,P00269,Lite Umbrella (Red),Accessories,6,High,2026-07-20 00:06,Customer-15194,Pending
ORD02666,P00066,Compact Watch Strap (Silver),Accessories,2,Low,2026-08-21 13:53,Customer-15994,Picking
ORD02667,P00408,Mini Bed Sheet Set (Beige),Home,8,Urgent,2026-07-24 15:12,Customer-16436,Shipped
ORD02668,P00629,Classic Tablet Stand (Black),Electronics,8,Low,2026-08-08 20:48,Customer-18311,Pending
ORD02669,P00213,Deluxe Keychain (Grey),Accessories,2,Medium,2026-07-25 02:20,Customer-15606,Picking
ORD02670,P00281,Premium Boots (Grey),Footwear,7,Medium,2026-07-26 01:45,Customer-19567,Pending
ORD02671,P00702,Premium Table Lamp (Silver),Home,4,Medium,2026-07-29 19:04,Customer-10401,Cancelled
ORD02672,P00018,Deluxe Wallet (Blue),Accessories,5,High,2026-08-30 20:41,Customer-15753,Pending
ORD02673,P00534,Lite Stapler (White),Stationery,1,Low,2026-07-26 05:44,Customer-13418,Cancelled
ORD02674,P00158,Deluxe Table Lamp (Red),Home,5,Low,2026-08-24 17:00,Customer-15963,Pending
ORD02675,P00799,Classic Earbuds (Green),Electronics,3,Low,2026-07-19 14:38,Customer-11405,Pending
ORD02676,P00036,Deluxe Travel Pouch (Red),Accessories,2,High,2026-07-28 05:40,Customer-17033,Picked
ORD02677,P00771,Premium Sticky Notes (Green),Stationery,5,Low,2026-07-22 10:30,Customer-10423,Cancelled
ORD02678,P00575,Classic Highlighter Set (Silver),Stationery,3,Urgent,2026-07-09 22:06,Customer-15937,Pending
ORD02679,P00621,Max Router (Blue),Electronics,7,High,2026-07-09 15:40,Customer-13917,Cancelled
ORD02680,P00693,Classic Hiking Boots (Beige),Footwear,4,Low,2026-07-14 18:44,Customer-12082,Picked
ORD02681,P00597,Deluxe Scissors (Green),Stationery,3,Low,2026-07-21 00:39,Customer-15919,Shipped
ORD02682,P00765,Plus Wireless Mouse (White),Electronics,2,High,2026-07-11 21:32,Customer-14801,Cancelled
ORD02683,P00762,Pro Charger (Black),Electronics,3,High,2026-07-10 20:14,Customer-10042,Pending
ORD02684,P00438,Pro Cap (Green),Accessories,4,Urgent,2026-07-16 18:20,Customer-18394,Picking
ORD02685,P00672,Lite Sports Shoes (Beige),Footwear,3,Medium,2026-08-26 16:04,Customer-15964,Pending
ORD02686,P00425,Plus Smart Watch (White),Electronics,2,Low,2026-08-14 22:52,Customer-17375,Shipped
ORD02687,P00126,Deluxe Candle Holder (Red),Home,7,Urgent,2026-08-22 03:55,Customer-18051,Cancelled
ORD02688,P00088,Pro Backpack (Beige),Accessories,8,High,2026-07-09 15:17,Customer-12446,Picking
ORD02689,P00234,Pro File Folder (Red),Stationery,2,High,2026-07-30 16:44,Customer-13433,Picked
ORD02690,P00212,Classic Formal Shoes (Blue),Footwear,6,High,2026-07-08 11:49,Customer-15770,Shipped
ORD02691,P00172,Lite Formal Shoes (Silver),Footwear,8,High,2026-08-19 11:05,Customer-15097,Picked
ORD02692,P00715,Deluxe File Folder (White),Stationery,1,Medium,2026-08-27 16:17,Customer-10459,Cancelled
ORD02693,P00260,Plus Handbag (Beige),Accessories,5,Low,2026-07-10 10:09,Customer-18133,Pending
ORD02694,P00775,Mini Photo Frame (Red),Home,3,High,2026-08-09 01:24,Customer-11270,Cancelled
ORD02695,P00667,Lite Water Bottle (Beige),Home,5,Medium,2026-07-12 16:53,Customer-16326,Cancelled
ORD02696,P00165,Plus Notebook (Beige),Stationery,7,High,2026-07-09 19:22,Customer-16150,Picking
ORD02697,P00613,Plus Cushion (Grey),Home,1,High,2026-08-14 10:30,Customer-18571,Shipped
ORD02698,P00658,Deluxe Earbuds (Grey),Electronics,8,High,2026-07-26 22:14,Customer-12318,Picking
ORD02699,P00223,Pro Handbag (Blue),Accessories,3,Medium,2026-07-13 15:46,Customer-12600,Shipped
ORD02700,P00205,Mini Sneakers (White),Footwear,4,Low,2026-08-11 05:35,Customer-18395,Pending
ORD02701,P00163,Deluxe Formal Shoes (Red),Footwear,5,Urgent,2026-07-31 23:37,Customer-14810,Picked
ORD02702,P00140,Compact Photo Frame (Silver),Home,8,Medium,2026-08-17 11:10,Customer-17812,Picked
ORD02703,P00626,Premium Door Mat (Blue),Home,5,Medium,2026-07-01 16:13,Customer-17628,Picked
ORD02704,P00714,Plus Bed Sheet Set (Beige),Home,8,Low,2026-07-09 05:12,Customer-15114,Picking
ORD02705,P00280,Compact Scissors (Grey),Stationery,2,Urgent,2026-07-25 11:19,Customer-15639,Shipped
ORD02706,P00601,Classic Highlighter Set (Green),Stationery,1,Low,2026-07-28 06:22,Customer-15271,Picking
ORD02707,P00774,Standard Router (Green),Electronics,4,High,2026-08-01 20:08,Customer-19486,Picking
ORD02708,P00648,Max Backpack (Blue),Accessories,5,Medium,2026-07-12 16:03,Customer-14401,Cancelled
ORD02709,P00773,Pro Formal Shoes (Blue),Footwear,5,Medium,2026-07-22 02:40,Customer-11944,Cancelled
ORD02710,P00602,Plus Bed Sheet Set (Beige),Home,6,Urgent,2026-08-03 14:11,Customer-19013,Cancelled
ORD02711,P00461,Pro Slippers (Green),Footwear,6,Medium,2026-08-13 22:44,Customer-18095,Picking
ORD02712,P00735,Max Table Lamp (Grey),Home,2,Medium,2026-08-19 11:49,Customer-17380,Pending
ORD02713,P00439,Premium Candle Holder (Beige),Home,3,Medium,2026-08-08 13:11,Customer-10008,Pending
ORD02714,P00723,Premium Sticky Notes (Grey),Stationery,3,High,2026-08-09 00:43,Customer-10430,Picked
ORD02715,P00200,Deluxe Desk Organizer (Red),Stationery,8,Low,2026-08-30 00:26,Customer-12046,Picked
ORD02716,P00628,Classic Flip Flops (Black),Footwear,8,High,2026-07-26 23:09,Customer-14616,Cancelled
ORD02717,P00257,Standard Formal Shoes (White),Footwear,3,Low,2026-08-23 04:47,Customer-11919,Picked
ORD02718,P00177,Compact Notebook (Red),Stationery,4,Urgent,2026-08-17 05:26,Customer-15287,Shipped
ORD02719,P00563,Lite Laptop Stand (Blue),Electronics,1,Urgent,2026-07-13 03:39,Customer-18334,Picking
ORD02720,P00022,Lite Watch Strap (White),Accessories,1,High,2026-08-13 03:19,Customer-12802,Pending
ORD02721,P00595,Max Flip Flops (Black),Footwear,6,High,2026-07-12 18:37,Customer-11884,Pending
ORD02722,P00663,Mini Wallet (White),Accessories,5,High,2026-08-24 00:15,Customer-13203,Picked
ORD02723,P00696,Standard Photo Frame (Silver),Home,8,Urgent,2026-07-24 14:17,Customer-13466,Pending
ORD02724,P00748,Compact Keyboard (Grey),Electronics,8,High,2026-07-15 06:34,Customer-19625,Cancelled
ORD02725,P00012,Compact Table Lamp (Grey),Home,6,Urgent,2026-07-16 05:57,Customer-10372,Pending
ORD02726,P00689,Premium Curtain (Beige),Home,3,Low,2026-07-16 06:37,Customer-19792,Cancelled
ORD02727,P00140,Compact Photo Frame (Silver),Home,8,High,2026-08-02 20:52,Customer-15455,Cancelled
ORD02728,P00708,Standard Sports Shoes (Black),Footwear,5,High,2026-08-30 18:05,Customer-12766,Shipped
ORD02729,P00035,Compact Sticky Notes (White),Stationery,3,High,2026-07-22 02:52,Customer-14909,Pending
ORD02730,P00565,Deluxe Handbag (Red),Accessories,8,Low,2026-07-01 09:42,Customer-10526,Pending
ORD02731,P00239,Compact Hiking Boots (Blue),Footwear,2,Low,2026-08-13 19:07,Customer-11733,Picked
ORD02732,P00051,Max Umbrella (Blue),Accessories,6,High,2026-08-04 13:39,Customer-14811,Shipped
ORD02733,P00014,Max Wireless Mouse (Grey),Electronics,6,High,2026-08-16 01:55,Customer-10818,Cancelled
ORD02734,P00335,Deluxe Desk Organizer (Black),Stationery,6,Urgent,2026-07-11 15:44,Customer-13060,Picking
ORD02735,P00662,Premium Power Bank (Green),Electronics,7,Low,2026-08-16 10:36,Customer-10744,Pending
ORD02736,P00587,Classic Running Shoes (Grey),Footwear,8,Medium,2026-08-23 02:24,Customer-19467,Picked
ORD02737,P00113,Plus Table Lamp (Green),Home,8,Urgent,2026-07-10 08:34,Customer-16115,Cancelled
ORD02738,P00064,Mini Water Bottle (Beige),Home,7,Medium,2026-07-22 08:43,Customer-18205,Shipped
ORD02739,P00255,Compact Umbrella (Black),Accessories,3,Medium,2026-08-12 21:25,Customer-10350,Pending
ORD02740,P00150,Premium Storage Box (Blue),Home,7,Medium,2026-07-29 18:30,Customer-18538,Picking
ORD02741,P00276,Classic Formal Shoes (Grey),Footwear,3,Low,2026-07-21 20:49,Customer-18863,Shipped
ORD02742,P00644,Pro Keychain (Black),Accessories,2,Medium,2026-08-14 14:56,Customer-15115,Picking
ORD02743,P00750,Pro Notebook (Silver),Stationery,6,Medium,2026-08-21 14:35,Customer-17944,Pending
ORD02744,P00596,Lite Flip Flops (Red),Footwear,8,Low,2026-07-28 11:46,Customer-10845,Pending
ORD02745,P00479,Deluxe Sticky Notes (Blue),Stationery,2,Urgent,2026-07-09 00:53,Customer-13804,Picked
ORD02746,P00194,Premium Stapler (Silver),Stationery,7,High,2026-07-20 22:17,Customer-15723,Cancelled
ORD02747,P00153,Standard Wall Clock (Grey),Home,8,High,2026-07-11 09:55,Customer-13309,Picked
ORD02748,P00012,Compact Table Lamp (Grey),Home,2,Medium,2026-07-31 19:15,Customer-15251,Cancelled
ORD02749,P00739,Mini Hiking Boots (Red),Footwear,7,Low,2026-08-19 10:50,Customer-14056,Pending
ORD02750,P00675,Mini Table Lamp (Grey),Home,5,High,2026-08-29 01:53,Customer-18879,Shipped
ORD02751,P00058,Mini Highlighter Set (Beige),Stationery,2,Urgent,2026-08-04 04:02,Customer-15617,Picked
ORD02752,P00150,Premium Storage Box (Blue),Home,2,Medium,2026-07-11 13:09,Customer-14207,Cancelled
ORD02753,P00727,Premium Calculator (Beige),Stationery,3,Low,2026-07-11 10:30,Customer-15328,Cancelled
ORD02754,P00344,Premium Power Bank (Beige),Electronics,8,High,2026-07-11 16:53,Customer-13813,Shipped
ORD02755,P00670,Lite Sandals (Grey),Footwear,7,Medium,2026-08-05 11:56,Customer-18990,Pending
ORD02756,P00286,Deluxe Cap (Beige),Accessories,2,High,2026-07-21 07:12,Customer-17381,Picked
ORD02757,P00024,Premium Candle Holder (Blue),Home,2,Urgent,2026-07-01 01:20,Customer-11918,Pending
ORD02758,P00005,Compact Marker Pack (Beige),Stationery,4,High,2026-08-07 07:21,Customer-12968,Picked
ORD02759,P00278,Lite Formal Shoes (Green),Footwear,3,Low,2026-07-22 09:48,Customer-15690,Picked
ORD02760,P00583,Plus Sports Shoes (Beige),Footwear,2,Urgent,2026-07-29 14:27,Customer-19490,Shipped
ORD02761,P00513,Mini Calculator (Green),Stationery,6,Medium,2026-08-29 12:31,Customer-11065,Shipped
ORD02762,P00613,Plus Cushion (Grey),Home,6,Medium,2026-07-11 06:23,Customer-13906,Shipped
ORD02763,P00594,Standard Running Shoes (Silver),Footwear,1,High,2026-08-20 19:04,Customer-14419,Picked
ORD02764,P00617,Premium Watch Strap (Green),Accessories,4,Urgent,2026-07-24 08:28,Customer-14646,Cancelled
ORD02765,P00280,Compact Scissors (Grey),Stationery,1,Urgent,2026-07-05 11:55,Customer-10548,Pending
ORD02766,P00427,Classic Door Mat (Beige),Home,6,Low,2026-08-23 09:21,Customer-18862,Pending
ORD02767,P00618,Plus Cap (Silver),Accessories,4,High,2026-08-18 18:26,Customer-13123,Pending
ORD02768,P00408,Mini Bed Sheet Set (Beige),Home,3,Low,2026-08-12 20:07,Customer-16304,Picked
ORD02769,P00018,Deluxe Wallet (Blue),Accessories,1,Low,2026-07-22 15:09,Customer-15685,Pending
ORD02770,P00345,Premium Curtain (Beige),Home,1,Low,2026-08-21 07:54,Customer-14556,Pending
ORD02771,P00529,Premium Sunglasses (Green),Accessories,1,Low,2026-07-11 11:56,Customer-17330,Pending
ORD02772,P00059,Premium Boots (Red),Footwear,2,Low,2026-08-22 08:35,Customer-16157,Picked
ORD02773,P00101,Max Cushion (Silver),Home,6,High,2026-07-02 14:34,Customer-10417,Cancelled
ORD02774,P00392,Max Sunglasses (Green),Accessories,4,Low,2026-07-30 20:52,Customer-14739,Cancelled
ORD02775,P00279,Max Storage Box (Blue),Home,6,High,2026-08-02 05:02,Customer-19731,Picking
ORD02776,P00088,Pro Backpack (Beige),Accessories,6,Low,2026-08-17 19:23,Customer-16311,Picked
ORD02777,P00263,Standard Router (Red),Electronics,4,Medium,2026-08-21 09:36,Customer-17573,Cancelled
ORD02778,P00109,Compact Curtain (White),Home,7,Urgent,2026-07-14 10:48,Customer-10118,Shipped
ORD02779,P00643,Premium Formal Shoes (Beige),Footwear,7,High,2026-08-27 08:42,Customer-12880,Pending
ORD02780,P00083,Deluxe Stapler (Black),Stationery,8,Urgent,2026-08-24 10:50,Customer-13570,Pending
ORD02781,P00503,Plus Watch Strap (Black),Accessories,2,Low,2026-08-27 02:46,Customer-16943,Picking
ORD02782,P00256,Max Pen Set (Grey),Stationery,6,Medium,2026-07-16 17:29,Customer-18701,Cancelled
ORD02783,P00117,Deluxe Storage Box (Grey),Home,2,High,2026-07-08 17:22,Customer-17206,Shipped
ORD02784,P00429,Max Webcam (White),Electronics,6,Urgent,2026-07-09 23:10,Customer-18937,Pending
ORD02785,P00461,Pro Slippers (Green),Footwear,5,Medium,2026-08-15 18:31,Customer-12077,Picked
ORD02786,P00399,Deluxe Slippers (Grey),Footwear,7,Urgent,2026-08-12 15:00,Customer-11001,Picked
ORD02787,P00675,Mini Table Lamp (Grey),Home,6,Low,2026-07-13 15:31,Customer-16738,Picked
ORD02788,P00509,Mini Scissors (Red),Stationery,3,Medium,2026-07-09 09:59,Customer-14204,Picked
ORD02789,P00359,Premium Hiking Boots (Green),Footwear,5,Low,2026-08-19 14:42,Customer-19309,Picked
ORD02790,P00090,Mini Boots (Silver),Footwear,7,Urgent,2026-08-24 03:59,Customer-14165,Cancelled
ORD02791,P00631,Max Running Shoes (Silver),Footwear,2,Medium,2026-07-02 14:58,Customer-10459,Cancelled
ORD02792,P00022,Lite Watch Strap (White),Accessories,5,Medium,2026-07-31 11:13,Customer-15099,Cancelled
ORD02793,P00433,Premium Charger (Black),Electronics,6,High,2026-07-16 11:17,Customer-11794,Shipped
ORD02794,P00358,Classic Keyboard (Green),Electronics,8,High,2026-07-23 09:45,Customer-19536,Pending
ORD02795,P00469,Standard File Folder (White),Stationery,7,Low,2026-08-06 17:53,Customer-17963,Picked
ORD02796,P00719,Mini Wallet (Green),Accessories,5,Medium,2026-07-14 19:29,Customer-12977,Pending
ORD02797,P00247,Premium Webcam (Beige),Electronics,6,Low,2026-07-10 10:43,Customer-19653,Cancelled
ORD02798,P00506,Premium Bed Sheet Set (Grey),Home,7,Medium,2026-07-01 19:46,Customer-19132,Pending
ORD02799,P00105,Standard Travel Pouch (Green),Accessories,5,Medium,2026-07-12 22:05,Customer-10956,Shipped
ORD02800,P00449,Classic Sticky Notes (Blue),Stationery,4,Low,2026-08-20 02:56,Customer-13665,Picked
ORD02801,P00044,Max Flip Flops (Grey),Footwear,7,Urgent,2026-08-26 19:00,Customer-11686,Cancelled
ORD02802,P00143,Plus Water Bottle (Grey),Home,8,Urgent,2026-07-14 07:31,Customer-16855,Shipped
ORD02803,P00176,Lite Handbag (Grey),Accessories,4,Medium,2026-07-19 18:42,Customer-12952,Shipped
ORD02804,P00002,Pro Sandals (White),Footwear,8,Low,2026-07-08 17:23,Customer-12840,Shipped
ORD02805,P00352,Premium Wireless Mouse (Beige),Electronics,2,High,2026-07-31 13:30,Customer-12083,Shipped
ORD02806,P00101,Max Cushion (Silver),Home,6,Medium,2026-07-18 06:52,Customer-12237,Shipped
ORD02807,P00006,Deluxe Slippers (Grey),Footwear,3,High,2026-07-08 11:38,Customer-13313,Picking
ORD02808,P00660,Mini Sports Shoes (Beige),Footwear,1,Urgent,2026-08-27 03:21,Customer-12720,Picked
ORD02809,P00701,Premium Flip Flops (Green),Footwear,1,Medium,2026-07-21 06:37,Customer-16538,Shipped
ORD02810,P00752,Max Sports Shoes (Silver),Footwear,1,Low,2026-07-29 02:44,Customer-11538,Cancelled
ORD02811,P00790,Mini Marker Pack (Green),Stationery,4,High,2026-08-03 21:04,Customer-11854,Pending
ORD02812,P00349,Standard USB-C Cable (Black),Electronics,5,High,2026-08-06 17:41,Customer-15304,Shipped
ORD02813,P00182,Premium Scissors (Green),Stationery,8,Medium,2026-08-20 13:36,Customer-13167,Pending
ORD02814,P00796,Mini Running Shoes (Silver),Footwear,5,High,2026-08-16 08:02,Customer-13895,Shipped
ORD02815,P00295,Standard Curtain (Grey),Home,3,Urgent,2026-08-21 05:15,Customer-15646,Picking
ORD02816,P00721,Deluxe Sticky Notes (Beige),Stationery,7,Medium,2026-08-23 10:09,Customer-15961,Cancelled
ORD02817,P00479,Deluxe Sticky Notes (Blue),Stationery,7,Low,2026-07-06 17:54,Customer-13180,Cancelled
ORD02818,P00215,Compact Wall Clock (Silver),Home,4,High,2026-07-05 06:59,Customer-12637,Pending
ORD02819,P00445,Standard Curtain (Blue),Home,1,Low,2026-08-20 06:02,Customer-10051,Pending
ORD02820,P00525,Standard Storage Box (Red),Home,2,Medium,2026-07-15 04:39,Customer-15508,Shipped
ORD02821,P00270,Pro Door Mat (Red),Home,3,Medium,2026-07-08 23:23,Customer-11645,Picking
ORD02822,P00107,Classic Stapler (White),Stationery,4,High,2026-08-19 13:59,Customer-14757,Pending
ORD02823,P00668,Compact Table Lamp (Red),Home,8,Urgent,2026-07-08 02:17,Customer-19713,Picked
ORD02824,P00273,Classic Router (Silver),Electronics,6,Low,2026-08-01 02:48,Customer-17159,Shipped
ORD02825,P00596,Lite Flip Flops (Red),Footwear,3,Medium,2026-08-04 07:10,Customer-13303,Shipped
ORD02826,P00463,Mini Sunglasses (Green),Accessories,2,Low,2026-07-10 09:34,Customer-12012,Picking
ORD02827,P00045,Premium Photo Frame (Silver),Home,5,Medium,2026-07-21 18:24,Customer-17857,Picked
ORD02828,P00126,Deluxe Candle Holder (Red),Home,8,Medium,2026-08-27 12:45,Customer-16236,Picked
ORD02829,P00634,Compact Wireless Mouse (Grey),Electronics,4,Urgent,2026-07-16 17:18,Customer-10775,Picking
ORD02830,P00190,Mini Loafers (Grey),Footwear,3,High,2026-07-27 15:05,Customer-13784,Shipped
ORD02831,P00094,Classic Storage Box (Grey),Home,7,Medium,2026-08-06 15:05,Customer-13735,Picking
ORD02832,P00678,Lite Sticky Notes (Green),Stationery,6,Urgent,2026-07-18 12:46,Customer-19819,Cancelled
ORD02833,P00636,Pro Formal Shoes (Blue),Footwear,3,Urgent,2026-08-11 02:39,Customer-11082,Pending
ORD02834,P00325,Mini Handbag (Silver),Accessories,3,Low,2026-07-13 03:36,Customer-10142,Cancelled
ORD02835,P00698,Pro Laptop Stand (Grey),Electronics,4,Urgent,2026-08-22 15:33,Customer-16908,Shipped
ORD02836,P00440,Premium Sunglasses (Silver),Accessories,5,High,2026-08-27 09:27,Customer-10777,Pending
ORD02837,P00746,Mini Door Mat (Grey),Home,8,High,2026-07-09 12:06,Customer-11231,Pending
ORD02838,P00080,Max Smart Watch (Grey),Electronics,2,Urgent,2026-07-04 15:38,Customer-14299,Shipped
ORD02839,P00037,Mini Loafers (Black),Footwear,6,High,2026-07-05 08:58,Customer-10767,Picked
ORD02840,P00600,Mini Desk Organizer (Beige),Stationery,7,Low,2026-07-31 23:38,Customer-18762,Shipped
ORD02841,P00728,Premium Candle Holder (Silver),Home,2,Urgent,2026-08-01 12:43,Customer-13280,Cancelled
ORD02842,P00612,Deluxe USB-C Cable (Red),Electronics,4,Low,2026-08-02 14:45,Customer-12975,Picking
ORD02843,P00471,Plus Bed Sheet Set (Blue),Home,4,High,2026-08-18 04:16,Customer-19837,Pending
ORD02844,P00171,Lite Curtain (Green),Home,4,High,2026-07-31 23:54,Customer-15038,Picked
ORD02845,P00542,Pro Running Shoes (Beige),Footwear,1,Low,2026-08-19 11:56,Customer-16704,Cancelled
ORD02846,P00743,Mini Pen Set (Beige),Stationery,6,Low,2026-08-09 15:49,Customer-17751,Shipped
ORD02847,P00323,Standard Umbrella (Beige),Accessories,4,Medium,2026-07-29 09:17,Customer-19766,Picking
ORD02848,P00568,Compact Highlighter Set (Red),Stationery,2,Medium,2026-08-21 14:14,Customer-16941,Picking
ORD02849,P00781,Pro Curtain (Black),Home,3,Medium,2026-07-07 15:18,Customer-15611,Picking
ORD02850,P00266,Premium HDMI Cable (Grey),Electronics,5,Urgent,2026-08-11 06:51,Customer-11248,Shipped
ORD02851,P00035,Compact Sticky Notes (White),Stationery,5,Low,2026-08-16 08:32,Customer-18915,Pending
ORD02852,P00572,Mini Calculator (Blue),Stationery,3,High,2026-07-15 09:26,Customer-13497,Picked
ORD02853,P00696,Standard Photo Frame (Silver),Home,5,Medium,2026-07-25 16:03,Customer-17439,Picked
ORD02854,P00549,Mini Door Mat (Grey),Home,6,Low,2026-07-28 15:35,Customer-15085,Picked
ORD02855,P00337,Plus Cap (Green),Accessories,5,High,2026-07-08 07:35,Customer-11934,Picked
ORD02856,P00475,Max Loafers (Green),Footwear,2,Medium,2026-07-13 18:48,Customer-12170,Shipped
ORD02857,P00736,Lite Laptop Stand (Green),Electronics,8,Urgent,2026-07-06 01:08,Customer-13594,Picking
ORD02858,P00594,Standard Running Shoes (Silver),Footwear,5,High,2026-07-08 18:22,Customer-18766,Picking
ORD02859,P00452,Classic Curtain (Blue),Home,5,Low,2026-08-06 16:50,Customer-11888,Picking
ORD02860,P00217,Deluxe Photo Frame (Grey),Home,6,Medium,2026-08-24 17:04,Customer-14324,Picked
ORD02861,P00758,Lite Sandals (Blue),Footwear,3,Medium,2026-08-28 00:34,Customer-19356,Pending
ORD02862,P00213,Deluxe Keychain (Grey),Accessories,3,Urgent,2026-08-10 04:27,Customer-16770,Shipped
ORD02863,P00452,Classic Curtain (Blue),Home,4,Urgent,2026-08-28 02:55,Customer-17550,Cancelled
ORD02864,P00028,Classic Earbuds (White),Electronics,4,Medium,2026-07-22 22:54,Customer-16559,Cancelled
ORD02865,P00405,Premium Backpack (Green),Accessories,1,Low,2026-07-15 15:29,Customer-15630,Picking
ORD02866,P00577,Compact Notebook (Silver),Stationery,2,High,2026-07-11 12:51,Customer-18994,Picking
ORD02867,P00530,Lite Scissors (Silver),Stationery,2,High,2026-08-21 09:01,Customer-15250,Pending
ORD02868,P00454,Mini Router (Green),Electronics,5,Medium,2026-07-22 12:03,Customer-15566,Pending
ORD02869,P00372,Pro Travel Pouch (Grey),Accessories,7,Urgent,2026-07-04 08:24,Customer-15664,Pending
ORD02870,P00702,Premium Table Lamp (Silver),Home,5,Low,2026-07-08 21:16,Customer-12180,Shipped
ORD02871,P00515,Deluxe Stapler (Green),Stationery,7,Low,2026-07-31 08:54,Customer-12638,Pending
ORD02872,P00481,Classic Notebook (White),Stationery,3,Low,2026-08-05 17:48,Customer-12902,Picked
ORD02873,P00236,Compact Wall Clock (Grey),Home,2,Medium,2026-08-16 00:03,Customer-14409,Picked
ORD02874,P00420,Premium Curtain (White),Home,2,Medium,2026-08-01 22:34,Customer-19711,Cancelled
ORD02875,P00464,Pro Marker Pack (Red),Stationery,4,Urgent,2026-08-01 05:11,Customer-11141,Picked
ORD02876,P00266,Premium HDMI Cable (Grey),Electronics,4,High,2026-08-05 00:53,Customer-18914,Picked
ORD02877,P00330,Deluxe Power Bank (Grey),Electronics,5,Medium,2026-07-30 12:30,Customer-10054,Pending
ORD02878,P00129,Compact Sandals (Silver),Footwear,3,High,2026-08-29 15:49,Customer-11202,Cancelled
ORD02879,P00704,Plus Wireless Mouse (White),Electronics,5,Urgent,2026-08-17 10:39,Customer-13350,Pending
ORD02880,P00132,Compact Curtain (Beige),Home,6,High,2026-07-05 21:14,Customer-10916,Cancelled
ORD02881,P00588,Standard Bed Sheet Set (Beige),Home,4,Urgent,2026-08-17 08:49,Customer-19271,Picking
ORD02882,P00670,Lite Sandals (Grey),Footwear,3,Urgent,2026-07-17 20:51,Customer-12702,Picked
ORD02883,P00071,Mini Pen Set (White),Stationery,7,Low,2026-08-15 11:50,Customer-19701,Shipped
ORD02884,P00047,Deluxe Backpack (Red),Accessories,4,High,2026-08-06 18:14,Customer-19055,Picking
ORD02885,P00388,Deluxe Storage Box (White),Home,8,Medium,2026-08-07 04:57,Customer-10989,Pending
ORD02886,P00683,Deluxe HDMI Cable (Red),Electronics,8,Low,2026-07-01 15:36,Customer-13627,Picked
ORD02887,P00708,Standard Sports Shoes (Black),Footwear,7,High,2026-07-27 17:27,Customer-15985,Cancelled
ORD02888,P00359,Premium Hiking Boots (Green),Footwear,1,Urgent,2026-08-23 19:32,Customer-12312,Pending
ORD02889,P00223,Pro Handbag (Blue),Accessories,6,High,2026-08-03 03:42,Customer-10848,Pending
ORD02890,P00166,Compact Wallet (Green),Accessories,4,Medium,2026-07-31 18:35,Customer-13252,Shipped
ORD02891,P00747,Premium Candle Holder (White),Home,7,Low,2026-07-24 12:35,Customer-19527,Picking
ORD02892,P00477,Lite Flip Flops (Blue),Footwear,7,Low,2026-07-06 14:25,Customer-15378,Shipped
ORD02893,P00306,Compact Sandals (Grey),Footwear,1,High,2026-07-27 10:32,Customer-11414,Picked
ORD02894,P00528,Premium Scissors (Beige),Stationery,3,Urgent,2026-07-16 23:21,Customer-11213,Cancelled
ORD02895,P00745,Plus Sandals (Red),Footwear,6,Low,2026-07-24 16:46,Customer-12958,Pending
ORD02896,P00356,Plus Table Lamp (Beige),Home,6,High,2026-08-04 03:09,Customer-12666,Pending
ORD02897,P00407,Mini Wallet (Grey),Accessories,6,Medium,2026-08-29 01:24,Customer-15197,Pending
ORD02898,P00158,Deluxe Table Lamp (Red),Home,5,Medium,2026-08-05 06:31,Customer-10225,Picked
ORD02899,P00536,Lite Sunglasses (Black),Accessories,7,Urgent,2026-07-19 23:35,Customer-17578,Picking
ORD02900,P00153,Standard Wall Clock (Grey),Home,5,High,2026-08-21 00:31,Customer-19502,Picking
ORD02901,P00747,Premium Candle Holder (White),Home,7,Low,2026-08-18 10:20,Customer-18281,Cancelled
ORD02902,P00542,Pro Running Shoes (Beige),Footwear,2,Urgent,2026-07-02 07:45,Customer-16552,Picked
ORD02903,P00788,Compact Monitor (Blue),Electronics,6,Medium,2026-07-17 09:16,Customer-15105,Picking
ORD02904,P00033,Lite Wallet (Beige),Accessories,3,High,2026-07-29 13:58,Customer-16967,Pending
ORD02905,P00261,Compact Sneakers (Beige),Footwear,7,High,2026-07-09 16:50,Customer-17293,Pending
ORD02906,P00472,Mini Desk Organizer (Blue),Stationery,3,Low,2026-08-28 01:41,Customer-14271,Picking
ORD02907,P00030,Deluxe Candle Holder (Silver),Home,6,Urgent,2026-07-05 02:28,Customer-13001,Cancelled
ORD02908,P00301,Classic Hiking Boots (Black),Footwear,8,High,2026-07-01 10:10,Customer-19864,Shipped
ORD02909,P00486,Classic Table Lamp (Blue),Home,2,Urgent,2026-08-21 01:24,Customer-14302,Cancelled
ORD02910,P00379,Pro Laptop Stand (Green),Electronics,2,Medium,2026-08-23 07:28,Customer-19790,Pending
ORD02911,P00759,Plus Wallet (Grey),Accessories,5,High,2026-08-02 15:46,Customer-14848,Cancelled
ORD02912,P00776,Max Wallet (Grey),Accessories,5,Urgent,2026-08-10 16:44,Customer-15051,Pending
ORD02913,P00787,Standard File Folder (Beige),Stationery,8,Urgent,2026-07-28 23:18,Customer-14264,Pending
ORD02914,P00697,Mini Calculator (Green),Stationery,8,Low,2026-08-16 14:59,Customer-19443,Picked
ORD02915,P00080,Max Smart Watch (Grey),Electronics,7,High,2026-07-30 10:11,Customer-12192,Cancelled
ORD02916,P00118,Classic Bed Sheet Set (Grey),Home,4,Low,2026-08-28 18:46,Customer-19540,Pending
ORD02917,P00644,Pro Keychain (Black),Accessories,7,Medium,2026-07-06 17:46,Customer-10225,Picked
ORD02918,P00716,Premium Handbag (Blue),Accessories,7,High,2026-08-13 11:31,Customer-13764,Pending
ORD02919,P00800,Compact Wall Clock (White),Home,5,Low,2026-08-26 17:09,Customer-19770,Pending
ORD02920,P00313,Deluxe Marker Pack (Black),Stationery,6,High,2026-07-10 07:51,Customer-18213,Picked
ORD02921,P00142,Classic Curtain (Beige),Home,7,Low,2026-08-12 12:45,Customer-17482,Picked
ORD02922,P00105,Standard Travel Pouch (Green),Accessories,6,High,2026-08-09 10:49,Customer-17284,Picked
ORD02923,P00418,Lite Earbuds (Red),Electronics,8,Medium,2026-08-04 03:21,Customer-16867,Picking
ORD02924,P00701,Premium Flip Flops (Green),Footwear,2,Low,2026-08-10 08:21,Customer-14858,Picking
ORD02925,P00407,Mini Wallet (Grey),Accessories,2,Urgent,2026-07-07 04:41,Customer-16632,Cancelled
ORD02926,P00378,Compact Highlighter Set (Blue),Stationery,6,High,2026-08-23 11:45,Customer-15090,Pending
ORD02927,P00507,Pro Desk Organizer (Blue),Stationery,7,Low,2026-07-11 17:03,Customer-14928,Shipped
ORD02928,P00561,Deluxe Cap (Black),Accessories,6,Low,2026-07-15 22:07,Customer-14063,Picked
ORD02929,P00750,Pro Notebook (Silver),Stationery,3,Medium,2026-07-19 13:41,Customer-11438,Pending
ORD02930,P00126,Deluxe Candle Holder (Red),Home,1,High,2026-07-08 10:52,Customer-19120,Cancelled
ORD02931,P00208,Lite Boots (Silver),Footwear,5,Urgent,2026-07-11 16:04,Customer-14421,Pending
ORD02932,P00055,Premium Candle Holder (Black),Home,2,High,2026-07-08 17:19,Customer-10744,Pending
ORD02933,P00663,Mini Wallet (White),Accessories,5,Low,2026-08-11 06:22,Customer-14230,Cancelled
ORD02934,P00096,Plus Formal Shoes (Beige),Footwear,8,Low,2026-07-29 12:26,Customer-11580,Cancelled
ORD02935,P00281,Premium Boots (Grey),Footwear,4,Urgent,2026-07-12 18:48,Customer-13049,Pending
ORD02936,P00177,Compact Notebook (Red),Stationery,6,High,2026-07-24 10:37,Customer-14303,Shipped
ORD02937,P00768,Plus Webcam (Grey),Electronics,1,Low,2026-07-01 19:06,Customer-10707,Cancelled
ORD02938,P00185,Max Formal Shoes (Green),Footwear,6,Low,2026-08-11 23:49,Customer-14410,Picking
ORD02939,P00420,Premium Curtain (White),Home,3,Medium,2026-07-27 05:22,Customer-14497,Picking
ORD02940,P00694,Pro Watch Strap (Black),Accessories,8,Urgent,2026-07-29 04:18,Customer-12821,Shipped
ORD02941,P00640,Pro Boots (Black),Footwear,6,Medium,2026-07-10 20:05,Customer-16528,Shipped
ORD02942,P00447,Standard Keychain (Grey),Accessories,3,Urgent,2026-08-25 05:02,Customer-17926,Picking
ORD02943,P00586,Standard Flip Flops (Blue),Footwear,3,High,2026-08-11 18:56,Customer-13858,Pending
ORD02944,P00738,Plus Hiking Boots (Beige),Footwear,8,Urgent,2026-08-17 15:01,Customer-18335,Shipped
ORD02945,P00709,Premium Marker Pack (Beige),Stationery,4,Medium,2026-07-22 22:06,Customer-14532,Picked
ORD02946,P00237,Premium Door Mat (Red),Home,8,Medium,2026-08-22 23:46,Customer-10766,Cancelled
ORD02947,P00177,Compact Notebook (Red),Stationery,1,High,2026-08-21 20:15,Customer-18414,Picked
ORD02948,P00399,Deluxe Slippers (Grey),Footwear,1,High,2026-08-24 04:11,Customer-19127,Picked
ORD02949,P00286,Deluxe Cap (Beige),Accessories,3,Low,2026-07-01 04:12,Customer-18479,Picking
ORD02950,P00430,Mini Scissors (Black),Stationery,7,Medium,2026-07-13 00:05,Customer-14850,Pending
ORD02951,P00702,Premium Table Lamp (Silver),Home,8,Urgent,2026-07-27 16:46,Customer-14324,Picked
ORD02952,P00467,Mini Bed Sheet Set (White),Home,2,Medium,2026-07-30 16:44,Customer-13841,Shipped
ORD02953,P00649,Lite Table Lamp (Blue),Home,3,Low,2026-08-25 02:56,Customer-10293,Shipped
ORD02954,P00022,Lite Watch Strap (White),Accessories,3,High,2026-08-19 03:21,Customer-18479,Picking
ORD02955,P00012,Compact Table Lamp (Grey),Home,1,High,2026-07-02 11:33,Customer-19733,Shipped
ORD02956,P00550,Lite Wireless Mouse (White),Electronics,7,Low,2026-07-01 18:42,Customer-19048,Picking
ORD02957,P00641,Standard Keyboard (Beige),Electronics,7,Medium,2026-07-25 09:39,Customer-15136,Picking
ORD02958,P00005,Compact Marker Pack (Beige),Stationery,3,High,2026-08-25 11:43,Customer-12965,Picking
ORD02959,P00124,Mini Sneakers (Black),Footwear,2,Low,2026-07-12 15:08,Customer-10342,Picking
ORD02960,P00328,Deluxe Notebook (Green),Stationery,4,High,2026-08-18 20:03,Customer-12449,Picking
ORD02961,P00171,Lite Curtain (Green),Home,3,High,2026-08-15 01:05,Customer-14996,Picked
ORD02962,P00142,Classic Curtain (Beige),Home,2,Low,2026-07-25 09:17,Customer-10948,Cancelled
ORD02963,P00220,Premium Bed Sheet Set (Grey),Home,2,Medium,2026-08-20 15:01,Customer-18901,Cancelled
ORD02964,P00664,Premium Sports Shoes (Beige),Footwear,5,High,2026-08-24 03:30,Customer-12688,Picking
ORD02965,P00703,Lite Wallet (Black),Accessories,3,High,2026-07-18 10:27,Customer-18226,Picked
ORD02966,P00436,Lite Highlighter Set (Black),Stationery,2,Low,2026-08-05 23:18,Customer-11328,Pending
ORD02967,P00521,Premium Router (Blue),Electronics,7,High,2026-07-09 12:55,Customer-12403,Pending
ORD02968,P00246,Max File Folder (Beige),Stationery,4,Low,2026-08-28 13:01,Customer-15210,Picking
ORD02969,P00083,Deluxe Stapler (Black),Stationery,6,Medium,2026-07-24 15:53,Customer-14946,Picked
ORD02970,P00458,Premium Cap (Red),Accessories,3,Low,2026-07-12 22:40,Customer-10456,Pending
ORD02971,P00271,Plus Curtain (Grey),Home,8,Medium,2026-08-16 23:03,Customer-14165,Picking
ORD02972,P00180,Pro Water Bottle (Grey),Home,6,Low,2026-08-29 20:36,Customer-13287,Pending
ORD02973,P00224,Premium Watch Strap (Grey),Accessories,5,Medium,2026-08-14 17:57,Customer-10855,Cancelled
ORD02974,P00218,Max Headphones (Black),Electronics,5,High,2026-08-09 20:42,Customer-12376,Pending
ORD02975,P00770,Deluxe Smart Watch (Black),Electronics,7,Urgent,2026-07-05 18:03,Customer-19023,Picking
ORD02976,P00003,Classic File Folder (Black),Stationery,8,Low,2026-08-28 04:02,Customer-13984,Shipped
ORD02977,P00765,Plus Wireless Mouse (White),Electronics,7,Low,2026-08-30 10:57,Customer-15954,Cancelled
ORD02978,P00365,Max Sunglasses (White),Accessories,8,Low,2026-08-22 22:26,Customer-11533,Picked
ORD02979,P00480,Deluxe Hiking Boots (Green),Footwear,4,High,2026-07-22 07:59,Customer-15445,Picking
ORD02980,P00514,Mini Scissors (Beige),Stationery,8,Urgent,2026-07-20 06:50,Customer-13020,Picking
ORD02981,P00547,Compact Marker Pack (Black),Stationery,5,Urgent,2026-08-23 21:30,Customer-15349,Shipped
ORD02982,P00609,Premium HDMI Cable (Green),Electronics,8,Low,2026-07-27 08:18,Customer-11716,Cancelled
ORD02983,P00173,Deluxe Slippers (Beige),Footwear,2,High,2026-08-12 04:10,Customer-10719,Shipped
ORD02984,P00621,Max Router (Blue),Electronics,7,High,2026-08-27 12:35,Customer-14585,Cancelled
ORD02985,P00037,Mini Loafers (Black),Footwear,6,High,2026-08-22 06:51,Customer-12619,Picked
ORD02986,P00673,Pro Umbrella (Green),Accessories,8,Medium,2026-07-13 02:10,Customer-16990,Pending
ORD02987,P00461,Pro Slippers (Green),Footwear,8,High,2026-07-23 08:11,Customer-10890,Pending
ORD02988,P00488,Deluxe Loafers (Blue),Footwear,2,Urgent,2026-07-03 01:41,Customer-17310,Picked
ORD02989,P00654,Deluxe Keychain (Beige),Accessories,6,Low,2026-07-31 01:08,Customer-17449,Shipped
ORD02990,P00302,Mini Belt (Red),Accessories,4,Medium,2026-08-13 16:23,Customer-11833,Pending
ORD02991,P00429,Max Webcam (White),Electronics,5,Medium,2026-08-11 06:14,Customer-14266,Cancelled
ORD02992,P00621,Max Router (Blue),Electronics,1,Low,2026-08-16 05:56,Customer-12039,Shipped
ORD02993,P00500,Lite Wireless Mouse (Silver),Electronics,8,Urgent,2026-08-27 03:38,Customer-13850,Pending
ORD02994,P00170,Premium Calculator (Silver),Stationery,3,High,2026-07-27 01:34,Customer-10031,Pending
ORD02995,P00574,Premium Hiking Boots (White),Footwear,4,Medium,2026-07-20 12:22,Customer-11976,Cancelled
ORD02996,P00492,Max Umbrella (Blue),Accessories,6,Medium,2026-07-11 23:02,Customer-10299,Picking
ORD02997,P00632,Deluxe Backpack (Silver),Accessories,4,Urgent,2026-08-26 22:10,Customer-13765,Cancelled
ORD02998,P00011,Premium Charger (White),Electronics,6,Medium,2026-07-18 07:52,Customer-13371,Pending
ORD02999,P00256,Max Pen Set (Grey),Stationery,4,Urgent,2026-08-10 03:25,Customer-12474,Cancelled
ORD03000,P00379,Pro Laptop Stand (Green),Electronics,5,Urgent,2026-07-03 14:59,Customer-18865,Shipped
ORD03001,P00719,Mini Wallet (Green),Accessories,8,High,2026-08-03 05:18,Customer-12263,Picking
ORD03002,P00658,Deluxe Earbuds (Grey),Electronics,3,Low,2026-08-23 02:15,Customer-18604,Pending
ORD03003,P00637,Deluxe Sneakers (Grey),Footwear,3,High,2026-08-23 17:49,Customer-19421,Cancelled
ORD03004,P00406,Compact Pen Set (White),Stationery,2,Urgent,2026-07-20 04:12,Customer-16873,Picking
ORD03005,P00032,Compact Monitor (Grey),Electronics,7,Low,2026-07-26 03:52,Customer-19204,Shipped
ORD03006,P00202,Standard Keychain (Grey),Accessories,4,Urgent,2026-07-04 16:03,Customer-16348,Cancelled
ORD03007,P00070,Mini Calculator (Black),Stationery,5,Low,2026-08-22 00:18,Customer-17859,Pending
ORD03008,P00479,Deluxe Sticky Notes (Blue),Stationery,7,Low,2026-08-29 01:50,Customer-14200,Picked
ORD03009,P00281,Premium Boots (Grey),Footwear,2,Urgent,2026-08-23 09:27,Customer-18940,Picked
ORD03010,P00084,Pro Stapler (Blue),Stationery,2,Medium,2026-07-04 20:21,Customer-14304,Picking
ORD03011,P00451,Plus USB-C Cable (Green),Electronics,6,Medium,2026-07-16 22:55,Customer-17526,Picking
ORD03012,P00016,Premium Wall Clock (Green),Home,1,Low,2026-07-10 07:51,Customer-12221,Picked
ORD03013,P00516,Compact Calculator (Silver),Stationery,3,High,2026-07-28 10:28,Customer-10270,Picking
ORD03014,P00166,Compact Wallet (Green),Accessories,8,High,2026-08-28 07:31,Customer-17942,Picked
ORD03015,P00163,Deluxe Formal Shoes (Red),Footwear,6,High,2026-07-11 10:25,Customer-17981,Picking
ORD03016,P00248,Premium Storage Box (Black),Home,2,Medium,2026-07-07 06:49,Customer-13630,Picked
ORD03017,P00070,Mini Calculator (Black),Stationery,7,High,2026-08-05 03:26,Customer-18882,Picking
ORD03018,P00428,Classic Cap (Green),Accessories,8,Medium,2026-08-12 01:16,Customer-19547,Shipped
ORD03019,P00136,Lite Table Lamp (Red),Home,8,Low,2026-08-12 08:04,Customer-11795,Cancelled
ORD03020,P00522,Standard Desk Organizer (Blue),Stationery,7,Urgent,2026-07-26 00:59,Customer-15775,Picking
ORD03021,P00720,Standard Flip Flops (Beige),Footwear,7,Medium,2026-07-28 09:59,Customer-17214,Picked
ORD03022,P00778,Compact Desk Organizer (Red),Stationery,7,High,2026-07-06 13:05,Customer-14252,Cancelled
ORD03023,P00448,Standard Headphones (Green),Electronics,8,Urgent,2026-08-26 22:52,Customer-16997,Picked
ORD03024,P00775,Mini Photo Frame (Red),Home,3,High,2026-08-06 11:00,Customer-19255,Pending
ORD03025,P00782,Mini Handbag (Beige),Accessories,8,High,2026-08-15 06:48,Customer-16383,Pending
ORD03026,P00334,Max Keychain (Beige),Accessories,1,Urgent,2026-07-22 23:25,Customer-11399,Pending
ORD03027,P00024,Premium Candle Holder (Blue),Home,8,Low,2026-07-03 21:48,Customer-18854,Picking
ORD03028,P00120,Premium Door Mat (Red),Home,3,Low,2026-08-17 04:29,Customer-13331,Shipped
ORD03029,P00655,Lite Backpack (Silver),Accessories,2,Low,2026-07-23 18:26,Customer-10780,Picking
ORD03030,P00188,Deluxe Calculator (Grey),Stationery,6,Urgent,2026-07-17 22:15,Customer-18441,Pending
ORD03031,P00640,Pro Boots (Black),Footwear,4,High,2026-07-19 02:25,Customer-12636,Shipped
ORD03032,P00265,Premium Wall Clock (Grey),Home,5,Medium,2026-08-29 00:35,Customer-14343,Picked
ORD03033,P00744,Mini Power Bank (Blue),Electronics,5,Low,2026-07-26 19:31,Customer-12626,Shipped
ORD03034,P00532,Lite Boots (Red),Footwear,3,Medium,2026-08-14 23:47,Customer-14631,Shipped
ORD03035,P00694,Pro Watch Strap (Black),Accessories,2,Low,2026-08-11 20:15,Customer-15108,Pending
ORD03036,P00418,Lite Earbuds (Red),Electronics,7,Low,2026-08-05 16:11,Customer-19313,Cancelled
ORD03037,P00764,Compact Marker Pack (Silver),Stationery,3,Urgent,2026-07-24 17:50,Customer-16159,Pending
ORD03038,P00224,Premium Watch Strap (Grey),Accessories,7,High,2026-08-12 23:56,Customer-13130,Shipped
ORD03039,P00385,Lite File Folder (Grey),Stationery,3,Medium,2026-07-08 18:33,Customer-19913,Picking
ORD03040,P00031,Compact Stapler (Black),Stationery,8,Low,2026-08-19 13:42,Customer-19236,Pending
ORD03041,P00615,Deluxe Cushion (Red),Home,3,Urgent,2026-07-07 08:53,Customer-12886,Pending
ORD03042,P00166,Compact Wallet (Green),Accessories,4,Medium,2026-08-06 22:34,Customer-19099,Pending
ORD03043,P00375,Compact Desk Organizer (Beige),Stationery,8,Urgent,2026-08-09 12:48,Customer-10550,Picking
ORD03044,P00399,Deluxe Slippers (Grey),Footwear,3,Medium,2026-07-16 14:20,Customer-11673,Cancelled
ORD03045,P00205,Mini Sneakers (White),Footwear,6,Low,2026-07-18 11:25,Customer-12138,Cancelled
ORD03046,P00296,Plus Charger (Red),Electronics,4,Low,2026-07-27 10:50,Customer-13002,Cancelled
ORD03047,P00189,Max Tablet Stand (Grey),Electronics,5,Urgent,2026-08-15 12:22,Customer-11627,Picking
ORD03048,P00364,Max Calculator (Green),Stationery,1,Urgent,2026-07-13 01:46,Customer-14347,Picking
ORD03049,P00191,Compact Charger (Blue),Electronics,2,High,2026-07-05 05:43,Customer-18197,Pending
ORD03050,P00158,Deluxe Table Lamp (Red),Home,8,Low,2026-07-27 13:04,Customer-16863,Shipped
ORD03051,P00677,Plus Umbrella (Beige),Accessories,4,Urgent,2026-08-12 11:03,Customer-13157,Pending
ORD03052,P00502,Mini Keyboard (Grey),Electronics,5,Urgent,2026-07-16 10:15,Customer-19984,Picking
ORD03053,P00487,Premium Candle Holder (Silver),Home,2,High,2026-08-01 21:16,Customer-17976,Shipped
ORD03054,P00699,Pro Table Lamp (Blue),Home,5,Urgent,2026-08-18 16:48,Customer-14965,Pending
ORD03055,P00731,Lite Flip Flops (Blue),Footwear,7,Low,2026-08-24 04:48,Customer-19230,Cancelled
ORD03056,P00103,Max Monitor (Beige),Electronics,5,Medium,2026-08-20 15:56,Customer-11118,Cancelled
ORD03057,P00158,Deluxe Table Lamp (Red),Home,5,Low,2026-07-01 06:15,Customer-15738,Picking
ORD03058,P00526,Deluxe Bed Sheet Set (Silver),Home,2,Medium,2026-07-31 13:57,Customer-10642,Picked
ORD03059,P00413,Pro Webcam (Green),Electronics,5,Medium,2026-08-19 02:42,Customer-19534,Picking
ORD03060,P00711,Deluxe Wallet (White),Accessories,1,Urgent,2026-07-23 22:53,Customer-10770,Shipped
ORD03061,P00373,Classic Door Mat (Black),Home,8,Low,2026-07-16 21:24,Customer-12696,Picking
ORD03062,P00348,Compact Highlighter Set (Grey),Stationery,6,Urgent,2026-08-13 00:24,Customer-12109,Picking
ORD03063,P00345,Premium Curtain (Beige),Home,4,Urgent,2026-08-26 03:51,Customer-12564,Picking
ORD03064,P00487,Premium Candle Holder (Silver),Home,6,Medium,2026-07-16 08:37,Customer-14676,Cancelled
ORD03065,P00375,Compact Desk Organizer (Beige),Stationery,1,High,2026-07-29 15:47,Customer-10218,Shipped
ORD03066,P00591,Standard Earbuds (Black),Electronics,3,Medium,2026-07-29 20:55,Customer-14118,Shipped
ORD03067,P00481,Classic Notebook (White),Stationery,3,High,2026-08-10 01:52,Customer-16146,Shipped
ORD03068,P00683,Deluxe HDMI Cable (Red),Electronics,4,Urgent,2026-08-14 03:22,Customer-17271,Picked
ORD03069,P00083,Deluxe Stapler (Black),Stationery,4,Urgent,2026-08-07 01:21,Customer-16564,Shipped
ORD03070,P00186,Compact Charger (Blue),Electronics,8,Medium,2026-08-06 19:17,Customer-10213,Cancelled
ORD03071,P00712,Plus Sticky Notes (Green),Stationery,1,Low,2026-08-22 15:25,Customer-13418,Shipped
ORD03072,P00738,Plus Hiking Boots (Beige),Footwear,3,Urgent,2026-07-13 09:35,Customer-18184,Shipped
ORD03073,P00281,Premium Boots (Grey),Footwear,1,High,2026-08-18 11:56,Customer-16553,Pending
ORD03074,P00293,Plus Door Mat (Beige),Home,6,Medium,2026-08-27 17:54,Customer-14109,Pending
ORD03075,P00696,Standard Photo Frame (Silver),Home,2,Medium,2026-07-17 14:15,Customer-16264,Picked
ORD03076,P00020,Compact Wall Clock (Red),Home,6,Medium,2026-08-30 13:21,Customer-19181,Picked
ORD03077,P00073,Deluxe HDMI Cable (Red),Electronics,5,High,2026-08-28 04:21,Customer-12077,Cancelled
ORD03078,P00230,Max Water Bottle (Grey),Home,7,Urgent,2026-07-30 20:33,Customer-12191,Picking
ORD03079,P00608,Max Boots (Green),Footwear,6,Urgent,2026-07-22 07:24,Customer-11343,Shipped
ORD03080,P00792,Classic Cushion (Red),Home,7,High,2026-07-28 07:29,Customer-16807,Cancelled
ORD03081,P00249,Deluxe Flip Flops (Green),Footwear,1,Medium,2026-08-19 04:21,Customer-18829,Picked
ORD03082,P00402,Premium Highlighter Set (Grey),Stationery,8,Urgent,2026-07-04 00:40,Customer-14306,Picking
ORD03083,P00346,Compact Belt (White),Accessories,8,Medium,2026-07-10 13:10,Customer-19932,Picking
ORD03084,P00083,Deluxe Stapler (Black),Stationery,3,Low,2026-08-09 19:48,Customer-11072,Pending
ORD03085,P00555,Deluxe Cap (Red),Accessories,6,Low,2026-07-24 22:00,Customer-13292,Pending
ORD03086,P00774,Standard Router (Green),Electronics,8,Low,2026-07-23 20:12,Customer-11703,Picking
ORD03087,P00432,Mini Door Mat (Blue),Home,1,Low,2026-07-31 13:26,Customer-15900,Picked
ORD03088,P00518,Pro Handbag (Beige),Accessories,4,Low,2026-07-30 03:06,Customer-19673,Cancelled
ORD03089,P00683,Deluxe HDMI Cable (Red),Electronics,2,Low,2026-08-13 09:44,Customer-16869,Cancelled
ORD03090,P00651,Standard Scissors (Blue),Stationery,7,Medium,2026-07-04 22:15,Customer-11278,Pending
ORD03091,P00589,Premium Sneakers (Green),Footwear,8,Medium,2026-08-19 23:42,Customer-14960,Shipped
ORD03092,P00199,Pro USB-C Cable (Beige),Electronics,2,Low,2026-07-17 10:43,Customer-17415,Cancelled
ORD03093,P00784,Classic Table Lamp (White),Home,5,Medium,2026-07-30 09:28,Customer-17559,Picked
ORD03094,P00489,Plus Handbag (Beige),Accessories,1,Low,2026-08-12 01:34,Customer-10649,Cancelled
ORD03095,P00789,Lite Wallet (White),Accessories,6,Medium,2026-08-28 01:07,Customer-19045,Cancelled
ORD03096,P00686,Standard Tablet Stand (Silver),Electronics,5,Medium,2026-07-18 08:50,Customer-16786,Picked
ORD03097,P00771,Premium Sticky Notes (Green),Stationery,3,Low,2026-07-22 02:01,Customer-15982,Picked
ORD03098,P00085,Pro Wallet (Blue),Accessories,6,Low,2026-07-07 10:57,Customer-15961,Picking
ORD03099,P00485,Standard Cushion (Grey),Home,1,Urgent,2026-08-11 07:39,Customer-15640,Shipped
ORD03100,P00166,Compact Wallet (Green),Accessories,7,Urgent,2026-08-05 11:24,Customer-18844,Pending
ORD03101,P00377,Max Curtain (Green),Home,8,High,2026-07-12 10:46,Customer-10434,Pending
ORD03102,P00572,Mini Calculator (Blue),Stationery,5,Low,2026-07-30 15:34,Customer-13902,Pending
ORD03103,P00433,Premium Charger (Black),Electronics,7,Urgent,2026-07-26 06:23,Customer-16549,Shipped
ORD03104,P00650,Deluxe Marker Pack (Beige),Stationery,4,High,2026-07-29 03:09,Customer-13911,Shipped
ORD03105,P00343,Mini Bluetooth Speaker (Black),Electronics,4,High,2026-07-30 22:35,Customer-13684,Picking
ORD03106,P00670,Lite Sandals (Grey),Footwear,5,High,2026-07-09 02:12,Customer-12534,Picked
ORD03107,P00293,Plus Door Mat (Beige),Home,6,High,2026-08-16 12:46,Customer-18219,Picking
ORD03108,P00764,Compact Marker Pack (Silver),Stationery,7,Low,2026-07-01 17:26,Customer-17123,Picked
ORD03109,P00213,Deluxe Keychain (Grey),Accessories,8,Low,2026-07-24 13:06,Customer-11436,Pending
ORD03110,P00582,Standard Power Bank (Blue),Electronics,1,High,2026-07-02 22:27,Customer-18797,Pending
ORD03111,P00001,Lite Wireless Mouse (Red),Electronics,1,High,2026-07-04 13:44,Customer-12749,Shipped
ORD03112,P00409,Max HDMI Cable (Silver),Electronics,2,Low,2026-08-07 06:14,Customer-19186,Pending
ORD03113,P00521,Premium Router (Blue),Electronics,7,Medium,2026-08-16 13:14,Customer-15053,Cancelled
ORD03114,P00722,Premium Storage Box (Blue),Home,2,Low,2026-08-22 19:47,Customer-12353,Shipped
ORD03115,P00712,Plus Sticky Notes (Green),Stationery,7,Medium,2026-08-14 06:15,Customer-10057,Picking
ORD03116,P00750,Pro Notebook (Silver),Stationery,5,High,2026-08-25 10:11,Customer-15807,Pending
ORD03117,P00777,Lite Tablet Stand (Red),Electronics,3,High,2026-07-08 17:51,Customer-19402,Pending
ORD03118,P00371,Lite Wall Clock (Black),Home,6,High,2026-07-19 07:48,Customer-17479,Picked
ORD03119,P00600,Mini Desk Organizer (Beige),Stationery,8,Urgent,2026-07-15 05:22,Customer-19704,Shipped
ORD03120,P00405,Premium Backpack (Green),Accessories,2,Low,2026-08-05 21:31,Customer-12739,Picked
ORD03121,P00140,Compact Photo Frame (Silver),Home,4,High,2026-08-25 03:54,Customer-18692,Pending
ORD03122,P00113,Plus Table Lamp (Green),Home,1,Low,2026-08-30 21:28,Customer-10728,Pending
ORD03123,P00450,Classic Highlighter Set (Blue),Stationery,5,Medium,2026-08-11 22:59,Customer-16492,Pending
ORD03124,P00553,Plus Formal Shoes (Blue),Footwear,5,Low,2026-07-21 02:53,Customer-14347,Cancelled
ORD03125,P00120,Premium Door Mat (Red),Home,6,Urgent,2026-08-14 08:40,Customer-17467,Cancelled
ORD03126,P00778,Compact Desk Organizer (Red),Stationery,2,High,2026-07-19 09:43,Customer-13357,Picking
ORD03127,P00119,Standard Belt (Green),Accessories,4,Medium,2026-07-30 00:33,Customer-19806,Shipped
ORD03128,P00387,Plus Sticky Notes (Grey),Stationery,2,Low,2026-07-16 18:04,Customer-14697,Pending
ORD03129,P00654,Deluxe Keychain (Beige),Accessories,4,Low,2026-07-03 17:08,Customer-15708,Pending
ORD03130,P00306,Compact Sandals (Grey),Footwear,7,Medium,2026-07-10 16:32,Customer-19193,Shipped
ORD03131,P00712,Plus Sticky Notes (Green),Stationery,3,High,2026-08-04 23:57,Customer-19986,Shipped
ORD03132,P00691,Deluxe Travel Pouch (White),Accessories,3,Low,2026-07-18 12:54,Customer-18669,Shipped
ORD03133,P00033,Lite Wallet (Beige),Accessories,5,Low,2026-07-15 12:07,Customer-13529,Picked
ORD03134,P00376,Compact Curtain (Black),Home,1,Urgent,2026-08-02 09:15,Customer-12312,Pending
ORD03135,P00674,Premium Belt (Red),Accessories,2,Medium,2026-08-24 15:13,Customer-19700,Cancelled
ORD03136,P00357,Standard File Folder (Grey),Stationery,6,High,2026-07-12 18:12,Customer-15519,Cancelled
ORD03137,P00375,Compact Desk Organizer (Beige),Stationery,1,Urgent,2026-07-22 12:55,Customer-19377,Shipped
ORD03138,P00374,Pro Cap (White),Accessories,8,Urgent,2026-07-25 17:16,Customer-15517,Cancelled
ORD03139,P00297,Max Door Mat (Green),Home,6,Urgent,2026-07-24 07:39,Customer-14256,Picked
ORD03140,P00152,Plus Slippers (Green),Footwear,1,High,2026-07-07 09:36,Customer-10615,Picking
ORD03141,P00517,Premium Stapler (Black),Stationery,8,Urgent,2026-08-19 15:10,Customer-17406,Pending
ORD03142,P00253,Deluxe Handbag (Beige),Accessories,7,Urgent,2026-08-27 19:32,Customer-14719,Picking
ORD03143,P00069,Classic Backpack (Silver),Accessories,2,Urgent,2026-07-13 20:26,Customer-10555,Picked
ORD03144,P00418,Lite Earbuds (Red),Electronics,8,Low,2026-08-19 06:33,Customer-15794,Picking
ORD03145,P00083,Deluxe Stapler (Black),Stationery,1,Medium,2026-07-04 16:20,Customer-19031,Shipped
ORD03146,P00322,Max Door Mat (Beige),Home,3,Medium,2026-07-28 06:26,Customer-15425,Shipped
ORD03147,P00722,Premium Storage Box (Blue),Home,7,High,2026-08-17 01:52,Customer-12995,Picking
ORD03148,P00633,Classic Water Bottle (Beige),Home,6,Medium,2026-07-06 00:29,Customer-14640,Pending
ORD03149,P00472,Mini Desk Organizer (Blue),Stationery,1,Medium,2026-07-09 01:20,Customer-16271,Shipped
ORD03150,P00220,Premium Bed Sheet Set (Grey),Home,3,High,2026-08-24 15:56,Customer-16741,Cancelled
ORD03151,P00034,Classic Slippers (Grey),Footwear,1,Low,2026-08-12 09:10,Customer-14115,Cancelled
ORD03152,P00662,Premium Power Bank (Green),Electronics,3,High,2026-08-14 19:49,Customer-15479,Cancelled
ORD03153,P00797,Compact Travel Pouch (Grey),Accessories,6,Urgent,2026-07-18 02:29,Customer-17571,Picked
ORD03154,P00651,Standard Scissors (Blue),Stationery,1,Medium,2026-07-13 15:05,Customer-17612,Shipped
ORD03155,P00024,Premium Candle Holder (Blue),Home,5,High,2026-07-04 14:59,Customer-10119,Shipped
ORD03156,P00401,Max Umbrella (Green),Accessories,8,High,2026-07-12 19:27,Customer-12786,Picked
ORD03157,P00352,Premium Wireless Mouse (Beige),Electronics,3,Low,2026-07-20 09:54,Customer-15029,Picking
ORD03158,P00572,Mini Calculator (Blue),Stationery,3,Low,2026-07-22 07:40,Customer-12642,Picking
ORD03159,P00346,Compact Belt (White),Accessories,7,High,2026-07-06 07:32,Customer-14982,Cancelled
ORD03160,P00216,Deluxe Table Lamp (Black),Home,4,High,2026-08-11 10:58,Customer-13799,Pending
ORD03161,P00074,Classic Desk Organizer (White),Stationery,7,Medium,2026-07-24 16:07,Customer-16947,Shipped
ORD03162,P00373,Classic Door Mat (Black),Home,4,Urgent,2026-07-03 17:16,Customer-19866,Picked
ORD03163,P00758,Lite Sandals (Blue),Footwear,2,Medium,2026-07-27 20:44,Customer-12710,Pending
ORD03164,P00218,Max Headphones (Black),Electronics,8,Urgent,2026-08-23 05:33,Customer-10714,Pending
ORD03165,P00709,Premium Marker Pack (Beige),Stationery,5,Medium,2026-07-02 18:50,Customer-13545,Picking
ORD03166,P00037,Mini Loafers (Black),Footwear,1,Urgent,2026-08-03 02:13,Customer-19517,Cancelled
ORD03167,P00248,Premium Storage Box (Black),Home,1,Low,2026-07-24 03:14,Customer-10323,Pending
ORD03168,P00747,Premium Candle Holder (White),Home,8,Low,2026-08-18 03:39,Customer-18254,Picked
ORD03169,P00683,Deluxe HDMI Cable (Red),Electronics,7,Medium,2026-08-17 22:39,Customer-15363,Cancelled
ORD03170,P00687,Max Boots (Grey),Footwear,3,High,2026-07-28 14:18,Customer-15759,Picking
ORD03171,P00476,Pro Stapler (Grey),Stationery,7,Medium,2026-08-10 00:51,Customer-17660,Picked
ORD03172,P00376,Compact Curtain (Black),Home,5,Medium,2026-08-09 13:40,Customer-12319,Cancelled
ORD03173,P00180,Pro Water Bottle (Grey),Home,8,Medium,2026-08-14 23:43,Customer-10377,Pending
ORD03174,P00618,Plus Cap (Silver),Accessories,3,Medium,2026-07-20 03:09,Customer-12137,Shipped
ORD03175,P00452,Classic Curtain (Blue),Home,5,High,2026-07-29 09:52,Customer-13064,Picking
ORD03176,P00093,Compact Keychain (Blue),Accessories,7,Urgent,2026-08-08 15:02,Customer-15821,Picking
ORD03177,P00196,Pro Umbrella (White),Accessories,2,Medium,2026-08-16 08:22,Customer-19979,Cancelled
ORD03178,P00461,Pro Slippers (Green),Footwear,5,High,2026-07-07 21:24,Customer-10356,Picking
ORD03179,P00681,Max Curtain (Green),Home,8,Low,2026-07-29 22:56,Customer-17363,Cancelled
ORD03180,P00226,Lite Webcam (Green),Electronics,3,Medium,2026-07-11 22:35,Customer-10831,Picked
ORD03181,P00604,Premium Flip Flops (Red),Footwear,7,High,2026-07-23 08:02,Customer-16144,Picking
ORD03182,P00773,Pro Formal Shoes (Blue),Footwear,2,Low,2026-07-21 20:20,Customer-15536,Picked
ORD03183,P00209,Max Monitor (Grey),Electronics,8,High,2026-07-20 20:25,Customer-14875,Shipped
ORD03184,P00480,Deluxe Hiking Boots (Green),Footwear,7,High,2026-08-29 04:20,Customer-11022,Shipped
ORD03185,P00328,Deluxe Notebook (Green),Stationery,6,High,2026-08-18 19:35,Customer-17438,Shipped
ORD03186,P00365,Max Sunglasses (White),Accessories,7,Urgent,2026-07-28 07:24,Customer-15657,Cancelled
ORD03187,P00584,Standard Candle Holder (White),Home,4,Urgent,2026-08-14 12:57,Customer-14011,Shipped
ORD03188,P00772,Standard Sandals (Silver),Footwear,6,Urgent,2026-08-16 10:38,Customer-14396,Picked
ORD03189,P00653,Max Keyboard (White),Electronics,4,Low,2026-07-12 13:10,Customer-18718,Shipped
ORD03190,P00420,Premium Curtain (White),Home,1,Low,2026-07-11 10:02,Customer-15132,Pending
ORD03191,P00325,Mini Handbag (Silver),Accessories,2,Urgent,2026-08-06 00:42,Customer-15687,Picked
ORD03192,P00373,Classic Door Mat (Black),Home,1,Low,2026-07-09 19:37,Customer-14899,Cancelled
ORD03193,P00641,Standard Keyboard (Beige),Electronics,2,Low,2026-08-19 14:35,Customer-19925,Shipped
ORD03194,P00107,Classic Stapler (White),Stationery,6,Urgent,2026-07-08 20:43,Customer-11050,Shipped
ORD03195,P00074,Classic Desk Organizer (White),Stationery,8,High,2026-08-15 18:22,Customer-19710,Shipped
ORD03196,P00009,Pro Wallet (Beige),Accessories,3,Low,2026-07-08 04:59,Customer-18306,Picking
ORD03197,P00658,Deluxe Earbuds (Grey),Electronics,6,Low,2026-07-11 15:19,Customer-12763,Picked
ORD03198,P00191,Compact Charger (Blue),Electronics,7,Urgent,2026-07-06 11:38,Customer-16132,Pending
ORD03199,P00797,Compact Travel Pouch (Grey),Accessories,7,Low,2026-07-09 18:51,Customer-16839,Cancelled
ORD03200,P00011,Premium Charger (White),Electronics,5,High,2026-08-01 05:56,Customer-15467,Picking
ORD03201,P00416,Pro Notebook (Black),Stationery,3,Urgent,2026-08-20 05:16,Customer-19906,Picked
ORD03202,P00728,Premium Candle Holder (Silver),Home,2,Urgent,2026-08-10 17:35,Customer-12146,Picking
ORD03203,P00178,Standard USB-C Cable (Silver),Electronics,2,Urgent,2026-08-15 04:49,Customer-17763,Picking
ORD03204,P00130,Max Smart Watch (White),Electronics,8,Medium,2026-07-31 22:56,Customer-12295,Pending
ORD03205,P00186,Compact Charger (Blue),Electronics,1,High,2026-07-22 20:29,Customer-14903,Cancelled
ORD03206,P00628,Classic Flip Flops (Black),Footwear,1,Medium,2026-08-21 07:23,Customer-16712,Picked
ORD03207,P00210,Standard Marker Pack (White),Stationery,8,High,2026-07-08 10:20,Customer-11288,Pending
ORD03208,P00662,Premium Power Bank (Green),Electronics,5,Low,2026-08-29 12:46,Customer-13432,Pending
ORD03209,P00073,Deluxe HDMI Cable (Red),Electronics,7,Low,2026-08-17 18:55,Customer-10264,Pending
ORD03210,P00580,Plus Keyboard (White),Electronics,8,High,2026-08-18 21:52,Customer-15731,Pending
ORD03211,P00699,Pro Table Lamp (Blue),Home,5,Medium,2026-07-30 01:52,Customer-15924,Cancelled
ORD03212,P00195,Mini Photo Frame (Black),Home,2,High,2026-07-10 22:39,Customer-11558,Picking
ORD03213,P00368,Deluxe Door Mat (Silver),Home,8,Urgent,2026-07-27 14:32,Customer-19459,Cancelled
ORD03214,P00512,Premium Bed Sheet Set (Blue),Home,5,Urgent,2026-07-18 13:48,Customer-13866,Picked
ORD03215,P00667,Lite Water Bottle (Beige),Home,6,Medium,2026-07-02 22:40,Customer-10103,Shipped
ORD03216,P00422,Max Desk Organizer (Blue),Stationery,8,Urgent,2026-07-24 03:12,Customer-19118,Shipped
ORD03217,P00709,Premium Marker Pack (Beige),Stationery,5,High,2026-07-12 19:45,Customer-16701,Cancelled
ORD03218,P00707,Standard Cushion (Blue),Home,4,Urgent,2026-07-11 01:42,Customer-14842,Picked
ORD03219,P00240,Standard Power Bank (Green),Electronics,5,Urgent,2026-08-26 00:54,Customer-17676,Picking
ORD03220,P00800,Compact Wall Clock (White),Home,8,Medium,2026-07-03 01:14,Customer-15680,Cancelled
ORD03221,P00284,Standard Earbuds (Black),Electronics,5,Urgent,2026-07-30 23:16,Customer-12896,Picking
ORD03222,P00166,Compact Wallet (Green),Accessories,8,Low,2026-08-10 08:48,Customer-10094,Picking
ORD03223,P00099,Max Watch Strap (Grey),Accessories,1,Low,2026-08-20 10:14,Customer-17107,Shipped
ORD03224,P00130,Max Smart Watch (White),Electronics,3,Low,2026-07-31 13:27,Customer-19676,Picking
ORD03225,P00770,Deluxe Smart Watch (Black),Electronics,5,Medium,2026-07-26 19:48,Customer-15748,Pending
ORD03226,P00730,Classic Boots (Grey),Footwear,1,Low,2026-08-23 14:08,Customer-17209,Shipped
ORD03227,P00305,Classic Hiking Boots (Grey),Footwear,3,Urgent,2026-08-28 07:34,Customer-10127,Cancelled
ORD03228,P00197,Pro Door Mat (Black),Home,7,High,2026-07-02 08:30,Customer-14533,Picked
ORD03229,P00205,Mini Sneakers (White),Footwear,2,Urgent,2026-08-14 14:19,Customer-18500,Picked
ORD03230,P00172,Lite Formal Shoes (Silver),Footwear,8,Medium,2026-07-31 04:34,Customer-14416,Picking
ORD03231,P00235,Pro Laptop Stand (Blue),Electronics,4,Medium,2026-08-11 21:19,Customer-13452,Picked
ORD03232,P00580,Plus Keyboard (White),Electronics,3,Medium,2026-08-11 12:42,Customer-18545,Shipped
ORD03233,P00533,Premium Photo Frame (Green),Home,4,High,2026-08-26 07:32,Customer-12642,Picked
ORD03234,P00800,Compact Wall Clock (White),Home,6,Urgent,2026-07-21 03:06,Customer-13018,Picking
ORD03235,P00459,Premium Stapler (Red),Stationery,5,Low,2026-08-10 14:10,Customer-19488,Pending
ORD03236,P00198,Deluxe Sandals (Grey),Footwear,5,Low,2026-07-21 22:33,Customer-11813,Picking
ORD03237,P00489,Plus Handbag (Beige),Accessories,6,Low,2026-07-01 20:46,Customer-18045,Picked
ORD03238,P00144,Compact Candle Holder (Red),Home,3,Urgent,2026-07-15 19:19,Customer-12624,Pending
ORD03239,P00035,Compact Sticky Notes (White),Stationery,1,High,2026-07-28 19:07,Customer-13519,Picked
ORD03240,P00137,Plus Handbag (White),Accessories,4,High,2026-07-05 07:11,Customer-18929,Shipped
ORD03241,P00656,Plus Cushion (Beige),Home,5,Medium,2026-07-20 04:31,Customer-13443,Picked
ORD03242,P00034,Classic Slippers (Grey),Footwear,3,Urgent,2026-07-05 22:41,Customer-15142,Shipped
ORD03243,P00246,Max File Folder (Beige),Stationery,4,Low,2026-08-19 10:17,Customer-16186,Shipped
ORD03244,P00580,Plus Keyboard (White),Electronics,4,Low,2026-07-26 11:16,Customer-15551,Cancelled
ORD03245,P00385,Lite File Folder (Grey),Stationery,5,Urgent,2026-08-26 16:33,Customer-19924,Cancelled
ORD03246,P00492,Max Umbrella (Blue),Accessories,6,Urgent,2026-08-19 08:01,Customer-13602,Picked
ORD03247,P00301,Classic Hiking Boots (Black),Footwear,6,High,2026-07-29 16:33,Customer-12647,Cancelled
ORD03248,P00400,Compact Cushion (Red),Home,8,High,2026-08-15 07:53,Customer-18054,Picked
ORD03249,P00596,Lite Flip Flops (Red),Footwear,3,High,2026-07-29 08:43,Customer-11453,Cancelled
ORD03250,P00663,Mini Wallet (White),Accessories,7,Urgent,2026-08-19 11:34,Customer-16513,Shipped
ORD03251,P00410,Standard Backpack (Black),Accessories,4,Medium,2026-07-21 21:31,Customer-13027,Cancelled
ORD03252,P00036,Deluxe Travel Pouch (Red),Accessories,2,Urgent,2026-08-24 21:45,Customer-15556,Picked
ORD03253,P00750,Pro Notebook (Silver),Stationery,7,High,2026-07-11 05:33,Customer-14838,Cancelled
ORD03254,P00476,Pro Stapler (Grey),Stationery,1,Medium,2026-08-11 12:48,Customer-14245,Cancelled
ORD03255,P00117,Deluxe Storage Box (Grey),Home,5,Urgent,2026-07-07 10:21,Customer-17022,Picked
ORD03256,P00659,Pro Formal Shoes (Grey),Footwear,8,Low,2026-07-25 14:24,Customer-15789,Pending
ORD03257,P00186,Compact Charger (Blue),Electronics,8,Medium,2026-08-08 14:23,Customer-19783,Pending
ORD03258,P00470,Pro Loafers (Silver),Footwear,4,Medium,2026-08-02 10:42,Customer-11660,Picking
ORD03259,P00526,Deluxe Bed Sheet Set (Silver),Home,5,Medium,2026-07-23 14:21,Customer-16770,Picking
ORD03260,P00579,Max Charger (White),Electronics,4,Medium,2026-07-20 16:13,Customer-19840,Picked
ORD03261,P00433,Premium Charger (Black),Electronics,2,Medium,2026-07-31 02:27,Customer-18714,Picking
ORD03262,P00159,Plus Wall Clock (Blue),Home,1,Medium,2026-07-20 10:44,Customer-17978,Shipped
ORD03263,P00038,Premium Scissors (Black),Stationery,7,Low,2026-08-01 03:25,Customer-16689,Picked
ORD03264,P00687,Max Boots (Grey),Footwear,2,High,2026-08-09 09:20,Customer-14475,Cancelled
ORD03265,P00562,Max Handbag (Black),Accessories,4,Medium,2026-07-20 21:17,Customer-14231,Pending
ORD03266,P00320,Deluxe Bed Sheet Set (Beige),Home,8,Low,2026-08-04 18:15,Customer-19526,Picking
ORD03267,P00522,Standard Desk Organizer (Blue),Stationery,3,Medium,2026-08-23 10:30,Customer-12703,Cancelled
ORD03268,P00104,Pro Cap (Grey),Accessories,4,Low,2026-07-27 01:20,Customer-13493,Picked
ORD03269,P00655,Lite Backpack (Silver),Accessories,3,Urgent,2026-08-29 08:32,Customer-18507,Picking
ORD03270,P00087,Lite Belt (Silver),Accessories,7,Low,2026-07-08 07:20,Customer-17334,Picked
ORD03271,P00270,Pro Door Mat (Red),Home,7,Low,2026-08-10 18:42,Customer-13267,Picking
ORD03272,P00004,Max USB-C Cable (Black),Electronics,2,Urgent,2026-08-11 15:27,Customer-11591,Shipped
ORD03273,P00632,Deluxe Backpack (Silver),Accessories,5,Urgent,2026-07-24 01:14,Customer-18987,Picking
ORD03274,P00404,Deluxe Sneakers (Blue),Footwear,8,Urgent,2026-08-24 20:53,Customer-18263,Shipped
ORD03275,P00703,Lite Wallet (Black),Accessories,2,Medium,2026-07-06 04:14,Customer-13740,Cancelled
ORD03276,P00570,Pro Scissors (White),Stationery,5,Urgent,2026-08-12 01:54,Customer-15746,Picked
ORD03277,P00080,Max Smart Watch (Grey),Electronics,2,Medium,2026-08-22 13:55,Customer-19856,Cancelled
ORD03278,P00649,Lite Table Lamp (Blue),Home,2,Urgent,2026-07-29 23:30,Customer-17881,Picked
ORD03279,P00173,Deluxe Slippers (Beige),Footwear,2,Medium,2026-08-05 13:00,Customer-12146,Picking
ORD03280,P00455,Lite Photo Frame (Red),Home,1,Medium,2026-07-29 05:51,Customer-15863,Pending
ORD03281,P00172,Lite Formal Shoes (Silver),Footwear,6,High,2026-07-16 03:35,Customer-17539,Pending
ORD03282,P00574,Premium Hiking Boots (White),Footwear,1,High,2026-07-11 11:48,Customer-15663,Shipped
ORD03283,P00700,Plus Cap (Silver),Accessories,4,Urgent,2026-07-26 03:07,Customer-19118,Cancelled
ORD03284,P00120,Premium Door Mat (Red),Home,1,Medium,2026-07-04 08:54,Customer-19541,Picking
ORD03285,P00262,Mini Sticky Notes (Blue),Stationery,1,Urgent,2026-08-06 14:13,Customer-12469,Cancelled
ORD03286,P00642,Classic Highlighter Set (Black),Stationery,5,Low,2026-08-02 15:44,Customer-12927,Shipped
ORD03287,P00794,Deluxe Curtain (Black),Home,2,Medium,2026-07-21 18:00,Customer-10861,Cancelled
ORD03288,P00074,Classic Desk Organizer (White),Stationery,7,Low,2026-07-01 17:12,Customer-17247,Pending
ORD03289,P00275,Deluxe Sneakers (Grey),Footwear,6,Low,2026-07-12 18:27,Customer-19810,Pending
ORD03290,P00219,Classic Keychain (Blue),Accessories,5,Urgent,2026-07-30 07:51,Customer-16346,Picked
ORD03291,P00154,Classic Laptop Stand (Black),Electronics,3,High,2026-08-29 10:46,Customer-15896,Cancelled
ORD03292,P00513,Mini Calculator (Green),Stationery,8,Low,2026-07-26 11:27,Customer-11289,Cancelled
ORD03293,P00736,Lite Laptop Stand (Green),Electronics,5,Medium,2026-08-08 02:36,Customer-11242,Picking
ORD03294,P00083,Deluxe Stapler (Black),Stationery,4,Medium,2026-07-14 12:39,Customer-19330,Shipped
ORD03295,P00036,Deluxe Travel Pouch (Red),Accessories,4,Low,2026-08-01 20:57,Customer-10693,Shipped
ORD03296,P00150,Premium Storage Box (Blue),Home,3,High,2026-08-12 05:17,Customer-15473,Picking
ORD03297,P00401,Max Umbrella (Green),Accessories,4,Low,2026-07-25 14:37,Customer-11460,Pending
ORD03298,P00252,Pro Storage Box (Silver),Home,8,Urgent,2026-08-17 04:10,Customer-15248,Shipped
ORD03299,P00106,Lite Headphones (Blue),Electronics,3,Medium,2026-08-09 08:42,Customer-18150,Picked
ORD03300,P00310,Compact Sports Shoes (White),Footwear,8,Urgent,2026-08-15 20:30,Customer-10863,Cancelled
ORD03301,P00441,Lite Travel Pouch (White),Accessories,7,Urgent,2026-07-24 04:59,Customer-14373,Shipped
ORD03302,P00588,Standard Bed Sheet Set (Beige),Home,5,High,2026-08-25 12:18,Customer-18397,Picked
ORD03303,P00415,Premium Storage Box (Silver),Home,2,Low,2026-07-05 00:25,Customer-16925,Cancelled
ORD03304,P00347,Pro Watch Strap (Grey),Accessories,7,Low,2026-08-20 10:00,Customer-17200,Cancelled
ORD03305,P00618,Plus Cap (Silver),Accessories,4,High,2026-07-31 07:18,Customer-15028,Cancelled
ORD03306,P00462,Compact Wallet (Grey),Accessories,4,High,2026-07-31 14:11,Customer-10675,Picking
ORD03307,P00657,Deluxe Storage Box (Beige),Home,2,High,2026-08-05 13:35,Customer-12062,Shipped
ORD03308,P00750,Pro Notebook (Silver),Stationery,4,Low,2026-07-02 23:10,Customer-11829,Picked
ORD03309,P00739,Mini Hiking Boots (Red),Footwear,5,High,2026-08-09 21:39,Customer-13101,Shipped
ORD03310,P00548,Mini Sports Shoes (Black),Footwear,8,Urgent,2026-07-19 04:14,Customer-13581,Shipped
ORD03311,P00082,Mini Cap (Silver),Accessories,2,Low,2026-08-12 12:50,Customer-15274,Cancelled
ORD03312,P00558,Mini Bluetooth Speaker (Silver),Electronics,8,Medium,2026-07-02 22:37,Customer-16606,Pending
ORD03313,P00707,Standard Cushion (Blue),Home,1,Medium,2026-07-14 08:13,Customer-16779,Picked
ORD03314,P00310,Compact Sports Shoes (White),Footwear,7,Medium,2026-07-30 17:24,Customer-17112,Shipped
ORD03315,P00227,Standard Earbuds (Black),Electronics,4,Low,2026-08-05 02:04,Customer-13195,Cancelled
ORD03316,P00684,Mini Calculator (Black),Stationery,4,High,2026-07-11 07:37,Customer-12302,Picking
ORD03317,P00216,Deluxe Table Lamp (Black),Home,5,High,2026-07-06 06:57,Customer-11586,Pending
ORD03318,P00237,Premium Door Mat (Red),Home,3,Urgent,2026-08-14 18:58,Customer-14951,Cancelled
ORD03319,P00457,Compact File Folder (White),Stationery,4,Low,2026-08-21 05:29,Customer-10752,Pending
ORD03320,P00179,Premium Marker Pack (Silver),Stationery,4,Medium,2026-07-22 02:15,Customer-17329,Cancelled
ORD03321,P00763,Pro Slippers (Blue),Footwear,8,Low,2026-07-20 19:37,Customer-15685,Cancelled
ORD03322,P00008,Mini Cap (Red),Accessories,3,High,2026-07-08 08:31,Customer-19660,Cancelled
ORD03323,P00133,Mini Highlighter Set (Silver),Stationery,3,Urgent,2026-08-26 08:25,Customer-11112,Picking
ORD03324,P00215,Compact Wall Clock (Silver),Home,1,Medium,2026-08-10 09:48,Customer-15260,Shipped
ORD03325,P00274,Deluxe Belt (Green),Accessories,6,Urgent,2026-07-01 15:23,Customer-17741,Picked
ORD03326,P00617,Premium Watch Strap (Green),Accessories,2,Urgent,2026-08-28 02:50,Customer-13700,Cancelled
ORD03327,P00160,Pro Desk Organizer (Blue),Stationery,3,High,2026-08-19 00:29,Customer-16741,Cancelled
ORD03328,P00433,Premium Charger (Black),Electronics,4,High,2026-07-29 09:53,Customer-17088,Cancelled
ORD03329,P00230,Max Water Bottle (Grey),Home,4,Urgent,2026-07-08 23:15,Customer-10315,Picking
ORD03330,P00256,Max Pen Set (Grey),Stationery,4,High,2026-08-21 03:53,Customer-17105,Shipped
ORD03331,P00766,Premium Storage Box (White),Home,7,Urgent,2026-07-19 02:07,Customer-14901,Pending
ORD03332,P00291,Lite Wireless Mouse (Silver),Electronics,7,Urgent,2026-08-15 09:57,Customer-19925,Picked
ORD03333,P00374,Pro Cap (White),Accessories,2,Medium,2026-08-08 06:49,Customer-18780,Pending
ORD03334,P00518,Pro Handbag (Beige),Accessories,2,Urgent,2026-07-11 02:56,Customer-16520,Cancelled
ORD03335,P00617,Premium Watch Strap (Green),Accessories,3,High,2026-07-27 06:08,Customer-12689,Picking
ORD03336,P00066,Compact Watch Strap (Silver),Accessories,8,Medium,2026-08-26 11:20,Customer-18562,Cancelled
ORD03337,P00216,Deluxe Table Lamp (Black),Home,3,Urgent,2026-08-28 15:23,Customer-11052,Pending
ORD03338,P00697,Mini Calculator (Green),Stationery,2,Urgent,2026-08-20 22:20,Customer-17877,Picking
ORD03339,P00236,Compact Wall Clock (Grey),Home,3,Low,2026-07-14 11:08,Customer-14915,Shipped
ORD03340,P00532,Lite Boots (Red),Footwear,1,Urgent,2026-07-22 13:45,Customer-15062,Picked
ORD03341,P00127,Standard Door Mat (Red),Home,4,Medium,2026-07-01 12:51,Customer-14414,Picked
ORD03342,P00156,Max USB-C Cable (Black),Electronics,4,Low,2026-07-31 21:11,Customer-14777,Picking
ORD03343,P00274,Deluxe Belt (Green),Accessories,5,Urgent,2026-08-24 10:39,Customer-18125,Cancelled
ORD03344,P00340,Standard Marker Pack (Beige),Stationery,5,Low,2026-08-19 23:09,Customer-18182,Pending
ORD03345,P00160,Pro Desk Organizer (Blue),Stationery,3,High,2026-07-20 13:59,Customer-11336,Pending
ORD03346,P00618,Plus Cap (Silver),Accessories,6,Low,2026-07-06 23:38,Customer-11122,Cancelled
ORD03347,P00096,Plus Formal Shoes (Beige),Footwear,5,High,2026-07-01 23:09,Customer-19711,Shipped
ORD03348,P00788,Compact Monitor (Blue),Electronics,3,High,2026-08-22 14:53,Customer-15083,Pending
ORD03349,P00029,Standard Sandals (White),Footwear,3,Medium,2026-08-30 22:33,Customer-12364,Picked
ORD03350,P00048,Classic Marker Pack (White),Stationery,7,High,2026-07-30 07:28,Customer-11743,Pending
ORD03351,P00386,Plus Sticky Notes (White),Stationery,7,Medium,2026-07-15 08:25,Customer-14613,Pending
ORD03352,P00562,Max Handbag (Black),Accessories,8,Low,2026-08-12 15:33,Customer-18847,Cancelled
ORD03353,P00425,Plus Smart Watch (White),Electronics,8,Low,2026-07-08 22:56,Customer-18736,Shipped
ORD03354,P00719,Mini Wallet (Green),Accessories,7,High,2026-07-18 00:26,Customer-10325,Picked
ORD03355,P00175,Max Slippers (Green),Footwear,8,Medium,2026-08-23 09:41,Customer-18946,Pending
ORD03356,P00060,Compact Laptop Stand (White),Electronics,5,Urgent,2026-07-09 12:13,Customer-10769,Pending
ORD03357,P00540,Deluxe Formal Shoes (Red),Footwear,6,High,2026-07-14 15:46,Customer-13466,Pending
ORD03358,P00397,Mini Sandals (Blue),Footwear,2,Urgent,2026-08-01 08:37,Customer-17843,Shipped
ORD03359,P00571,Compact Tablet Stand (Red),Electronics,6,Urgent,2026-07-15 15:49,Customer-15242,Picking
ORD03360,P00518,Pro Handbag (Beige),Accessories,1,Urgent,2026-08-16 18:25,Customer-15078,Cancelled
ORD03361,P00427,Classic Door Mat (Beige),Home,6,Medium,2026-07-03 05:47,Customer-16863,Cancelled
ORD03362,P00025,Max Sunglasses (Grey),Accessories,1,Medium,2026-08-03 23:41,Customer-19615,Picked
ORD03363,P00674,Premium Belt (Red),Accessories,8,Urgent,2026-07-08 22:18,Customer-14247,Picking
ORD03364,P00051,Max Umbrella (Blue),Accessories,8,High,2026-07-26 17:49,Customer-10358,Cancelled
ORD03365,P00451,Plus USB-C Cable (Green),Electronics,8,Medium,2026-08-20 20:56,Customer-12078,Shipped
ORD03366,P00230,Max Water Bottle (Grey),Home,3,Medium,2026-07-15 15:50,Customer-14842,Pending
ORD03367,P00239,Compact Hiking Boots (Blue),Footwear,4,Medium,2026-07-22 00:01,Customer-19043,Pending
ORD03368,P00180,Pro Water Bottle (Grey),Home,1,High,2026-07-07 17:26,Customer-17869,Shipped
ORD03369,P00016,Premium Wall Clock (Green),Home,3,High,2026-07-03 13:22,Customer-13514,Picked
ORD03370,P00556,Standard Hiking Boots (Beige),Footwear,4,Medium,2026-07-13 16:30,Customer-10384,Shipped
ORD03371,P00179,Premium Marker Pack (Silver),Stationery,5,Urgent,2026-08-12 15:20,Customer-16062,Shipped
ORD03372,P00055,Premium Candle Holder (Black),Home,4,High,2026-08-16 05:52,Customer-18315,Shipped
ORD03373,P00037,Mini Loafers (Black),Footwear,2,Low,2026-07-25 00:25,Customer-11637,Picked
ORD03374,P00231,Lite Sticky Notes (Silver),Stationery,5,High,2026-08-01 02:26,Customer-14987,Cancelled
ORD03375,P00115,Standard Photo Frame (Grey),Home,3,Medium,2026-08-28 23:14,Customer-15668,Picked
ORD03376,P00464,Pro Marker Pack (Red),Stationery,7,Medium,2026-07-27 01:32,Customer-13811,Picking
ORD03377,P00237,Premium Door Mat (Red),Home,5,Urgent,2026-07-06 03:19,Customer-13555,Pending
ORD03378,P00683,Deluxe HDMI Cable (Red),Electronics,6,Urgent,2026-08-30 12:51,Customer-18206,Pending
ORD03379,P00369,Plus Desk Organizer (Green),Stationery,6,High,2026-08-30 07:33,Customer-15622,Pending
ORD03380,P00441,Lite Travel Pouch (White),Accessories,3,Medium,2026-07-12 10:00,Customer-18771,Pending
ORD03381,P00752,Max Sports Shoes (Silver),Footwear,5,Urgent,2026-08-24 07:09,Customer-19329,Picked
ORD03382,P00793,Standard HDMI Cable (White),Electronics,8,High,2026-07-22 20:44,Customer-13902,Picking
ORD03383,P00069,Classic Backpack (Silver),Accessories,4,Low,2026-07-17 00:50,Customer-15781,Picked
ORD03384,P00413,Pro Webcam (Green),Electronics,6,Urgent,2026-08-20 04:34,Customer-12561,Picking
ORD03385,P00010,Plus Webcam (Grey),Electronics,1,Medium,2026-08-28 02:47,Customer-13112,Cancelled
ORD03386,P00724,Plus Sandals (Silver),Footwear,8,High,2026-07-28 01:02,Customer-17371,Cancelled
ORD03387,P00379,Pro Laptop Stand (Green),Electronics,4,High,2026-07-06 22:41,Customer-14587,Shipped
ORD03388,P00334,Max Keychain (Beige),Accessories,4,Medium,2026-07-07 22:03,Customer-19734,Pending
ORD03389,P00262,Mini Sticky Notes (Blue),Stationery,2,High,2026-08-09 13:45,Customer-10730,Pending
ORD03390,P00748,Compact Keyboard (Grey),Electronics,1,Low,2026-07-25 03:41,Customer-19660,Cancelled
ORD03391,P00232,Classic Table Lamp (Red),Home,1,Urgent,2026-07-25 23:45,Customer-17368,Shipped
ORD03392,P00078,Pro Photo Frame (Black),Home,7,Urgent,2026-08-29 08:22,Customer-11638,Pending
ORD03393,P00576,Standard Flip Flops (Silver),Footwear,2,Low,2026-07-21 01:30,Customer-13958,Picked
ORD03394,P00622,Compact Power Bank (Beige),Electronics,7,High,2026-08-21 09:59,Customer-12868,Pending
ORD03395,P00377,Max Curtain (Green),Home,4,High,2026-08-02 17:07,Customer-17605,Picked
ORD03396,P00207,Lite Highlighter Set (Black),Stationery,8,Medium,2026-07-10 06:14,Customer-12150,Cancelled
ORD03397,P00385,Lite File Folder (Grey),Stationery,3,High,2026-07-10 02:33,Customer-14184,Pending
ORD03398,P00657,Deluxe Storage Box (Beige),Home,1,High,2026-07-05 06:47,Customer-15124,Cancelled
ORD03399,P00203,Classic Desk Organizer (White),Stationery,6,Urgent,2026-08-14 23:11,Customer-18733,Picking
ORD03400,P00352,Premium Wireless Mouse (Beige),Electronics,1,High,2026-07-04 11:40,Customer-12381,Cancelled
ORD03401,P00485,Standard Cushion (Grey),Home,1,Low,2026-07-25 08:04,Customer-16094,Shipped
ORD03402,P00721,Deluxe Sticky Notes (Beige),Stationery,5,High,2026-08-17 00:58,Customer-13750,Picked
ORD03403,P00084,Pro Stapler (Blue),Stationery,1,High,2026-08-27 04:29,Customer-17107,Picked
ORD03404,P00186,Compact Charger (Blue),Electronics,5,High,2026-07-11 01:29,Customer-18724,Cancelled
ORD03405,P00305,Classic Hiking Boots (Grey),Footwear,7,High,2026-07-07 14:42,Customer-14561,Picked
ORD03406,P00503,Plus Watch Strap (Black),Accessories,3,Low,2026-08-12 15:07,Customer-16816,Cancelled
ORD03407,P00762,Pro Charger (Black),Electronics,3,Urgent,2026-07-19 02:08,Customer-15667,Picked
ORD03408,P00083,Deluxe Stapler (Black),Stationery,8,Urgent,2026-08-03 09:21,Customer-14112,Picked
ORD03409,P00734,Premium Notebook (Red),Stationery,4,Urgent,2026-07-18 04:18,Customer-14742,Picking
ORD03410,P00257,Standard Formal Shoes (White),Footwear,5,Urgent,2026-08-26 18:03,Customer-15925,Cancelled
ORD03411,P00576,Standard Flip Flops (Silver),Footwear,3,Low,2026-08-16 13:25,Customer-18462,Shipped
ORD03412,P00300,Premium Tablet Stand (White),Electronics,4,High,2026-07-27 11:57,Customer-18068,Picking
ORD03413,P00115,Standard Photo Frame (Grey),Home,1,High,2026-07-24 22:52,Customer-19983,Pending
ORD03414,P00233,Compact Boots (Black),Footwear,1,Urgent,2026-07-02 19:56,Customer-10121,Picking
ORD03415,P00622,Compact Power Bank (Beige),Electronics,2,Urgent,2026-07-09 06:22,Customer-14909,Pending
ORD03416,P00504,Deluxe Water Bottle (Red),Home,6,Low,2026-08-01 08:12,Customer-18807,Shipped
ORD03417,P00173,Deluxe Slippers (Beige),Footwear,7,High,2026-07-07 12:58,Customer-14134,Cancelled
ORD03418,P00313,Deluxe Marker Pack (Black),Stationery,4,Urgent,2026-07-27 05:00,Customer-15465,Picking
ORD03419,P00309,Lite Bluetooth Speaker (Black),Electronics,8,Medium,2026-07-24 17:38,Customer-15808,Pending
ORD03420,P00528,Premium Scissors (Beige),Stationery,4,High,2026-07-14 10:55,Customer-18654,Cancelled
ORD03421,P00572,Mini Calculator (Blue),Stationery,7,Urgent,2026-07-09 20:55,Customer-13817,Shipped
ORD03422,P00669,Mini Calculator (Beige),Stationery,6,Urgent,2026-07-08 18:13,Customer-18037,Picking
ORD03423,P00147,Premium Storage Box (Blue),Home,2,Medium,2026-08-14 02:31,Customer-16239,Picking
ORD03424,P00358,Classic Keyboard (Green),Electronics,5,High,2026-08-01 05:47,Customer-18749,Picked
ORD03425,P00446,Premium Photo Frame (Black),Home,7,High,2026-08-17 07:26,Customer-18896,Shipped
ORD03426,P00182,Premium Scissors (Green),Stationery,4,High,2026-07-05 18:50,Customer-13267,Cancelled
ORD03427,P00229,Plus Flip Flops (Silver),Footwear,3,Low,2026-07-15 02:24,Customer-10992,Picked
ORD03428,P00625,Plus Bed Sheet Set (Grey),Home,4,High,2026-07-24 19:26,Customer-17813,Picked
ORD03429,P00030,Deluxe Candle Holder (Silver),Home,7,Medium,2026-07-15 13:28,Customer-15617,Cancelled
ORD03430,P00332,Max Slippers (White),Footwear,3,Medium,2026-08-26 04:02,Customer-16008,Cancelled
ORD03431,P00052,Premium Desk Organizer (Red),Stationery,4,High,2026-07-16 01:32,Customer-11977,Pending
ORD03432,P00520,Deluxe Keychain (Red),Accessories,6,Medium,2026-07-10 01:11,Customer-18787,Pending
ORD03433,P00334,Max Keychain (Beige),Accessories,5,High,2026-07-09 10:58,Customer-18457,Cancelled
ORD03434,P00728,Premium Candle Holder (Silver),Home,8,High,2026-07-17 00:05,Customer-17996,Picked
ORD03435,P00593,Premium Notebook (Black),Stationery,5,Medium,2026-07-05 04:46,Customer-18148,Pending
ORD03436,P00547,Compact Marker Pack (Black),Stationery,2,High,2026-08-28 09:03,Customer-12363,Picked
ORD03437,P00778,Compact Desk Organizer (Red),Stationery,7,High,2026-07-04 11:25,Customer-11174,Picked
ORD03438,P00419,Classic Wallet (Red),Accessories,4,High,2026-07-09 15:23,Customer-15752,Picked
ORD03439,P00449,Classic Sticky Notes (Blue),Stationery,4,Low,2026-07-18 05:10,Customer-10963,Picking
ORD03440,P00787,Standard File Folder (Beige),Stationery,6,Medium,2026-07-30 06:34,Customer-16401,Picking
ORD03441,P00298,Plus Monitor (Green),Electronics,2,Medium,2026-08-27 09:02,Customer-11877,Picked
ORD03442,P00475,Max Loafers (Green),Footwear,2,Urgent,2026-08-11 08:40,Customer-17374,Picked
ORD03443,P00579,Max Charger (White),Electronics,3,High,2026-07-13 06:56,Customer-17025,Shipped
ORD03444,P00370,Pro Slippers (Silver),Footwear,6,Urgent,2026-07-13 10:27,Customer-14243,Pending
ORD03445,P00608,Max Boots (Green),Footwear,3,Low,2026-07-01 00:13,Customer-14556,Picked
ORD03446,P00674,Premium Belt (Red),Accessories,5,Medium,2026-08-11 04:45,Customer-16741,Picked
ORD03447,P00596,Lite Flip Flops (Red),Footwear,3,Medium,2026-08-29 04:53,Customer-10291,Shipped
ORD03448,P00440,Premium Sunglasses (Silver),Accessories,4,Low,2026-07-18 07:44,Customer-13777,Shipped
ORD03449,P00296,Plus Charger (Red),Electronics,6,High,2026-07-19 07:31,Customer-18117,Pending
ORD03450,P00186,Compact Charger (Blue),Electronics,5,Low,2026-07-09 22:17,Customer-13997,Pending
ORD03451,P00512,Premium Bed Sheet Set (Blue),Home,1,Medium,2026-07-06 11:10,Customer-18690,Picking
ORD03452,P00022,Lite Watch Strap (White),Accessories,3,Low,2026-07-24 10:07,Customer-13554,Picking
ORD03453,P00246,Max File Folder (Beige),Stationery,1,High,2026-07-07 00:42,Customer-16612,Picked
ORD03454,P00705,Compact Sneakers (Blue),Footwear,8,Medium,2026-07-30 02:36,Customer-17816,Picked
ORD03455,P00700,Plus Cap (Silver),Accessories,4,Low,2026-07-27 12:15,Customer-16446,Shipped
ORD03456,P00234,Pro File Folder (Red),Stationery,3,Urgent,2026-07-30 15:35,Customer-16554,Pending
ORD03457,P00533,Premium Photo Frame (Green),Home,5,Urgent,2026-07-23 11:55,Customer-12735,Cancelled
ORD03458,P00607,Mini Calculator (Beige),Stationery,5,Urgent,2026-08-11 12:21,Customer-13470,Cancelled
ORD03459,P00209,Max Monitor (Grey),Electronics,7,Medium,2026-07-25 06:13,Customer-17789,Cancelled
ORD03460,P00202,Standard Keychain (Grey),Accessories,4,Medium,2026-08-03 02:49,Customer-16382,Picking
ORD03461,P00108,Plus File Folder (Green),Stationery,5,High,2026-07-30 13:13,Customer-16828,Picking
ORD03462,P00424,Standard Hiking Boots (Blue),Footwear,2,High,2026-08-11 09:00,Customer-16709,Shipped
ORD03463,P00063,Premium Door Mat (Red),Home,4,Low,2026-07-09 04:12,Customer-11070,Cancelled
ORD03464,P00095,Plus Backpack (Red),Accessories,7,Low,2026-08-07 12:51,Customer-13584,Picking
ORD03465,P00146,Standard Water Bottle (Green),Home,8,Low,2026-07-11 22:53,Customer-15713,Cancelled
ORD03466,P00284,Standard Earbuds (Black),Electronics,5,Medium,2026-07-07 02:22,Customer-17971,Shipped
ORD03467,P00755,Classic Backpack (White),Accessories,1,Medium,2026-07-17 05:29,Customer-15597,Picking
ORD03468,P00230,Max Water Bottle (Grey),Home,7,Low,2026-08-10 06:29,Customer-19800,Pending
ORD03469,P00713,Pro Slippers (Grey),Footwear,3,Low,2026-08-09 14:41,Customer-16533,Picking
ORD03470,P00280,Compact Scissors (Grey),Stationery,7,Urgent,2026-07-23 06:31,Customer-16568,Picking
ORD03471,P00040,Max Running Shoes (White),Footwear,8,High,2026-07-04 12:21,Customer-13404,Picking
ORD03472,P00655,Lite Backpack (Silver),Accessories,2,Low,2026-08-20 13:38,Customer-18193,Shipped
ORD03473,P00773,Pro Formal Shoes (Blue),Footwear,6,Low,2026-07-19 14:51,Customer-13620,Cancelled
ORD03474,P00190,Mini Loafers (Grey),Footwear,2,Low,2026-07-07 18:12,Customer-19078,Pending
ORD03475,P00760,Mini Webcam (Black),Electronics,3,Low,2026-08-04 22:56,Customer-19397,Cancelled
ORD03476,P00489,Plus Handbag (Beige),Accessories,4,Medium,2026-08-09 20:21,Customer-11919,Pending
ORD03477,P00362,Plus Wall Clock (Red),Home,8,High,2026-08-28 00:31,Customer-14896,Picked
ORD03478,P00800,Compact Wall Clock (White),Home,6,Urgent,2026-08-07 11:51,Customer-10603,Cancelled
ORD03479,P00302,Mini Belt (Red),Accessories,5,Low,2026-08-10 19:26,Customer-19705,Picking
ORD03480,P00600,Mini Desk Organizer (Beige),Stationery,7,Urgent,2026-07-22 07:22,Customer-16356,Shipped
ORD03481,P00158,Deluxe Table Lamp (Red),Home,1,Low,2026-08-25 11:34,Customer-19395,Picking
ORD03482,P00584,Standard Candle Holder (White),Home,7,High,2026-08-05 20:00,Customer-16993,Shipped
ORD03483,P00464,Pro Marker Pack (Red),Stationery,4,Low,2026-08-08 22:16,Customer-16319,Picking
ORD03484,P00382,Lite Handbag (Beige),Accessories,8,High,2026-07-12 15:48,Customer-16603,Pending
ORD03485,P00019,Mini Marker Pack (Silver),Stationery,6,Medium,2026-08-11 05:12,Customer-10183,Picked
ORD03486,P00010,Plus Webcam (Grey),Electronics,5,Urgent,2026-08-29 06:25,Customer-13207,Cancelled
ORD03487,P00237,Premium Door Mat (Red),Home,1,Urgent,2026-08-15 13:22,Customer-11086,Shipped
ORD03488,P00325,Mini Handbag (Silver),Accessories,3,Urgent,2026-07-14 13:54,Customer-17686,Cancelled
ORD03489,P00013,Deluxe Scissors (Red),Stationery,8,Low,2026-08-15 06:19,Customer-12025,Cancelled
ORD03490,P00179,Premium Marker Pack (Silver),Stationery,7,Urgent,2026-08-04 00:18,Customer-16786,Shipped
ORD03491,P00268,Lite Keychain (Beige),Accessories,3,Urgent,2026-07-04 15:40,Customer-12148,Cancelled
ORD03492,P00027,Mini Belt (Silver),Accessories,3,High,2026-07-14 04:12,Customer-14929,Picked
ORD03493,P00398,Standard Water Bottle (Green),Home,2,Low,2026-08-09 10:10,Customer-15337,Pending
ORD03494,P00485,Standard Cushion (Grey),Home,7,Low,2026-08-02 17:07,Customer-16704,Picking
ORD03495,P00414,Classic Sandals (Grey),Footwear,8,Urgent,2026-08-02 07:12,Customer-14894,Picking
ORD03496,P00558,Mini Bluetooth Speaker (Silver),Electronics,4,High,2026-08-18 05:38,Customer-19353,Picking
ORD03497,P00203,Classic Desk Organizer (White),Stationery,5,Urgent,2026-08-17 12:25,Customer-19468,Pending
ORD03498,P00192,Classic Backpack (Grey),Accessories,2,Low,2026-08-05 23:43,Customer-16639,Picked
ORD03499,P00590,Max Boots (White),Footwear,6,Low,2026-08-20 18:33,Customer-17281,Picked
ORD03500,P00172,Lite Formal Shoes (Silver),Footwear,4,Medium,2026-08-10 10:27,Customer-19304,Cancelled
ORD03501,P00269,Lite Umbrella (Red),Accessories,8,Urgent,2026-07-06 00:45,Customer-15274,Picked
ORD03502,P00480,Deluxe Hiking Boots (Green),Footwear,1,High,2026-07-15 01:11,Customer-17099,Picked
ORD03503,P00398,Standard Water Bottle (Green),Home,3,Low,2026-07-30 19:10,Customer-17525,Cancelled
ORD03504,P00258,Mini Laptop Stand (Grey),Electronics,2,Urgent,2026-08-12 21:37,Customer-17035,Shipped
ORD03505,P00554,Mini Wall Clock (Black),Home,8,High,2026-07-04 23:04,Customer-11875,Pending
ORD03506,P00030,Deluxe Candle Holder (Silver),Home,8,Low,2026-07-08 04:59,Customer-17698,Shipped
ORD03507,P00393,Max Cushion (Blue),Home,1,Urgent,2026-08-30 20:28,Customer-12931,Picking
ORD03508,P00015,Max Tablet Stand (White),Electronics,4,Low,2026-07-03 06:22,Customer-15045,Picking
ORD03509,P00223,Pro Handbag (Blue),Accessories,3,High,2026-08-16 13:39,Customer-14067,Picked
ORD03510,P00328,Deluxe Notebook (Green),Stationery,3,Urgent,2026-07-17 10:41,Customer-19870,Picked
ORD03511,P00104,Pro Cap (Grey),Accessories,5,Medium,2026-07-16 00:52,Customer-16576,Picking
ORD03512,P00649,Lite Table Lamp (Blue),Home,2,High,2026-08-26 22:52,Customer-10379,Picking
ORD03513,P00370,Pro Slippers (Silver),Footwear,1,Medium,2026-07-24 11:13,Customer-11735,Pending
ORD03514,P00194,Premium Stapler (Silver),Stationery,7,Medium,2026-08-21 19:24,Customer-14275,Picked
ORD03515,P00164,Lite Charger (White),Electronics,6,Urgent,2026-07-30 23:27,Customer-17285,Shipped
ORD03516,P00328,Deluxe Notebook (Green),Stationery,4,Low,2026-08-07 20:09,Customer-14967,Cancelled
ORD03517,P00332,Max Slippers (White),Footwear,3,Low,2026-07-03 09:03,Customer-12416,Cancelled
ORD03518,P00631,Max Running Shoes (Silver),Footwear,6,Low,2026-08-13 21:06,Customer-12500,Pending
ORD03519,P00747,Premium Candle Holder (White),Home,4,Urgent,2026-08-30 09:38,Customer-14698,Picking
ORD03520,P00011,Premium Charger (White),Electronics,2,Medium,2026-08-06 21:28,Customer-13872,Picking
ORD03521,P00523,Deluxe Running Shoes (White),Footwear,6,Medium,2026-08-15 13:08,Customer-17418,Pending
ORD03522,P00615,Deluxe Cushion (Red),Home,1,Low,2026-08-29 23:29,Customer-19792,Cancelled
ORD03523,P00747,Premium Candle Holder (White),Home,2,High,2026-08-19 19:18,Customer-13654,Shipped
ORD03524,P00074,Classic Desk Organizer (White),Stationery,5,Medium,2026-07-06 10:47,Customer-19478,Pending
ORD03525,P00507,Pro Desk Organizer (Blue),Stationery,2,High,2026-07-09 18:04,Customer-16917,Picked
ORD03526,P00435,Lite Webcam (Beige),Electronics,1,Low,2026-08-19 04:34,Customer-18724,Cancelled
ORD03527,P00479,Deluxe Sticky Notes (Blue),Stationery,6,Urgent,2026-08-16 20:28,Customer-13102,Cancelled
ORD03528,P00103,Max Monitor (Beige),Electronics,8,Low,2026-07-13 22:43,Customer-10609,Picked
ORD03529,P00196,Pro Umbrella (White),Accessories,8,Medium,2026-08-19 06:39,Customer-11242,Cancelled
ORD03530,P00712,Plus Sticky Notes (Green),Stationery,6,High,2026-08-26 18:05,Customer-14123,Picking
ORD03531,P00592,Pro Sneakers (White),Footwear,1,High,2026-08-11 02:22,Customer-19312,Shipped
ORD03532,P00750,Pro Notebook (Silver),Stationery,4,High,2026-08-14 22:19,Customer-18418,Pending
ORD03533,P00032,Compact Monitor (Grey),Electronics,2,Medium,2026-07-24 00:13,Customer-13173,Picking
ORD03534,P00669,Mini Calculator (Beige),Stationery,5,Medium,2026-08-08 00:47,Customer-12018,Pending
ORD03535,P00271,Plus Curtain (Grey),Home,4,High,2026-07-13 03:12,Customer-10229,Pending
ORD03536,P00714,Plus Bed Sheet Set (Beige),Home,7,Medium,2026-08-20 04:58,Customer-18952,Shipped
ORD03537,P00179,Premium Marker Pack (Silver),Stationery,4,Medium,2026-07-18 07:00,Customer-19204,Shipped
ORD03538,P00537,Plus Wallet (Silver),Accessories,4,Medium,2026-07-07 02:17,Customer-12739,Pending
ORD03539,P00066,Compact Watch Strap (Silver),Accessories,8,Medium,2026-07-26 21:59,Customer-16500,Shipped
ORD03540,P00323,Standard Umbrella (Beige),Accessories,4,High,2026-08-14 06:25,Customer-15188,Pending
ORD03541,P00726,Max Storage Box (Beige),Home,5,Urgent,2026-08-27 04:02,Customer-15461,Shipped
ORD03542,P00072,Max Pen Set (Beige),Stationery,4,Urgent,2026-08-11 13:00,Customer-12908,Picked
ORD03543,P00232,Classic Table Lamp (Red),Home,2,Low,2026-07-14 14:53,Customer-19378,Picking
ORD03544,P00259,Plus Wireless Mouse (Black),Electronics,7,Urgent,2026-08-13 02:49,Customer-17576,Picked
ORD03545,P00050,Compact Wallet (Red),Accessories,6,High,2026-07-21 19:00,Customer-10613,Pending
ORD03546,P00788,Compact Monitor (Blue),Electronics,7,Medium,2026-07-31 05:38,Customer-12028,Shipped
ORD03547,P00160,Pro Desk Organizer (Blue),Stationery,4,Medium,2026-08-14 13:03,Customer-10913,Shipped
ORD03548,P00579,Max Charger (White),Electronics,6,Medium,2026-08-14 15:16,Customer-11915,Picking
ORD03549,P00793,Standard HDMI Cable (White),Electronics,7,High,2026-07-17 13:42,Customer-10091,Pending
ORD03550,P00328,Deluxe Notebook (Green),Stationery,3,High,2026-07-05 23:44,Customer-18263,Picking
ORD03551,P00046,Max USB-C Cable (White),Electronics,3,High,2026-08-23 17:53,Customer-11237,Picking
ORD03552,P00212,Classic Formal Shoes (Blue),Footwear,1,Medium,2026-08-12 07:02,Customer-15274,Pending
ORD03553,P00222,Plus Laptop Stand (Beige),Electronics,7,Urgent,2026-08-29 00:14,Customer-18130,Picking
ORD03554,P00635,Classic Stapler (Beige),Stationery,4,Urgent,2026-07-28 04:34,Customer-16720,Picking
ORD03555,P00516,Compact Calculator (Silver),Stationery,4,Medium,2026-08-11 15:21,Customer-15488,Pending
ORD03556,P00142,Classic Curtain (Beige),Home,6,Urgent,2026-08-22 04:47,Customer-17235,Picking
ORD03557,P00550,Lite Wireless Mouse (White),Electronics,6,Low,2026-07-31 13:47,Customer-18179,Cancelled
ORD03558,P00738,Plus Hiking Boots (Beige),Footwear,2,Low,2026-07-23 00:40,Customer-10648,Picking
ORD03559,P00485,Standard Cushion (Grey),Home,7,High,2026-08-16 16:54,Customer-14848,Cancelled
ORD03560,P00452,Classic Curtain (Blue),Home,6,Low,2026-08-08 03:45,Customer-11566,Picking
ORD03561,P00543,Pro Umbrella (Blue),Accessories,7,Medium,2026-07-06 00:55,Customer-15209,Picking
ORD03562,P00128,Pro Running Shoes (Beige),Footwear,1,Medium,2026-07-10 14:16,Customer-13474,Pending
ORD03563,P00408,Mini Bed Sheet Set (Beige),Home,6,Low,2026-07-11 00:07,Customer-16400,Shipped
ORD03564,P00735,Max Table Lamp (Grey),Home,6,Low,2026-08-20 09:17,Customer-11713,Picking
ORD03565,P00275,Deluxe Sneakers (Grey),Footwear,2,High,2026-07-07 14:43,Customer-19954,Picking
ORD03566,P00648,Max Backpack (Blue),Accessories,2,Urgent,2026-08-18 19:46,Customer-14424,Picking
ORD03567,P00218,Max Headphones (Black),Electronics,6,High,2026-08-20 03:34,Customer-14153,Shipped
ORD03568,P00635,Classic Stapler (Beige),Stationery,6,Medium,2026-08-06 10:36,Customer-14751,Picked
ORD03569,P00045,Premium Photo Frame (Silver),Home,6,Medium,2026-08-15 14:57,Customer-14279,Cancelled
ORD03570,P00531,Lite Sneakers (Grey),Footwear,1,Low,2026-07-31 13:47,Customer-19400,Pending
ORD03571,P00314,Premium Stapler (Black),Stationery,8,Medium,2026-07-22 20:57,Customer-18924,Picked
ORD03572,P00786,Standard Earbuds (Grey),Electronics,1,Low,2026-07-26 11:34,Customer-10635,Picking
ORD03573,P00398,Standard Water Bottle (Green),Home,1,Medium,2026-08-22 18:33,Customer-19766,Picked
ORD03574,P00050,Compact Wallet (Red),Accessories,3,Urgent,2026-08-01 10:29,Customer-19268,Cancelled
ORD03575,P00588,Standard Bed Sheet Set (Beige),Home,1,High,2026-08-26 04:56,Customer-10014,Shipped
ORD03576,P00477,Lite Flip Flops (Blue),Footwear,4,Urgent,2026-08-15 09:34,Customer-18735,Cancelled
ORD03577,P00093,Compact Keychain (Blue),Accessories,4,Urgent,2026-07-31 00:16,Customer-12667,Cancelled
ORD03578,P00226,Lite Webcam (Green),Electronics,4,Low,2026-07-19 19:43,Customer-17617,Shipped
ORD03579,P00063,Premium Door Mat (Red),Home,3,Low,2026-08-01 11:06,Customer-19474,Picking
ORD03580,P00362,Plus Wall Clock (Red),Home,5,Urgent,2026-07-22 07:20,Customer-12362,Shipped
ORD03581,P00603,Lite Storage Box (Beige),Home,2,High,2026-08-27 12:50,Customer-12350,Picked
ORD03582,P00226,Lite Webcam (Green),Electronics,3,Medium,2026-07-23 15:02,Customer-18520,Cancelled
ORD03583,P00522,Standard Desk Organizer (Blue),Stationery,1,Medium,2026-07-24 16:05,Customer-11293,Shipped
ORD03584,P00177,Compact Notebook (Red),Stationery,5,High,2026-08-14 06:10,Customer-12246,Pending
ORD03585,P00132,Compact Curtain (Beige),Home,2,Medium,2026-07-11 04:50,Customer-14932,Picked
ORD03586,P00318,Lite Bluetooth Speaker (Green),Electronics,6,Urgent,2026-08-28 21:23,Customer-12387,Picked
ORD03587,P00775,Mini Photo Frame (Red),Home,2,Urgent,2026-08-07 02:29,Customer-11155,Shipped
ORD03588,P00547,Compact Marker Pack (Black),Stationery,1,Low,2026-07-09 12:29,Customer-11675,Picking
ORD03589,P00494,Max File Folder (Blue),Stationery,8,High,2026-08-14 02:37,Customer-10242,Cancelled
ORD03590,P00650,Deluxe Marker Pack (Beige),Stationery,6,Urgent,2026-08-27 09:51,Customer-14973,Shipped
ORD03591,P00011,Premium Charger (White),Electronics,4,Low,2026-08-10 16:10,Customer-12817,Pending
ORD03592,P00316,Premium Laptop Stand (White),Electronics,4,High,2026-07-04 14:46,Customer-14888,Pending
ORD03593,P00291,Lite Wireless Mouse (Silver),Electronics,1,Urgent,2026-07-28 14:46,Customer-12592,Pending
ORD03594,P00456,Mini Wireless Mouse (Silver),Electronics,6,Low,2026-08-20 14:04,Customer-13362,Picked
ORD03595,P00205,Mini Sneakers (White),Footwear,2,Medium,2026-08-06 09:40,Customer-15523,Picked
ORD03596,P00034,Classic Slippers (Grey),Footwear,3,Urgent,2026-07-08 17:13,Customer-14116,Picking
ORD03597,P00085,Pro Wallet (Blue),Accessories,7,Low,2026-07-15 12:21,Customer-17010,Shipped
ORD03598,P00450,Classic Highlighter Set (Blue),Stationery,7,Medium,2026-08-01 10:10,Customer-16543,Cancelled
ORD03599,P00514,Mini Scissors (Beige),Stationery,7,High,2026-07-19 07:37,Customer-13379,Picking
ORD03600,P00036,Deluxe Travel Pouch (Red),Accessories,5,Urgent,2026-08-21 18:08,Customer-16659,Cancelled
ORD03601,P00364,Max Calculator (Green),Stationery,2,Urgent,2026-07-18 08:21,Customer-18603,Shipped
ORD03602,P00035,Compact Sticky Notes (White),Stationery,5,Low,2026-07-07 02:53,Customer-11851,Cancelled
ORD03603,P00481,Classic Notebook (White),Stationery,3,Low,2026-07-06 04:10,Customer-13742,Cancelled
ORD03604,P00133,Mini Highlighter Set (Silver),Stationery,7,Low,2026-07-25 06:15,Customer-18817,Picking
ORD03605,P00092,Mini Headphones (Black),Electronics,7,Medium,2026-07-28 17:54,Customer-12583,Picked
ORD03606,P00791,Pro Curtain (Grey),Home,3,High,2026-07-03 14:56,Customer-12316,Picked
ORD03607,P00648,Max Backpack (Blue),Accessories,7,Low,2026-07-19 01:20,Customer-14999,Shipped
ORD03608,P00695,Max Power Bank (Red),Electronics,4,High,2026-08-14 15:47,Customer-14081,Shipped
ORD03609,P00161,Deluxe Wallet (Black),Accessories,3,High,2026-07-24 06:36,Customer-11421,Picking
ORD03610,P00237,Premium Door Mat (Red),Home,5,Urgent,2026-07-13 13:59,Customer-16445,Pending
ORD03611,P00530,Lite Scissors (Silver),Stationery,5,Low,2026-08-06 16:08,Customer-10329,Picked
ORD03612,P00406,Compact Pen Set (White),Stationery,3,Low,2026-08-23 13:34,Customer-14133,Picked
ORD03613,P00028,Classic Earbuds (White),Electronics,7,Medium,2026-08-03 08:25,Customer-18582,Picking
ORD03614,P00392,Max Sunglasses (Green),Accessories,7,Urgent,2026-07-08 14:20,Customer-13271,Picked
ORD03615,P00228,Standard Highlighter Set (Black),Stationery,2,High,2026-08-27 05:16,Customer-15553,Cancelled
ORD03616,P00049,Pro USB-C Cable (Black),Electronics,6,Low,2026-07-17 21:01,Customer-12772,Pending
ORD03617,P00614,Max USB-C Cable (White),Electronics,5,Low,2026-08-10 06:32,Customer-17140,Pending
ORD03618,P00307,Classic Formal Shoes (Blue),Footwear,1,Medium,2026-07-28 00:56,Customer-12410,Picked
ORD03619,P00112,Max Calculator (Green),Stationery,3,Low,2026-07-27 06:30,Customer-15162,Shipped
ORD03620,P00159,Plus Wall Clock (Blue),Home,2,Low,2026-08-08 10:45,Customer-10897,Picked
ORD03621,P00414,Classic Sandals (Grey),Footwear,4,Urgent,2026-07-28 00:34,Customer-10443,Shipped
ORD03622,P00165,Plus Notebook (Beige),Stationery,8,Low,2026-07-28 19:32,Customer-16340,Pending
ORD03623,P00366,Max Boots (Blue),Footwear,2,High,2026-07-20 20:00,Customer-17875,Cancelled
ORD03624,P00215,Compact Wall Clock (Silver),Home,5,Low,2026-08-12 01:42,Customer-16164,Shipped
ORD03625,P00740,Deluxe Running Shoes (Green),Footwear,4,Low,2026-08-24 21:51,Customer-17739,Shipped
ORD03626,P00190,Mini Loafers (Grey),Footwear,3,Medium,2026-07-28 18:33,Customer-12766,Shipped
ORD03627,P00523,Deluxe Running Shoes (White),Footwear,2,High,2026-07-29 09:20,Customer-18827,Shipped
ORD03628,P00656,Plus Cushion (Beige),Home,2,High,2026-08-07 12:30,Customer-18268,Picking
ORD03629,P00437,Plus Boots (Black),Footwear,3,Medium,2026-07-10 14:42,Customer-19555,Cancelled
ORD03630,P00567,Plus Curtain (Beige),Home,8,Medium,2026-08-12 00:18,Customer-18274,Pending
ORD03631,P00597,Deluxe Scissors (Green),Stationery,1,Low,2026-07-29 08:46,Customer-19034,Pending
ORD03632,P00182,Premium Scissors (Green),Stationery,6,Low,2026-08-11 16:44,Customer-11478,Pending
ORD03633,P00302,Mini Belt (Red),Accessories,7,Low,2026-07-04 08:25,Customer-13074,Picking
ORD03634,P00332,Max Slippers (White),Footwear,7,Medium,2026-08-17 10:35,Customer-18530,Pending
ORD03635,P00031,Compact Stapler (Black),Stationery,3,Medium,2026-08-04 10:41,Customer-17539,Pending
ORD03636,P00397,Mini Sandals (Blue),Footwear,7,High,2026-08-01 14:56,Customer-18773,Shipped
ORD03637,P00325,Mini Handbag (Silver),Accessories,3,Urgent,2026-07-07 07:57,Customer-15509,Picked
ORD03638,P00114,Lite Charger (Grey),Electronics,3,Urgent,2026-08-02 07:08,Customer-17921,Cancelled
ORD03639,P00432,Mini Door Mat (Blue),Home,8,Low,2026-07-28 06:00,Customer-10127,Pending
ORD03640,P00431,Plus Travel Pouch (Blue),Accessories,7,High,2026-08-22 21:47,Customer-10270,Picking
ORD03641,P00680,Plus Sports Shoes (Grey),Footwear,4,Low,2026-07-22 18:58,Customer-12056,Shipped
ORD03642,P00032,Compact Monitor (Grey),Electronics,6,High,2026-08-06 09:52,Customer-19171,Pending
ORD03643,P00214,Premium Table Lamp (Grey),Home,6,Low,2026-08-12 23:35,Customer-12254,Picking
ORD03644,P00336,Classic Stapler (Blue),Stationery,4,Medium,2026-07-27 19:36,Customer-11111,Picking
ORD03645,P00603,Lite Storage Box (Beige),Home,5,Medium,2026-07-02 17:48,Customer-18928,Cancelled
ORD03646,P00426,Compact Calculator (Black),Stationery,6,Medium,2026-07-20 22:32,Customer-12260,Picked
ORD03647,P00050,Compact Wallet (Red),Accessories,1,Urgent,2026-07-31 21:44,Customer-14547,Picked
ORD03648,P00090,Mini Boots (Silver),Footwear,7,Low,2026-07-02 23:53,Customer-16675,Pending
ORD03649,P00383,Deluxe Photo Frame (Black),Home,1,Medium,2026-08-20 14:56,Customer-19318,Picking
ORD03650,P00657,Deluxe Storage Box (Beige),Home,4,Urgent,2026-07-24 18:14,Customer-15519,Cancelled
ORD03651,P00642,Classic Highlighter Set (Black),Stationery,4,High,2026-08-16 13:07,Customer-12543,Picked
ORD03652,P00501,Lite Highlighter Set (Black),Stationery,3,Urgent,2026-07-06 02:30,Customer-11758,Shipped
ORD03653,P00556,Standard Hiking Boots (Beige),Footwear,7,Urgent,2026-08-05 13:01,Customer-12633,Cancelled
ORD03654,P00624,Deluxe Sports Shoes (Red),Footwear,3,Urgent,2026-08-30 17:26,Customer-14215,Cancelled
ORD03655,P00519,Classic Stapler (Silver),Stationery,7,Medium,2026-08-25 03:45,Customer-17118,Cancelled
ORD03656,P00678,Lite Sticky Notes (Green),Stationery,8,Urgent,2026-07-09 14:25,Customer-15993,Picked
ORD03657,P00692,Max Earbuds (Green),Electronics,4,Low,2026-08-20 06:40,Customer-11420,Pending
ORD03658,P00324,Standard Webcam (Green),Electronics,4,High,2026-07-22 23:07,Customer-16190,Shipped
ORD03659,P00781,Pro Curtain (Black),Home,5,Medium,2026-08-28 04:38,Customer-19671,Picking
ORD03660,P00290,Pro Watch Strap (Blue),Accessories,5,High,2026-08-12 10:42,Customer-10859,Picking
ORD03661,P00302,Mini Belt (Red),Accessories,3,Low,2026-08-28 12:34,Customer-17629,Cancelled
ORD03662,P00766,Premium Storage Box (White),Home,6,Low,2026-07-25 09:59,Customer-17114,Pending
ORD03663,P00112,Max Calculator (Green),Stationery,6,Low,2026-07-30 22:54,Customer-19212,Pending
ORD03664,P00419,Classic Wallet (Red),Accessories,7,Medium,2026-07-01 07:19,Customer-10942,Picked
ORD03665,P00450,Classic Highlighter Set (Blue),Stationery,8,Low,2026-08-16 13:09,Customer-16840,Pending
ORD03666,P00781,Pro Curtain (Black),Home,8,High,2026-07-07 22:19,Customer-16240,Pending
ORD03667,P00292,Max Headphones (Blue),Electronics,8,High,2026-08-27 04:39,Customer-10279,Shipped
ORD03668,P00300,Premium Tablet Stand (White),Electronics,1,High,2026-08-19 06:18,Customer-17477,Cancelled
ORD03669,P00510,Standard Calculator (Black),Stationery,8,High,2026-07-13 04:23,Customer-10205,Pending
ORD03670,P00602,Plus Bed Sheet Set (Beige),Home,7,Medium,2026-08-25 21:45,Customer-16476,Picked
ORD03671,P00157,Max Sticky Notes (Blue),Stationery,8,Medium,2026-07-10 14:53,Customer-16092,Shipped
ORD03672,P00322,Max Door Mat (Beige),Home,5,High,2026-08-20 14:21,Customer-19060,Shipped
ORD03673,P00576,Standard Flip Flops (Silver),Footwear,5,High,2026-07-27 22:16,Customer-19133,Pending
ORD03674,P00684,Mini Calculator (Black),Stationery,5,Urgent,2026-08-05 15:49,Customer-14975,Picked
ORD03675,P00478,Compact Keychain (White),Accessories,6,Medium,2026-08-22 09:14,Customer-17446,Picking
ORD03676,P00567,Plus Curtain (Beige),Home,6,Low,2026-07-06 23:21,Customer-17405,Cancelled
ORD03677,P00610,Max Smart Watch (Black),Electronics,3,Urgent,2026-08-12 16:09,Customer-15632,Shipped
ORD03678,P00086,Deluxe Cap (Red),Accessories,1,High,2026-07-18 02:55,Customer-13713,Picking
ORD03679,P00493,Lite Wireless Mouse (Beige),Electronics,4,Urgent,2026-08-06 15:43,Customer-16460,Cancelled
ORD03680,P00291,Lite Wireless Mouse (Silver),Electronics,8,High,2026-08-24 19:28,Customer-19467,Shipped
ORD03681,P00403,Compact Bed Sheet Set (Beige),Home,8,Low,2026-08-17 15:26,Customer-16004,Cancelled
ORD03682,P00419,Classic Wallet (Red),Accessories,8,Urgent,2026-07-27 21:30,Customer-18736,Pending
ORD03683,P00691,Deluxe Travel Pouch (White),Accessories,6,High,2026-08-13 21:42,Customer-14361,Pending
ORD03684,P00595,Max Flip Flops (Black),Footwear,2,Low,2026-08-09 08:17,Customer-15639,Pending
ORD03685,P00090,Mini Boots (Silver),Footwear,6,Low,2026-08-14 04:27,Customer-13574,Picked
ORD03686,P00287,Max Wallet (Silver),Accessories,7,Urgent,2026-07-06 07:41,Customer-12496,Pending
ORD03687,P00036,Deluxe Travel Pouch (Red),Accessories,2,Low,2026-08-23 13:13,Customer-12991,Shipped
ORD03688,P00630,Max Storage Box (White),Home,7,Low,2026-08-07 19:16,Customer-12663,Shipped
ORD03689,P00517,Premium Stapler (Black),Stationery,4,High,2026-07-22 17:53,Customer-12912,Shipped
ORD03690,P00213,Deluxe Keychain (Grey),Accessories,4,Urgent,2026-08-14 19:04,Customer-19248,Shipped
ORD03691,P00530,Lite Scissors (Silver),Stationery,5,High,2026-07-16 20:48,Customer-16888,Cancelled
ORD03692,P00513,Mini Calculator (Green),Stationery,3,Urgent,2026-07-07 11:45,Customer-10732,Shipped
ORD03693,P00485,Standard Cushion (Grey),Home,8,High,2026-08-20 15:19,Customer-16915,Shipped
ORD03694,P00124,Mini Sneakers (Black),Footwear,7,Urgent,2026-08-03 17:17,Customer-14943,Shipped
ORD03695,P00016,Premium Wall Clock (Green),Home,3,High,2026-07-07 15:15,Customer-19617,Picked
ORD03696,P00703,Lite Wallet (Black),Accessories,5,Urgent,2026-08-02 11:22,Customer-16256,Picked
ORD03697,P00396,Mini Keychain (Beige),Accessories,8,Urgent,2026-07-03 11:32,Customer-15753,Pending
ORD03698,P00002,Pro Sandals (White),Footwear,7,Medium,2026-08-09 06:40,Customer-12717,Cancelled
ORD03699,P00340,Standard Marker Pack (Beige),Stationery,1,Urgent,2026-07-19 05:21,Customer-14265,Picked
ORD03700,P00384,Plus Wallet (White),Accessories,7,Medium,2026-08-12 17:30,Customer-12987,Picking
ORD03701,P00156,Max USB-C Cable (Black),Electronics,1,Urgent,2026-07-12 11:14,Customer-16305,Picked
ORD03702,P00739,Mini Hiking Boots (Red),Footwear,8,Low,2026-08-26 19:04,Customer-15010,Pending
ORD03703,P00305,Classic Hiking Boots (Grey),Footwear,3,Urgent,2026-07-25 18:29,Customer-11359,Cancelled
ORD03704,P00675,Mini Table Lamp (Grey),Home,4,Medium,2026-07-01 05:28,Customer-12358,Pending
ORD03705,P00735,Max Table Lamp (Grey),Home,8,High,2026-08-04 10:59,Customer-11108,Shipped
ORD03706,P00029,Standard Sandals (White),Footwear,7,Low,2026-07-26 12:56,Customer-18600,Shipped
ORD03707,P00658,Deluxe Earbuds (Grey),Electronics,2,Low,2026-07-03 12:07,Customer-16353,Picking
ORD03708,P00128,Pro Running Shoes (Beige),Footwear,7,Low,2026-07-08 08:00,Customer-11780,Picking
ORD03709,P00241,Classic Stapler (Grey),Stationery,5,Low,2026-07-04 16:57,Customer-15619,Cancelled
ORD03710,P00232,Classic Table Lamp (Red),Home,6,Urgent,2026-08-06 03:47,Customer-11573,Shipped
ORD03711,P00687,Max Boots (Grey),Footwear,6,Urgent,2026-08-07 18:51,Customer-13680,Shipped
ORD03712,P00418,Lite Earbuds (Red),Electronics,3,High,2026-07-15 21:35,Customer-10631,Cancelled
ORD03713,P00386,Plus Sticky Notes (White),Stationery,1,High,2026-07-06 17:32,Customer-11646,Picking
ORD03714,P00022,Lite Watch Strap (White),Accessories,1,Low,2026-08-03 02:05,Customer-13870,Cancelled
ORD03715,P00588,Standard Bed Sheet Set (Beige),Home,8,High,2026-07-24 16:29,Customer-14827,Cancelled
ORD03716,P00561,Deluxe Cap (Black),Accessories,5,Low,2026-07-07 12:53,Customer-10103,Cancelled
ORD03717,P00149,Classic Desk Organizer (White),Stationery,8,Medium,2026-07-24 16:07,Customer-10253,Shipped
ORD03718,P00581,Pro Notebook (Silver),Stationery,4,Medium,2026-07-28 12:48,Customer-15106,Picked
ORD03719,P00116,Max Sticky Notes (Beige),Stationery,6,Low,2026-08-12 12:23,Customer-17032,Shipped
ORD03720,P00092,Mini Headphones (Black),Electronics,7,High,2026-08-24 15:36,Customer-11434,Picking
ORD03721,P00175,Max Slippers (Green),Footwear,3,Medium,2026-07-22 11:10,Customer-10162,Pending
ORD03722,P00692,Max Earbuds (Green),Electronics,8,Low,2026-08-23 10:54,Customer-11345,Pending
ORD03723,P00783,Plus File Folder (Blue),Stationery,3,Urgent,2026-07-18 16:29,Customer-16423,Picked
ORD03724,P00515,Deluxe Stapler (Green),Stationery,8,High,2026-07-01 10:01,Customer-16201,Shipped
ORD03725,P00695,Max Power Bank (Red),Electronics,6,Urgent,2026-07-04 02:02,Customer-11875,Cancelled
ORD03726,P00230,Max Water Bottle (Grey),Home,4,Urgent,2026-08-17 17:03,Customer-19874,Pending
ORD03727,P00278,Lite Formal Shoes (Green),Footwear,2,Low,2026-08-01 02:16,Customer-17702,Picking
ORD03728,P00616,Compact Cushion (Green),Home,4,Urgent,2026-07-08 12:07,Customer-14441,Picking
ORD03729,P00799,Classic Earbuds (Green),Electronics,2,Medium,2026-07-04 00:19,Customer-19596,Pending
ORD03730,P00791,Pro Curtain (Grey),Home,3,Low,2026-08-01 20:09,Customer-13723,Pending
ORD03731,P00081,Pro Loafers (Red),Footwear,8,Low,2026-08-20 01:11,Customer-15752,Shipped
ORD03732,P00504,Deluxe Water Bottle (Red),Home,3,Medium,2026-07-17 21:38,Customer-11760,Picking
ORD03733,P00523,Deluxe Running Shoes (White),Footwear,6,Urgent,2026-08-05 11:02,Customer-14069,Cancelled
ORD03734,P00320,Deluxe Bed Sheet Set (Beige),Home,1,Urgent,2026-07-12 08:45,Customer-19289,Picked
ORD03735,P00595,Max Flip Flops (Black),Footwear,3,High,2026-08-25 00:25,Customer-12970,Picked
ORD03736,P00600,Mini Desk Organizer (Beige),Stationery,5,Medium,2026-07-17 05:11,Customer-14319,Pending
ORD03737,P00735,Max Table Lamp (Grey),Home,7,Urgent,2026-08-06 09:44,Customer-15662,Cancelled
ORD03738,P00645,Deluxe Sneakers (Silver),Footwear,3,High,2026-07-17 02:10,Customer-10863,Cancelled
ORD03739,P00503,Plus Watch Strap (Black),Accessories,5,Low,2026-08-05 00:56,Customer-11079,Cancelled
ORD03740,P00193,Pro Slippers (Black),Footwear,3,Medium,2026-08-21 01:06,Customer-15528,Cancelled
ORD03741,P00122,Deluxe Travel Pouch (Green),Accessories,4,High,2026-07-27 19:37,Customer-11218,Pending
ORD03742,P00726,Max Storage Box (Beige),Home,3,Medium,2026-08-13 22:21,Customer-15735,Shipped
ORD03743,P00754,Mini Desk Organizer (Silver),Stationery,6,Urgent,2026-07-06 12:24,Customer-18384,Picking
ORD03744,P00057,Max USB-C Cable (Red),Electronics,1,Low,2026-08-17 23:37,Customer-11865,Shipped
ORD03745,P00526,Deluxe Bed Sheet Set (Silver),Home,8,Urgent,2026-07-01 04:35,Customer-13272,Picked
ORD03746,P00230,Max Water Bottle (Grey),Home,5,Low,2026-08-17 04:10,Customer-13215,Picking
ORD03747,P00272,Standard Backpack (Grey),Accessories,1,Medium,2026-07-15 02:33,Customer-17606,Pending
ORD03748,P00765,Plus Wireless Mouse (White),Electronics,7,Medium,2026-07-21 07:45,Customer-19317,Picked
ORD03749,P00595,Max Flip Flops (Black),Footwear,6,Low,2026-07-18 00:04,Customer-10421,Shipped
ORD03750,P00746,Mini Door Mat (Grey),Home,8,High,2026-07-18 00:12,Customer-19852,Pending
ORD03751,P00717,Deluxe Keychain (White),Accessories,7,Urgent,2026-07-24 19:52,Customer-11138,Shipped
ORD03752,P00147,Premium Storage Box (Blue),Home,4,Low,2026-07-08 19:41,Customer-10838,Picking
ORD03753,P00720,Standard Flip Flops (Beige),Footwear,2,Low,2026-08-09 05:48,Customer-18014,Pending
ORD03754,P00396,Mini Keychain (Beige),Accessories,3,Low,2026-08-13 05:44,Customer-10876,Picking
ORD03755,P00149,Classic Desk Organizer (White),Stationery,2,Urgent,2026-07-27 14:54,Customer-12713,Shipped
ORD03756,P00166,Compact Wallet (Green),Accessories,1,High,2026-07-09 21:02,Customer-10217,Cancelled
ORD03757,P00212,Classic Formal Shoes (Blue),Footwear,1,Urgent,2026-07-17 23:43,Customer-14978,Picking
ORD03758,P00653,Max Keyboard (White),Electronics,4,Medium,2026-07-12 02:44,Customer-11089,Picked
ORD03759,P00254,Plus Tablet Stand (Beige),Electronics,2,High,2026-07-09 05:27,Customer-13764,Pending
ORD03760,P00494,Max File Folder (Blue),Stationery,2,High,2026-07-22 01:05,Customer-19635,Shipped
ORD03761,P00147,Premium Storage Box (Blue),Home,8,High,2026-08-21 16:27,Customer-18669,Shipped
ORD03762,P00473,Classic Bed Sheet Set (White),Home,4,Urgent,2026-07-07 15:08,Customer-14958,Picking
ORD03763,P00238,Mini Bed Sheet Set (Beige),Home,8,Low,2026-08-16 04:34,Customer-18262,Pending
ORD03764,P00760,Mini Webcam (Black),Electronics,1,Urgent,2026-08-23 11:25,Customer-17932,Shipped
ORD03765,P00632,Deluxe Backpack (Silver),Accessories,5,High,2026-08-08 20:34,Customer-17546,Shipped
ORD03766,P00755,Classic Backpack (White),Accessories,8,Medium,2026-07-04 03:14,Customer-12444,Picked
ORD03767,P00252,Pro Storage Box (Silver),Home,2,High,2026-08-23 10:16,Customer-18576,Picked
ORD03768,P00316,Premium Laptop Stand (White),Electronics,4,Urgent,2026-07-07 04:46,Customer-17545,Picked
ORD03769,P00257,Standard Formal Shoes (White),Footwear,6,Urgent,2026-08-18 21:27,Customer-19542,Picked
ORD03770,P00259,Plus Wireless Mouse (Black),Electronics,3,High,2026-07-26 14:16,Customer-13361,Picked
ORD03771,P00262,Mini Sticky Notes (Blue),Stationery,3,Medium,2026-07-04 18:32,Customer-19116,Cancelled
ORD03772,P00372,Pro Travel Pouch (Grey),Accessories,2,Urgent,2026-07-31 03:44,Customer-18610,Cancelled
ORD03773,P00621,Max Router (Blue),Electronics,2,Low,2026-07-14 20:33,Customer-11572,Pending
ORD03774,P00536,Lite Sunglasses (Black),Accessories,8,Medium,2026-08-30 11:24,Customer-18772,Picked
ORD03775,P00250,Premium Tablet Stand (White),Electronics,6,Low,2026-07-08 07:11,Customer-14709,Shipped
ORD03776,P00715,Deluxe File Folder (White),Stationery,8,High,2026-07-02 00:16,Customer-15549,Picked
ORD03777,P00512,Premium Bed Sheet Set (Blue),Home,8,Medium,2026-08-15 03:19,Customer-13869,Cancelled
ORD03778,P00777,Lite Tablet Stand (Red),Electronics,2,Low,2026-08-19 18:56,Customer-17124,Cancelled
ORD03779,P00231,Lite Sticky Notes (Silver),Stationery,4,High,2026-08-03 13:09,Customer-14511,Shipped
ORD03780,P00537,Plus Wallet (Silver),Accessories,2,Urgent,2026-07-08 06:05,Customer-11939,Shipped
ORD03781,P00155,Pro Belt (Black),Accessories,8,Medium,2026-07-11 09:26,Customer-14668,Shipped
ORD03782,P00595,Max Flip Flops (Black),Footwear,2,Low,2026-07-19 08:15,Customer-19171,Pending
ORD03783,P00713,Pro Slippers (Grey),Footwear,2,Low,2026-08-01 09:34,Customer-14709,Cancelled
ORD03784,P00118,Classic Bed Sheet Set (Grey),Home,1,Low,2026-08-25 22:32,Customer-10772,Picked
ORD03785,P00285,Pro Travel Pouch (Silver),Accessories,2,Low,2026-08-01 01:20,Customer-14728,Cancelled
ORD03786,P00186,Compact Charger (Blue),Electronics,1,Low,2026-07-22 17:32,Customer-16975,Pending
ORD03787,P00632,Deluxe Backpack (Silver),Accessories,2,Low,2026-07-02 05:52,Customer-14451,Cancelled
ORD03788,P00301,Classic Hiking Boots (Black),Footwear,6,High,2026-07-15 22:09,Customer-14403,Shipped
ORD03789,P00476,Pro Stapler (Grey),Stationery,4,Urgent,2026-07-11 20:42,Customer-16270,Picked
ORD03790,P00500,Lite Wireless Mouse (Silver),Electronics,1,Low,2026-07-19 02:13,Customer-15778,Picking
ORD03791,P00349,Standard USB-C Cable (Black),Electronics,4,High,2026-08-18 13:23,Customer-14476,Picking
ORD03792,P00338,Mini Bluetooth Speaker (Beige),Electronics,6,Urgent,2026-08-30 16:48,Customer-13862,Picking
ORD03793,P00232,Classic Table Lamp (Red),Home,7,Medium,2026-07-07 07:07,Customer-14397,Picking
ORD03794,P00137,Plus Handbag (White),Accessories,3,Medium,2026-07-23 06:33,Customer-16804,Cancelled
ORD03795,P00225,Classic Bed Sheet Set (Silver),Home,6,Urgent,2026-08-01 22:12,Customer-16855,Cancelled
ORD03796,P00509,Mini Scissors (Red),Stationery,4,Low,2026-08-20 05:03,Customer-17758,Shipped
ORD03797,P00162,Standard Keychain (Beige),Accessories,5,High,2026-07-05 20:57,Customer-19218,Shipped
ORD03798,P00124,Mini Sneakers (Black),Footwear,5,High,2026-08-15 16:43,Customer-17624,Pending
ORD03799,P00756,Pro Water Bottle (Blue),Home,7,Medium,2026-08-04 05:13,Customer-16819,Picked
ORD03800,P00364,Max Calculator (Green),Stationery,4,High,2026-08-02 17:04,Customer-18535,Picked
ORD03801,P00019,Mini Marker Pack (Silver),Stationery,5,Low,2026-07-19 11:50,Customer-17087,Cancelled
ORD03802,P00412,Plus Table Lamp (Red),Home,6,Medium,2026-07-28 06:53,Customer-15017,Pending
ORD03803,P00428,Classic Cap (Green),Accessories,5,High,2026-08-05 18:38,Customer-15571,Picking
ORD03804,P00166,Compact Wallet (Green),Accessories,4,Low,2026-08-16 21:28,Customer-19533,Picking
ORD03805,P00006,Deluxe Slippers (Grey),Footwear,1,Urgent,2026-08-26 23:08,Customer-11606,Cancelled
ORD03806,P00502,Mini Keyboard (Grey),Electronics,2,High,2026-07-16 21:58,Customer-19301,Cancelled
ORD03807,P00745,Plus Sandals (Red),Footwear,1,High,2026-07-18 05:04,Customer-10586,Pending
ORD03808,P00363,Pro Sunglasses (White),Accessories,6,Low,2026-08-08 23:05,Customer-12693,Picking
ORD03809,P00550,Lite Wireless Mouse (White),Electronics,2,Low,2026-08-09 00:46,Customer-10781,Pending
ORD03810,P00559,Classic Belt (Grey),Accessories,2,Urgent,2026-08-09 02:31,Customer-13996,Shipped
ORD03811,P00694,Pro Watch Strap (Black),Accessories,1,Low,2026-07-25 15:21,Customer-19709,Picked
ORD03812,P00554,Mini Wall Clock (Black),Home,6,Urgent,2026-07-03 22:04,Customer-18389,Picked
ORD03813,P00048,Classic Marker Pack (White),Stationery,8,Low,2026-07-27 23:16,Customer-13953,Picked
ORD03814,P00037,Mini Loafers (Black),Footwear,2,Medium,2026-07-22 10:34,Customer-19620,Shipped
ORD03815,P00301,Classic Hiking Boots (Black),Footwear,7,High,2026-07-06 19:42,Customer-12990,Picking
ORD03816,P00540,Deluxe Formal Shoes (Red),Footwear,6,Low,2026-07-29 11:13,Customer-13662,Picking
ORD03817,P00433,Premium Charger (Black),Electronics,1,High,2026-08-07 02:28,Customer-13654,Picked
ORD03818,P00151,Standard Power Bank (Green),Electronics,8,High,2026-07-09 10:36,Customer-11730,Pending
ORD03819,P00572,Mini Calculator (Blue),Stationery,2,High,2026-07-16 20:48,Customer-10448,Picked
ORD03820,P00076,Plus Belt (Red),Accessories,3,Low,2026-07-02 20:17,Customer-11407,Cancelled
ORD03821,P00019,Mini Marker Pack (Silver),Stationery,2,Medium,2026-08-02 00:08,Customer-17532,Cancelled
ORD03822,P00430,Mini Scissors (Black),Stationery,1,Medium,2026-08-30 18:41,Customer-16176,Picking
ORD03823,P00250,Premium Tablet Stand (White),Electronics,1,Medium,2026-07-20 17:53,Customer-17515,Cancelled
ORD03824,P00759,Plus Wallet (Grey),Accessories,7,Medium,2026-08-10 23:45,Customer-14356,Picking
ORD03825,P00268,Lite Keychain (Beige),Accessories,7,Medium,2026-08-28 13:02,Customer-15322,Cancelled
ORD03826,P00160,Pro Desk Organizer (Blue),Stationery,6,Medium,2026-08-25 13:38,Customer-16601,Picking
ORD03827,P00489,Plus Handbag (Beige),Accessories,4,High,2026-07-19 21:51,Customer-10161,Pending
ORD03828,P00229,Plus Flip Flops (Silver),Footwear,5,Low,2026-07-01 15:03,Customer-11623,Shipped
ORD03829,P00684,Mini Calculator (Black),Stationery,3,High,2026-08-06 20:47,Customer-14660,Picking
ORD03830,P00375,Compact Desk Organizer (Beige),Stationery,1,Urgent,2026-07-23 12:33,Customer-12060,Cancelled
ORD03831,P00645,Deluxe Sneakers (Silver),Footwear,5,Urgent,2026-07-09 02:46,Customer-10063,Pending
ORD03832,P00092,Mini Headphones (Black),Electronics,6,High,2026-07-13 09:13,Customer-10844,Shipped
ORD03833,P00680,Plus Sports Shoes (Grey),Footwear,2,Low,2026-08-15 18:07,Customer-14784,Pending
ORD03834,P00311,Premium Laptop Stand (Green),Electronics,6,Low,2026-08-05 04:08,Customer-16842,Picking
ORD03835,P00462,Compact Wallet (Grey),Accessories,8,Urgent,2026-07-05 01:03,Customer-14271,Picking
ORD03836,P00656,Plus Cushion (Beige),Home,8,High,2026-08-30 00:56,Customer-17470,Picked
ORD03837,P00084,Pro Stapler (Blue),Stationery,4,Medium,2026-07-24 05:33,Customer-13922,Picked
ORD03838,P00360,Pro Keyboard (Red),Electronics,7,High,2026-07-24 21:58,Customer-12064,Picking
ORD03839,P00698,Pro Laptop Stand (Grey),Electronics,5,Low,2026-08-18 17:39,Customer-16628,Shipped
ORD03840,P00037,Mini Loafers (Black),Footwear,8,Medium,2026-07-06 03:11,Customer-19456,Pending
ORD03841,P00590,Max Boots (White),Footwear,3,Low,2026-07-09 07:17,Customer-11767,Cancelled
ORD03842,P00232,Classic Table Lamp (Red),Home,2,Medium,2026-08-03 23:58,Customer-11658,Picked
ORD03843,P00099,Max Watch Strap (Grey),Accessories,6,Medium,2026-08-19 12:32,Customer-10929,Pending
ORD03844,P00319,Compact Curtain (Grey),Home,7,Medium,2026-08-16 09:13,Customer-17122,Pending
ORD03845,P00566,Premium Sandals (Blue),Footwear,7,Medium,2026-07-23 18:10,Customer-14437,Picked
ORD03846,P00612,Deluxe USB-C Cable (Red),Electronics,7,Low,2026-07-29 13:43,Customer-17575,Picked
ORD03847,P00378,Compact Highlighter Set (Blue),Stationery,2,High,2026-08-08 23:53,Customer-14029,Picked
ORD03848,P00018,Deluxe Wallet (Blue),Accessories,2,Medium,2026-07-05 03:10,Customer-12187,Picking
ORD03849,P00628,Classic Flip Flops (Black),Footwear,5,Urgent,2026-07-03 09:26,Customer-11466,Picked
ORD03850,P00027,Mini Belt (Silver),Accessories,7,High,2026-08-13 22:31,Customer-19725,Picked
ORD03851,P00175,Max Slippers (Green),Footwear,2,High,2026-07-03 02:46,Customer-11789,Shipped
ORD03852,P00140,Compact Photo Frame (Silver),Home,1,Medium,2026-07-17 21:08,Customer-13645,Picked
ORD03853,P00179,Premium Marker Pack (Silver),Stationery,1,High,2026-07-18 01:26,Customer-14867,Pending
ORD03854,P00690,Standard Calculator (Black),Stationery,6,Low,2026-08-24 12:21,Customer-17463,Cancelled
ORD03855,P00487,Premium Candle Holder (Silver),Home,5,Urgent,2026-07-20 04:56,Customer-13923,Shipped
ORD03856,P00153,Standard Wall Clock (Grey),Home,1,Low,2026-07-19 22:13,Customer-13701,Picked
ORD03857,P00505,Lite Travel Pouch (White),Accessories,4,Low,2026-07-10 01:29,Customer-11125,Cancelled
ORD03858,P00456,Mini Wireless Mouse (Silver),Electronics,5,Low,2026-08-12 10:45,Customer-18421,Cancelled
ORD03859,P00369,Plus Desk Organizer (Green),Stationery,6,High,2026-07-20 00:16,Customer-15258,Cancelled
ORD03860,P00327,Plus Table Lamp (Blue),Home,6,Medium,2026-07-23 11:15,Customer-19347,Picked
ORD03861,P00123,Max Tablet Stand (Grey),Electronics,5,Urgent,2026-07-29 15:57,Customer-14776,Picking
ORD03862,P00432,Mini Door Mat (Blue),Home,5,High,2026-07-05 22:02,Customer-18971,Shipped
ORD03863,P00131,Premium Storage Box (Green),Home,4,Urgent,2026-07-27 02:45,Customer-18856,Cancelled
ORD03864,P00302,Mini Belt (Red),Accessories,7,Urgent,2026-08-20 19:50,Customer-16982,Picked
ORD03865,P00666,Deluxe Pen Set (Green),Stationery,5,Medium,2026-07-11 19:36,Customer-12526,Picked
ORD03866,P00765,Plus Wireless Mouse (White),Electronics,7,High,2026-07-05 12:48,Customer-14066,Shipped
ORD03867,P00340,Standard Marker Pack (Beige),Stationery,1,Urgent,2026-08-14 05:12,Customer-15347,Picked
ORD03868,P00018,Deluxe Wallet (Blue),Accessories,1,Low,2026-08-18 04:00,Customer-13310,Cancelled
ORD03869,P00348,Compact Highlighter Set (Grey),Stationery,5,Medium,2026-08-17 09:13,Customer-14449,Picked
ORD03870,P00007,Mini Earbuds (Beige),Electronics,6,High,2026-08-27 02:40,Customer-19880,Shipped
ORD03871,P00353,Standard Sandals (Red),Footwear,8,Urgent,2026-07-22 17:57,Customer-14165,Shipped
ORD03872,P00421,Premium Tablet Stand (Black),Electronics,1,Medium,2026-08-15 17:25,Customer-16494,Cancelled
ORD03873,P00242,Deluxe Keychain (Silver),Accessories,1,Medium,2026-07-29 11:24,Customer-11601,Cancelled
ORD03874,P00243,Compact Slippers (Silver),Footwear,5,Urgent,2026-07-26 03:54,Customer-12986,Shipped
ORD03875,P00372,Pro Travel Pouch (Grey),Accessories,5,Low,2026-08-03 00:31,Customer-10866,Pending
ORD03876,P00283,Standard Sneakers (Green),Footwear,6,Urgent,2026-07-17 03:33,Customer-13936,Picking
ORD03877,P00439,Premium Candle Holder (Beige),Home,4,Low,2026-08-22 09:55,Customer-18911,Picking
ORD03878,P00307,Classic Formal Shoes (Blue),Footwear,3,Urgent,2026-07-04 05:33,Customer-12018,Pending
ORD03879,P00276,Classic Formal Shoes (Grey),Footwear,5,Urgent,2026-08-01 11:28,Customer-14713,Shipped
ORD03880,P00027,Mini Belt (Silver),Accessories,6,High,2026-08-05 22:03,Customer-15019,Cancelled
ORD03881,P00219,Classic Keychain (Blue),Accessories,7,Low,2026-07-02 20:59,Customer-17160,Picking
ORD03882,P00318,Lite Bluetooth Speaker (Green),Electronics,2,Low,2026-08-24 22:12,Customer-16159,Pending
ORD03883,P00383,Deluxe Photo Frame (Black),Home,8,Low,2026-07-30 10:07,Customer-13115,Cancelled
ORD03884,P00041,Premium Charger (White),Electronics,6,Medium,2026-07-24 18:02,Customer-14845,Picking
ORD03885,P00427,Classic Door Mat (Beige),Home,4,High,2026-07-17 22:41,Customer-11320,Cancelled
ORD03886,P00642,Classic Highlighter Set (Black),Stationery,2,High,2026-07-20 06:16,Customer-11219,Pending
ORD03887,P00569,Pro Hiking Boots (Silver),Footwear,2,Urgent,2026-07-12 07:40,Customer-13553,Cancelled
ORD03888,P00501,Lite Highlighter Set (Black),Stationery,4,Urgent,2026-08-12 21:32,Customer-10550,Shipped
ORD03889,P00759,Plus Wallet (Grey),Accessories,2,Low,2026-08-15 11:06,Customer-19043,Shipped
ORD03890,P00012,Compact Table Lamp (Grey),Home,7,Low,2026-08-07 21:26,Customer-18345,Cancelled
ORD03891,P00306,Compact Sandals (Grey),Footwear,4,Urgent,2026-07-19 04:45,Customer-17103,Picked
ORD03892,P00034,Classic Slippers (Grey),Footwear,4,High,2026-08-24 09:03,Customer-18723,Pending
ORD03893,P00680,Plus Sports Shoes (Grey),Footwear,8,High,2026-07-17 09:03,Customer-14807,Cancelled
ORD03894,P00765,Plus Wireless Mouse (White),Electronics,2,Medium,2026-07-05 01:24,Customer-10892,Picked
ORD03895,P00313,Deluxe Marker Pack (Black),Stationery,4,Medium,2026-07-19 03:14,Customer-16170,Cancelled
ORD03896,P00530,Lite Scissors (Silver),Stationery,5,Low,2026-08-24 17:37,Customer-14017,Cancelled
ORD03897,P00289,Pro Marker Pack (Silver),Stationery,6,High,2026-07-23 14:04,Customer-17981,Picking
ORD03898,P00377,Max Curtain (Green),Home,1,Urgent,2026-08-17 01:56,Customer-15509,Picking
ORD03899,P00683,Deluxe HDMI Cable (Red),Electronics,5,Low,2026-08-03 13:28,Customer-12503,Pending
ORD03900,P00037,Mini Loafers (Black),Footwear,3,High,2026-07-19 14:40,Customer-10578,Picking
ORD03901,P00012,Compact Table Lamp (Grey),Home,3,Low,2026-07-11 03:54,Customer-18780,Shipped
ORD03902,P00062,Max HDMI Cable (Blue),Electronics,8,High,2026-07-11 01:22,Customer-18314,Picked
ORD03903,P00332,Max Slippers (White),Footwear,6,Medium,2026-08-03 03:36,Customer-10808,Picked
ORD03904,P00098,Classic Sports Shoes (Blue),Footwear,2,Low,2026-08-26 23:24,Customer-16175,Pending
ORD03905,P00309,Lite Bluetooth Speaker (Black),Electronics,7,Low,2026-07-15 11:49,Customer-12270,Picked
ORD03906,P00314,Premium Stapler (Black),Stationery,7,Low,2026-07-21 15:02,Customer-17822,Pending
ORD03907,P00264,Mini Curtain (Red),Home,2,Urgent,2026-08-27 07:00,Customer-10260,Cancelled
ORD03908,P00042,Mini Sticky Notes (Silver),Stationery,3,Low,2026-07-05 20:33,Customer-14514,Cancelled
ORD03909,P00106,Lite Headphones (Blue),Electronics,6,Low,2026-07-19 11:14,Customer-14237,Cancelled
ORD03910,P00607,Mini Calculator (Beige),Stationery,7,Medium,2026-08-02 16:30,Customer-12288,Picked
ORD03911,P00154,Classic Laptop Stand (Black),Electronics,6,High,2026-08-14 18:02,Customer-11478,Shipped
ORD03912,P00501,Lite Highlighter Set (Black),Stationery,2,Urgent,2026-08-23 04:09,Customer-15943,Picking
ORD03913,P00453,Plus Photo Frame (Silver),Home,6,Low,2026-07-16 22:05,Customer-15637,Shipped
ORD03914,P00230,Max Water Bottle (Grey),Home,8,High,2026-07-19 23:11,Customer-14216,Picking
ORD03915,P00315,Standard Laptop Stand (Beige),Electronics,2,Urgent,2026-08-19 18:13,Customer-10413,Pending
ORD03916,P00026,Deluxe File Folder (Beige),Stationery,5,High,2026-07-16 08:05,Customer-10363,Pending
ORD03917,P00136,Lite Table Lamp (Red),Home,8,Low,2026-08-10 21:23,Customer-10460,Shipped
ORD03918,P00408,Mini Bed Sheet Set (Beige),Home,6,Medium,2026-07-13 02:12,Customer-17714,Cancelled
ORD03919,P00484,Lite Bed Sheet Set (Grey),Home,5,Urgent,2026-07-27 22:17,Customer-11591,Picking
ORD03920,P00750,Pro Notebook (Silver),Stationery,5,Medium,2026-08-15 18:41,Customer-12861,Pending
ORD03921,P00496,Compact Slippers (Silver),Footwear,8,Medium,2026-07-16 23:12,Customer-12433,Pending
ORD03922,P00727,Premium Calculator (Beige),Stationery,5,Urgent,2026-08-26 14:44,Customer-14706,Shipped
ORD03923,P00571,Compact Tablet Stand (Red),Electronics,2,High,2026-08-21 06:35,Customer-17086,Shipped
ORD03924,P00114,Lite Charger (Grey),Electronics,2,Low,2026-08-09 17:54,Customer-18600,Picked
ORD03925,P00778,Compact Desk Organizer (Red),Stationery,2,High,2026-08-23 12:53,Customer-16288,Picking
ORD03926,P00707,Standard Cushion (Blue),Home,3,Low,2026-08-18 08:13,Customer-19739,Picked
ORD03927,P00089,Classic Backpack (Green),Accessories,6,Medium,2026-07-28 21:30,Customer-10052,Cancelled
ORD03928,P00477,Lite Flip Flops (Blue),Footwear,4,High,2026-07-22 18:39,Customer-10753,Cancelled
ORD03929,P00534,Lite Stapler (White),Stationery,1,High,2026-08-13 09:08,Customer-18420,Picking
ORD03930,P00722,Premium Storage Box (Blue),Home,3,Medium,2026-07-25 22:26,Customer-12553,Shipped
ORD03931,P00061,Compact Monitor (Black),Electronics,8,High,2026-07-27 14:15,Customer-14549,Picked
ORD03932,P00314,Premium Stapler (Black),Stationery,4,Medium,2026-08-05 11:42,Customer-16274,Picked
ORD03933,P00493,Lite Wireless Mouse (Beige),Electronics,7,Medium,2026-07-24 10:30,Customer-19300,Pending
ORD03934,P00256,Max Pen Set (Grey),Stationery,2,Urgent,2026-07-09 23:23,Customer-11152,Picked
ORD03935,P00131,Premium Storage Box (Green),Home,2,Urgent,2026-07-16 01:20,Customer-15752,Cancelled
ORD03936,P00364,Max Calculator (Green),Stationery,2,High,2026-08-19 04:49,Customer-13201,Shipped
ORD03937,P00746,Mini Door Mat (Grey),Home,7,Low,2026-08-21 01:17,Customer-10542,Cancelled
ORD03938,P00673,Pro Umbrella (Green),Accessories,3,High,2026-08-20 07:18,Customer-12427,Picking
ORD03939,P00381,Premium Slippers (Blue),Footwear,2,High,2026-07-10 04:54,Customer-19595,Picked
ORD03940,P00728,Premium Candle Holder (Silver),Home,3,Medium,2026-07-16 00:33,Customer-14333,Cancelled
ORD03941,P00699,Pro Table Lamp (Blue),Home,6,Low,2026-07-27 01:08,Customer-10315,Picking
ORD03942,P00082,Mini Cap (Silver),Accessories,7,Urgent,2026-08-12 17:57,Customer-10916,Pending
ORD03943,P00775,Mini Photo Frame (Red),Home,4,High,2026-08-29 11:52,Customer-14557,Shipped
ORD03944,P00056,Standard Wireless Mouse (Green),Electronics,4,Urgent,2026-08-13 18:33,Customer-18374,Pending
ORD03945,P00300,Premium Tablet Stand (White),Electronics,5,High,2026-07-08 04:00,Customer-13650,Shipped
ORD03946,P00367,Pro Sticky Notes (Blue),Stationery,5,Medium,2026-08-09 21:19,Customer-14487,Picked
ORD03947,P00666,Deluxe Pen Set (Green),Stationery,8,High,2026-07-12 03:30,Customer-13174,Pending
ORD03948,P00069,Classic Backpack (Silver),Accessories,6,Medium,2026-08-06 23:57,Customer-18319,Shipped
ORD03949,P00402,Premium Highlighter Set (Grey),Stationery,8,Urgent,2026-08-03 13:48,Customer-16087,Cancelled
ORD03950,P00076,Plus Belt (Red),Accessories,7,Medium,2026-08-08 07:02,Customer-15501,Pending
ORD03951,P00450,Classic Highlighter Set (Blue),Stationery,7,Medium,2026-07-14 04:51,Customer-12525,Pending
ORD03952,P00787,Standard File Folder (Beige),Stationery,7,Urgent,2026-07-20 17:20,Customer-11863,Shipped
ORD03953,P00096,Plus Formal Shoes (Beige),Footwear,8,High,2026-07-28 16:07,Customer-12843,Picking
ORD03954,P00622,Compact Power Bank (Beige),Electronics,6,High,2026-07-26 20:27,Customer-11618,Cancelled
ORD03955,P00416,Pro Notebook (Black),Stationery,2,Low,2026-07-29 21:19,Customer-14621,Picked
ORD03956,P00101,Max Cushion (Silver),Home,1,Medium,2026-08-19 19:27,Customer-14392,Pending
ORD03957,P00029,Standard Sandals (White),Footwear,6,High,2026-08-17 05:49,Customer-18482,Pending
ORD03958,P00681,Max Curtain (Green),Home,5,High,2026-08-30 08:34,Customer-10311,Shipped
ORD03959,P00780,Pro Candle Holder (Red),Home,7,Urgent,2026-08-26 01:22,Customer-19686,Pending
ORD03960,P00645,Deluxe Sneakers (Silver),Footwear,8,Low,2026-08-26 00:44,Customer-15392,Cancelled
ORD03961,P00713,Pro Slippers (Grey),Footwear,4,Urgent,2026-07-08 06:14,Customer-11725,Cancelled
ORD03962,P00512,Premium Bed Sheet Set (Blue),Home,8,Urgent,2026-07-03 00:08,Customer-15463,Shipped
ORD03963,P00268,Lite Keychain (Beige),Accessories,2,Low,2026-08-23 04:58,Customer-17962,Pending
ORD03964,P00434,Classic Belt (Red),Accessories,7,Low,2026-07-30 04:15,Customer-10804,Cancelled
ORD03965,P00539,Compact Stapler (Grey),Stationery,7,Low,2026-08-09 03:42,Customer-18959,Cancelled
ORD03966,P00338,Mini Bluetooth Speaker (Beige),Electronics,7,High,2026-07-11 18:18,Customer-10378,Picking
ORD03967,P00571,Compact Tablet Stand (Red),Electronics,3,Medium,2026-08-03 11:11,Customer-17669,Cancelled
ORD03968,P00307,Classic Formal Shoes (Blue),Footwear,2,Medium,2026-07-06 11:50,Customer-14725,Pending
ORD03969,P00683,Deluxe HDMI Cable (Red),Electronics,1,Low,2026-08-03 11:15,Customer-18424,Cancelled
ORD03970,P00571,Compact Tablet Stand (Red),Electronics,2,Urgent,2026-07-31 22:35,Customer-18900,Cancelled
ORD03971,P00657,Deluxe Storage Box (Beige),Home,2,Low,2026-07-09 07:04,Customer-18031,Cancelled
ORD03972,P00502,Mini Keyboard (Grey),Electronics,5,Urgent,2026-07-19 04:15,Customer-19166,Picked
ORD03973,P00120,Premium Door Mat (Red),Home,7,Low,2026-07-23 23:20,Customer-17418,Picked
ORD03974,P00470,Pro Loafers (Silver),Footwear,2,Low,2026-08-29 23:17,Customer-19360,Picked
ORD03975,P00298,Plus Monitor (Green),Electronics,3,High,2026-07-03 05:03,Customer-11537,Picking
ORD03976,P00780,Pro Candle Holder (Red),Home,3,Low,2026-07-27 03:27,Customer-19178,Picking
ORD03977,P00628,Classic Flip Flops (Black),Footwear,7,Medium,2026-08-29 12:52,Customer-17567,Pending
ORD03978,P00226,Lite Webcam (Green),Electronics,6,Low,2026-08-27 19:21,Customer-10358,Pending
ORD03979,P00109,Compact Curtain (White),Home,5,Medium,2026-08-08 10:48,Customer-11076,Picking
ORD03980,P00173,Deluxe Slippers (Beige),Footwear,1,High,2026-07-25 15:48,Customer-13623,Cancelled
ORD03981,P00779,Classic Wall Clock (Red),Home,4,Urgent,2026-08-10 12:23,Customer-13326,Cancelled
ORD03982,P00119,Standard Belt (Green),Accessories,8,Low,2026-07-27 21:30,Customer-10841,Picked
ORD03983,P00003,Classic File Folder (Black),Stationery,7,High,2026-08-22 05:28,Customer-16922,Picking
ORD03984,P00577,Compact Notebook (Silver),Stationery,3,Medium,2026-07-15 14:33,Customer-19303,Picked
ORD03985,P00208,Lite Boots (Silver),Footwear,7,High,2026-08-10 05:57,Customer-11946,Pending
ORD03986,P00742,Lite Cap (Grey),Accessories,6,High,2026-08-21 11:08,Customer-12969,Shipped
ORD03987,P00133,Mini Highlighter Set (Silver),Stationery,3,Urgent,2026-08-09 23:53,Customer-17085,Shipped
ORD03988,P00475,Max Loafers (Green),Footwear,5,Urgent,2026-08-03 13:13,Customer-15960,Cancelled
ORD03989,P00510,Standard Calculator (Black),Stationery,1,High,2026-07-20 11:15,Customer-17484,Picked
ORD03990,P00683,Deluxe HDMI Cable (Red),Electronics,8,Medium,2026-07-23 00:06,Customer-16135,Pending
ORD03991,P00519,Classic Stapler (Silver),Stationery,4,Urgent,2026-08-17 00:19,Customer-16564,Cancelled
ORD03992,P00143,Plus Water Bottle (Grey),Home,5,Urgent,2026-08-21 07:21,Customer-17243,Pending
ORD03993,P00285,Pro Travel Pouch (Silver),Accessories,7,Low,2026-08-22 16:42,Customer-12440,Cancelled
ORD03994,P00306,Compact Sandals (Grey),Footwear,8,Urgent,2026-07-13 08:16,Customer-19573,Pending
ORD03995,P00440,Premium Sunglasses (Silver),Accessories,8,Urgent,2026-07-20 07:36,Customer-10585,Picked
ORD03996,P00774,Standard Router (Green),Electronics,3,Urgent,2026-08-10 17:23,Customer-12729,Cancelled
ORD03997,P00551,Premium Cap (Silver),Accessories,3,High,2026-08-20 16:05,Customer-19474,Shipped
ORD03998,P00577,Compact Notebook (Silver),Stationery,1,Low,2026-08-14 10:30,Customer-17800,Pending
ORD03999,P00071,Mini Pen Set (White),Stationery,3,Medium,2026-07-29 18:19,Customer-12832,Picked
ORD04000,P00291,Lite Wireless Mouse (Silver),Electronics,2,Urgent,2026-07-23 15:19,Customer-12069,Cancelled
ORD04001,P00588,Standard Bed Sheet Set (Beige),Home,3,Urgent,2026-07-20 18:19,Customer-10354,Picking
ORD04002,P00414,Classic Sandals (Grey),Footwear,5,Urgent,2026-08-12 22:33,Customer-10582,Cancelled
ORD04003,P00189,Max Tablet Stand (Grey),Electronics,5,High,2026-08-01 00:13,Customer-18141,Pending
ORD04004,P00604,Premium Flip Flops (Red),Footwear,4,Urgent,2026-08-16 20:52,Customer-18422,Pending
ORD04005,P00559,Classic Belt (Grey),Accessories,4,Medium,2026-07-06 12:28,Customer-13081,Pending
ORD04006,P00468,Standard Power Bank (Silver),Electronics,5,High,2026-07-10 12:35,Customer-10686,Picked
ORD04007,P00765,Plus Wireless Mouse (White),Electronics,6,Urgent,2026-07-28 23:03,Customer-19000,Picking
ORD04008,P00506,Premium Bed Sheet Set (Grey),Home,6,Low,2026-08-27 23:25,Customer-18494,Picked
ORD04009,P00568,Compact Highlighter Set (Red),Stationery,8,Medium,2026-07-09 19:29,Customer-18294,Cancelled
ORD04010,P00697,Mini Calculator (Green),Stationery,7,Low,2026-07-28 04:52,Customer-14231,Cancelled
ORD04011,P00160,Pro Desk Organizer (Blue),Stationery,4,High,2026-07-16 12:57,Customer-18802,Shipped
ORD04012,P00261,Compact Sneakers (Beige),Footwear,6,Urgent,2026-07-16 00:37,Customer-14960,Shipped
ORD04013,P00286,Deluxe Cap (Beige),Accessories,2,Low,2026-08-12 00:43,Customer-14795,Picking
ORD04014,P00397,Mini Sandals (Blue),Footwear,5,Urgent,2026-08-02 22:24,Customer-16672,Shipped
ORD04015,P00087,Lite Belt (Silver),Accessories,5,Medium,2026-07-14 15:57,Customer-10417,Pending
ORD04016,P00072,Max Pen Set (Beige),Stationery,1,Urgent,2026-08-09 09:49,Customer-12571,Picked
ORD04017,P00721,Deluxe Sticky Notes (Beige),Stationery,2,Urgent,2026-07-11 10:33,Customer-16708,Pending
ORD04018,P00468,Standard Power Bank (Silver),Electronics,3,Urgent,2026-08-06 03:45,Customer-10376,Cancelled
ORD04019,P00410,Standard Backpack (Black),Accessories,3,Low,2026-08-25 13:28,Customer-12967,Pending
ORD04020,P00386,Plus Sticky Notes (White),Stationery,5,Low,2026-08-21 01:31,Customer-12959,Pending
ORD04021,P00161,Deluxe Wallet (Black),Accessories,7,High,2026-07-05 07:00,Customer-11137,Picked
ORD04022,P00070,Mini Calculator (Black),Stationery,3,Medium,2026-07-04 03:57,Customer-14208,Picking
ORD04023,P00187,Premium Sneakers (Grey),Footwear,6,Medium,2026-08-23 06:12,Customer-10069,Picked
ORD04024,P00447,Standard Keychain (Grey),Accessories,7,Medium,2026-08-18 08:12,Customer-12425,Cancelled
ORD04025,P00404,Deluxe Sneakers (Blue),Footwear,8,High,2026-07-12 05:35,Customer-14539,Shipped
ORD04026,P00141,Max Water Bottle (Beige),Home,4,Urgent,2026-08-14 18:57,Customer-18598,Cancelled
ORD04027,P00584,Standard Candle Holder (White),Home,1,Low,2026-08-14 16:11,Customer-10779,Picked
ORD04028,P00274,Deluxe Belt (Green),Accessories,3,Urgent,2026-08-05 10:26,Customer-13453,Shipped
ORD04029,P00289,Pro Marker Pack (Silver),Stationery,6,Low,2026-07-27 05:11,Customer-11200,Cancelled
ORD04030,P00640,Pro Boots (Black),Footwear,7,Low,2026-07-07 22:24,Customer-13276,Picked
ORD04031,P00716,Premium Handbag (Blue),Accessories,2,Medium,2026-07-14 11:40,Customer-12368,Pending
ORD04032,P00102,Max Cap (Red),Accessories,1,Low,2026-07-26 08:14,Customer-19147,Pending
ORD04033,P00237,Premium Door Mat (Red),Home,7,Medium,2026-08-09 18:06,Customer-19789,Picking
ORD04034,P00608,Max Boots (Green),Footwear,8,Urgent,2026-07-01 21:50,Customer-13140,Cancelled
ORD04035,P00228,Standard Highlighter Set (Black),Stationery,5,High,2026-08-21 07:27,Customer-17574,Pending
ORD04036,P00765,Plus Wireless Mouse (White),Electronics,5,High,2026-07-21 01:02,Customer-14876,Shipped
ORD04037,P00059,Premium Boots (Red),Footwear,5,High,2026-08-07 20:57,Customer-12100,Picking
ORD04038,P00323,Standard Umbrella (Beige),Accessories,2,Low,2026-08-10 12:19,Customer-14764,Pending
ORD04039,P00029,Standard Sandals (White),Footwear,6,High,2026-07-26 12:02,Customer-14318,Pending
ORD04040,P00273,Classic Router (Silver),Electronics,5,Medium,2026-07-21 05:10,Customer-17027,Picked
ORD04041,P00419,Classic Wallet (Red),Accessories,4,Low,2026-08-05 21:58,Customer-11302,Cancelled
ORD04042,P00044,Max Flip Flops (Grey),Footwear,3,Urgent,2026-07-09 04:36,Customer-16318,Picking
ORD04043,P00247,Premium Webcam (Beige),Electronics,8,Medium,2026-08-02 05:02,Customer-19474,Cancelled
ORD04044,P00730,Classic Boots (Grey),Footwear,5,Low,2026-08-13 10:33,Customer-15168,Shipped
ORD04045,P00472,Mini Desk Organizer (Blue),Stationery,7,Medium,2026-08-02 09:40,Customer-16204,Shipped
ORD04046,P00508,Plus Keyboard (Green),Electronics,7,Low,2026-08-04 07:51,Customer-14187,Cancelled
ORD04047,P00732,Premium Curtain (White),Home,4,Medium,2026-07-09 10:40,Customer-18362,Pending
ORD04048,P00403,Compact Bed Sheet Set (Beige),Home,5,Urgent,2026-08-23 04:14,Customer-13481,Picking
ORD04049,P00309,Lite Bluetooth Speaker (Black),Electronics,3,Urgent,2026-07-13 21:47,Customer-16934,Picked
ORD04050,P00761,Max Wall Clock (Beige),Home,4,High,2026-08-02 03:27,Customer-14648,Picked
ORD04051,P00708,Standard Sports Shoes (Black),Footwear,3,Urgent,2026-08-27 18:30,Customer-15016,Shipped
ORD04052,P00098,Classic Sports Shoes (Blue),Footwear,1,Medium,2026-07-02 04:49,Customer-19374,Cancelled
ORD04053,P00197,Pro Door Mat (Black),Home,1,Urgent,2026-07-29 16:58,Customer-15478,Cancelled
ORD04054,P00103,Max Monitor (Beige),Electronics,4,Low,2026-08-26 06:22,Customer-15992,Pending
ORD04055,P00782,Mini Handbag (Beige),Accessories,7,Urgent,2026-07-27 15:41,Customer-15286,Cancelled
ORD04056,P00683,Deluxe HDMI Cable (Red),Electronics,4,Low,2026-07-08 19:00,Customer-16762,Picked
ORD04057,P00210,Standard Marker Pack (White),Stationery,8,Urgent,2026-08-26 09:11,Customer-10595,Picked
ORD04058,P00470,Pro Loafers (Silver),Footwear,4,Medium,2026-08-19 01:15,Customer-11494,Pending
ORD04059,P00556,Standard Hiking Boots (Beige),Footwear,8,Medium,2026-07-05 12:00,Customer-10587,Cancelled
ORD04060,P00340,Standard Marker Pack (Beige),Stationery,4,Medium,2026-07-06 08:42,Customer-14462,Picked
ORD04061,P00115,Standard Photo Frame (Grey),Home,7,Medium,2026-07-20 01:37,Customer-10612,Picking
ORD04062,P00743,Mini Pen Set (Beige),Stationery,5,High,2026-08-25 07:21,Customer-12445,Pending
ORD04063,P00682,Standard Wall Clock (Green),Home,6,Medium,2026-08-21 01:23,Customer-10042,Picking
ORD04064,P00103,Max Monitor (Beige),Electronics,2,Medium,2026-07-14 04:33,Customer-15519,Cancelled
ORD04065,P00366,Max Boots (Blue),Footwear,6,High,2026-08-22 07:24,Customer-14390,Pending
ORD04066,P00623,Max Sunglasses (Green),Accessories,2,Low,2026-08-09 23:56,Customer-16413,Picked
ORD04067,P00331,Deluxe Wallet (Red),Accessories,7,Urgent,2026-07-20 17:25,Customer-11934,Cancelled
ORD04068,P00089,Classic Backpack (Green),Accessories,8,Urgent,2026-07-10 22:29,Customer-13352,Picking
ORD04069,P00562,Max Handbag (Black),Accessories,4,High,2026-07-05 00:37,Customer-15818,Picking
ORD04070,P00551,Premium Cap (Silver),Accessories,7,Urgent,2026-07-19 04:24,Customer-14701,Picked
ORD04071,P00713,Pro Slippers (Grey),Footwear,2,Low,2026-08-26 15:29,Customer-19495,Picking
ORD04072,P00073,Deluxe HDMI Cable (Red),Electronics,7,Medium,2026-08-29 13:23,Customer-11200,Picked
ORD04073,P00559,Classic Belt (Grey),Accessories,2,Urgent,2026-07-11 23:34,Customer-14821,Shipped
ORD04074,P00567,Plus Curtain (Beige),Home,3,Low,2026-08-15 09:18,Customer-11892,Pending
ORD04075,P00506,Premium Bed Sheet Set (Grey),Home,8,Urgent,2026-07-22 08:22,Customer-12834,Pending
ORD04076,P00384,Plus Wallet (White),Accessories,5,Medium,2026-07-20 00:31,Customer-10681,Picking
ORD04077,P00372,Pro Travel Pouch (Grey),Accessories,7,Low,2026-07-30 15:38,Customer-13664,Pending
ORD04078,P00204,Lite Sneakers (White),Footwear,2,High,2026-08-30 10:56,Customer-11920,Picking
ORD04079,P00798,Mini Loafers (Grey),Footwear,3,Medium,2026-07-07 18:45,Customer-13241,Picked
ORD04080,P00726,Max Storage Box (Beige),Home,7,Low,2026-08-30 15:42,Customer-16360,Picking
ORD04081,P00620,Plus Loafers (Beige),Footwear,4,Low,2026-07-11 03:02,Customer-12921,Pending
ORD04082,P00343,Mini Bluetooth Speaker (Black),Electronics,5,Medium,2026-07-21 15:52,Customer-10237,Shipped
ORD04083,P00003,Classic File Folder (Black),Stationery,5,Low,2026-07-07 23:56,Customer-11848,Picking
ORD04084,P00010,Plus Webcam (Grey),Electronics,5,Medium,2026-08-01 05:45,Customer-14223,Shipped
ORD04085,P00382,Lite Handbag (Beige),Accessories,4,Low,2026-07-21 00:18,Customer-11010,Pending
ORD04086,P00492,Max Umbrella (Blue),Accessories,2,High,2026-07-27 23:07,Customer-13094,Picked
ORD04087,P00242,Deluxe Keychain (Silver),Accessories,4,Low,2026-07-20 05:11,Customer-14510,Pending
ORD04088,P00454,Mini Router (Green),Electronics,2,Urgent,2026-08-01 20:53,Customer-10052,Shipped
ORD04089,P00680,Plus Sports Shoes (Grey),Footwear,7,Medium,2026-08-01 20:13,Customer-18770,Picking
ORD04090,P00345,Premium Curtain (Beige),Home,5,High,2026-07-30 20:20,Customer-18294,Shipped
ORD04091,P00572,Mini Calculator (Blue),Stationery,2,High,2026-08-04 04:44,Customer-13255,Picked
ORD04092,P00786,Standard Earbuds (Grey),Electronics,8,Urgent,2026-08-17 10:32,Customer-15538,Pending
ORD04093,P00491,Premium Belt (White),Accessories,1,Urgent,2026-07-19 17:25,Customer-17884,Picking
ORD04094,P00580,Plus Keyboard (White),Electronics,6,Low,2026-07-23 18:24,Customer-14068,Shipped
ORD04095,P00437,Plus Boots (Black),Footwear,8,High,2026-08-06 18:10,Customer-11602,Picking
ORD04096,P00775,Mini Photo Frame (Red),Home,7,High,2026-08-24 18:45,Customer-18504,Shipped
ORD04097,P00253,Deluxe Handbag (Beige),Accessories,8,Medium,2026-07-19 14:12,Customer-15042,Shipped
ORD04098,P00024,Premium Candle Holder (Blue),Home,2,High,2026-07-11 17:38,Customer-11368,Picked
ORD04099,P00202,Standard Keychain (Grey),Accessories,4,High,2026-08-02 15:20,Customer-19339,Picked
ORD04100,P00166,Compact Wallet (Green),Accessories,3,High,2026-08-10 11:58,Customer-18726,Cancelled
ORD04101,P00124,Mini Sneakers (Black),Footwear,7,Medium,2026-08-01 23:14,Customer-16257,Pending
ORD04102,P00301,Classic Hiking Boots (Black),Footwear,3,Low,2026-07-05 21:26,Customer-14613,Picked
ORD04103,P00472,Mini Desk Organizer (Blue),Stationery,1,Low,2026-08-12 07:20,Customer-14597,Cancelled
ORD04104,P00081,Pro Loafers (Red),Footwear,4,Medium,2026-07-19 17:13,Customer-18184,Cancelled
ORD04105,P00163,Deluxe Formal Shoes (Red),Footwear,3,Medium,2026-08-26 05:49,Customer-14652,Picking
ORD04106,P00238,Mini Bed Sheet Set (Beige),Home,1,Low,2026-07-30 14:12,Customer-18950,Cancelled
ORD04107,P00320,Deluxe Bed Sheet Set (Beige),Home,4,High,2026-07-20 14:16,Customer-16379,Pending
ORD04108,P00402,Premium Highlighter Set (Grey),Stationery,7,High,2026-07-14 04:41,Customer-18893,Picking
ORD04109,P00236,Compact Wall Clock (Grey),Home,2,High,2026-08-26 10:49,Customer-19589,Picked
ORD04110,P00482,Deluxe Monitor (Grey),Electronics,8,Medium,2026-08-15 17:16,Customer-15814,Picked
ORD04111,P00369,Plus Desk Organizer (Green),Stationery,1,High,2026-08-08 04:41,Customer-11995,Cancelled
ORD04112,P00422,Max Desk Organizer (Blue),Stationery,7,Medium,2026-08-15 21:51,Customer-19543,Picking
ORD04113,P00487,Premium Candle Holder (Silver),Home,5,Urgent,2026-08-24 09:07,Customer-12893,Cancelled
ORD04114,P00657,Deluxe Storage Box (Beige),Home,5,Medium,2026-08-07 12:33,Customer-14663,Cancelled
ORD04115,P00134,Max Wall Clock (Grey),Home,8,Urgent,2026-08-11 22:12,Customer-19272,Picked
ORD04116,P00619,Premium Table Lamp (Green),Home,2,Medium,2026-07-08 08:12,Customer-11812,Picking
ORD04117,P00409,Max HDMI Cable (Silver),Electronics,5,Low,2026-07-28 01:53,Customer-17712,Picking
ORD04118,P00593,Premium Notebook (Black),Stationery,2,Medium,2026-07-09 18:43,Customer-15087,Pending
ORD04119,P00752,Max Sports Shoes (Silver),Footwear,5,Low,2026-07-11 13:57,Customer-10031,Cancelled
ORD04120,P00182,Premium Scissors (Green),Stationery,2,Low,2026-07-19 02:52,Customer-11806,Shipped
ORD04121,P00665,Pro Wireless Mouse (Green),Electronics,6,High,2026-07-14 00:45,Customer-18456,Picked
ORD04122,P00705,Compact Sneakers (Blue),Footwear,3,Low,2026-07-24 21:09,Customer-11921,Cancelled
ORD04123,P00030,Deluxe Candle Holder (Silver),Home,6,Medium,2026-07-25 02:05,Customer-11499,Picking
ORD04124,P00556,Standard Hiking Boots (Beige),Footwear,6,Urgent,2026-08-25 07:52,Customer-12640,Pending
ORD04125,P00652,Plus Smart Watch (Black),Electronics,5,Medium,2026-08-13 10:53,Customer-17267,Picked
ORD04126,P00434,Classic Belt (Red),Accessories,7,Medium,2026-07-21 20:36,Customer-12033,Cancelled
ORD04127,P00223,Pro Handbag (Blue),Accessories,1,Medium,2026-08-12 17:11,Customer-17515,Pending
ORD04128,P00727,Premium Calculator (Beige),Stationery,4,Low,2026-07-15 22:20,Customer-12017,Picking
ORD04129,P00372,Pro Travel Pouch (Grey),Accessories,7,High,2026-07-03 01:25,Customer-11818,Picking
ORD04130,P00008,Mini Cap (Red),Accessories,6,Urgent,2026-07-20 22:24,Customer-13936,Cancelled
ORD04131,P00645,Deluxe Sneakers (Silver),Footwear,8,Medium,2026-08-29 22:26,Customer-11359,Cancelled
ORD04132,P00699,Pro Table Lamp (Blue),Home,3,Medium,2026-08-09 08:55,Customer-16132,Picking
ORD04133,P00271,Plus Curtain (Grey),Home,6,Medium,2026-07-03 20:22,Customer-18297,Cancelled
ORD04134,P00478,Compact Keychain (White),Accessories,4,Medium,2026-07-16 19:34,Customer-19754,Pending
ORD04135,P00582,Standard Power Bank (Blue),Electronics,6,Medium,2026-08-30 16:14,Customer-12565,Picking
ORD04136,P00615,Deluxe Cushion (Red),Home,8,Low,2026-07-15 04:28,Customer-10545,Picking
ORD04137,P00374,Pro Cap (White),Accessories,5,Medium,2026-08-27 09:46,Customer-19180,Picked
ORD04138,P00322,Max Door Mat (Beige),Home,3,High,2026-07-26 22:20,Customer-10623,Picked
ORD04139,P00302,Mini Belt (Red),Accessories,8,High,2026-08-15 16:36,Customer-19467,Pending
ORD04140,P00191,Compact Charger (Blue),Electronics,7,Low,2026-08-24 15:36,Customer-13904,Picking
ORD04141,P00668,Compact Table Lamp (Red),Home,4,Low,2026-08-03 07:40,Customer-10468,Shipped
ORD04142,P00765,Plus Wireless Mouse (White),Electronics,3,High,2026-07-20 14:46,Customer-10838,Pending
ORD04143,P00642,Classic Highlighter Set (Black),Stationery,8,Urgent,2026-07-07 18:15,Customer-19968,Picked
ORD04144,P00365,Max Sunglasses (White),Accessories,7,High,2026-08-13 10:00,Customer-12172,Cancelled
ORD04145,P00384,Plus Wallet (White),Accessories,2,Low,2026-08-29 02:02,Customer-16782,Picking
ORD04146,P00073,Deluxe HDMI Cable (Red),Electronics,7,Low,2026-08-01 16:04,Customer-14422,Cancelled
ORD04147,P00757,Classic Door Mat (Beige),Home,4,Low,2026-08-04 06:20,Customer-14631,Shipped
ORD04148,P00053,Max Candle Holder (White),Home,1,High,2026-07-22 13:13,Customer-16780,Shipped
ORD04149,P00250,Premium Tablet Stand (White),Electronics,7,Urgent,2026-08-17 00:20,Customer-12088,Shipped
ORD04150,P00642,Classic Highlighter Set (Black),Stationery,8,Urgent,2026-08-16 13:04,Customer-17477,Picked
ORD04151,P00515,Deluxe Stapler (Green),Stationery,1,Medium,2026-07-24 11:16,Customer-13709,Pending
ORD04152,P00545,Max Door Mat (Grey),Home,7,Medium,2026-08-27 01:16,Customer-18948,Picked
ORD04153,P00187,Premium Sneakers (Grey),Footwear,8,Low,2026-07-17 23:10,Customer-12017,Shipped
ORD04154,P00161,Deluxe Wallet (Black),Accessories,5,Low,2026-08-12 01:33,Customer-10949,Pending
ORD04155,P00252,Pro Storage Box (Silver),Home,2,Urgent,2026-07-27 18:30,Customer-16122,Cancelled
ORD04156,P00571,Compact Tablet Stand (Red),Electronics,8,Urgent,2026-07-16 17:00,Customer-13860,Picked
ORD04157,P00091,Compact File Folder (Black),Stationery,2,Medium,2026-08-13 09:33,Customer-19269,Shipped
ORD04158,P00265,Premium Wall Clock (Grey),Home,1,Urgent,2026-07-31 19:53,Customer-19893,Shipped
ORD04159,P00051,Max Umbrella (Blue),Accessories,5,Medium,2026-08-08 21:19,Customer-10825,Shipped
ORD04160,P00676,Plus Keyboard (Beige),Electronics,3,Medium,2026-07-07 12:49,Customer-13747,Picked
ORD04161,P00429,Max Webcam (White),Electronics,2,Medium,2026-07-10 16:23,Customer-15383,Picked
ORD04162,P00187,Premium Sneakers (Grey),Footwear,1,High,2026-07-24 16:27,Customer-17196,Cancelled
ORD04163,P00696,Standard Photo Frame (Silver),Home,1,Urgent,2026-07-17 19:03,Customer-15929,Cancelled
ORD04164,P00066,Compact Watch Strap (Silver),Accessories,4,Urgent,2026-07-11 10:10,Customer-18420,Picking
ORD04165,P00609,Premium HDMI Cable (Green),Electronics,4,Urgent,2026-08-01 22:13,Customer-11221,Shipped
ORD04166,P00653,Max Keyboard (White),Electronics,6,Urgent,2026-08-26 11:31,Customer-15773,Picking
ORD04167,P00151,Standard Power Bank (Green),Electronics,5,Medium,2026-07-19 16:03,Customer-10897,Cancelled
ORD04168,P00579,Max Charger (White),Electronics,1,Low,2026-08-08 11:14,Customer-11228,Picking
ORD04169,P00500,Lite Wireless Mouse (Silver),Electronics,7,Low,2026-08-04 21:35,Customer-10198,Cancelled
ORD04170,P00064,Mini Water Bottle (Beige),Home,1,Low,2026-08-04 22:57,Customer-10868,Picked
ORD04171,P00735,Max Table Lamp (Grey),Home,7,Medium,2026-07-06 10:52,Customer-10458,Picked
ORD04172,P00098,Classic Sports Shoes (Blue),Footwear,4,High,2026-07-09 00:28,Customer-19038,Picked
ORD04173,P00023,Plus Hiking Boots (Red),Footwear,5,Medium,2026-07-09 20:27,Customer-10666,Shipped
ORD04174,P00636,Pro Formal Shoes (Blue),Footwear,5,High,2026-07-02 20:18,Customer-18456,Cancelled
ORD04175,P00773,Pro Formal Shoes (Blue),Footwear,6,High,2026-07-18 11:04,Customer-11658,Shipped
ORD04176,P00195,Mini Photo Frame (Black),Home,5,Low,2026-07-14 07:53,Customer-11788,Picked
ORD04177,P00686,Standard Tablet Stand (Silver),Electronics,3,High,2026-08-02 14:43,Customer-14756,Pending
ORD04178,P00069,Classic Backpack (Silver),Accessories,5,Urgent,2026-07-23 14:06,Customer-14809,Cancelled
ORD04179,P00107,Classic Stapler (White),Stationery,7,High,2026-07-13 14:11,Customer-16302,Picked
ORD04180,P00553,Plus Formal Shoes (Blue),Footwear,6,High,2026-07-20 22:43,Customer-17728,Picking
ORD04181,P00550,Lite Wireless Mouse (White),Electronics,7,Medium,2026-07-19 15:04,Customer-16682,Pending
ORD04182,P00734,Premium Notebook (Red),Stationery,5,Medium,2026-08-07 06:03,Customer-16646,Cancelled
ORD04183,P00645,Deluxe Sneakers (Silver),Footwear,8,Urgent,2026-07-25 22:11,Customer-19946,Picking
ORD04184,P00083,Deluxe Stapler (Black),Stationery,6,Low,2026-08-26 09:20,Customer-19299,Cancelled
ORD04185,P00440,Premium Sunglasses (Silver),Accessories,2,High,2026-07-31 01:46,Customer-13999,Cancelled
ORD04186,P00766,Premium Storage Box (White),Home,5,Medium,2026-07-24 00:27,Customer-13566,Pending
ORD04187,P00475,Max Loafers (Green),Footwear,5,Medium,2026-08-29 08:41,Customer-17447,Cancelled
ORD04188,P00269,Lite Umbrella (Red),Accessories,1,High,2026-07-23 19:06,Customer-13831,Pending
ORD04189,P00492,Max Umbrella (Blue),Accessories,2,Medium,2026-08-13 04:06,Customer-16327,Picked
ORD04190,P00704,Plus Wireless Mouse (White),Electronics,3,Low,2026-07-03 21:04,Customer-10214,Pending
ORD04191,P00079,Deluxe Curtain (White),Home,4,Low,2026-08-16 04:59,Customer-16694,Cancelled
ORD04192,P00069,Classic Backpack (Silver),Accessories,2,Urgent,2026-07-03 20:58,Customer-13588,Shipped
ORD04193,P00541,Compact Running Shoes (Red),Footwear,2,Urgent,2026-07-06 00:12,Customer-10720,Picked
ORD04194,P00471,Plus Bed Sheet Set (Blue),Home,5,Medium,2026-07-01 07:08,Customer-14145,Picked
ORD04195,P00324,Standard Webcam (Green),Electronics,3,Medium,2026-07-21 23:06,Customer-16650,Shipped
ORD04196,P00138,Max Sandals (Beige),Footwear,2,Medium,2026-07-09 03:16,Customer-11242,Pending
ORD04197,P00008,Mini Cap (Red),Accessories,5,Medium,2026-08-21 17:23,Customer-12160,Shipped
ORD04198,P00363,Pro Sunglasses (White),Accessories,3,Urgent,2026-08-17 19:37,Customer-16661,Picked
ORD04199,P00366,Max Boots (Blue),Footwear,5,Low,2026-07-09 01:20,Customer-12828,Pending
ORD04200,P00001,Lite Wireless Mouse (Red),Electronics,8,Low,2026-07-01 15:01,Customer-14888,Pending
ORD04201,P00316,Premium Laptop Stand (White),Electronics,8,Low,2026-07-22 20:12,Customer-12712,Picking
ORD04202,P00184,Lite Wall Clock (Grey),Home,6,Medium,2026-08-16 03:43,Customer-17038,Cancelled
ORD04203,P00743,Mini Pen Set (Beige),Stationery,2,Medium,2026-07-18 06:51,Customer-19235,Picking
ORD04204,P00364,Max Calculator (Green),Stationery,2,Urgent,2026-07-27 03:42,Customer-18065,Picking
ORD04205,P00147,Premium Storage Box (Blue),Home,7,Urgent,2026-08-12 04:23,Customer-19680,Cancelled
ORD04206,P00740,Deluxe Running Shoes (Green),Footwear,4,Low,2026-07-04 17:04,Customer-17727,Shipped
ORD04207,P00253,Deluxe Handbag (Beige),Accessories,2,Urgent,2026-07-09 01:07,Customer-12785,Picked
ORD04208,P00707,Standard Cushion (Blue),Home,8,Medium,2026-07-18 14:02,Customer-19511,Picking
ORD04209,P00214,Premium Table Lamp (Grey),Home,6,Urgent,2026-07-31 01:19,Customer-15684,Pending
ORD04210,P00641,Standard Keyboard (Beige),Electronics,5,Urgent,2026-07-27 21:51,Customer-10327,Shipped
ORD04211,P00272,Standard Backpack (Grey),Accessories,8,High,2026-08-09 06:48,Customer-13724,Cancelled
ORD04212,P00470,Pro Loafers (Silver),Footwear,2,Urgent,2026-08-26 16:31,Customer-18598,Cancelled
ORD04213,P00148,Classic Calculator (Beige),Stationery,1,Low,2026-07-09 18:16,Customer-16189,Pending
ORD04214,P00332,Max Slippers (White),Footwear,6,Medium,2026-08-30 15:09,Customer-18771,Shipped
ORD04215,P00789,Lite Wallet (White),Accessories,5,High,2026-07-05 02:28,Customer-16038,Picking
ORD04216,P00709,Premium Marker Pack (Beige),Stationery,8,Low,2026-08-09 20:48,Customer-19719,Shipped
ORD04217,P00490,Compact Loafers (White),Footwear,3,Medium,2026-07-23 17:12,Customer-14443,Cancelled
ORD04218,P00402,Premium Highlighter Set (Grey),Stationery,1,Low,2026-08-04 18:41,Customer-10124,Picking
ORD04219,P00561,Deluxe Cap (Black),Accessories,8,High,2026-08-27 17:30,Customer-18117,Picking
ORD04220,P00215,Compact Wall Clock (Silver),Home,1,Medium,2026-08-20 01:08,Customer-17466,Pending
ORD04221,P00160,Pro Desk Organizer (Blue),Stationery,7,Low,2026-07-11 13:07,Customer-12947,Cancelled
ORD04222,P00394,Lite Formal Shoes (White),Footwear,3,Low,2026-08-05 03:23,Customer-13749,Picked
ORD04223,P00174,Premium Backpack (Green),Accessories,1,Medium,2026-08-17 15:42,Customer-12787,Shipped
ORD04224,P00556,Standard Hiking Boots (Beige),Footwear,5,Medium,2026-07-30 13:05,Customer-16457,Pending
ORD04225,P00646,Pro Backpack (Grey),Accessories,7,Medium,2026-08-29 13:26,Customer-18296,Cancelled
ORD04226,P00624,Deluxe Sports Shoes (Red),Footwear,3,Urgent,2026-07-22 18:34,Customer-11263,Picking
ORD04227,P00194,Premium Stapler (Silver),Stationery,5,Medium,2026-07-03 20:56,Customer-12072,Pending
ORD04228,P00490,Compact Loafers (White),Footwear,6,High,2026-08-25 01:38,Customer-14909,Cancelled
ORD04229,P00798,Mini Loafers (Grey),Footwear,7,Medium,2026-08-01 12:32,Customer-15735,Pending
ORD04230,P00291,Lite Wireless Mouse (Silver),Electronics,7,High,2026-07-29 09:59,Customer-14230,Pending
ORD04231,P00795,Pro Sunglasses (Black),Accessories,5,Urgent,2026-07-29 03:31,Customer-16631,Picking
ORD04232,P00094,Classic Storage Box (Grey),Home,7,Medium,2026-08-08 15:58,Customer-11560,Shipped
ORD04233,P00057,Max USB-C Cable (Red),Electronics,1,High,2026-07-05 20:05,Customer-13587,Shipped
ORD04234,P00601,Classic Highlighter Set (Green),Stationery,5,Low,2026-07-02 10:40,Customer-14354,Picking
ORD04235,P00120,Premium Door Mat (Red),Home,1,Low,2026-07-13 01:51,Customer-16466,Pending
ORD04236,P00384,Plus Wallet (White),Accessories,1,Medium,2026-08-15 13:36,Customer-16861,Cancelled
ORD04237,P00007,Mini Earbuds (Beige),Electronics,2,Low,2026-07-12 23:51,Customer-10854,Cancelled
ORD04238,P00520,Deluxe Keychain (Red),Accessories,1,Low,2026-08-15 16:47,Customer-12305,Picked
ORD04239,P00154,Classic Laptop Stand (Black),Electronics,8,Medium,2026-07-06 15:29,Customer-13849,Pending
ORD04240,P00774,Standard Router (Green),Electronics,8,Low,2026-08-21 02:33,Customer-12390,Picking
ORD04241,P00389,Standard Travel Pouch (Green),Accessories,7,Low,2026-08-24 11:36,Customer-17290,Picking
ORD04242,P00286,Deluxe Cap (Beige),Accessories,6,Low,2026-08-26 08:50,Customer-11016,Pending
ORD04243,P00755,Classic Backpack (White),Accessories,1,Urgent,2026-07-30 13:24,Customer-18670,Picked
ORD04244,P00569,Pro Hiking Boots (Silver),Footwear,5,Urgent,2026-07-30 08:45,Customer-14771,Shipped
ORD04245,P00359,Premium Hiking Boots (Green),Footwear,7,Low,2026-07-07 03:30,Customer-19577,Picking
ORD04246,P00114,Lite Charger (Grey),Electronics,8,Urgent,2026-07-14 00:20,Customer-19876,Picked
ORD04247,P00146,Standard Water Bottle (Green),Home,2,Low,2026-08-06 22:26,Customer-12008,Cancelled
ORD04248,P00430,Mini Scissors (Black),Stationery,1,Low,2026-08-12 19:27,Customer-18276,Picking
ORD04249,P00716,Premium Handbag (Blue),Accessories,3,Urgent,2026-08-13 04:42,Customer-11109,Shipped
ORD04250,P00262,Mini Sticky Notes (Blue),Stationery,6,Medium,2026-08-19 06:26,Customer-17579,Pending
ORD04251,P00253,Deluxe Handbag (Beige),Accessories,3,Medium,2026-07-20 21:54,Customer-19075,Pending
ORD04252,P00718,Pro Loafers (Red),Footwear,7,High,2026-08-23 06:00,Customer-14155,Cancelled
ORD04253,P00093,Compact Keychain (Blue),Accessories,1,Urgent,2026-07-21 18:19,Customer-14975,Picking
ORD04254,P00394,Lite Formal Shoes (White),Footwear,6,Low,2026-07-14 01:42,Customer-19291,Pending
ORD04255,P00685,Premium Cushion (Grey),Home,4,High,2026-07-31 07:40,Customer-10125,Picked
ORD04256,P00570,Pro Scissors (White),Stationery,8,Low,2026-07-08 07:22,Customer-12708,Picked
ORD04257,P00004,Max USB-C Cable (Black),Electronics,7,Low,2026-07-26 13:18,Customer-11513,Pending
ORD04258,P00066,Compact Watch Strap (Silver),Accessories,7,Urgent,2026-07-04 04:17,Customer-19382,Picked
ORD04259,P00762,Pro Charger (Black),Electronics,2,Low,2026-08-16 04:21,Customer-11500,Cancelled
ORD04260,P00628,Classic Flip Flops (Black),Footwear,3,Low,2026-07-19 10:48,Customer-15312,Picking
ORD04261,P00439,Premium Candle Holder (Beige),Home,2,Medium,2026-08-05 00:50,Customer-15842,Pending
ORD04262,P00687,Max Boots (Grey),Footwear,2,Low,2026-07-07 23:53,Customer-19160,Picked
ORD04263,P00059,Premium Boots (Red),Footwear,8,Medium,2026-07-21 16:19,Customer-13322,Shipped
ORD04264,P00662,Premium Power Bank (Green),Electronics,3,Medium,2026-07-07 19:24,Customer-11074,Picked
ORD04265,P00171,Lite Curtain (Green),Home,7,Urgent,2026-08-30 03:10,Customer-18611,Cancelled
ORD04266,P00693,Classic Hiking Boots (Beige),Footwear,3,Medium,2026-07-08 05:45,Customer-11038,Picked
ORD04267,P00732,Premium Curtain (White),Home,2,High,2026-07-15 13:22,Customer-11322,Cancelled
ORD04268,P00246,Max File Folder (Beige),Stationery,8,High,2026-07-20 07:50,Customer-10281,Pending
ORD04269,P00700,Plus Cap (Silver),Accessories,1,High,2026-08-05 03:54,Customer-12616,Cancelled
ORD04270,P00604,Premium Flip Flops (Red),Footwear,6,Low,2026-08-10 09:41,Customer-13722,Shipped
ORD04271,P00761,Max Wall Clock (Beige),Home,6,Low,2026-08-12 00:25,Customer-14862,Pending
ORD04272,P00023,Plus Hiking Boots (Red),Footwear,5,Medium,2026-08-20 01:41,Customer-12259,Pending
ORD04273,P00491,Premium Belt (White),Accessories,6,Medium,2026-07-12 12:06,Customer-10101,Picking
ORD04274,P00508,Plus Keyboard (Green),Electronics,5,Medium,2026-08-05 01:36,Customer-11304,Picking
ORD04275,P00243,Compact Slippers (Silver),Footwear,5,Medium,2026-07-03 02:56,Customer-15914,Picking
ORD04276,P00732,Premium Curtain (White),Home,6,Medium,2026-07-13 07:12,Customer-14757,Cancelled
ORD04277,P00724,Plus Sandals (Silver),Footwear,3,High,2026-07-24 06:25,Customer-18347,Picked
ORD04278,P00073,Deluxe HDMI Cable (Red),Electronics,2,High,2026-07-24 14:21,Customer-16423,Picking
ORD04279,P00152,Plus Slippers (Green),Footwear,6,Low,2026-08-01 23:02,Customer-11778,Picking
ORD04280,P00217,Deluxe Photo Frame (Grey),Home,4,Urgent,2026-07-18 06:34,Customer-15698,Shipped
ORD04281,P00102,Max Cap (Red),Accessories,4,Urgent,2026-08-27 05:16,Customer-11276,Pending
ORD04282,P00688,Standard Sports Shoes (White),Footwear,4,Low,2026-08-29 17:33,Customer-12288,Picking
ORD04283,P00714,Plus Bed Sheet Set (Beige),Home,8,Urgent,2026-08-08 06:26,Customer-18382,Picking
ORD04284,P00761,Max Wall Clock (Beige),Home,4,Medium,2026-07-12 08:25,Customer-12882,Picking
ORD04285,P00079,Deluxe Curtain (White),Home,2,Urgent,2026-07-11 16:00,Customer-18463,Cancelled
ORD04286,P00031,Compact Stapler (Black),Stationery,4,Urgent,2026-08-22 02:25,Customer-18312,Shipped
ORD04287,P00599,Lite Wall Clock (Black),Home,4,High,2026-08-21 21:08,Customer-13385,Pending
ORD04288,P00616,Compact Cushion (Green),Home,2,High,2026-08-29 09:35,Customer-18458,Cancelled
ORD04289,P00085,Pro Wallet (Blue),Accessories,7,Urgent,2026-08-27 08:51,Customer-12649,Pending
ORD04290,P00777,Lite Tablet Stand (Red),Electronics,3,Low,2026-08-16 10:27,Customer-18297,Pending
ORD04291,P00559,Classic Belt (Grey),Accessories,5,High,2026-07-11 20:24,Customer-13341,Picked
ORD04292,P00660,Mini Sports Shoes (Beige),Footwear,7,High,2026-08-17 06:26,Customer-18885,Picking
ORD04293,P00379,Pro Laptop Stand (Green),Electronics,1,Medium,2026-08-16 00:15,Customer-18892,Cancelled
ORD04294,P00793,Standard HDMI Cable (White),Electronics,8,Low,2026-08-11 03:12,Customer-18196,Pending
ORD04295,P00469,Standard File Folder (White),Stationery,8,Urgent,2026-08-07 02:58,Customer-12922,Picked
ORD04296,P00291,Lite Wireless Mouse (Silver),Electronics,5,Medium,2026-08-08 02:43,Customer-12596,Picking
ORD04297,P00672,Lite Sports Shoes (Beige),Footwear,7,Medium,2026-08-01 08:18,Customer-18425,Picked
ORD04298,P00029,Standard Sandals (White),Footwear,3,Low,2026-08-23 03:15,Customer-10479,Picking
ORD04299,P00591,Standard Earbuds (Black),Electronics,8,Medium,2026-07-04 16:16,Customer-14188,Picking
ORD04300,P00157,Max Sticky Notes (Blue),Stationery,5,Urgent,2026-08-28 07:07,Customer-11485,Picked
ORD04301,P00475,Max Loafers (Green),Footwear,4,Low,2026-08-05 05:07,Customer-13116,Cancelled
ORD04302,P00773,Pro Formal Shoes (Blue),Footwear,6,Low,2026-07-10 19:24,Customer-15850,Cancelled
ORD04303,P00385,Lite File Folder (Grey),Stationery,2,Medium,2026-08-07 22:01,Customer-10885,Picking
ORD04304,P00278,Lite Formal Shoes (Green),Footwear,5,Medium,2026-08-19 00:58,Customer-14541,Picked
ORD04305,P00248,Premium Storage Box (Black),Home,8,High,2026-08-08 08:31,Customer-12823,Shipped
ORD04306,P00195,Mini Photo Frame (Black),Home,5,Medium,2026-07-20 19:52,Customer-17289,Pending
ORD04307,P00519,Classic Stapler (Silver),Stationery,2,Urgent,2026-08-30 22:38,Customer-17765,Picked
ORD04308,P00608,Max Boots (Green),Footwear,7,Urgent,2026-08-04 09:19,Customer-14773,Picked
ORD04309,P00676,Plus Keyboard (Beige),Electronics,7,Medium,2026-08-08 14:03,Customer-18510,Picked
ORD04310,P00600,Mini Desk Organizer (Beige),Stationery,6,Low,2026-07-06 08:07,Customer-12013,Pending
ORD04311,P00495,Plus Keychain (Red),Accessories,7,Urgent,2026-07-04 22:29,Customer-11571,Picked
ORD04312,P00015,Max Tablet Stand (White),Electronics,3,High,2026-07-17 00:15,Customer-15560,Cancelled
ORD04313,P00428,Classic Cap (Green),Accessories,7,Medium,2026-07-02 01:07,Customer-18536,Picked
ORD04314,P00361,Standard Curtain (White),Home,3,Medium,2026-07-16 19:17,Customer-10375,Cancelled
ORD04315,P00688,Standard Sports Shoes (White),Footwear,5,High,2026-07-28 09:19,Customer-17125,Pending
ORD04316,P00753,Lite Handbag (Green),Accessories,5,Low,2026-07-25 16:43,Customer-11086,Cancelled
ORD04317,P00112,Max Calculator (Green),Stationery,5,Medium,2026-08-15 02:58,Customer-17202,Picked
ORD04318,P00452,Classic Curtain (Blue),Home,3,Low,2026-08-06 15:36,Customer-13499,Shipped
ORD04319,P00613,Plus Cushion (Grey),Home,1,Low,2026-07-02 01:57,Customer-13834,Pending
ORD04320,P00227,Standard Earbuds (Black),Electronics,6,Urgent,2026-08-08 14:11,Customer-17621,Shipped
ORD04321,P00282,Premium Wallet (White),Accessories,8,Medium,2026-08-08 13:45,Customer-13523,Picking
ORD04322,P00305,Classic Hiking Boots (Grey),Footwear,8,Urgent,2026-07-01 14:10,Customer-15250,Picked
ORD04323,P00346,Compact Belt (White),Accessories,2,High,2026-07-03 16:55,Customer-13384,Picking
ORD04324,P00794,Deluxe Curtain (Black),Home,4,Urgent,2026-07-27 11:39,Customer-17699,Picking
ORD04325,P00701,Premium Flip Flops (Green),Footwear,5,Low,2026-08-14 07:29,Customer-13671,Pending
ORD04326,P00514,Mini Scissors (Beige),Stationery,6,High,2026-08-16 02:37,Customer-14216,Pending
ORD04327,P00782,Mini Handbag (Beige),Accessories,7,Urgent,2026-07-14 05:20,Customer-10796,Pending
ORD04328,P00340,Standard Marker Pack (Beige),Stationery,6,High,2026-08-17 09:32,Customer-16244,Picking
ORD04329,P00174,Premium Backpack (Green),Accessories,2,Urgent,2026-07-19 22:27,Customer-17289,Cancelled
ORD04330,P00724,Plus Sandals (Silver),Footwear,6,Low,2026-08-27 01:36,Customer-17761,Cancelled
ORD04331,P00705,Compact Sneakers (Blue),Footwear,5,Low,2026-08-19 21:09,Customer-12310,Pending
ORD04332,P00381,Premium Slippers (Blue),Footwear,3,Urgent,2026-07-27 10:20,Customer-11436,Pending
ORD04333,P00531,Lite Sneakers (Grey),Footwear,7,High,2026-08-08 04:26,Customer-17698,Picking
ORD04334,P00409,Max HDMI Cable (Silver),Electronics,5,Urgent,2026-07-21 15:34,Customer-11303,Cancelled
ORD04335,P00559,Classic Belt (Grey),Accessories,5,Low,2026-07-09 08:41,Customer-17206,Picked
ORD04336,P00111,Standard Charger (Black),Electronics,2,High,2026-08-20 00:53,Customer-17588,Pending
ORD04337,P00663,Mini Wallet (White),Accessories,2,High,2026-08-02 09:18,Customer-11802,Cancelled
ORD04338,P00278,Lite Formal Shoes (Green),Footwear,3,High,2026-08-17 20:26,Customer-17649,Shipped
ORD04339,P00716,Premium Handbag (Blue),Accessories,5,High,2026-07-20 22:14,Customer-19767,Picked
ORD04340,P00443,Plus Stapler (White),Stationery,6,Low,2026-07-22 05:01,Customer-11710,Cancelled
ORD04341,P00710,Max Water Bottle (Red),Home,7,High,2026-08-18 02:54,Customer-15199,Picked
ORD04342,P00484,Lite Bed Sheet Set (Grey),Home,8,Medium,2026-07-22 00:23,Customer-15453,Shipped
ORD04343,P00114,Lite Charger (Grey),Electronics,8,High,2026-07-29 07:53,Customer-17344,Picked
ORD04344,P00691,Deluxe Travel Pouch (White),Accessories,4,Urgent,2026-08-11 10:38,Customer-19831,Cancelled
ORD04345,P00027,Mini Belt (Silver),Accessories,2,High,2026-08-10 05:59,Customer-14059,Picking
ORD04346,P00435,Lite Webcam (Beige),Electronics,2,High,2026-08-10 08:14,Customer-11760,Picked
ORD04347,P00364,Max Calculator (Green),Stationery,3,High,2026-07-25 14:35,Customer-17191,Picking
ORD04348,P00604,Premium Flip Flops (Red),Footwear,8,Low,2026-08-23 20:23,Customer-10331,Picked
ORD04349,P00695,Max Power Bank (Red),Electronics,5,Medium,2026-07-10 08:59,Customer-18855,Cancelled
ORD04350,P00424,Standard Hiking Boots (Blue),Footwear,4,Low,2026-07-08 15:02,Customer-14423,Picking
ORD04351,P00155,Pro Belt (Black),Accessories,6,Urgent,2026-07-23 04:02,Customer-16528,Picking
ORD04352,P00131,Premium Storage Box (Green),Home,8,Low,2026-08-16 00:48,Customer-15253,Picked
ORD04353,P00267,Pro Sticky Notes (Silver),Stationery,5,Urgent,2026-08-15 14:26,Customer-10255,Picked
ORD04354,P00154,Classic Laptop Stand (Black),Electronics,1,Low,2026-07-07 04:11,Customer-19677,Cancelled
ORD04355,P00531,Lite Sneakers (Grey),Footwear,8,Low,2026-07-31 09:11,Customer-10074,Pending
ORD04356,P00696,Standard Photo Frame (Silver),Home,7,Low,2026-08-22 00:04,Customer-16396,Shipped
ORD04357,P00587,Classic Running Shoes (Grey),Footwear,3,Low,2026-07-19 15:01,Customer-18806,Picking
ORD04358,P00398,Standard Water Bottle (Green),Home,1,Low,2026-08-28 02:19,Customer-19528,Cancelled
ORD04359,P00612,Deluxe USB-C Cable (Red),Electronics,8,High,2026-07-04 18:44,Customer-10268,Shipped
ORD04360,P00675,Mini Table Lamp (Grey),Home,4,High,2026-08-22 11:16,Customer-18525,Pending
ORD04361,P00014,Max Wireless Mouse (Grey),Electronics,4,Low,2026-07-10 20:12,Customer-12134,Picked
ORD04362,P00006,Deluxe Slippers (Grey),Footwear,4,Urgent,2026-08-16 03:46,Customer-19986,Picked
ORD04363,P00697,Mini Calculator (Green),Stationery,7,Medium,2026-07-14 15:27,Customer-16475,Shipped
ORD04364,P00293,Plus Door Mat (Beige),Home,6,Low,2026-07-23 23:02,Customer-13166,Picking
ORD04365,P00149,Classic Desk Organizer (White),Stationery,6,Urgent,2026-08-28 15:43,Customer-15987,Picked
ORD04366,P00665,Pro Wireless Mouse (Green),Electronics,8,Medium,2026-08-04 18:23,Customer-18205,Cancelled
ORD04367,P00012,Compact Table Lamp (Grey),Home,6,Medium,2026-08-04 01:44,Customer-17850,Picked
ORD04368,P00186,Compact Charger (Blue),Electronics,1,High,2026-07-01 16:07,Customer-18735,Cancelled
ORD04369,P00754,Mini Desk Organizer (Silver),Stationery,4,Medium,2026-07-14 13:57,Customer-13618,Shipped
ORD04370,P00097,Max Sticky Notes (Blue),Stationery,3,Medium,2026-07-27 23:00,Customer-13154,Cancelled
ORD04371,P00676,Plus Keyboard (Beige),Electronics,1,Urgent,2026-08-16 18:17,Customer-14029,Shipped
ORD04372,P00183,Plus Bed Sheet Set (Green),Home,5,High,2026-08-30 01:47,Customer-18772,Cancelled
ORD04373,P00304,Max Marker Pack (Green),Stationery,7,Low,2026-07-03 21:33,Customer-15185,Shipped
ORD04374,P00229,Plus Flip Flops (Silver),Footwear,6,High,2026-08-18 03:24,Customer-17625,Picked
ORD04375,P00112,Max Calculator (Green),Stationery,3,Urgent,2026-07-17 00:02,Customer-17942,Picking
ORD04376,P00088,Pro Backpack (Beige),Accessories,1,Medium,2026-07-29 21:56,Customer-16295,Pending
ORD04377,P00182,Premium Scissors (Green),Stationery,3,Medium,2026-07-17 17:43,Customer-18126,Pending
ORD04378,P00237,Premium Door Mat (Red),Home,2,High,2026-07-16 08:39,Customer-13125,Shipped
ORD04379,P00548,Mini Sports Shoes (Black),Footwear,1,Low,2026-07-02 12:49,Customer-18805,Picked
ORD04380,P00011,Premium Charger (White),Electronics,7,Medium,2026-08-26 01:50,Customer-12431,Cancelled
ORD04381,P00237,Premium Door Mat (Red),Home,6,Medium,2026-08-21 00:08,Customer-16000,Pending
ORD04382,P00450,Classic Highlighter Set (Blue),Stationery,4,High,2026-08-27 02:21,Customer-10120,Pending
ORD04383,P00706,Plus Sticky Notes (Beige),Stationery,3,High,2026-08-18 06:18,Customer-14911,Picked
ORD04384,P00698,Pro Laptop Stand (Grey),Electronics,2,High,2026-08-23 22:16,Customer-10647,Shipped
ORD04385,P00104,Pro Cap (Grey),Accessories,6,Medium,2026-07-01 00:19,Customer-17960,Pending
ORD04386,P00287,Max Wallet (Silver),Accessories,4,Low,2026-07-12 00:45,Customer-14172,Pending
ORD04387,P00772,Standard Sandals (Silver),Footwear,5,Urgent,2026-08-04 18:43,Customer-16137,Pending
ORD04388,P00127,Standard Door Mat (Red),Home,3,High,2026-08-16 08:30,Customer-12787,Picked
ORD04389,P00116,Max Sticky Notes (Beige),Stationery,3,Medium,2026-07-21 10:05,Customer-11011,Pending
ORD04390,P00027,Mini Belt (Silver),Accessories,4,High,2026-07-12 13:45,Customer-13189,Picking
ORD04391,P00739,Mini Hiking Boots (Red),Footwear,4,High,2026-07-12 00:29,Customer-18851,Picked
ORD04392,P00520,Deluxe Keychain (Red),Accessories,5,High,2026-07-11 22:58,Customer-18108,Picking
ORD04393,P00325,Mini Handbag (Silver),Accessories,3,High,2026-07-04 07:07,Customer-11636,Picked
ORD04394,P00633,Classic Water Bottle (Beige),Home,7,Urgent,2026-07-08 17:17,Customer-10858,Pending
ORD04395,P00615,Deluxe Cushion (Red),Home,6,High,2026-08-22 20:37,Customer-12325,Pending
ORD04396,P00001,Lite Wireless Mouse (Red),Electronics,8,Medium,2026-07-30 21:53,Customer-12934,Cancelled
ORD04397,P00091,Compact File Folder (Black),Stationery,4,Medium,2026-07-27 16:43,Customer-11975,Cancelled
ORD04398,P00664,Premium Sports Shoes (Beige),Footwear,2,Low,2026-07-28 17:33,Customer-19935,Cancelled
ORD04399,P00089,Classic Backpack (Green),Accessories,7,High,2026-08-14 04:37,Customer-10353,Pending
ORD04400,P00609,Premium HDMI Cable (Green),Electronics,2,Urgent,2026-08-29 15:53,Customer-15698,Picked
ORD04401,P00215,Compact Wall Clock (Silver),Home,7,Low,2026-07-11 08:58,Customer-10849,Pending
ORD04402,P00684,Mini Calculator (Black),Stationery,2,Urgent,2026-07-27 14:42,Customer-14942,Cancelled
ORD04403,P00535,Standard Calculator (Beige),Stationery,1,Low,2026-07-13 11:39,Customer-14298,Picked
ORD04404,P00390,Pro Flip Flops (Beige),Footwear,1,Urgent,2026-07-14 06:09,Customer-18963,Picking
ORD04405,P00648,Max Backpack (Blue),Accessories,8,High,2026-07-17 01:25,Customer-17100,Picked
ORD04406,P00149,Classic Desk Organizer (White),Stationery,4,Low,2026-08-28 23:50,Customer-12143,Picked
ORD04407,P00654,Deluxe Keychain (Beige),Accessories,1,Medium,2026-07-12 11:50,Customer-16205,Picked
ORD04408,P00422,Max Desk Organizer (Blue),Stationery,2,Low,2026-08-12 06:19,Customer-17285,Pending
ORD04409,P00146,Standard Water Bottle (Green),Home,5,Medium,2026-08-12 05:26,Customer-10310,Pending
ORD04410,P00234,Pro File Folder (Red),Stationery,6,Low,2026-07-02 23:28,Customer-12139,Picked
ORD04411,P00207,Lite Highlighter Set (Black),Stationery,3,Medium,2026-07-23 13:55,Customer-19556,Shipped
ORD04412,P00045,Premium Photo Frame (Silver),Home,4,Urgent,2026-08-11 16:53,Customer-16488,Cancelled
ORD04413,P00436,Lite Highlighter Set (Black),Stationery,8,Low,2026-08-19 21:19,Customer-11897,Cancelled
ORD04414,P00188,Deluxe Calculator (Grey),Stationery,3,High,2026-07-06 12:41,Customer-18898,Picked
ORD04415,P00296,Plus Charger (Red),Electronics,5,Urgent,2026-07-05 02:31,Customer-12318,Shipped
ORD04416,P00769,Mini Sports Shoes (Blue),Footwear,7,Low,2026-07-09 09:41,Customer-18517,Picked
ORD04417,P00328,Deluxe Notebook (Green),Stationery,2,Medium,2026-07-06 12:40,Customer-17074,Picking
ORD04418,P00170,Premium Calculator (Silver),Stationery,5,Urgent,2026-08-01 04:06,Customer-10292,Shipped
ORD04419,P00014,Max Wireless Mouse (Grey),Electronics,6,High,2026-07-27 10:25,Customer-17190,Cancelled
ORD04420,P00067,Lite Sneakers (Red),Footwear,8,Urgent,2026-07-26 18:39,Customer-15595,Shipped
ORD04421,P00309,Lite Bluetooth Speaker (Black),Electronics,8,Urgent,2026-08-25 18:11,Customer-17925,Picking
ORD04422,P00596,Lite Flip Flops (Red),Footwear,3,Low,2026-07-12 06:33,Customer-19230,Cancelled
ORD04423,P00098,Classic Sports Shoes (Blue),Footwear,4,High,2026-07-29 13:06,Customer-14433,Picked
ORD04424,P00231,Lite Sticky Notes (Silver),Stationery,5,High,2026-07-18 11:16,Customer-10342,Cancelled
ORD04425,P00653,Max Keyboard (White),Electronics,7,Low,2026-07-13 14:09,Customer-18275,Cancelled
ORD04426,P00668,Compact Table Lamp (Red),Home,4,Urgent,2026-07-18 22:50,Customer-10825,Picking
ORD04427,P00788,Compact Monitor (Blue),Electronics,6,High,2026-07-05 13:07,Customer-10709,Picked
ORD04428,P00410,Standard Backpack (Black),Accessories,6,Urgent,2026-07-24 13:18,Customer-13098,Picked
ORD04429,P00262,Mini Sticky Notes (Blue),Stationery,6,Medium,2026-07-05 17:09,Customer-17161,Picked
ORD04430,P00752,Max Sports Shoes (Silver),Footwear,6,Urgent,2026-08-26 01:54,Customer-19567,Shipped
ORD04431,P00765,Plus Wireless Mouse (White),Electronics,4,Medium,2026-07-24 09:33,Customer-10569,Picked
ORD04432,P00304,Max Marker Pack (Green),Stationery,5,High,2026-08-30 20:19,Customer-10286,Cancelled
ORD04433,P00381,Premium Slippers (Blue),Footwear,6,Medium,2026-07-26 11:42,Customer-14429,Cancelled
ORD04434,P00089,Classic Backpack (Green),Accessories,4,Urgent,2026-07-17 14:50,Customer-11603,Shipped
ORD04435,P00714,Plus Bed Sheet Set (Beige),Home,5,Medium,2026-08-21 21:53,Customer-14421,Picking
ORD04436,P00189,Max Tablet Stand (Grey),Electronics,4,High,2026-08-16 18:06,Customer-19393,Picked
ORD04437,P00684,Mini Calculator (Black),Stationery,8,Medium,2026-08-15 14:18,Customer-12544,Shipped
ORD04438,P00615,Deluxe Cushion (Red),Home,4,Urgent,2026-08-07 08:23,Customer-14558,Cancelled
ORD04439,P00329,Plus Keyboard (Beige),Electronics,6,Urgent,2026-08-28 20:42,Customer-19299,Picked
ORD04440,P00453,Plus Photo Frame (Silver),Home,7,Medium,2026-08-18 08:59,Customer-11100,Shipped
ORD04441,P00202,Standard Keychain (Grey),Accessories,3,Urgent,2026-08-19 17:28,Customer-10219,Picked
ORD04442,P00738,Plus Hiking Boots (Beige),Footwear,3,Medium,2026-08-21 07:24,Customer-11675,Picking
ORD04443,P00108,Plus File Folder (Green),Stationery,5,Low,2026-07-11 22:38,Customer-12608,Picking
ORD04444,P00108,Plus File Folder (Green),Stationery,7,Low,2026-07-08 14:27,Customer-16048,Picked
ORD04445,P00400,Compact Cushion (Red),Home,7,High,2026-07-21 06:37,Customer-10007,Pending
ORD04446,P00697,Mini Calculator (Green),Stationery,4,High,2026-07-27 21:19,Customer-15238,Cancelled
ORD04447,P00042,Mini Sticky Notes (Silver),Stationery,6,Low,2026-07-08 04:13,Customer-14838,Pending
ORD04448,P00470,Pro Loafers (Silver),Footwear,6,Medium,2026-08-30 15:33,Customer-16608,Cancelled
ORD04449,P00293,Plus Door Mat (Beige),Home,5,Low,2026-07-09 08:27,Customer-17258,Picking
ORD04450,P00349,Standard USB-C Cable (Black),Electronics,3,High,2026-08-26 08:17,Customer-16276,Picking
ORD04451,P00378,Compact Highlighter Set (Blue),Stationery,8,Medium,2026-08-13 04:42,Customer-11662,Shipped
ORD04452,P00126,Deluxe Candle Holder (Red),Home,6,Low,2026-08-08 12:49,Customer-16443,Picked
ORD04453,P00475,Max Loafers (Green),Footwear,5,Urgent,2026-08-06 14:10,Customer-16511,Picking
ORD04454,P00250,Premium Tablet Stand (White),Electronics,6,Medium,2026-08-04 20:19,Customer-18335,Shipped
ORD04455,P00118,Classic Bed Sheet Set (Grey),Home,2,Urgent,2026-08-10 17:49,Customer-10912,Shipped
ORD04456,P00585,Plus Sticky Notes (White),Stationery,8,Low,2026-08-07 05:00,Customer-19816,Picking
ORD04457,P00631,Max Running Shoes (Silver),Footwear,5,Low,2026-07-17 17:14,Customer-12528,Picking
ORD04458,P00319,Compact Curtain (Grey),Home,4,Low,2026-07-26 19:03,Customer-19840,Picking
ORD04459,P00516,Compact Calculator (Silver),Stationery,2,Medium,2026-07-29 17:20,Customer-16808,Picking
ORD04460,P00731,Lite Flip Flops (Blue),Footwear,4,Low,2026-08-17 22:50,Customer-19805,Picked
ORD04461,P00455,Lite Photo Frame (Red),Home,5,Urgent,2026-08-10 17:13,Customer-18187,Picking
ORD04462,P00229,Plus Flip Flops (Silver),Footwear,7,Urgent,2026-07-23 12:13,Customer-11896,Pending
ORD04463,P00482,Deluxe Monitor (Grey),Electronics,7,Low,2026-08-18 22:47,Customer-16276,Pending
ORD04464,P00377,Max Curtain (Green),Home,5,Medium,2026-07-20 13:03,Customer-10598,Picking
ORD04465,P00337,Plus Cap (Green),Accessories,2,Low,2026-08-19 20:19,Customer-15939,Picked
ORD04466,P00626,Premium Door Mat (Blue),Home,1,Low,2026-08-19 03:57,Customer-11787,Cancelled
ORD04467,P00320,Deluxe Bed Sheet Set (Beige),Home,5,Low,2026-08-04 18:39,Customer-16166,Pending
ORD04468,P00536,Lite Sunglasses (Black),Accessories,6,Low,2026-08-30 20:21,Customer-16410,Picked
ORD04469,P00440,Premium Sunglasses (Silver),Accessories,4,Low,2026-07-03 08:01,Customer-13321,Picking
ORD04470,P00290,Pro Watch Strap (Blue),Accessories,7,Low,2026-07-12 20:35,Customer-12926,Picking
ORD04471,P00512,Premium Bed Sheet Set (Blue),Home,3,Urgent,2026-07-09 23:09,Customer-17483,Picking
ORD04472,P00420,Premium Curtain (White),Home,6,Low,2026-08-05 06:01,Customer-16861,Shipped
ORD04473,P00238,Mini Bed Sheet Set (Beige),Home,1,Low,2026-08-25 06:52,Customer-10725,Shipped
ORD04474,P00163,Deluxe Formal Shoes (Red),Footwear,8,High,2026-08-15 07:35,Customer-13199,Shipped
ORD04475,P00383,Deluxe Photo Frame (Black),Home,7,Urgent,2026-08-10 14:55,Customer-14240,Shipped
ORD04476,P00716,Premium Handbag (Blue),Accessories,7,Medium,2026-08-09 08:46,Customer-17693,Pending
ORD04477,P00427,Classic Door Mat (Beige),Home,1,High,2026-07-24 05:22,Customer-12585,Shipped
ORD04478,P00113,Plus Table Lamp (Green),Home,3,High,2026-08-30 00:07,Customer-14184,Cancelled
ORD04479,P00723,Premium Sticky Notes (Grey),Stationery,6,Low,2026-07-24 05:26,Customer-12855,Picked
ORD04480,P00706,Plus Sticky Notes (Beige),Stationery,2,Low,2026-07-24 21:34,Customer-17053,Picked
ORD04481,P00551,Premium Cap (Silver),Accessories,7,Urgent,2026-07-17 17:39,Customer-14935,Cancelled
ORD04482,P00652,Plus Smart Watch (Black),Electronics,1,Medium,2026-07-07 15:40,Customer-17836,Cancelled
ORD04483,P00073,Deluxe HDMI Cable (Red),Electronics,4,High,2026-08-21 03:33,Customer-18509,Pending
ORD04484,P00503,Plus Watch Strap (Black),Accessories,4,High,2026-07-02 03:25,Customer-11898,Picked
ORD04485,P00404,Deluxe Sneakers (Blue),Footwear,8,Urgent,2026-08-08 00:32,Customer-15573,Picking
ORD04486,P00255,Compact Umbrella (Black),Accessories,1,Medium,2026-08-28 22:12,Customer-11419,Cancelled
ORD04487,P00549,Mini Door Mat (Grey),Home,7,Urgent,2026-07-19 03:16,Customer-16509,Cancelled
ORD04488,P00413,Pro Webcam (Green),Electronics,5,Medium,2026-07-17 15:14,Customer-16827,Cancelled
ORD04489,P00089,Classic Backpack (Green),Accessories,1,High,2026-07-06 18:45,Customer-10220,Cancelled
ORD04490,P00603,Lite Storage Box (Beige),Home,6,Low,2026-08-10 03:08,Customer-13488,Cancelled
ORD04491,P00710,Max Water Bottle (Red),Home,1,Medium,2026-08-29 16:55,Customer-10900,Picked
ORD04492,P00789,Lite Wallet (White),Accessories,2,Low,2026-07-25 09:18,Customer-11218,Shipped
ORD04493,P00416,Pro Notebook (Black),Stationery,2,High,2026-08-27 21:12,Customer-10058,Shipped
ORD04494,P00206,Standard Running Shoes (Silver),Footwear,5,Medium,2026-07-30 20:15,Customer-13175,Cancelled
ORD04495,P00430,Mini Scissors (Black),Stationery,1,Medium,2026-07-09 00:33,Customer-18436,Pending
ORD04496,P00528,Premium Scissors (Beige),Stationery,1,Medium,2026-08-21 03:30,Customer-17839,Picked
ORD04497,P00697,Mini Calculator (Green),Stationery,8,Medium,2026-08-23 00:52,Customer-18682,Picked
ORD04498,P00739,Mini Hiking Boots (Red),Footwear,3,Medium,2026-07-05 20:50,Customer-19664,Picking
ORD04499,P00514,Mini Scissors (Beige),Stationery,2,High,2026-08-11 20:27,Customer-18822,Cancelled
ORD04500,P00613,Plus Cushion (Grey),Home,8,High,2026-07-13 22:49,Customer-15543,Picked
ORD04501,P00775,Mini Photo Frame (Red),Home,5,Medium,2026-07-24 22:50,Customer-18870,Cancelled
ORD04502,P00024,Premium Candle Holder (Blue),Home,8,High,2026-08-01 02:56,Customer-11018,Pending
ORD04503,P00606,Standard Smart Watch (Beige),Electronics,6,High,2026-08-24 15:41,Customer-16484,Pending
ORD04504,P00785,Max Power Bank (Black),Electronics,6,Low,2026-07-26 05:39,Customer-18480,Picking
ORD04505,P00303,Compact Tablet Stand (Red),Electronics,7,Low,2026-08-03 11:23,Customer-13740,Shipped
ORD04506,P00220,Premium Bed Sheet Set (Grey),Home,6,Urgent,2026-07-05 06:40,Customer-12265,Cancelled
ORD04507,P00086,Deluxe Cap (Red),Accessories,4,Low,2026-08-07 10:18,Customer-19590,Shipped
ORD04508,P00235,Pro Laptop Stand (Blue),Electronics,8,High,2026-07-09 02:59,Customer-13224,Picking
ORD04509,P00574,Premium Hiking Boots (White),Footwear,7,High,2026-08-02 01:06,Customer-16463,Cancelled
ORD04510,P00783,Plus File Folder (Blue),Stationery,6,Low,2026-08-27 17:48,Customer-10649,Pending
ORD04511,P00118,Classic Bed Sheet Set (Grey),Home,1,High,2026-07-30 23:15,Customer-14431,Picking
ORD04512,P00123,Max Tablet Stand (Grey),Electronics,3,High,2026-08-08 23:52,Customer-13295,Picked
ORD04513,P00415,Premium Storage Box (Silver),Home,2,High,2026-07-17 18:21,Customer-14290,Picking
ORD04514,P00246,Max File Folder (Beige),Stationery,8,Urgent,2026-08-03 15:28,Customer-12834,Pending
ORD04515,P00331,Deluxe Wallet (Red),Accessories,5,High,2026-08-14 08:45,Customer-11128,Picking
ORD04516,P00656,Plus Cushion (Beige),Home,7,Urgent,2026-08-18 16:17,Customer-16224,Cancelled
ORD04517,P00192,Classic Backpack (Grey),Accessories,8,High,2026-08-18 07:27,Customer-18374,Shipped
ORD04518,P00035,Compact Sticky Notes (White),Stationery,5,Medium,2026-07-13 22:15,Customer-16576,Picked
ORD04519,P00705,Compact Sneakers (Blue),Footwear,4,Urgent,2026-07-30 19:05,Customer-10820,Shipped
ORD04520,P00408,Mini Bed Sheet Set (Beige),Home,1,Low,2026-08-28 04:24,Customer-10486,Pending
ORD04521,P00785,Max Power Bank (Black),Electronics,7,Urgent,2026-08-22 12:48,Customer-18997,Cancelled
ORD04522,P00447,Standard Keychain (Grey),Accessories,5,Medium,2026-08-12 07:31,Customer-13732,Picked
ORD04523,P00601,Classic Highlighter Set (Green),Stationery,5,Medium,2026-07-21 13:26,Customer-18074,Pending
ORD04524,P00417,Mini Belt (Beige),Accessories,6,Low,2026-07-11 06:50,Customer-13386,Picking
ORD04525,P00399,Deluxe Slippers (Grey),Footwear,7,Urgent,2026-07-02 17:15,Customer-10283,Pending
ORD04526,P00249,Deluxe Flip Flops (Green),Footwear,4,Urgent,2026-07-15 21:27,Customer-12946,Picking
ORD04527,P00023,Plus Hiking Boots (Red),Footwear,7,Low,2026-07-21 18:05,Customer-12613,Shipped
ORD04528,P00516,Compact Calculator (Silver),Stationery,8,High,2026-07-26 18:30,Customer-10643,Cancelled
ORD04529,P00089,Classic Backpack (Green),Accessories,1,High,2026-08-07 10:00,Customer-15613,Pending
ORD04530,P00213,Deluxe Keychain (Grey),Accessories,3,Urgent,2026-07-25 17:49,Customer-16559,Picking
ORD04531,P00520,Deluxe Keychain (Red),Accessories,6,Urgent,2026-08-25 12:58,Customer-14498,Picking
ORD04532,P00299,Lite Keyboard (Red),Electronics,6,Urgent,2026-08-20 11:16,Customer-11257,Shipped
ORD04533,P00539,Compact Stapler (Grey),Stationery,4,High,2026-08-20 19:37,Customer-11195,Pending
ORD04534,P00320,Deluxe Bed Sheet Set (Beige),Home,7,Low,2026-07-23 10:12,Customer-19017,Picked
ORD04535,P00541,Compact Running Shoes (Red),Footwear,4,High,2026-08-11 02:30,Customer-14331,Shipped
ORD04536,P00388,Deluxe Storage Box (White),Home,7,Low,2026-08-13 21:58,Customer-18699,Picking
ORD04537,P00631,Max Running Shoes (Silver),Footwear,1,Urgent,2026-07-19 21:48,Customer-17999,Picking
ORD04538,P00484,Lite Bed Sheet Set (Grey),Home,4,Low,2026-07-02 07:56,Customer-18095,Picked
ORD04539,P00443,Plus Stapler (White),Stationery,4,Medium,2026-07-25 11:06,Customer-10276,Cancelled
ORD04540,P00531,Lite Sneakers (Grey),Footwear,6,Low,2026-07-16 04:58,Customer-10501,Picked
ORD04541,P00273,Classic Router (Silver),Electronics,6,Medium,2026-07-31 16:19,Customer-12683,Cancelled
ORD04542,P00252,Pro Storage Box (Silver),Home,8,Medium,2026-08-03 10:12,Customer-12817,Pending
ORD04543,P00049,Pro USB-C Cable (Black),Electronics,5,High,2026-08-22 22:06,Customer-18911,Pending
ORD04544,P00357,Standard File Folder (Grey),Stationery,8,Medium,2026-07-26 14:56,Customer-18370,Cancelled
ORD04545,P00524,Premium Running Shoes (Green),Footwear,1,Urgent,2026-07-22 03:39,Customer-18536,Shipped
ORD04546,P00051,Max Umbrella (Blue),Accessories,1,Low,2026-08-18 18:14,Customer-16022,Picking
ORD04547,P00588,Standard Bed Sheet Set (Beige),Home,6,Low,2026-07-21 20:59,Customer-17396,Shipped
ORD04548,P00010,Plus Webcam (Grey),Electronics,5,High,2026-07-03 14:59,Customer-17849,Pending
ORD04549,P00605,Mini Boots (Silver),Footwear,4,Low,2026-08-16 20:32,Customer-15497,Picked
ORD04550,P00755,Classic Backpack (White),Accessories,5,High,2026-08-17 20:05,Customer-13542,Cancelled
ORD04551,P00661,Pro Handbag (White),Accessories,6,High,2026-07-01 18:06,Customer-16733,Picking
ORD04552,P00258,Mini Laptop Stand (Grey),Electronics,2,Low,2026-08-10 09:18,Customer-18116,Cancelled
ORD04553,P00042,Mini Sticky Notes (Silver),Stationery,8,Urgent,2026-07-24 10:54,Customer-15647,Picked
ORD04554,P00257,Standard Formal Shoes (White),Footwear,3,High,2026-08-01 16:16,Customer-16072,Cancelled
ORD04555,P00191,Compact Charger (Blue),Electronics,2,Medium,2026-07-24 20:30,Customer-18951,Pending
ORD04556,P00572,Mini Calculator (Blue),Stationery,5,Medium,2026-08-10 18:58,Customer-19368,Picking
ORD04557,P00100,Standard Formal Shoes (Black),Footwear,4,Urgent,2026-08-29 05:44,Customer-10650,Picked
ORD04558,P00534,Lite Stapler (White),Stationery,7,Low,2026-08-13 17:40,Customer-19853,Picked
ORD04559,P00390,Pro Flip Flops (Beige),Footwear,5,Urgent,2026-07-06 23:07,Customer-16294,Picked
ORD04560,P00751,Compact Wallet (Beige),Accessories,2,Medium,2026-08-15 08:10,Customer-11699,Shipped
ORD04561,P00565,Deluxe Handbag (Red),Accessories,5,Urgent,2026-08-11 04:39,Customer-10490,Picked
ORD04562,P00411,Plus Bed Sheet Set (Red),Home,4,High,2026-08-07 10:39,Customer-16743,Picking
ORD04563,P00284,Standard Earbuds (Black),Electronics,4,Urgent,2026-08-08 11:45,Customer-12952,Picked
ORD04564,P00772,Standard Sandals (Silver),Footwear,8,Low,2026-08-28 01:58,Customer-15521,Picking
ORD04565,P00344,Premium Power Bank (Beige),Electronics,7,Low,2026-08-13 17:46,Customer-16407,Shipped
ORD04566,P00219,Classic Keychain (Blue),Accessories,1,High,2026-08-08 19:45,Customer-12379,Pending
ORD04567,P00114,Lite Charger (Grey),Electronics,3,Medium,2026-08-28 02:33,Customer-15268,Cancelled
ORD04568,P00440,Premium Sunglasses (Silver),Accessories,6,Medium,2026-07-08 11:12,Customer-17905,Cancelled
ORD04569,P00592,Pro Sneakers (White),Footwear,5,Medium,2026-08-16 03:57,Customer-11659,Cancelled
ORD04570,P00695,Max Power Bank (Red),Electronics,2,Low,2026-08-01 16:23,Customer-18400,Picking
ORD04571,P00708,Standard Sports Shoes (Black),Footwear,8,Low,2026-07-15 10:38,Customer-12312,Cancelled
ORD04572,P00603,Lite Storage Box (Beige),Home,1,High,2026-08-27 11:11,Customer-13595,Shipped
ORD04573,P00113,Plus Table Lamp (Green),Home,6,Low,2026-07-03 12:22,Customer-10184,Picking
ORD04574,P00203,Classic Desk Organizer (White),Stationery,1,Medium,2026-07-21 13:24,Customer-17302,Picking
ORD04575,P00156,Max USB-C Cable (Black),Electronics,3,High,2026-08-14 16:01,Customer-14467,Picking
ORD04576,P00716,Premium Handbag (Blue),Accessories,6,Urgent,2026-08-14 13:11,Customer-11681,Shipped
ORD04577,P00138,Max Sandals (Beige),Footwear,7,Low,2026-08-01 07:20,Customer-11059,Cancelled
ORD04578,P00378,Compact Highlighter Set (Blue),Stationery,2,Medium,2026-07-07 10:01,Customer-17237,Shipped
ORD04579,P00477,Lite Flip Flops (Blue),Footwear,7,High,2026-07-11 20:24,Customer-11905,Picked
ORD04580,P00631,Max Running Shoes (Silver),Footwear,1,Low,2026-07-19 01:19,Customer-12331,Shipped
ORD04581,P00524,Premium Running Shoes (Green),Footwear,2,Urgent,2026-08-05 21:38,Customer-18494,Cancelled
ORD04582,P00068,Compact Router (Black),Electronics,3,High,2026-08-21 12:27,Customer-14595,Picked
ORD04583,P00038,Premium Scissors (Black),Stationery,7,Urgent,2026-07-12 21:18,Customer-18402,Picking
ORD04584,P00341,Mini Photo Frame (Green),Home,8,Medium,2026-08-30 05:29,Customer-13478,Picked
ORD04585,P00662,Premium Power Bank (Green),Electronics,1,Medium,2026-07-28 19:07,Customer-18988,Picked
ORD04586,P00163,Deluxe Formal Shoes (Red),Footwear,5,Medium,2026-07-01 03:06,Customer-14113,Cancelled
ORD04587,P00184,Lite Wall Clock (Grey),Home,8,Low,2026-08-15 20:21,Customer-17661,Picked
ORD04588,P00444,Lite Webcam (Grey),Electronics,6,High,2026-08-11 01:44,Customer-18531,Shipped
ORD04589,P00419,Classic Wallet (Red),Accessories,2,Medium,2026-08-21 00:31,Customer-15611,Picking
ORD04590,P00774,Standard Router (Green),Electronics,3,Medium,2026-08-23 20:33,Customer-11427,Picking
ORD04591,P00761,Max Wall Clock (Beige),Home,8,High,2026-07-19 10:59,Customer-13081,Picking
ORD04592,P00405,Premium Backpack (Green),Accessories,5,Urgent,2026-08-29 23:07,Customer-18527,Pending
ORD04593,P00616,Compact Cushion (Green),Home,5,Medium,2026-08-27 20:32,Customer-14694,Cancelled
ORD04594,P00585,Plus Sticky Notes (White),Stationery,3,Urgent,2026-07-06 11:23,Customer-18534,Picked
ORD04595,P00144,Compact Candle Holder (Red),Home,4,Medium,2026-08-12 13:25,Customer-19997,Cancelled
ORD04596,P00112,Max Calculator (Green),Stationery,3,Urgent,2026-08-22 00:55,Customer-15171,Shipped
ORD04597,P00685,Premium Cushion (Grey),Home,7,Medium,2026-08-16 03:12,Customer-14523,Cancelled
ORD04598,P00770,Deluxe Smart Watch (Black),Electronics,7,Urgent,2026-07-15 20:27,Customer-12748,Pending
ORD04599,P00321,Pro Earbuds (Red),Electronics,8,Urgent,2026-07-14 11:44,Customer-10583,Pending
ORD04600,P00589,Premium Sneakers (Green),Footwear,7,High,2026-07-05 08:07,Customer-14685,Shipped
ORD04601,P00771,Premium Sticky Notes (Green),Stationery,3,Urgent,2026-08-03 21:59,Customer-12065,Picking
ORD04602,P00362,Plus Wall Clock (Red),Home,3,Medium,2026-08-06 21:49,Customer-14758,Picking
ORD04603,P00473,Classic Bed Sheet Set (White),Home,3,High,2026-08-07 18:14,Customer-10623,Shipped
ORD04604,P00429,Max Webcam (White),Electronics,5,Medium,2026-08-01 21:18,Customer-16792,Shipped
ORD04605,P00508,Plus Keyboard (Green),Electronics,4,Low,2026-07-05 21:41,Customer-10786,Shipped
ORD04606,P00049,Pro USB-C Cable (Black),Electronics,1,Medium,2026-07-07 02:36,Customer-15981,Shipped
ORD04607,P00796,Mini Running Shoes (Silver),Footwear,4,High,2026-08-02 03:47,Customer-15614,Shipped
ORD04608,P00569,Pro Hiking Boots (Silver),Footwear,4,Low,2026-07-24 04:51,Customer-11523,Pending
ORD04609,P00487,Premium Candle Holder (Silver),Home,2,Medium,2026-08-28 21:27,Customer-16610,Cancelled
ORD04610,P00110,Max Curtain (Grey),Home,8,Urgent,2026-07-06 16:42,Customer-18212,Cancelled
ORD04611,P00500,Lite Wireless Mouse (Silver),Electronics,2,Medium,2026-07-30 22:45,Customer-19008,Cancelled
ORD04612,P00123,Max Tablet Stand (Grey),Electronics,7,High,2026-08-18 02:29,Customer-13864,Cancelled
ORD04613,P00211,Mini Marker Pack (Grey),Stationery,5,Urgent,2026-08-12 11:04,Customer-18248,Shipped
ORD04614,P00070,Mini Calculator (Black),Stationery,6,Low,2026-08-22 08:15,Customer-11294,Picked
ORD04615,P00412,Plus Table Lamp (Red),Home,2,Urgent,2026-07-17 02:16,Customer-10800,Pending
ORD04616,P00265,Premium Wall Clock (Grey),Home,2,Medium,2026-08-14 08:15,Customer-10730,Shipped
ORD04617,P00672,Lite Sports Shoes (Beige),Footwear,7,Medium,2026-07-30 21:39,Customer-19694,Pending
ORD04618,P00057,Max USB-C Cable (Red),Electronics,8,Urgent,2026-07-18 15:07,Customer-18878,Shipped
ORD04619,P00065,Lite Keyboard (Silver),Electronics,7,High,2026-07-28 13:00,Customer-19651,Pending
ORD04620,P00056,Standard Wireless Mouse (Green),Electronics,8,Medium,2026-07-13 21:36,Customer-12840,Picking
ORD04621,P00483,Standard Hiking Boots (Black),Footwear,4,Low,2026-08-16 02:01,Customer-16939,Picking
ORD04622,P00243,Compact Slippers (Silver),Footwear,5,Low,2026-07-11 01:44,Customer-10067,Pending
ORD04623,P00150,Premium Storage Box (Blue),Home,1,Medium,2026-08-05 20:12,Customer-16666,Picking
ORD04624,P00640,Pro Boots (Black),Footwear,7,Low,2026-07-12 17:23,Customer-19633,Picking
ORD04625,P00240,Standard Power Bank (Green),Electronics,3,Urgent,2026-08-05 06:59,Customer-11538,Picking
ORD04626,P00297,Max Door Mat (Green),Home,2,Medium,2026-07-13 21:02,Customer-18346,Shipped
ORD04627,P00448,Standard Headphones (Green),Electronics,1,High,2026-07-21 20:41,Customer-19701,Cancelled
ORD04628,P00404,Deluxe Sneakers (Blue),Footwear,2,Urgent,2026-07-12 22:11,Customer-19027,Pending
ORD04629,P00207,Lite Highlighter Set (Black),Stationery,7,Medium,2026-07-11 21:26,Customer-13147,Picked
ORD04630,P00605,Mini Boots (Silver),Footwear,4,Medium,2026-07-07 06:44,Customer-18266,Picking
ORD04631,P00690,Standard Calculator (Black),Stationery,4,Low,2026-08-08 23:34,Customer-14618,Shipped
ORD04632,P00538,Max Umbrella (Red),Accessories,3,Medium,2026-08-17 15:05,Customer-15427,Cancelled
ORD04633,P00128,Pro Running Shoes (Beige),Footwear,8,Urgent,2026-08-25 07:50,Customer-13548,Picking
ORD04634,P00582,Standard Power Bank (Blue),Electronics,8,High,2026-07-11 23:06,Customer-13238,Picking
ORD04635,P00567,Plus Curtain (Beige),Home,3,High,2026-08-17 05:19,Customer-12999,Shipped
ORD04636,P00328,Deluxe Notebook (Green),Stationery,2,High,2026-07-28 20:52,Customer-18681,Shipped
ORD04637,P00051,Max Umbrella (Blue),Accessories,6,Medium,2026-08-03 21:38,Customer-14611,Pending
ORD04638,P00344,Premium Power Bank (Beige),Electronics,8,Medium,2026-07-28 01:29,Customer-15765,Picking
ORD04639,P00188,Deluxe Calculator (Grey),Stationery,2,High,2026-07-27 20:20,Customer-16897,Cancelled
ORD04640,P00042,Mini Sticky Notes (Silver),Stationery,1,High,2026-08-13 09:36,Customer-14904,Cancelled
ORD04641,P00629,Classic Tablet Stand (Black),Electronics,5,Urgent,2026-07-11 16:13,Customer-10206,Shipped
ORD04642,P00101,Max Cushion (Silver),Home,8,Low,2026-08-12 23:02,Customer-18122,Picked
ORD04643,P00758,Lite Sandals (Blue),Footwear,7,Urgent,2026-07-19 13:02,Customer-10008,Picked
ORD04644,P00795,Pro Sunglasses (Black),Accessories,5,Medium,2026-07-29 12:37,Customer-18160,Cancelled
ORD04645,P00289,Pro Marker Pack (Silver),Stationery,8,Medium,2026-07-13 17:09,Customer-13772,Shipped
ORD04646,P00220,Premium Bed Sheet Set (Grey),Home,4,High,2026-08-11 09:24,Customer-16496,Cancelled
ORD04647,P00354,Plus Calculator (White),Stationery,8,High,2026-07-19 07:21,Customer-14189,Picked
ORD04648,P00281,Premium Boots (Grey),Footwear,8,Urgent,2026-08-21 19:53,Customer-12677,Picking
ORD04649,P00387,Plus Sticky Notes (Grey),Stationery,6,Urgent,2026-08-23 20:19,Customer-14753,Picking
ORD04650,P00427,Classic Door Mat (Beige),Home,3,Urgent,2026-08-24 09:10,Customer-10985,Cancelled
ORD04651,P00099,Max Watch Strap (Grey),Accessories,6,Medium,2026-07-14 02:07,Customer-13862,Picked
ORD04652,P00763,Pro Slippers (Blue),Footwear,3,Low,2026-07-05 15:38,Customer-10276,Cancelled
ORD04653,P00590,Max Boots (White),Footwear,4,Low,2026-08-02 06:42,Customer-10361,Shipped
ORD04654,P00680,Plus Sports Shoes (Grey),Footwear,1,Urgent,2026-07-24 15:55,Customer-13363,Shipped
ORD04655,P00276,Classic Formal Shoes (Grey),Footwear,7,Low,2026-08-20 11:11,Customer-19121,Picking
ORD04656,P00439,Premium Candle Holder (Beige),Home,8,Low,2026-07-21 06:20,Customer-19971,Picking
ORD04657,P00270,Pro Door Mat (Red),Home,2,Urgent,2026-08-06 04:46,Customer-15421,Cancelled
ORD04658,P00646,Pro Backpack (Grey),Accessories,4,Urgent,2026-08-24 14:10,Customer-18941,Pending
ORD04659,P00302,Mini Belt (Red),Accessories,5,Low,2026-08-30 17:33,Customer-19979,Picked
ORD04660,P00027,Mini Belt (Silver),Accessories,1,Medium,2026-07-30 19:38,Customer-11694,Picked
ORD04661,P00600,Mini Desk Organizer (Beige),Stationery,1,Low,2026-07-25 20:49,Customer-10994,Picking
ORD04662,P00339,Classic Bluetooth Speaker (White),Electronics,3,Low,2026-08-08 05:07,Customer-10174,Shipped
ORD04663,P00078,Pro Photo Frame (Black),Home,6,Urgent,2026-07-02 14:44,Customer-10953,Cancelled
ORD04664,P00102,Max Cap (Red),Accessories,2,Medium,2026-08-14 04:30,Customer-14008,Shipped
ORD04665,P00153,Standard Wall Clock (Grey),Home,2,Low,2026-08-20 14:45,Customer-17912,Picked
ORD04666,P00007,Mini Earbuds (Beige),Electronics,5,Low,2026-08-20 18:57,Customer-19460,Shipped
ORD04667,P00373,Classic Door Mat (Black),Home,4,Urgent,2026-08-29 18:46,Customer-11924,Picked
ORD04668,P00756,Pro Water Bottle (Blue),Home,6,Urgent,2026-07-27 10:30,Customer-16898,Picked
ORD04669,P00220,Premium Bed Sheet Set (Grey),Home,3,High,2026-07-23 04:57,Customer-16320,Shipped
ORD04670,P00002,Pro Sandals (White),Footwear,8,Medium,2026-07-04 16:32,Customer-11721,Cancelled
ORD04671,P00562,Max Handbag (Black),Accessories,3,Low,2026-08-07 18:49,Customer-15776,Shipped
ORD04672,P00099,Max Watch Strap (Grey),Accessories,8,High,2026-08-23 11:37,Customer-13168,Pending
ORD04673,P00704,Plus Wireless Mouse (White),Electronics,6,Medium,2026-08-09 23:19,Customer-17755,Cancelled
ORD04674,P00417,Mini Belt (Beige),Accessories,2,Low,2026-08-29 04:25,Customer-15187,Cancelled
ORD04675,P00259,Plus Wireless Mouse (Black),Electronics,4,Urgent,2026-07-10 03:04,Customer-10606,Cancelled
ORD04676,P00210,Standard Marker Pack (White),Stationery,3,Urgent,2026-07-15 15:41,Customer-16681,Picked
ORD04677,P00412,Plus Table Lamp (Red),Home,1,Low,2026-07-17 04:38,Customer-17015,Shipped
ORD04678,P00177,Compact Notebook (Red),Stationery,4,Low,2026-08-26 01:52,Customer-11390,Cancelled
ORD04679,P00643,Premium Formal Shoes (Beige),Footwear,2,Urgent,2026-07-28 18:47,Customer-12974,Cancelled
ORD04680,P00719,Mini Wallet (Green),Accessories,3,Low,2026-08-30 17:20,Customer-13297,Cancelled
ORD04681,P00704,Plus Wireless Mouse (White),Electronics,3,Low,2026-07-01 09:58,Customer-15112,Cancelled
ORD04682,P00671,Mini Umbrella (White),Accessories,1,High,2026-07-14 23:41,Customer-11221,Picked
ORD04683,P00110,Max Curtain (Grey),Home,3,High,2026-08-27 04:25,Customer-17058,Picked
ORD04684,P00658,Deluxe Earbuds (Grey),Electronics,2,Low,2026-08-17 21:28,Customer-17581,Picking
ORD04685,P00596,Lite Flip Flops (Red),Footwear,3,Medium,2026-08-28 17:46,Customer-17671,Cancelled
ORD04686,P00202,Standard Keychain (Grey),Accessories,4,Low,2026-08-08 14:43,Customer-18703,Pending
ORD04687,P00131,Premium Storage Box (Green),Home,1,Medium,2026-07-21 06:07,Customer-13607,Picking
ORD04688,P00336,Classic Stapler (Blue),Stationery,7,Urgent,2026-07-13 14:19,Customer-10667,Pending
ORD04689,P00651,Standard Scissors (Blue),Stationery,2,High,2026-07-09 01:41,Customer-14004,Pending
ORD04690,P00492,Max Umbrella (Blue),Accessories,1,Urgent,2026-07-20 08:06,Customer-12322,Picking
ORD04691,P00090,Mini Boots (Silver),Footwear,5,High,2026-07-13 09:32,Customer-16804,Picked
ORD04692,P00131,Premium Storage Box (Green),Home,1,Urgent,2026-07-09 15:49,Customer-10519,Shipped
ORD04693,P00655,Lite Backpack (Silver),Accessories,6,High,2026-07-25 19:50,Customer-10771,Picked
ORD04694,P00721,Deluxe Sticky Notes (Beige),Stationery,1,Urgent,2026-07-05 15:54,Customer-11095,Cancelled
ORD04695,P00644,Pro Keychain (Black),Accessories,2,Medium,2026-08-12 00:10,Customer-18264,Pending
ORD04696,P00523,Deluxe Running Shoes (White),Footwear,2,Urgent,2026-08-03 19:30,Customer-11035,Picked
ORD04697,P00024,Premium Candle Holder (Blue),Home,5,Urgent,2026-08-30 10:49,Customer-12712,Picking
ORD04698,P00743,Mini Pen Set (Beige),Stationery,1,Urgent,2026-08-01 06:33,Customer-11860,Picking
ORD04699,P00516,Compact Calculator (Silver),Stationery,6,Urgent,2026-08-11 11:18,Customer-18540,Picking
ORD04700,P00405,Premium Backpack (Green),Accessories,1,High,2026-08-12 13:19,Customer-19275,Pending
ORD04701,P00604,Premium Flip Flops (Red),Footwear,4,Urgent,2026-08-14 03:32,Customer-17189,Cancelled
ORD04702,P00604,Premium Flip Flops (Red),Footwear,5,High,2026-07-09 14:52,Customer-18074,Pending
ORD04703,P00615,Deluxe Cushion (Red),Home,1,Medium,2026-07-09 11:42,Customer-16060,Pending
ORD04704,P00311,Premium Laptop Stand (Green),Electronics,5,Low,2026-07-12 03:05,Customer-18815,Cancelled
ORD04705,P00124,Mini Sneakers (Black),Footwear,6,Low,2026-08-15 00:56,Customer-11052,Pending
ORD04706,P00580,Plus Keyboard (White),Electronics,4,Medium,2026-08-01 19:08,Customer-18838,Picking
ORD04707,P00348,Compact Highlighter Set (Grey),Stationery,2,High,2026-08-24 06:18,Customer-17660,Picked
ORD04708,P00234,Pro File Folder (Red),Stationery,3,Medium,2026-08-07 23:00,Customer-17749,Cancelled
ORD04709,P00633,Classic Water Bottle (Beige),Home,6,High,2026-07-06 02:15,Customer-13761,Picking
ORD04710,P00750,Pro Notebook (Silver),Stationery,5,Low,2026-08-30 02:53,Customer-15531,Pending
ORD04711,P00793,Standard HDMI Cable (White),Electronics,2,Low,2026-08-22 12:50,Customer-19021,Picking
ORD04712,P00365,Max Sunglasses (White),Accessories,4,Low,2026-08-08 09:14,Customer-14425,Pending
ORD04713,P00646,Pro Backpack (Grey),Accessories,6,Medium,2026-08-27 11:11,Customer-18290,Cancelled
ORD04714,P00075,Deluxe Curtain (Green),Home,6,Medium,2026-07-10 03:13,Customer-17376,Shipped
ORD04715,P00087,Lite Belt (Silver),Accessories,1,Low,2026-08-12 20:41,Customer-17394,Picked
ORD04716,P00484,Lite Bed Sheet Set (Grey),Home,7,High,2026-08-08 19:06,Customer-17567,Pending
ORD04717,P00060,Compact Laptop Stand (White),Electronics,2,Urgent,2026-08-05 11:50,Customer-14670,Picking
ORD04718,P00797,Compact Travel Pouch (Grey),Accessories,4,Urgent,2026-07-04 00:05,Customer-17745,Picking
ORD04719,P00721,Deluxe Sticky Notes (Beige),Stationery,4,Low,2026-08-01 18:12,Customer-18666,Picking
ORD04720,P00513,Mini Calculator (Green),Stationery,6,Low,2026-07-06 23:04,Customer-18787,Pending
ORD04721,P00010,Plus Webcam (Grey),Electronics,7,Urgent,2026-08-12 12:02,Customer-17026,Cancelled
ORD04722,P00001,Lite Wireless Mouse (Red),Electronics,6,High,2026-07-06 15:39,Customer-14269,Shipped
ORD04723,P00336,Classic Stapler (Blue),Stationery,1,Low,2026-07-29 15:25,Customer-14875,Cancelled
ORD04724,P00102,Max Cap (Red),Accessories,5,Medium,2026-07-24 12:44,Customer-13882,Cancelled
ORD04725,P00269,Lite Umbrella (Red),Accessories,7,High,2026-07-26 13:12,Customer-16551,Shipped
ORD04726,P00179,Premium Marker Pack (Silver),Stationery,4,Medium,2026-08-07 16:32,Customer-11569,Cancelled
ORD04727,P00714,Plus Bed Sheet Set (Beige),Home,2,High,2026-08-17 12:59,Customer-18753,Picking
ORD04728,P00194,Premium Stapler (Silver),Stationery,5,Urgent,2026-07-26 10:08,Customer-15224,Picked
ORD04729,P00185,Max Formal Shoes (Green),Footwear,3,Low,2026-08-22 05:32,Customer-17555,Shipped
ORD04730,P00695,Max Power Bank (Red),Electronics,2,High,2026-08-11 07:28,Customer-16054,Cancelled
ORD04731,P00633,Classic Water Bottle (Beige),Home,7,Urgent,2026-08-25 01:09,Customer-16427,Pending
ORD04732,P00060,Compact Laptop Stand (White),Electronics,4,Urgent,2026-07-08 08:42,Customer-11909,Picking
ORD04733,P00690,Standard Calculator (Black),Stationery,8,Low,2026-08-26 22:41,Customer-11105,Cancelled
ORD04734,P00483,Standard Hiking Boots (Black),Footwear,8,High,2026-08-29 22:22,Customer-19365,Picking
ORD04735,P00060,Compact Laptop Stand (White),Electronics,1,Low,2026-08-22 06:29,Customer-17732,Picking
ORD04736,P00328,Deluxe Notebook (Green),Stationery,5,Urgent,2026-08-20 10:42,Customer-10848,Cancelled
ORD04737,P00657,Deluxe Storage Box (Beige),Home,7,High,2026-07-01 11:40,Customer-15425,Pending
ORD04738,P00600,Mini Desk Organizer (Beige),Stationery,7,Low,2026-07-25 17:56,Customer-16468,Pending
ORD04739,P00343,Mini Bluetooth Speaker (Black),Electronics,7,Urgent,2026-07-01 04:04,Customer-12991,Picked
ORD04740,P00759,Plus Wallet (Grey),Accessories,3,Low,2026-08-03 15:28,Customer-13237,Shipped
ORD04741,P00654,Deluxe Keychain (Beige),Accessories,5,Urgent,2026-08-20 20:29,Customer-17240,Pending
ORD04742,P00270,Pro Door Mat (Red),Home,1,High,2026-07-11 11:18,Customer-14394,Pending
ORD04743,P00421,Premium Tablet Stand (Black),Electronics,8,Low,2026-07-10 11:30,Customer-12239,Picking
ORD04744,P00511,Mini Wireless Mouse (Green),Electronics,8,High,2026-08-21 21:22,Customer-10527,Cancelled
ORD04745,P00016,Premium Wall Clock (Green),Home,4,High,2026-07-30 21:56,Customer-10918,Pending
ORD04746,P00692,Max Earbuds (Green),Electronics,3,Medium,2026-08-23 18:54,Customer-12036,Cancelled
ORD04747,P00438,Pro Cap (Green),Accessories,8,Urgent,2026-07-26 16:31,Customer-14233,Cancelled
ORD04748,P00382,Lite Handbag (Beige),Accessories,1,High,2026-07-29 21:35,Customer-13344,Pending
ORD04749,P00255,Compact Umbrella (Black),Accessories,5,Medium,2026-08-10 22:36,Customer-18003,Pending
ORD04750,P00353,Standard Sandals (Red),Footwear,6,Urgent,2026-08-04 10:29,Customer-13575,Shipped
ORD04751,P00102,Max Cap (Red),Accessories,1,Urgent,2026-07-30 10:38,Customer-17933,Picked
ORD04752,P00569,Pro Hiking Boots (Silver),Footwear,4,High,2026-08-16 20:51,Customer-17146,Cancelled
ORD04753,P00149,Classic Desk Organizer (White),Stationery,2,High,2026-07-06 00:38,Customer-10564,Picking
ORD04754,P00735,Max Table Lamp (Grey),Home,6,High,2026-07-10 18:54,Customer-16627,Picking
ORD04755,P00050,Compact Wallet (Red),Accessories,7,Low,2026-08-14 00:47,Customer-19380,Picked
ORD04756,P00730,Classic Boots (Grey),Footwear,6,Low,2026-08-14 19:38,Customer-11703,Cancelled
ORD04757,P00444,Lite Webcam (Grey),Electronics,8,High,2026-08-24 14:12,Customer-16019,Pending
ORD04758,P00028,Classic Earbuds (White),Electronics,8,High,2026-08-09 16:56,Customer-16943,Picked
ORD04759,P00528,Premium Scissors (Beige),Stationery,5,High,2026-08-10 19:18,Customer-13449,Pending
ORD04760,P00648,Max Backpack (Blue),Accessories,2,Urgent,2026-08-01 13:15,Customer-10130,Cancelled
ORD04761,P00081,Pro Loafers (Red),Footwear,4,Urgent,2026-08-14 22:01,Customer-13737,Picked
ORD04762,P00470,Pro Loafers (Silver),Footwear,1,High,2026-07-07 10:57,Customer-16714,Shipped
ORD04763,P00737,Pro Laptop Stand (Red),Electronics,8,Low,2026-07-11 01:17,Customer-15906,Cancelled
ORD04764,P00520,Deluxe Keychain (Red),Accessories,4,Low,2026-07-08 19:22,Customer-16188,Pending
ORD04765,P00432,Mini Door Mat (Blue),Home,8,Urgent,2026-07-07 03:53,Customer-12166,Picked
ORD04766,P00350,Lite USB-C Cable (Red),Electronics,8,Medium,2026-07-06 00:51,Customer-18861,Picked
ORD04767,P00588,Standard Bed Sheet Set (Beige),Home,2,Low,2026-07-18 19:33,Customer-18775,Picking
ORD04768,P00430,Mini Scissors (Black),Stationery,1,High,2026-07-25 05:10,Customer-14419,Picked
ORD04769,P00315,Standard Laptop Stand (Beige),Electronics,5,Urgent,2026-07-19 20:28,Customer-12999,Cancelled
ORD04770,P00535,Standard Calculator (Beige),Stationery,6,Urgent,2026-07-31 11:34,Customer-10925,Cancelled
ORD04771,P00468,Standard Power Bank (Silver),Electronics,2,Low,2026-08-11 04:35,Customer-15141,Shipped
ORD04772,P00387,Plus Sticky Notes (Grey),Stationery,6,Low,2026-07-23 11:34,Customer-19532,Pending
ORD04773,P00200,Deluxe Desk Organizer (Red),Stationery,2,Low,2026-08-16 04:45,Customer-18516,Picking
ORD04774,P00166,Compact Wallet (Green),Accessories,1,Low,2026-07-06 13:15,Customer-13340,Cancelled
ORD04775,P00752,Max Sports Shoes (Silver),Footwear,6,Medium,2026-08-05 18:07,Customer-13822,Shipped
ORD04776,P00004,Max USB-C Cable (Black),Electronics,2,High,2026-07-10 14:34,Customer-16449,Cancelled
ORD04777,P00600,Mini Desk Organizer (Beige),Stationery,8,High,2026-07-17 06:25,Customer-12185,Picked
ORD04778,P00586,Standard Flip Flops (Blue),Footwear,7,Urgent,2026-08-10 12:14,Customer-13589,Picked
ORD04779,P00548,Mini Sports Shoes (Black),Footwear,8,Low,2026-08-15 00:06,Customer-10714,Pending
ORD04780,P00228,Standard Highlighter Set (Black),Stationery,1,Low,2026-07-10 06:30,Customer-12156,Picked
ORD04781,P00373,Classic Door Mat (Black),Home,2,Urgent,2026-07-18 23:02,Customer-15145,Shipped
ORD04782,P00109,Compact Curtain (White),Home,3,Low,2026-08-19 14:32,Customer-15498,Picking
ORD04783,P00185,Max Formal Shoes (Green),Footwear,2,Urgent,2026-08-11 12:07,Customer-16593,Cancelled
ORD04784,P00267,Pro Sticky Notes (Silver),Stationery,7,Low,2026-08-07 05:54,Customer-15854,Shipped
ORD04785,P00375,Compact Desk Organizer (Beige),Stationery,5,Urgent,2026-08-19 07:26,Customer-14644,Picking
ORD04786,P00652,Plus Smart Watch (Black),Electronics,2,Urgent,2026-08-22 17:27,Customer-13522,Shipped
ORD04787,P00274,Deluxe Belt (Green),Accessories,8,High,2026-08-23 01:48,Customer-16951,Picked
ORD04788,P00372,Pro Travel Pouch (Grey),Accessories,8,Urgent,2026-08-07 18:36,Customer-12614,Pending
ORD04789,P00720,Standard Flip Flops (Beige),Footwear,5,Low,2026-07-15 17:27,Customer-17087,Picked
ORD04790,P00077,Mini Watch Strap (Grey),Accessories,6,Low,2026-07-30 06:20,Customer-12231,Pending
ORD04791,P00695,Max Power Bank (Red),Electronics,2,Urgent,2026-07-23 13:50,Customer-14055,Cancelled
ORD04792,P00388,Deluxe Storage Box (White),Home,4,Urgent,2026-08-17 19:54,Customer-12765,Cancelled
ORD04793,P00164,Lite Charger (White),Electronics,8,Low,2026-08-22 11:56,Customer-17958,Picking
ORD04794,P00183,Plus Bed Sheet Set (Green),Home,8,Urgent,2026-07-02 11:43,Customer-11257,Picking
ORD04795,P00375,Compact Desk Organizer (Beige),Stationery,4,High,2026-07-03 12:32,Customer-16664,Shipped
ORD04796,P00532,Lite Boots (Red),Footwear,5,Medium,2026-08-23 17:33,Customer-19908,Picking
ORD04797,P00507,Pro Desk Organizer (Blue),Stationery,4,Low,2026-08-21 00:30,Customer-17792,Shipped
ORD04798,P00286,Deluxe Cap (Beige),Accessories,8,High,2026-07-27 23:26,Customer-12772,Picked
ORD04799,P00340,Standard Marker Pack (Beige),Stationery,2,Medium,2026-08-11 02:25,Customer-15989,Picked
ORD04800,P00580,Plus Keyboard (White),Electronics,5,Low,2026-08-09 14:38,Customer-12577,Shipped
ORD04801,P00704,Plus Wireless Mouse (White),Electronics,1,Medium,2026-08-06 13:53,Customer-11131,Picking
ORD04802,P00557,Pro Scissors (Beige),Stationery,8,Low,2026-07-09 10:39,Customer-11808,Shipped
ORD04803,P00093,Compact Keychain (Blue),Accessories,5,Medium,2026-08-05 01:30,Customer-15078,Picking
ORD04804,P00662,Premium Power Bank (Green),Electronics,4,Low,2026-08-21 01:30,Customer-13492,Picking
ORD04805,P00279,Max Storage Box (Blue),Home,1,Urgent,2026-08-14 21:02,Customer-15083,Picking
ORD04806,P00599,Lite Wall Clock (Black),Home,6,Medium,2026-08-29 21:20,Customer-14442,Shipped
ORD04807,P00119,Standard Belt (Green),Accessories,1,Urgent,2026-07-16 00:56,Customer-17225,Picking
ORD04808,P00091,Compact File Folder (Black),Stationery,1,Urgent,2026-08-04 20:23,Customer-16236,Cancelled
ORD04809,P00186,Compact Charger (Blue),Electronics,3,High,2026-07-25 13:44,Customer-19835,Shipped
ORD04810,P00654,Deluxe Keychain (Beige),Accessories,7,Low,2026-08-09 20:30,Customer-15241,Picking
ORD04811,P00131,Premium Storage Box (Green),Home,4,Urgent,2026-08-26 19:11,Customer-19027,Shipped
ORD04812,P00719,Mini Wallet (Green),Accessories,1,Medium,2026-07-31 23:56,Customer-18226,Cancelled
ORD04813,P00308,Max Webcam (Green),Electronics,5,High,2026-07-11 15:50,Customer-14516,Shipped
ORD04814,P00303,Compact Tablet Stand (Red),Electronics,2,Urgent,2026-07-11 11:50,Customer-13806,Picked
ORD04815,P00411,Plus Bed Sheet Set (Red),Home,1,Urgent,2026-08-11 03:02,Customer-16924,Pending
ORD04816,P00770,Deluxe Smart Watch (Black),Electronics,4,Medium,2026-08-08 11:02,Customer-18034,Picking
ORD04817,P00524,Premium Running Shoes (Green),Footwear,1,Low,2026-07-07 15:20,Customer-14019,Shipped
ORD04818,P00005,Compact Marker Pack (Beige),Stationery,3,Urgent,2026-08-09 23:30,Customer-19208,Picked
ORD04819,P00038,Premium Scissors (Black),Stationery,3,High,2026-08-21 01:32,Customer-16443,Pending
ORD04820,P00410,Standard Backpack (Black),Accessories,5,Urgent,2026-07-23 14:07,Customer-15630,Picked
ORD04821,P00400,Compact Cushion (Red),Home,6,Urgent,2026-07-27 00:03,Customer-11833,Shipped
ORD04822,P00356,Plus Table Lamp (Beige),Home,5,Urgent,2026-07-16 12:30,Customer-10128,Pending
ORD04823,P00466,Deluxe Travel Pouch (Green),Accessories,6,Urgent,2026-08-03 07:45,Customer-14798,Cancelled
ORD04824,P00682,Standard Wall Clock (Green),Home,6,Low,2026-07-22 16:15,Customer-18981,Pending
ORD04825,P00296,Plus Charger (Red),Electronics,3,Low,2026-07-09 12:30,Customer-17954,Pending
ORD04826,P00078,Pro Photo Frame (Black),Home,4,High,2026-08-02 20:02,Customer-18533,Shipped
ORD04827,P00612,Deluxe USB-C Cable (Red),Electronics,4,High,2026-07-13 07:15,Customer-19735,Pending
ORD04828,P00158,Deluxe Table Lamp (Red),Home,2,Urgent,2026-07-22 22:02,Customer-19065,Shipped
ORD04829,P00285,Pro Travel Pouch (Silver),Accessories,1,Urgent,2026-08-29 09:52,Customer-18122,Picked
ORD04830,P00229,Plus Flip Flops (Silver),Footwear,7,High,2026-07-14 01:14,Customer-18791,Picked
ORD04831,P00218,Max Headphones (Black),Electronics,4,Low,2026-07-16 05:12,Customer-16298,Pending
ORD04832,P00745,Plus Sandals (Red),Footwear,4,Medium,2026-08-27 10:56,Customer-16177,Shipped
ORD04833,P00142,Classic Curtain (Beige),Home,5,Medium,2026-08-23 23:02,Customer-12384,Picked
ORD04834,P00493,Lite Wireless Mouse (Beige),Electronics,3,High,2026-07-16 16:15,Customer-16943,Picked
ORD04835,P00491,Premium Belt (White),Accessories,4,High,2026-07-14 14:00,Customer-13592,Picked
ORD04836,P00765,Plus Wireless Mouse (White),Electronics,3,Low,2026-07-22 11:40,Customer-10720,Picking
ORD04837,P00185,Max Formal Shoes (Green),Footwear,3,Low,2026-07-13 09:24,Customer-15411,Shipped
ORD04838,P00103,Max Monitor (Beige),Electronics,6,High,2026-08-15 09:51,Customer-15000,Picked
ORD04839,P00688,Standard Sports Shoes (White),Footwear,8,High,2026-07-07 12:26,Customer-10414,Cancelled
ORD04840,P00520,Deluxe Keychain (Red),Accessories,2,High,2026-07-08 14:54,Customer-14734,Picking
ORD04841,P00287,Max Wallet (Silver),Accessories,3,Low,2026-07-10 23:04,Customer-13709,Picked
ORD04842,P00617,Premium Watch Strap (Green),Accessories,6,High,2026-08-14 19:23,Customer-12250,Cancelled
ORD04843,P00713,Pro Slippers (Grey),Footwear,4,High,2026-08-16 06:21,Customer-10510,Cancelled
ORD04844,P00226,Lite Webcam (Green),Electronics,8,Medium,2026-08-23 13:59,Customer-18965,Pending
ORD04845,P00028,Classic Earbuds (White),Electronics,3,High,2026-08-25 04:07,Customer-16676,Shipped
ORD04846,P00450,Classic Highlighter Set (Blue),Stationery,6,Urgent,2026-08-18 13:40,Customer-14515,Picked
ORD04847,P00352,Premium Wireless Mouse (Beige),Electronics,5,Medium,2026-07-25 13:01,Customer-14478,Picked
ORD04848,P00145,Lite Cushion (Beige),Home,8,High,2026-08-24 15:43,Customer-18015,Picking
ORD04849,P00439,Premium Candle Holder (Beige),Home,4,High,2026-08-21 04:02,Customer-13786,Picking
ORD04850,P00260,Plus Handbag (Beige),Accessories,4,High,2026-08-18 12:19,Customer-17949,Picked
ORD04851,P00381,Premium Slippers (Blue),Footwear,4,Low,2026-08-10 17:20,Customer-18869,Picked
ORD04852,P00095,Plus Backpack (Red),Accessories,4,Urgent,2026-07-22 02:30,Customer-11754,Shipped
ORD04853,P00338,Mini Bluetooth Speaker (Beige),Electronics,2,High,2026-07-20 14:56,Customer-16883,Picked
ORD04854,P00355,Standard Water Bottle (Black),Home,7,Low,2026-08-04 16:48,Customer-15767,Shipped
ORD04855,P00036,Deluxe Travel Pouch (Red),Accessories,8,Urgent,2026-08-02 06:03,Customer-17845,Pending
ORD04856,P00371,Lite Wall Clock (Black),Home,2,High,2026-08-26 14:57,Customer-13768,Picking
ORD04857,P00238,Mini Bed Sheet Set (Beige),Home,7,High,2026-08-03 07:39,Customer-16093,Picked
ORD04858,P00018,Deluxe Wallet (Blue),Accessories,4,Medium,2026-07-12 03:22,Customer-19028,Picked
ORD04859,P00116,Max Sticky Notes (Beige),Stationery,4,Medium,2026-07-06 00:13,Customer-11362,Pending
ORD04860,P00239,Compact Hiking Boots (Blue),Footwear,4,High,2026-08-10 03:37,Customer-10387,Picking
ORD04861,P00136,Lite Table Lamp (Red),Home,2,Low,2026-07-03 22:03,Customer-13743,Cancelled
ORD04862,P00180,Pro Water Bottle (Grey),Home,7,Urgent,2026-07-12 11:27,Customer-16501,Cancelled
ORD04863,P00404,Deluxe Sneakers (Blue),Footwear,7,Low,2026-08-27 07:05,Customer-13774,Pending
ORD04864,P00769,Mini Sports Shoes (Blue),Footwear,1,Low,2026-08-13 17:54,Customer-14650,Cancelled
ORD04865,P00553,Plus Formal Shoes (Blue),Footwear,4,Low,2026-08-07 02:18,Customer-15124,Shipped
ORD04866,P00575,Classic Highlighter Set (Silver),Stationery,3,Medium,2026-07-09 23:25,Customer-19406,Pending
ORD04867,P00089,Classic Backpack (Green),Accessories,3,Medium,2026-07-02 15:19,Customer-19533,Picking
ORD04868,P00539,Compact Stapler (Grey),Stationery,6,Urgent,2026-07-18 07:08,Customer-19315,Picking
ORD04869,P00150,Premium Storage Box (Blue),Home,6,High,2026-08-10 08:20,Customer-12105,Cancelled
ORD04870,P00737,Pro Laptop Stand (Red),Electronics,5,Low,2026-08-05 08:49,Customer-13131,Picking
ORD04871,P00057,Max USB-C Cable (Red),Electronics,4,Urgent,2026-07-08 10:36,Customer-16493,Picked
ORD04872,P00800,Compact Wall Clock (White),Home,4,High,2026-07-18 22:45,Customer-13885,Cancelled
ORD04873,P00708,Standard Sports Shoes (Black),Footwear,2,Urgent,2026-08-05 16:22,Customer-19143,Shipped
ORD04874,P00390,Pro Flip Flops (Beige),Footwear,2,Urgent,2026-07-29 03:15,Customer-15553,Pending
ORD04875,P00767,Pro Sports Shoes (White),Footwear,5,Medium,2026-08-05 01:48,Customer-16764,Picked
ORD04876,P00620,Plus Loafers (Beige),Footwear,4,Low,2026-07-14 09:39,Customer-16141,Cancelled
ORD04877,P00484,Lite Bed Sheet Set (Grey),Home,3,Low,2026-08-21 02:30,Customer-19579,Pending
ORD04878,P00054,Standard Monitor (Green),Electronics,1,Urgent,2026-08-17 23:20,Customer-14617,Shipped
ORD04879,P00004,Max USB-C Cable (Black),Electronics,3,High,2026-07-19 02:57,Customer-16819,Pending
ORD04880,P00761,Max Wall Clock (Beige),Home,5,High,2026-07-02 04:00,Customer-19227,Pending
ORD04881,P00207,Lite Highlighter Set (Black),Stationery,8,High,2026-07-25 08:07,Customer-11928,Pending
ORD04882,P00374,Pro Cap (White),Accessories,4,Urgent,2026-07-20 08:34,Customer-12637,Cancelled
ORD04883,P00721,Deluxe Sticky Notes (Beige),Stationery,5,Medium,2026-07-01 17:48,Customer-12642,Cancelled
ORD04884,P00149,Classic Desk Organizer (White),Stationery,7,Urgent,2026-07-22 16:19,Customer-17067,Pending
ORD04885,P00783,Plus File Folder (Blue),Stationery,1,Low,2026-07-08 18:39,Customer-12429,Cancelled
ORD04886,P00639,Premium Watch Strap (Red),Accessories,4,High,2026-08-27 10:47,Customer-11123,Picking
ORD04887,P00765,Plus Wireless Mouse (White),Electronics,2,Urgent,2026-08-28 06:11,Customer-11595,Picked
ORD04888,P00776,Max Wallet (Grey),Accessories,1,Low,2026-07-10 01:29,Customer-10771,Cancelled
ORD04889,P00502,Mini Keyboard (Grey),Electronics,5,Low,2026-08-16 20:28,Customer-10428,Picked
ORD04890,P00691,Deluxe Travel Pouch (White),Accessories,3,Urgent,2026-08-28 06:15,Customer-19529,Shipped
ORD04891,P00690,Standard Calculator (Black),Stationery,7,Low,2026-08-11 16:13,Customer-13949,Pending
ORD04892,P00034,Classic Slippers (Grey),Footwear,5,Medium,2026-07-05 14:11,Customer-13295,Pending
ORD04893,P00612,Deluxe USB-C Cable (Red),Electronics,5,High,2026-08-27 13:05,Customer-12203,Picking
ORD04894,P00393,Max Cushion (Blue),Home,4,High,2026-07-30 18:24,Customer-17747,Pending
ORD04895,P00265,Premium Wall Clock (Grey),Home,3,Medium,2026-08-13 20:03,Customer-10212,Shipped
ORD04896,P00388,Deluxe Storage Box (White),Home,4,High,2026-07-14 21:03,Customer-12087,Shipped
ORD04897,P00382,Lite Handbag (Beige),Accessories,5,Medium,2026-07-04 14:21,Customer-14251,Cancelled
ORD04898,P00228,Standard Highlighter Set (Black),Stationery,8,Medium,2026-07-08 13:41,Customer-19520,Picking
ORD04899,P00426,Compact Calculator (Black),Stationery,2,Low,2026-07-01 19:50,Customer-11338,Shipped
ORD04900,P00732,Premium Curtain (White),Home,8,Low,2026-08-16 15:28,Customer-13661,Pending
ORD04901,P00497,Premium Wall Clock (Black),Home,8,High,2026-07-19 05:07,Customer-12490,Picked
ORD04902,P00493,Lite Wireless Mouse (Beige),Electronics,5,High,2026-08-03 21:02,Customer-16600,Picking
ORD04903,P00615,Deluxe Cushion (Red),Home,8,Urgent,2026-07-11 19:50,Customer-11675,Picking
ORD04904,P00526,Deluxe Bed Sheet Set (Silver),Home,2,Urgent,2026-08-25 22:38,Customer-12352,Cancelled
ORD04905,P00330,Deluxe Power Bank (Grey),Electronics,3,High,2026-08-10 04:48,Customer-13418,Picking
ORD04906,P00694,Pro Watch Strap (Black),Accessories,7,High,2026-07-31 15:34,Customer-13511,Picked
ORD04907,P00146,Standard Water Bottle (Green),Home,3,High,2026-08-29 18:18,Customer-14779,Picking
ORD04908,P00148,Classic Calculator (Beige),Stationery,5,Urgent,2026-08-08 00:40,Customer-10272,Pending
ORD04909,P00265,Premium Wall Clock (Grey),Home,5,High,2026-08-27 21:08,Customer-13150,Pending
ORD04910,P00372,Pro Travel Pouch (Grey),Accessories,7,Medium,2026-08-04 16:22,Customer-17175,Shipped
ORD04911,P00432,Mini Door Mat (Blue),Home,7,Urgent,2026-07-02 03:26,Customer-12479,Picked
ORD04912,P00128,Pro Running Shoes (Beige),Footwear,5,High,2026-08-14 05:37,Customer-14944,Picking
ORD04913,P00128,Pro Running Shoes (Beige),Footwear,5,High,2026-07-03 13:14,Customer-18790,Cancelled
ORD04914,P00577,Compact Notebook (Silver),Stationery,1,High,2026-07-19 04:44,Customer-11642,Shipped
ORD04915,P00620,Plus Loafers (Beige),Footwear,5,Low,2026-08-07 11:50,Customer-17076,Cancelled
ORD04916,P00011,Premium Charger (White),Electronics,7,Low,2026-07-14 15:41,Customer-14783,Cancelled
ORD04917,P00354,Plus Calculator (White),Stationery,2,Low,2026-07-11 02:21,Customer-16949,Shipped
ORD04918,P00118,Classic Bed Sheet Set (Grey),Home,5,Low,2026-07-14 09:55,Customer-16154,Cancelled
ORD04919,P00334,Max Keychain (Beige),Accessories,8,Low,2026-08-23 07:32,Customer-16975,Picked
ORD04920,P00439,Premium Candle Holder (Beige),Home,3,Low,2026-08-21 07:11,Customer-16022,Cancelled
ORD04921,P00694,Pro Watch Strap (Black),Accessories,1,High,2026-08-28 03:05,Customer-19013,Picking
ORD04922,P00485,Standard Cushion (Grey),Home,5,Low,2026-08-11 09:50,Customer-14550,Cancelled
ORD04923,P00188,Deluxe Calculator (Grey),Stationery,5,Medium,2026-07-31 05:22,Customer-17664,Shipped
ORD04924,P00250,Premium Tablet Stand (White),Electronics,5,Low,2026-07-27 19:12,Customer-19150,Picking
ORD04925,P00042,Mini Sticky Notes (Silver),Stationery,2,High,2026-07-05 08:27,Customer-18034,Shipped
ORD04926,P00524,Premium Running Shoes (Green),Footwear,6,High,2026-07-23 11:55,Customer-18556,Pending
ORD04927,P00241,Classic Stapler (Grey),Stationery,3,Medium,2026-08-14 03:38,Customer-12832,Pending
ORD04928,P00295,Standard Curtain (Grey),Home,6,High,2026-08-08 04:29,Customer-15129,Picking
ORD04929,P00069,Classic Backpack (Silver),Accessories,8,Urgent,2026-08-29 15:42,Customer-15528,Shipped
ORD04930,P00138,Max Sandals (Beige),Footwear,8,Low,2026-08-04 09:42,Customer-19377,Cancelled
ORD04931,P00198,Deluxe Sandals (Grey),Footwear,1,High,2026-07-04 23:24,Customer-10802,Picking
ORD04932,P00040,Max Running Shoes (White),Footwear,4,High,2026-07-25 10:28,Customer-10798,Shipped
ORD04933,P00475,Max Loafers (Green),Footwear,1,Urgent,2026-08-21 09:17,Customer-11508,Picking
ORD04934,P00092,Mini Headphones (Black),Electronics,4,High,2026-08-02 19:15,Customer-14032,Cancelled
ORD04935,P00557,Pro Scissors (Beige),Stationery,1,Medium,2026-07-29 02:41,Customer-16070,Picked
ORD04936,P00011,Premium Charger (White),Electronics,3,Low,2026-08-09 01:45,Customer-12011,Cancelled
ORD04937,P00127,Standard Door Mat (Red),Home,7,High,2026-07-05 14:57,Customer-11160,Cancelled
ORD04938,P00548,Mini Sports Shoes (Black),Footwear,5,Medium,2026-08-03 08:07,Customer-18900,Pending
ORD04939,P00443,Plus Stapler (White),Stationery,8,Low,2026-08-05 09:45,Customer-14438,Shipped
ORD04940,P00144,Compact Candle Holder (Red),Home,1,Low,2026-08-27 22:11,Customer-15285,Pending
ORD04941,P00409,Max HDMI Cable (Silver),Electronics,2,High,2026-08-01 16:21,Customer-16574,Picked
ORD04942,P00257,Standard Formal Shoes (White),Footwear,4,Low,2026-08-13 08:48,Customer-10609,Picked
ORD04943,P00169,Mini Sports Shoes (Grey),Footwear,2,Medium,2026-08-29 04:29,Customer-11954,Picked
ORD04944,P00148,Classic Calculator (Beige),Stationery,8,Low,2026-07-22 10:37,Customer-18660,Shipped
ORD04945,P00061,Compact Monitor (Black),Electronics,1,Medium,2026-07-03 10:42,Customer-14441,Picked
ORD04946,P00058,Mini Highlighter Set (Beige),Stationery,4,Medium,2026-08-07 00:45,Customer-17779,Shipped
ORD04947,P00246,Max File Folder (Beige),Stationery,4,Urgent,2026-08-30 19:53,Customer-13050,Picking
ORD04948,P00332,Max Slippers (White),Footwear,4,High,2026-07-28 01:01,Customer-17047,Pending
ORD04949,P00403,Compact Bed Sheet Set (Beige),Home,1,High,2026-07-15 01:40,Customer-18084,Shipped
ORD04950,P00058,Mini Highlighter Set (Beige),Stationery,1,Low,2026-07-12 18:46,Customer-10525,Shipped
ORD04951,P00253,Deluxe Handbag (Beige),Accessories,4,Low,2026-08-12 18:20,Customer-16869,Cancelled
ORD04952,P00045,Premium Photo Frame (Silver),Home,2,Low,2026-07-23 00:31,Customer-19976,Shipped
ORD04953,P00446,Premium Photo Frame (Black),Home,8,Urgent,2026-07-02 11:28,Customer-14400,Shipped
ORD04954,P00660,Mini Sports Shoes (Beige),Footwear,1,Urgent,2026-08-09 06:46,Customer-15515,Picked
ORD04955,P00606,Standard Smart Watch (Beige),Electronics,2,Medium,2026-07-22 12:33,Customer-19399,Picking
ORD04956,P00281,Premium Boots (Grey),Footwear,2,Low,2026-07-25 10:05,Customer-11399,Picked
ORD04957,P00633,Classic Water Bottle (Beige),Home,3,Low,2026-07-04 23:20,Customer-19986,Cancelled
ORD04958,P00156,Max USB-C Cable (Black),Electronics,3,High,2026-08-07 21:52,Customer-15315,Picked
ORD04959,P00342,Deluxe Handbag (White),Accessories,5,Urgent,2026-08-10 13:07,Customer-14274,Picked
ORD04960,P00649,Lite Table Lamp (Blue),Home,1,Low,2026-07-04 22:57,Customer-16288,Pending
ORD04961,P00238,Mini Bed Sheet Set (Beige),Home,4,Medium,2026-08-07 19:51,Customer-10216,Cancelled
ORD04962,P00661,Pro Handbag (White),Accessories,7,Urgent,2026-07-09 00:24,Customer-16816,Cancelled
ORD04963,P00224,Premium Watch Strap (Grey),Accessories,4,High,2026-07-12 05:25,Customer-14070,Shipped
ORD04964,P00206,Standard Running Shoes (Silver),Footwear,6,High,2026-07-27 12:45,Customer-18750,Pending
ORD04965,P00276,Classic Formal Shoes (Grey),Footwear,4,High,2026-08-30 14:46,Customer-12914,Shipped
ORD04966,P00264,Mini Curtain (Red),Home,5,Medium,2026-07-26 05:54,Customer-18367,Pending
ORD04967,P00415,Premium Storage Box (Silver),Home,5,Low,2026-07-28 11:41,Customer-11571,Picked
ORD04968,P00162,Standard Keychain (Beige),Accessories,7,Urgent,2026-08-27 20:18,Customer-15371,Cancelled
ORD04969,P00112,Max Calculator (Green),Stationery,7,Low,2026-08-02 22:01,Customer-14942,Pending
ORD04970,P00646,Pro Backpack (Grey),Accessories,5,Urgent,2026-08-14 07:15,Customer-17190,Cancelled
ORD04971,P00708,Standard Sports Shoes (Black),Footwear,7,Urgent,2026-07-03 15:45,Customer-18891,Pending
ORD04972,P00143,Plus Water Bottle (Grey),Home,8,Urgent,2026-08-01 07:27,Customer-16437,Pending
ORD04973,P00160,Pro Desk Organizer (Blue),Stationery,3,High,2026-08-26 03:08,Customer-14350,Cancelled
ORD04974,P00599,Lite Wall Clock (Black),Home,2,Medium,2026-08-09 20:33,Customer-17798,Pending
ORD04975,P00420,Premium Curtain (White),Home,6,Low,2026-08-14 10:28,Customer-15395,Pending
ORD04976,P00019,Mini Marker Pack (Silver),Stationery,1,High,2026-08-29 22:46,Customer-11854,Cancelled
ORD04977,P00763,Pro Slippers (Blue),Footwear,8,Low,2026-08-11 00:50,Customer-14971,Shipped
ORD04978,P00008,Mini Cap (Red),Accessories,5,Low,2026-08-29 07:03,Customer-10470,Pending
ORD04979,P00414,Classic Sandals (Grey),Footwear,7,Urgent,2026-08-01 01:32,Customer-12321,Picked
ORD04980,P00447,Standard Keychain (Grey),Accessories,3,Medium,2026-08-07 11:25,Customer-16753,Cancelled
ORD04981,P00356,Plus Table Lamp (Beige),Home,3,Medium,2026-07-06 20:21,Customer-11088,Shipped
ORD04982,P00139,Pro Sneakers (Beige),Footwear,1,High,2026-08-15 16:25,Customer-16258,Pending
ORD04983,P00282,Premium Wallet (White),Accessories,3,Medium,2026-07-17 07:07,Customer-18177,Picked
ORD04984,P00394,Lite Formal Shoes (White),Footwear,8,Medium,2026-08-23 08:15,Customer-12004,Picking
ORD04985,P00433,Premium Charger (Black),Electronics,2,Medium,2026-08-18 00:28,Customer-18841,Pending
ORD04986,P00657,Deluxe Storage Box (Beige),Home,5,Low,2026-07-26 00:41,Customer-13800,Picked
ORD04987,P00703,Lite Wallet (Black),Accessories,1,Urgent,2026-08-20 01:56,Customer-12196,Shipped
ORD04988,P00141,Max Water Bottle (Beige),Home,2,Low,2026-08-25 13:30,Customer-11667,Picked
ORD04989,P00128,Pro Running Shoes (Beige),Footwear,3,Urgent,2026-07-10 14:42,Customer-12958,Cancelled
ORD04990,P00042,Mini Sticky Notes (Silver),Stationery,5,Urgent,2026-08-01 13:15,Customer-19559,Picking
ORD04991,P00401,Max Umbrella (Green),Accessories,3,Low,2026-08-27 15:18,Customer-13447,Pending
ORD04992,P00793,Standard HDMI Cable (White),Electronics,5,Medium,2026-07-21 04:05,Customer-16947,Pending
ORD04993,P00478,Compact Keychain (White),Accessories,2,High,2026-08-16 14:46,Customer-15531,Picking
ORD04994,P00112,Max Calculator (Green),Stationery,4,Medium,2026-08-23 15:52,Customer-12682,Picking
ORD04995,P00171,Lite Curtain (Green),Home,4,Urgent,2026-08-26 00:14,Customer-11073,Picked
ORD04996,P00190,Mini Loafers (Grey),Footwear,2,Urgent,2026-07-21 11:02,Customer-15938,Picked
ORD04997,P00495,Plus Keychain (Red),Accessories,8,Urgent,2026-08-22 23:26,Customer-14220,Cancelled
ORD04998,P00750,Pro Notebook (Silver),Stationery,4,Urgent,2026-08-26 23:38,Customer-12849,Pending
ORD04999,P00388,Deluxe Storage Box (White),Home,1,Medium,2026-08-30 04:04,Customer-13768,Cancelled
ORD05000,P00351,Lite Boots (Green),Footwear,4,High,2026-07-29 05:06,Customer-18427,Picked
