Location_ID,Zone,Aisle,Rack_ID,Shelf_ID,Bin_ID,Capacity_Units
LOC00001,A,AISLE-01,RACK-09,SHELF-05,BIN-00001,150
LOC00002,A,AISLE-02,RACK-16,SHELF-04,BIN-00002,300
LOC00003,A,AISLE-03,RACK-02,SHELF-04,BIN-00003,175
LOC00004,A,AISLE-04,RACK-12,SHELF-02,BIN-00004,250
LOC00005,A,AISLE-05,RACK-04,SHELF-05,BIN-00005,150
LOC00006,A,AISLE-06,RACK-08,SHELF-05,BIN-00006,100
LOC00007,A,AISLE-07,RACK-02,SHELF-01,BIN-00007,200
LOC00008,A,AISLE-08,RACK-02,SHELF-04,BIN-00008,300
LOC00009,A,AISLE-09,RACK-13,SHELF-02,BIN-00009,175
LOC00010,A,AISLE-10,RACK-02,SHELF-05,BIN-00010,350
LOC00011,A,AISLE-11,RACK-08,SHELF-03,BIN-00011,200
LOC00012,A,AISLE-12,RACK-14,SHELF-03,BIN-00012,250
LOC00013,A,AISLE-13,RACK-03,SHELF-05,BIN-00013,300
LOC00014,A,AISLE-14,RACK-04,SHELF-05,BIN-00014,100
LOC00015,A,AISLE-15,RACK-06,SHELF-02,BIN-00015,100
LOC00016,A,AISLE-16,RACK-13,SHELF-01,BIN-00016,400
LOC00017,A,AISLE-17,RACK-10,SHELF-03,BIN-00017,300
LOC00018,A,AISLE-18,RACK-03,SHELF-05,BIN-00018,400
LOC00019,A,AISLE-19,RACK-01,SHELF-03,BIN-00019,200
LOC00020,A,AISLE-20,RACK-10,SHELF-05,BIN-00020,250
LOC00021,A,AISLE-21,RACK-20,SHELF-02,BIN-00021,400
LOC00022,A,AISLE-22,RACK-12,SHELF-05,BIN-00022,400
LOC00023,A,AISLE-23,RACK-07,SHELF-05,BIN-00023,200
LOC00024,A,AISLE-24,RACK-05,SHELF-01,BIN-00024,350
LOC00025,A,AISLE-25,RACK-01,SHELF-02,BIN-00025,300
LOC00026,A,AISLE-26,RACK-01,SHELF-03,BIN-00026,100
LOC00027,A,AISLE-27,RACK-13,SHELF-03,BIN-00027,150
LOC00028,A,AISLE-28,RACK-07,SHELF-05,BIN-00028,200
LOC00029,A,AISLE-29,RACK-14,SHELF-04,BIN-00029,100
LOC00030,A,AISLE-30,RACK-05,SHELF-03,BIN-00030,150
LOC00031,A,AISLE-31,RACK-02,SHELF-02,BIN-00031,350
LOC00032,A,AISLE-32,RACK-12,SHELF-04,BIN-00032,150
LOC00033,A,AISLE-33,RACK-19,SHELF-01,BIN-00033,175
LOC00034,A,AISLE-34,RACK-13,SHELF-01,BIN-00034,100
LOC00035,A,AISLE-35,RACK-14,SHELF-02,BIN-00035,200
LOC00036,A,AISLE-36,RACK-10,SHELF-03,BIN-00036,300
LOC00037,A,AISLE-37,RACK-13,SHELF-03,BIN-00037,300
LOC00038,A,AISLE-38,RACK-15,SHELF-03,BIN-00038,200
LOC00039,A,AISLE-39,RACK-03,SHELF-02,BIN-00039,175
LOC00040,A,AISLE-40,RACK-19,SHELF-01,BIN-00040,175
LOC00041,A,AISLE-01,RACK-04,SHELF-02,BIN-00041,400
LOC00042,A,AISLE-02,RACK-15,SHELF-03,BIN-00042,350
LOC00043,A,AISLE-03,RACK-04,SHELF-05,BIN-00043,300
LOC00044,A,AISLE-04,RACK-07,SHELF-04,BIN-00044,250
LOC00045,A,AISLE-05,RACK-15,SHELF-03,BIN-00045,150
LOC00046,A,AISLE-06,RACK-03,SHELF-02,BIN-00046,250
LOC00047,A,AISLE-07,RACK-20,SHELF-01,BIN-00047,200
LOC00048,A,AISLE-08,RACK-11,SHELF-02,BIN-00048,150
LOC00049,A,AISLE-09,RACK-08,SHELF-03,BIN-00049,350
LOC00050,A,AISLE-10,RACK-17,SHELF-01,BIN-00050,250
LOC00051,A,AISLE-11,RACK-09,SHELF-02,BIN-00051,100
LOC00052,A,AISLE-12,RACK-13,SHELF-04,BIN-00052,200
LOC00053,A,AISLE-13,RACK-04,SHELF-04,BIN-00053,150
LOC00054,A,AISLE-14,RACK-05,SHELF-01,BIN-00054,100
LOC00055,A,AISLE-15,RACK-02,SHELF-02,BIN-00055,175
LOC00056,A,AISLE-16,RACK-07,SHELF-04,BIN-00056,300
LOC00057,A,AISLE-17,RACK-03,SHELF-05,BIN-00057,250
LOC00058,A,AISLE-18,RACK-03,SHELF-01,BIN-00058,150
LOC00059,A,AISLE-19,RACK-07,SHELF-04,BIN-00059,175
LOC00060,A,AISLE-20,RACK-03,SHELF-03,BIN-00060,150
LOC00061,A,AISLE-21,RACK-02,SHELF-04,BIN-00061,100
LOC00062,A,AISLE-22,RACK-06,SHELF-05,BIN-00062,350
LOC00063,A,AISLE-23,RACK-13,SHELF-04,BIN-00063,100
LOC00064,A,AISLE-24,RACK-13,SHELF-04,BIN-00064,175
LOC00065,A,AISLE-25,RACK-12,SHELF-02,BIN-00065,175
LOC00066,A,AISLE-26,RACK-09,SHELF-03,BIN-00066,400
LOC00067,A,AISLE-27,RACK-05,SHELF-01,BIN-00067,200
LOC00068,A,AISLE-28,RACK-10,SHELF-04,BIN-00068,350
LOC00069,A,AISLE-29,RACK-18,SHELF-04,BIN-00069,100
LOC00070,A,AISLE-30,RACK-03,SHELF-03,BIN-00070,350
LOC00071,A,AISLE-31,RACK-05,SHELF-04,BIN-00071,200
LOC00072,A,AISLE-32,RACK-17,SHELF-02,BIN-00072,100
LOC00073,A,AISLE-33,RACK-13,SHELF-03,BIN-00073,400
LOC00074,A,AISLE-34,RACK-18,SHELF-04,BIN-00074,300
LOC00075,A,AISLE-35,RACK-19,SHELF-05,BIN-00075,300
LOC00076,A,AISLE-36,RACK-13,SHELF-03,BIN-00076,175
LOC00077,A,AISLE-37,RACK-01,SHELF-03,BIN-00077,200
LOC00078,A,AISLE-38,RACK-01,SHELF-03,BIN-00078,100
LOC00079,A,AISLE-39,RACK-16,SHELF-05,BIN-00079,300
LOC00080,A,AISLE-40,RACK-19,SHELF-02,BIN-00080,175
LOC00081,A,AISLE-01,RACK-04,SHELF-02,BIN-00081,200
LOC00082,A,AISLE-02,RACK-09,SHELF-05,BIN-00082,100
LOC00083,A,AISLE-03,RACK-08,SHELF-05,BIN-00083,350
LOC00084,A,AISLE-04,RACK-12,SHELF-02,BIN-00084,175
LOC00085,A,AISLE-05,RACK-08,SHELF-05,BIN-00085,300
LOC00086,A,AISLE-06,RACK-12,SHELF-05,BIN-00086,100
LOC00087,A,AISLE-07,RACK-12,SHELF-05,BIN-00087,175
LOC00088,A,AISLE-08,RACK-19,SHELF-02,BIN-00088,400
LOC00089,A,AISLE-09,RACK-18,SHELF-03,BIN-00089,175
LOC00090,A,AISLE-10,RACK-16,SHELF-01,BIN-00090,150
LOC00091,A,AISLE-11,RACK-02,SHELF-02,BIN-00091,200
LOC00092,A,AISLE-12,RACK-01,SHELF-05,BIN-00092,400
LOC00093,A,AISLE-13,RACK-01,SHELF-03,BIN-00093,200
LOC00094,A,AISLE-14,RACK-05,SHELF-03,BIN-00094,175
LOC00095,A,AISLE-15,RACK-11,SHELF-01,BIN-00095,100
LOC00096,A,AISLE-16,RACK-05,SHELF-05,BIN-00096,175
LOC00097,A,AISLE-17,RACK-04,SHELF-05,BIN-00097,300
LOC00098,A,AISLE-18,RACK-03,SHELF-03,BIN-00098,350
LOC00099,A,AISLE-19,RACK-19,SHELF-01,BIN-00099,300
LOC00100,A,AISLE-20,RACK-10,SHELF-03,BIN-00100,175
LOC00101,A,AISLE-21,RACK-06,SHELF-04,BIN-00101,400
LOC00102,A,AISLE-22,RACK-11,SHELF-02,BIN-00102,300
LOC00103,A,AISLE-23,RACK-08,SHELF-05,BIN-00103,175
LOC00104,A,AISLE-24,RACK-13,SHELF-03,BIN-00104,250
LOC00105,A,AISLE-25,RACK-05,SHELF-02,BIN-00105,100
LOC00106,A,AISLE-26,RACK-19,SHELF-04,BIN-00106,100
LOC00107,A,AISLE-27,RACK-06,SHELF-05,BIN-00107,300
LOC00108,A,AISLE-28,RACK-20,SHELF-02,BIN-00108,150
LOC00109,A,AISLE-29,RACK-16,SHELF-02,BIN-00109,300
LOC00110,A,AISLE-30,RACK-03,SHELF-02,BIN-00110,300
LOC00111,A,AISLE-31,RACK-11,SHELF-02,BIN-00111,150
LOC00112,A,AISLE-32,RACK-11,SHELF-04,BIN-00112,100
LOC00113,A,AISLE-33,RACK-09,SHELF-02,BIN-00113,200
LOC00114,A,AISLE-34,RACK-03,SHELF-03,BIN-00114,250
LOC00115,A,AISLE-35,RACK-04,SHELF-01,BIN-00115,100
LOC00116,A,AISLE-36,RACK-13,SHELF-04,BIN-00116,350
LOC00117,A,AISLE-37,RACK-06,SHELF-04,BIN-00117,400
LOC00118,A,AISLE-38,RACK-13,SHELF-03,BIN-00118,350
LOC00119,A,AISLE-39,RACK-04,SHELF-04,BIN-00119,200
LOC00120,A,AISLE-40,RACK-06,SHELF-04,BIN-00120,150
LOC00121,A,AISLE-01,RACK-02,SHELF-03,BIN-00121,100
LOC00122,A,AISLE-02,RACK-11,SHELF-03,BIN-00122,150
LOC00123,A,AISLE-03,RACK-03,SHELF-03,BIN-00123,175
LOC00124,A,AISLE-04,RACK-13,SHELF-02,BIN-00124,150
LOC00125,A,AISLE-05,RACK-18,SHELF-01,BIN-00125,300
LOC00126,A,AISLE-06,RACK-20,SHELF-05,BIN-00126,400
LOC00127,A,AISLE-07,RACK-01,SHELF-04,BIN-00127,175
LOC00128,A,AISLE-08,RACK-20,SHELF-04,BIN-00128,175
LOC00129,A,AISLE-09,RACK-02,SHELF-01,BIN-00129,300
LOC00130,A,AISLE-10,RACK-07,SHELF-02,BIN-00130,350
LOC00131,A,AISLE-11,RACK-18,SHELF-05,BIN-00131,250
LOC00132,A,AISLE-12,RACK-10,SHELF-03,BIN-00132,200
LOC00133,A,AISLE-13,RACK-04,SHELF-01,BIN-00133,350
LOC00134,A,AISLE-14,RACK-19,SHELF-05,BIN-00134,400
LOC00135,A,AISLE-15,RACK-05,SHELF-01,BIN-00135,300
LOC00136,A,AISLE-16,RACK-01,SHELF-04,BIN-00136,150
LOC00137,A,AISLE-17,RACK-10,SHELF-05,BIN-00137,400
LOC00138,A,AISLE-18,RACK-07,SHELF-01,BIN-00138,100
LOC00139,A,AISLE-19,RACK-07,SHELF-02,BIN-00139,250
LOC00140,A,AISLE-20,RACK-03,SHELF-04,BIN-00140,150
LOC00141,A,AISLE-21,RACK-10,SHELF-04,BIN-00141,400
LOC00142,A,AISLE-22,RACK-16,SHELF-03,BIN-00142,150
LOC00143,A,AISLE-23,RACK-18,SHELF-04,BIN-00143,175
LOC00144,A,AISLE-24,RACK-12,SHELF-04,BIN-00144,300
LOC00145,A,AISLE-25,RACK-06,SHELF-04,BIN-00145,100
LOC00146,A,AISLE-26,RACK-09,SHELF-04,BIN-00146,400
LOC00147,A,AISLE-27,RACK-09,SHELF-02,BIN-00147,250
LOC00148,A,AISLE-28,RACK-19,SHELF-01,BIN-00148,175
LOC00149,A,AISLE-29,RACK-04,SHELF-01,BIN-00149,300
LOC00150,A,AISLE-30,RACK-18,SHELF-04,BIN-00150,200
LOC00151,A,AISLE-31,RACK-18,SHELF-01,BIN-00151,350
LOC00152,A,AISLE-32,RACK-17,SHELF-04,BIN-00152,400
LOC00153,A,AISLE-33,RACK-19,SHELF-02,BIN-00153,400
LOC00154,A,AISLE-34,RACK-10,SHELF-01,BIN-00154,350
LOC00155,A,AISLE-35,RACK-02,SHELF-05,BIN-00155,175
LOC00156,A,AISLE-36,RACK-04,SHELF-04,BIN-00156,175
LOC00157,A,AISLE-37,RACK-06,SHELF-02,BIN-00157,200
LOC00158,A,AISLE-38,RACK-05,SHELF-01,BIN-00158,350
LOC00159,A,AISLE-39,RACK-03,SHELF-04,BIN-00159,200
LOC00160,A,AISLE-40,RACK-05,SHELF-05,BIN-00160,250
LOC00161,A,AISLE-01,RACK-11,SHELF-01,BIN-00161,150
LOC00162,A,AISLE-02,RACK-13,SHELF-05,BIN-00162,350
LOC00163,A,AISLE-03,RACK-18,SHELF-03,BIN-00163,250
LOC00164,A,AISLE-04,RACK-17,SHELF-04,BIN-00164,100
LOC00165,A,AISLE-05,RACK-20,SHELF-05,BIN-00165,350
LOC00166,A,AISLE-06,RACK-04,SHELF-04,BIN-00166,175
LOC00167,A,AISLE-07,RACK-05,SHELF-05,BIN-00167,150
LOC00168,A,AISLE-08,RACK-04,SHELF-05,BIN-00168,150
LOC00169,A,AISLE-09,RACK-10,SHELF-05,BIN-00169,300
LOC00170,A,AISLE-10,RACK-14,SHELF-03,BIN-00170,350
LOC00171,A,AISLE-11,RACK-16,SHELF-05,BIN-00171,400
LOC00172,A,AISLE-12,RACK-02,SHELF-02,BIN-00172,250
LOC00173,A,AISLE-13,RACK-13,SHELF-02,BIN-00173,350
LOC00174,A,AISLE-14,RACK-02,SHELF-04,BIN-00174,300
LOC00175,A,AISLE-15,RACK-08,SHELF-01,BIN-00175,400
LOC00176,A,AISLE-16,RACK-09,SHELF-03,BIN-00176,100
LOC00177,A,AISLE-17,RACK-11,SHELF-03,BIN-00177,250
LOC00178,A,AISLE-18,RACK-09,SHELF-04,BIN-00178,150
LOC00179,A,AISLE-19,RACK-08,SHELF-02,BIN-00179,250
LOC00180,A,AISLE-20,RACK-15,SHELF-03,BIN-00180,250
LOC00181,A,AISLE-21,RACK-14,SHELF-05,BIN-00181,150
LOC00182,A,AISLE-22,RACK-07,SHELF-04,BIN-00182,200
LOC00183,A,AISLE-23,RACK-14,SHELF-04,BIN-00183,300
LOC00184,A,AISLE-24,RACK-02,SHELF-05,BIN-00184,175
LOC00185,A,AISLE-25,RACK-03,SHELF-03,BIN-00185,350
LOC00186,A,AISLE-26,RACK-05,SHELF-05,BIN-00186,100
LOC00187,A,AISLE-27,RACK-06,SHELF-02,BIN-00187,200
LOC00188,A,AISLE-28,RACK-02,SHELF-02,BIN-00188,100
LOC00189,A,AISLE-29,RACK-15,SHELF-01,BIN-00189,300
LOC00190,A,AISLE-30,RACK-07,SHELF-03,BIN-00190,300
LOC00191,A,AISLE-31,RACK-15,SHELF-05,BIN-00191,350
LOC00192,A,AISLE-32,RACK-04,SHELF-01,BIN-00192,200
LOC00193,A,AISLE-33,RACK-12,SHELF-04,BIN-00193,400
LOC00194,A,AISLE-34,RACK-06,SHELF-04,BIN-00194,300
LOC00195,A,AISLE-35,RACK-12,SHELF-02,BIN-00195,250
LOC00196,A,AISLE-36,RACK-03,SHELF-03,BIN-00196,100
LOC00197,A,AISLE-37,RACK-13,SHELF-01,BIN-00197,175
LOC00198,A,AISLE-38,RACK-19,SHELF-02,BIN-00198,200
LOC00199,A,AISLE-39,RACK-08,SHELF-02,BIN-00199,250
LOC00200,A,AISLE-40,RACK-14,SHELF-05,BIN-00200,100
LOC00201,A,AISLE-01,RACK-01,SHELF-04,BIN-00201,175
LOC00202,A,AISLE-02,RACK-06,SHELF-05,BIN-00202,100
LOC00203,A,AISLE-03,RACK-08,SHELF-03,BIN-00203,250
LOC00204,A,AISLE-04,RACK-09,SHELF-04,BIN-00204,350
LOC00205,A,AISLE-05,RACK-12,SHELF-04,BIN-00205,250
LOC00206,A,AISLE-06,RACK-07,SHELF-04,BIN-00206,250
LOC00207,A,AISLE-07,RACK-17,SHELF-05,BIN-00207,350
LOC00208,A,AISLE-08,RACK-19,SHELF-01,BIN-00208,100
LOC00209,A,AISLE-09,RACK-17,SHELF-03,BIN-00209,250
LOC00210,A,AISLE-10,RACK-10,SHELF-01,BIN-00210,400
LOC00211,A,AISLE-11,RACK-03,SHELF-03,BIN-00211,250
LOC00212,A,AISLE-12,RACK-11,SHELF-03,BIN-00212,250
LOC00213,A,AISLE-13,RACK-10,SHELF-02,BIN-00213,175
LOC00214,A,AISLE-14,RACK-17,SHELF-02,BIN-00214,100
LOC00215,A,AISLE-15,RACK-20,SHELF-04,BIN-00215,300
LOC00216,A,AISLE-16,RACK-05,SHELF-01,BIN-00216,400
LOC00217,A,AISLE-17,RACK-10,SHELF-03,BIN-00217,350
LOC00218,A,AISLE-18,RACK-13,SHELF-04,BIN-00218,100
LOC00219,A,AISLE-19,RACK-19,SHELF-05,BIN-00219,200
LOC00220,A,AISLE-20,RACK-11,SHELF-02,BIN-00220,400
LOC00221,A,AISLE-21,RACK-12,SHELF-05,BIN-00221,250
LOC00222,A,AISLE-22,RACK-06,SHELF-05,BIN-00222,175
LOC00223,A,AISLE-23,RACK-10,SHELF-01,BIN-00223,400
LOC00224,A,AISLE-24,RACK-05,SHELF-03,BIN-00224,175
LOC00225,A,AISLE-25,RACK-11,SHELF-01,BIN-00225,200
LOC00226,A,AISLE-26,RACK-12,SHELF-02,BIN-00226,250
LOC00227,A,AISLE-27,RACK-14,SHELF-03,BIN-00227,300
LOC00228,A,AISLE-28,RACK-09,SHELF-05,BIN-00228,250
LOC00229,A,AISLE-29,RACK-15,SHELF-01,BIN-00229,400
LOC00230,A,AISLE-30,RACK-02,SHELF-05,BIN-00230,150
LOC00231,A,AISLE-31,RACK-16,SHELF-02,BIN-00231,150
LOC00232,A,AISLE-32,RACK-13,SHELF-05,BIN-00232,250
LOC00233,A,AISLE-33,RACK-14,SHELF-01,BIN-00233,175
LOC00234,A,AISLE-34,RACK-05,SHELF-02,BIN-00234,300
LOC00235,A,AISLE-35,RACK-14,SHELF-05,BIN-00235,400
LOC00236,A,AISLE-36,RACK-05,SHELF-03,BIN-00236,175
LOC00237,A,AISLE-37,RACK-03,SHELF-04,BIN-00237,300
LOC00238,A,AISLE-38,RACK-06,SHELF-03,BIN-00238,100
LOC00239,A,AISLE-39,RACK-01,SHELF-04,BIN-00239,250
LOC00240,A,AISLE-40,RACK-07,SHELF-02,BIN-00240,175
LOC00241,A,AISLE-01,RACK-16,SHELF-01,BIN-00241,175
LOC00242,A,AISLE-02,RACK-20,SHELF-04,BIN-00242,350
LOC00243,A,AISLE-03,RACK-13,SHELF-04,BIN-00243,400
LOC00244,A,AISLE-04,RACK-13,SHELF-01,BIN-00244,100
LOC00245,A,AISLE-05,RACK-18,SHELF-02,BIN-00245,300
LOC00246,A,AISLE-06,RACK-01,SHELF-03,BIN-00246,200
LOC00247,A,AISLE-07,RACK-01,SHELF-01,BIN-00247,200
LOC00248,A,AISLE-08,RACK-08,SHELF-03,BIN-00248,250
LOC00249,A,AISLE-09,RACK-05,SHELF-01,BIN-00249,350
LOC00250,A,AISLE-10,RACK-17,SHELF-05,BIN-00250,250
LOC00251,A,AISLE-11,RACK-06,SHELF-01,BIN-00251,100
LOC00252,A,AISLE-12,RACK-10,SHELF-03,BIN-00252,400
LOC00253,A,AISLE-13,RACK-17,SHELF-05,BIN-00253,300
LOC00254,A,AISLE-14,RACK-14,SHELF-02,BIN-00254,300
LOC00255,A,AISLE-15,RACK-16,SHELF-03,BIN-00255,200
LOC00256,A,AISLE-16,RACK-06,SHELF-04,BIN-00256,100
LOC00257,A,AISLE-17,RACK-08,SHELF-02,BIN-00257,175
LOC00258,A,AISLE-18,RACK-07,SHELF-01,BIN-00258,175
LOC00259,A,AISLE-19,RACK-04,SHELF-03,BIN-00259,100
LOC00260,A,AISLE-20,RACK-13,SHELF-03,BIN-00260,100
LOC00261,A,AISLE-21,RACK-20,SHELF-01,BIN-00261,150
LOC00262,A,AISLE-22,RACK-01,SHELF-01,BIN-00262,150
LOC00263,A,AISLE-23,RACK-14,SHELF-04,BIN-00263,350
LOC00264,A,AISLE-24,RACK-04,SHELF-05,BIN-00264,250
LOC00265,A,AISLE-25,RACK-16,SHELF-02,BIN-00265,200
LOC00266,A,AISLE-26,RACK-01,SHELF-03,BIN-00266,350
LOC00267,A,AISLE-27,RACK-04,SHELF-05,BIN-00267,250
LOC00268,A,AISLE-28,RACK-20,SHELF-05,BIN-00268,175
LOC00269,A,AISLE-29,RACK-14,SHELF-01,BIN-00269,150
LOC00270,A,AISLE-30,RACK-10,SHELF-01,BIN-00270,150
LOC00271,A,AISLE-31,RACK-16,SHELF-02,BIN-00271,200
LOC00272,A,AISLE-32,RACK-09,SHELF-05,BIN-00272,200
LOC00273,A,AISLE-33,RACK-12,SHELF-04,BIN-00273,250
LOC00274,A,AISLE-34,RACK-06,SHELF-01,BIN-00274,400
LOC00275,A,AISLE-35,RACK-07,SHELF-04,BIN-00275,300
LOC00276,A,AISLE-36,RACK-08,SHELF-01,BIN-00276,100
LOC00277,A,AISLE-37,RACK-03,SHELF-01,BIN-00277,400
LOC00278,A,AISLE-38,RACK-05,SHELF-01,BIN-00278,150
LOC00279,A,AISLE-39,RACK-04,SHELF-03,BIN-00279,200
LOC00280,A,AISLE-40,RACK-15,SHELF-03,BIN-00280,250
LOC00281,A,AISLE-01,RACK-15,SHELF-01,BIN-00281,150
LOC00282,A,AISLE-02,RACK-06,SHELF-01,BIN-00282,250
LOC00283,A,AISLE-03,RACK-12,SHELF-03,BIN-00283,350
LOC00284,A,AISLE-04,RACK-04,SHELF-01,BIN-00284,100
LOC00285,A,AISLE-05,RACK-01,SHELF-02,BIN-00285,175
LOC00286,A,AISLE-06,RACK-11,SHELF-03,BIN-00286,400
LOC00287,A,AISLE-07,RACK-20,SHELF-03,BIN-00287,150
LOC00288,A,AISLE-08,RACK-12,SHELF-03,BIN-00288,175
LOC00289,A,AISLE-09,RACK-04,SHELF-04,BIN-00289,350
LOC00290,A,AISLE-10,RACK-15,SHELF-03,BIN-00290,350
LOC00291,A,AISLE-11,RACK-16,SHELF-04,BIN-00291,175
LOC00292,A,AISLE-12,RACK-04,SHELF-02,BIN-00292,100
LOC00293,A,AISLE-13,RACK-06,SHELF-01,BIN-00293,350
LOC00294,A,AISLE-14,RACK-19,SHELF-04,BIN-00294,400
LOC00295,A,AISLE-15,RACK-06,SHELF-05,BIN-00295,350
LOC00296,A,AISLE-16,RACK-12,SHELF-05,BIN-00296,100
LOC00297,A,AISLE-17,RACK-05,SHELF-04,BIN-00297,400
LOC00298,A,AISLE-18,RACK-04,SHELF-04,BIN-00298,400
LOC00299,A,AISLE-19,RACK-02,SHELF-01,BIN-00299,250
LOC00300,A,AISLE-20,RACK-11,SHELF-01,BIN-00300,200
LOC00301,A,AISLE-21,RACK-11,SHELF-05,BIN-00301,150
LOC00302,A,AISLE-22,RACK-14,SHELF-02,BIN-00302,400
LOC00303,A,AISLE-23,RACK-12,SHELF-04,BIN-00303,175
LOC00304,A,AISLE-24,RACK-18,SHELF-05,BIN-00304,100
LOC00305,A,AISLE-25,RACK-01,SHELF-02,BIN-00305,400
LOC00306,A,AISLE-26,RACK-16,SHELF-02,BIN-00306,150
LOC00307,A,AISLE-27,RACK-16,SHELF-03,BIN-00307,200
LOC00308,A,AISLE-28,RACK-11,SHELF-03,BIN-00308,100
LOC00309,A,AISLE-29,RACK-17,SHELF-02,BIN-00309,350
LOC00310,A,AISLE-30,RACK-13,SHELF-02,BIN-00310,150
LOC00311,A,AISLE-31,RACK-15,SHELF-04,BIN-00311,400
LOC00312,A,AISLE-32,RACK-03,SHELF-04,BIN-00312,400
LOC00313,A,AISLE-33,RACK-11,SHELF-01,BIN-00313,400
LOC00314,A,AISLE-34,RACK-01,SHELF-01,BIN-00314,350
LOC00315,A,AISLE-35,RACK-14,SHELF-01,BIN-00315,100
LOC00316,A,AISLE-36,RACK-03,SHELF-05,BIN-00316,250
LOC00317,A,AISLE-37,RACK-17,SHELF-05,BIN-00317,200
LOC00318,A,AISLE-38,RACK-15,SHELF-03,BIN-00318,300
LOC00319,A,AISLE-39,RACK-02,SHELF-02,BIN-00319,400
LOC00320,A,AISLE-40,RACK-11,SHELF-05,BIN-00320,400
LOC00321,A,AISLE-01,RACK-12,SHELF-04,BIN-00321,150
LOC00322,A,AISLE-02,RACK-04,SHELF-02,BIN-00322,100
LOC00323,A,AISLE-03,RACK-11,SHELF-03,BIN-00323,250
LOC00324,A,AISLE-04,RACK-18,SHELF-05,BIN-00324,300
LOC00325,A,AISLE-05,RACK-04,SHELF-01,BIN-00325,175
LOC00326,A,AISLE-06,RACK-16,SHELF-02,BIN-00326,350
LOC00327,A,AISLE-07,RACK-04,SHELF-03,BIN-00327,200
LOC00328,A,AISLE-08,RACK-07,SHELF-01,BIN-00328,350
LOC00329,A,AISLE-09,RACK-07,SHELF-04,BIN-00329,200
LOC00330,A,AISLE-10,RACK-11,SHELF-01,BIN-00330,350
LOC00331,A,AISLE-11,RACK-02,SHELF-05,BIN-00331,150
LOC00332,A,AISLE-12,RACK-15,SHELF-04,BIN-00332,175
LOC00333,A,AISLE-13,RACK-16,SHELF-01,BIN-00333,100
LOC00334,A,AISLE-14,RACK-18,SHELF-04,BIN-00334,400
LOC00335,A,AISLE-15,RACK-17,SHELF-02,BIN-00335,175
LOC00336,A,AISLE-16,RACK-05,SHELF-01,BIN-00336,350
LOC00337,A,AISLE-17,RACK-20,SHELF-05,BIN-00337,300
LOC00338,A,AISLE-18,RACK-17,SHELF-04,BIN-00338,350
LOC00339,A,AISLE-19,RACK-20,SHELF-02,BIN-00339,250
LOC00340,A,AISLE-20,RACK-13,SHELF-03,BIN-00340,250
LOC00341,A,AISLE-21,RACK-15,SHELF-02,BIN-00341,175
LOC00342,A,AISLE-22,RACK-14,SHELF-05,BIN-00342,250
LOC00343,A,AISLE-23,RACK-18,SHELF-03,BIN-00343,200
LOC00344,A,AISLE-24,RACK-07,SHELF-02,BIN-00344,250
LOC00345,A,AISLE-25,RACK-12,SHELF-02,BIN-00345,175
LOC00346,A,AISLE-26,RACK-17,SHELF-05,BIN-00346,300
LOC00347,A,AISLE-27,RACK-04,SHELF-03,BIN-00347,400
LOC00348,A,AISLE-28,RACK-19,SHELF-05,BIN-00348,350
LOC00349,A,AISLE-29,RACK-18,SHELF-03,BIN-00349,350
LOC00350,A,AISLE-30,RACK-01,SHELF-05,BIN-00350,150
LOC00351,A,AISLE-31,RACK-01,SHELF-04,BIN-00351,175
LOC00352,A,AISLE-32,RACK-02,SHELF-01,BIN-00352,200
LOC00353,A,AISLE-33,RACK-09,SHELF-02,BIN-00353,250
LOC00354,A,AISLE-34,RACK-09,SHELF-02,BIN-00354,100
LOC00355,A,AISLE-35,RACK-10,SHELF-02,BIN-00355,100
LOC00356,A,AISLE-36,RACK-12,SHELF-04,BIN-00356,150
LOC00357,A,AISLE-37,RACK-20,SHELF-05,BIN-00357,200
LOC00358,A,AISLE-38,RACK-18,SHELF-04,BIN-00358,200
LOC00359,A,AISLE-39,RACK-17,SHELF-03,BIN-00359,100
LOC00360,A,AISLE-40,RACK-13,SHELF-04,BIN-00360,350
LOC00361,A,AISLE-01,RACK-11,SHELF-05,BIN-00361,100
LOC00362,A,AISLE-02,RACK-01,SHELF-03,BIN-00362,200
LOC00363,A,AISLE-03,RACK-20,SHELF-04,BIN-00363,200
LOC00364,A,AISLE-04,RACK-12,SHELF-05,BIN-00364,200
LOC00365,A,AISLE-05,RACK-07,SHELF-03,BIN-00365,400
LOC00366,A,AISLE-06,RACK-06,SHELF-01,BIN-00366,175
LOC00367,A,AISLE-07,RACK-06,SHELF-05,BIN-00367,150
LOC00368,A,AISLE-08,RACK-13,SHELF-01,BIN-00368,350
LOC00369,A,AISLE-09,RACK-09,SHELF-05,BIN-00369,250
LOC00370,A,AISLE-10,RACK-05,SHELF-02,BIN-00370,250
LOC00371,A,AISLE-11,RACK-01,SHELF-03,BIN-00371,400
LOC00372,A,AISLE-12,RACK-05,SHELF-01,BIN-00372,175
LOC00373,A,AISLE-13,RACK-11,SHELF-05,BIN-00373,100
LOC00374,A,AISLE-14,RACK-20,SHELF-03,BIN-00374,400
LOC00375,A,AISLE-15,RACK-19,SHELF-05,BIN-00375,300
LOC00376,A,AISLE-16,RACK-03,SHELF-03,BIN-00376,200
LOC00377,A,AISLE-17,RACK-06,SHELF-05,BIN-00377,150
LOC00378,A,AISLE-18,RACK-17,SHELF-02,BIN-00378,350
LOC00379,A,AISLE-19,RACK-18,SHELF-05,BIN-00379,350
LOC00380,A,AISLE-20,RACK-03,SHELF-03,BIN-00380,200
LOC00381,A,AISLE-21,RACK-07,SHELF-03,BIN-00381,300
LOC00382,A,AISLE-22,RACK-12,SHELF-03,BIN-00382,200
LOC00383,A,AISLE-23,RACK-20,SHELF-05,BIN-00383,400
LOC00384,A,AISLE-24,RACK-18,SHELF-01,BIN-00384,150
LOC00385,A,AISLE-25,RACK-12,SHELF-04,BIN-00385,200
LOC00386,A,AISLE-26,RACK-20,SHELF-05,BIN-00386,200
LOC00387,A,AISLE-27,RACK-02,SHELF-03,BIN-00387,350
LOC00388,A,AISLE-28,RACK-04,SHELF-04,BIN-00388,250
LOC00389,A,AISLE-29,RACK-18,SHELF-03,BIN-00389,100
LOC00390,A,AISLE-30,RACK-17,SHELF-03,BIN-00390,400
LOC00391,A,AISLE-31,RACK-16,SHELF-01,BIN-00391,250
LOC00392,A,AISLE-32,RACK-07,SHELF-03,BIN-00392,150
LOC00393,A,AISLE-33,RACK-04,SHELF-02,BIN-00393,100
LOC00394,A,AISLE-34,RACK-03,SHELF-02,BIN-00394,200
LOC00395,A,AISLE-35,RACK-14,SHELF-01,BIN-00395,200
LOC00396,A,AISLE-36,RACK-18,SHELF-04,BIN-00396,150
LOC00397,A,AISLE-37,RACK-05,SHELF-01,BIN-00397,400
LOC00398,A,AISLE-38,RACK-11,SHELF-01,BIN-00398,150
LOC00399,A,AISLE-39,RACK-03,SHELF-01,BIN-00399,175
LOC00400,A,AISLE-40,RACK-09,SHELF-05,BIN-00400,150
LOC00401,A,AISLE-01,RACK-19,SHELF-02,BIN-00401,250
LOC00402,A,AISLE-02,RACK-14,SHELF-04,BIN-00402,400
LOC00403,A,AISLE-03,RACK-13,SHELF-04,BIN-00403,300
LOC00404,A,AISLE-04,RACK-01,SHELF-04,BIN-00404,150
LOC00405,A,AISLE-05,RACK-18,SHELF-01,BIN-00405,150
LOC00406,A,AISLE-06,RACK-19,SHELF-01,BIN-00406,150
LOC00407,A,AISLE-07,RACK-12,SHELF-05,BIN-00407,150
LOC00408,A,AISLE-08,RACK-10,SHELF-03,BIN-00408,150
LOC00409,A,AISLE-09,RACK-10,SHELF-04,BIN-00409,350
LOC00410,A,AISLE-10,RACK-13,SHELF-01,BIN-00410,400
LOC00411,A,AISLE-11,RACK-06,SHELF-05,BIN-00411,200
LOC00412,A,AISLE-12,RACK-05,SHELF-04,BIN-00412,250
LOC00413,A,AISLE-13,RACK-05,SHELF-03,BIN-00413,300
LOC00414,A,AISLE-14,RACK-01,SHELF-05,BIN-00414,175
LOC00415,A,AISLE-15,RACK-04,SHELF-01,BIN-00415,100
LOC00416,A,AISLE-16,RACK-19,SHELF-05,BIN-00416,350
LOC00417,A,AISLE-17,RACK-18,SHELF-05,BIN-00417,150
LOC00418,A,AISLE-18,RACK-10,SHELF-02,BIN-00418,300
LOC00419,A,AISLE-19,RACK-07,SHELF-04,BIN-00419,175
LOC00420,A,AISLE-20,RACK-06,SHELF-02,BIN-00420,200
LOC00421,A,AISLE-21,RACK-20,SHELF-03,BIN-00421,200
LOC00422,A,AISLE-22,RACK-04,SHELF-02,BIN-00422,100
LOC00423,A,AISLE-23,RACK-18,SHELF-04,BIN-00423,150
LOC00424,A,AISLE-24,RACK-10,SHELF-01,BIN-00424,250
LOC00425,A,AISLE-25,RACK-04,SHELF-02,BIN-00425,400
LOC00426,A,AISLE-26,RACK-11,SHELF-03,BIN-00426,175
LOC00427,A,AISLE-27,RACK-08,SHELF-01,BIN-00427,250
LOC00428,A,AISLE-28,RACK-20,SHELF-01,BIN-00428,200
LOC00429,A,AISLE-29,RACK-11,SHELF-04,BIN-00429,400
LOC00430,A,AISLE-30,RACK-11,SHELF-05,BIN-00430,250
LOC00431,A,AISLE-31,RACK-19,SHELF-02,BIN-00431,300
LOC00432,A,AISLE-32,RACK-11,SHELF-04,BIN-00432,175
LOC00433,A,AISLE-33,RACK-01,SHELF-03,BIN-00433,200
LOC00434,A,AISLE-34,RACK-08,SHELF-04,BIN-00434,250
LOC00435,A,AISLE-35,RACK-12,SHELF-02,BIN-00435,300
LOC00436,A,AISLE-36,RACK-16,SHELF-04,BIN-00436,400
LOC00437,A,AISLE-37,RACK-12,SHELF-03,BIN-00437,400
LOC00438,A,AISLE-38,RACK-18,SHELF-01,BIN-00438,175
LOC00439,A,AISLE-39,RACK-20,SHELF-01,BIN-00439,250
LOC00440,A,AISLE-40,RACK-05,SHELF-05,BIN-00440,200
LOC00441,A,AISLE-01,RACK-09,SHELF-01,BIN-00441,150
LOC00442,A,AISLE-02,RACK-01,SHELF-05,BIN-00442,100
LOC00443,A,AISLE-03,RACK-19,SHELF-05,BIN-00443,350
LOC00444,A,AISLE-04,RACK-19,SHELF-02,BIN-00444,100
LOC00445,A,AISLE-05,RACK-18,SHELF-03,BIN-00445,400
LOC00446,A,AISLE-06,RACK-05,SHELF-03,BIN-00446,350
LOC00447,A,AISLE-07,RACK-08,SHELF-05,BIN-00447,250
LOC00448,A,AISLE-08,RACK-05,SHELF-04,BIN-00448,150
LOC00449,A,AISLE-09,RACK-13,SHELF-03,BIN-00449,100
LOC00450,A,AISLE-10,RACK-08,SHELF-05,BIN-00450,175
LOC00451,A,AISLE-11,RACK-17,SHELF-02,BIN-00451,400
LOC00452,A,AISLE-12,RACK-06,SHELF-02,BIN-00452,175
LOC00453,A,AISLE-13,RACK-16,SHELF-03,BIN-00453,100
LOC00454,A,AISLE-14,RACK-08,SHELF-04,BIN-00454,200
LOC00455,A,AISLE-15,RACK-03,SHELF-03,BIN-00455,300
LOC00456,A,AISLE-16,RACK-08,SHELF-01,BIN-00456,200
LOC00457,A,AISLE-17,RACK-17,SHELF-03,BIN-00457,350
LOC00458,A,AISLE-18,RACK-16,SHELF-04,BIN-00458,100
LOC00459,A,AISLE-19,RACK-02,SHELF-03,BIN-00459,150
LOC00460,A,AISLE-20,RACK-17,SHELF-03,BIN-00460,250
LOC00461,A,AISLE-21,RACK-19,SHELF-05,BIN-00461,175
LOC00462,A,AISLE-22,RACK-13,SHELF-04,BIN-00462,300
LOC00463,A,AISLE-23,RACK-19,SHELF-01,BIN-00463,250
LOC00464,A,AISLE-24,RACK-13,SHELF-02,BIN-00464,350
LOC00465,A,AISLE-25,RACK-12,SHELF-03,BIN-00465,400
LOC00466,A,AISLE-26,RACK-16,SHELF-05,BIN-00466,100
LOC00467,A,AISLE-27,RACK-17,SHELF-02,BIN-00467,400
LOC00468,A,AISLE-28,RACK-06,SHELF-02,BIN-00468,150
LOC00469,A,AISLE-29,RACK-17,SHELF-03,BIN-00469,200
LOC00470,A,AISLE-30,RACK-05,SHELF-02,BIN-00470,175
LOC00471,A,AISLE-31,RACK-12,SHELF-05,BIN-00471,150
LOC00472,A,AISLE-32,RACK-08,SHELF-04,BIN-00472,300
LOC00473,A,AISLE-33,RACK-04,SHELF-04,BIN-00473,400
LOC00474,A,AISLE-34,RACK-16,SHELF-02,BIN-00474,175
LOC00475,A,AISLE-35,RACK-14,SHELF-01,BIN-00475,200
LOC00476,A,AISLE-36,RACK-02,SHELF-02,BIN-00476,175
LOC00477,A,AISLE-37,RACK-05,SHELF-05,BIN-00477,100
LOC00478,A,AISLE-38,RACK-19,SHELF-02,BIN-00478,100
LOC00479,A,AISLE-39,RACK-06,SHELF-03,BIN-00479,175
LOC00480,A,AISLE-40,RACK-17,SHELF-04,BIN-00480,100
LOC00481,A,AISLE-01,RACK-10,SHELF-01,BIN-00481,200
LOC00482,A,AISLE-02,RACK-15,SHELF-05,BIN-00482,400
LOC00483,A,AISLE-03,RACK-16,SHELF-02,BIN-00483,200
LOC00484,A,AISLE-04,RACK-14,SHELF-05,BIN-00484,175
LOC00485,A,AISLE-05,RACK-19,SHELF-02,BIN-00485,250
LOC00486,A,AISLE-06,RACK-06,SHELF-03,BIN-00486,400
LOC00487,A,AISLE-07,RACK-20,SHELF-05,BIN-00487,150
LOC00488,A,AISLE-08,RACK-08,SHELF-04,BIN-00488,350
LOC00489,A,AISLE-09,RACK-05,SHELF-01,BIN-00489,100
LOC00490,A,AISLE-10,RACK-07,SHELF-05,BIN-00490,350
LOC00491,A,AISLE-11,RACK-05,SHELF-05,BIN-00491,150
LOC00492,A,AISLE-12,RACK-06,SHELF-04,BIN-00492,100
LOC00493,A,AISLE-13,RACK-18,SHELF-05,BIN-00493,150
LOC00494,A,AISLE-14,RACK-03,SHELF-04,BIN-00494,175
LOC00495,A,AISLE-15,RACK-20,SHELF-05,BIN-00495,100
LOC00496,A,AISLE-16,RACK-14,SHELF-05,BIN-00496,350
LOC00497,A,AISLE-17,RACK-12,SHELF-01,BIN-00497,350
LOC00498,A,AISLE-18,RACK-08,SHELF-04,BIN-00498,350
LOC00499,A,AISLE-19,RACK-12,SHELF-05,BIN-00499,150
LOC00500,A,AISLE-20,RACK-14,SHELF-02,BIN-00500,250
LOC00501,A,AISLE-21,RACK-16,SHELF-02,BIN-00501,150
LOC00502,A,AISLE-22,RACK-10,SHELF-05,BIN-00502,350
LOC00503,A,AISLE-23,RACK-09,SHELF-02,BIN-00503,100
LOC00504,A,AISLE-24,RACK-01,SHELF-05,BIN-00504,150
LOC00505,A,AISLE-25,RACK-17,SHELF-01,BIN-00505,350
LOC00506,A,AISLE-26,RACK-07,SHELF-03,BIN-00506,350
LOC00507,A,AISLE-27,RACK-12,SHELF-01,BIN-00507,175
LOC00508,A,AISLE-28,RACK-14,SHELF-05,BIN-00508,250
LOC00509,A,AISLE-29,RACK-09,SHELF-05,BIN-00509,350
LOC00510,A,AISLE-30,RACK-19,SHELF-03,BIN-00510,250
LOC00511,A,AISLE-31,RACK-13,SHELF-02,BIN-00511,350
LOC00512,A,AISLE-32,RACK-18,SHELF-05,BIN-00512,400
LOC00513,A,AISLE-33,RACK-06,SHELF-03,BIN-00513,400
LOC00514,A,AISLE-34,RACK-09,SHELF-03,BIN-00514,300
LOC00515,A,AISLE-35,RACK-13,SHELF-02,BIN-00515,150
LOC00516,A,AISLE-36,RACK-08,SHELF-04,BIN-00516,175
LOC00517,A,AISLE-37,RACK-04,SHELF-02,BIN-00517,350
LOC00518,A,AISLE-38,RACK-11,SHELF-05,BIN-00518,100
LOC00519,A,AISLE-39,RACK-06,SHELF-04,BIN-00519,100
LOC00520,A,AISLE-40,RACK-03,SHELF-02,BIN-00520,400
LOC00521,A,AISLE-01,RACK-20,SHELF-04,BIN-00521,150
LOC00522,A,AISLE-02,RACK-03,SHELF-03,BIN-00522,200
LOC00523,A,AISLE-03,RACK-12,SHELF-01,BIN-00523,100
LOC00524,A,AISLE-04,RACK-13,SHELF-04,BIN-00524,250
LOC00525,A,AISLE-05,RACK-20,SHELF-01,BIN-00525,175
LOC00526,A,AISLE-06,RACK-16,SHELF-04,BIN-00526,100
LOC00527,A,AISLE-07,RACK-07,SHELF-05,BIN-00527,250
LOC00528,A,AISLE-08,RACK-07,SHELF-01,BIN-00528,200
LOC00529,A,AISLE-09,RACK-20,SHELF-02,BIN-00529,100
LOC00530,A,AISLE-10,RACK-12,SHELF-02,BIN-00530,100
LOC00531,A,AISLE-11,RACK-06,SHELF-01,BIN-00531,250
LOC00532,A,AISLE-12,RACK-13,SHELF-03,BIN-00532,350
LOC00533,A,AISLE-13,RACK-13,SHELF-05,BIN-00533,200
LOC00534,A,AISLE-14,RACK-17,SHELF-01,BIN-00534,150
LOC00535,A,AISLE-15,RACK-03,SHELF-05,BIN-00535,250
LOC00536,A,AISLE-16,RACK-18,SHELF-05,BIN-00536,300
LOC00537,A,AISLE-17,RACK-12,SHELF-03,BIN-00537,200
LOC00538,A,AISLE-18,RACK-20,SHELF-02,BIN-00538,400
LOC00539,A,AISLE-19,RACK-13,SHELF-05,BIN-00539,100
LOC00540,A,AISLE-20,RACK-09,SHELF-02,BIN-00540,350
LOC00541,A,AISLE-21,RACK-17,SHELF-01,BIN-00541,150
LOC00542,A,AISLE-22,RACK-17,SHELF-03,BIN-00542,300
LOC00543,A,AISLE-23,RACK-04,SHELF-05,BIN-00543,250
LOC00544,A,AISLE-24,RACK-18,SHELF-05,BIN-00544,250
LOC00545,A,AISLE-25,RACK-15,SHELF-04,BIN-00545,400
LOC00546,A,AISLE-26,RACK-08,SHELF-03,BIN-00546,400
LOC00547,A,AISLE-27,RACK-15,SHELF-05,BIN-00547,100
LOC00548,A,AISLE-28,RACK-16,SHELF-01,BIN-00548,250
LOC00549,A,AISLE-29,RACK-03,SHELF-04,BIN-00549,200
LOC00550,A,AISLE-30,RACK-08,SHELF-03,BIN-00550,350
LOC00551,A,AISLE-31,RACK-12,SHELF-05,BIN-00551,100
LOC00552,A,AISLE-32,RACK-09,SHELF-02,BIN-00552,250
LOC00553,A,AISLE-33,RACK-03,SHELF-04,BIN-00553,300
LOC00554,A,AISLE-34,RACK-03,SHELF-05,BIN-00554,175
LOC00555,A,AISLE-35,RACK-16,SHELF-03,BIN-00555,300
LOC00556,A,AISLE-36,RACK-07,SHELF-05,BIN-00556,250
LOC00557,A,AISLE-37,RACK-06,SHELF-02,BIN-00557,400
LOC00558,A,AISLE-38,RACK-07,SHELF-02,BIN-00558,200
LOC00559,A,AISLE-39,RACK-09,SHELF-02,BIN-00559,200
LOC00560,A,AISLE-40,RACK-07,SHELF-02,BIN-00560,300
LOC00561,A,AISLE-01,RACK-05,SHELF-01,BIN-00561,150
LOC00562,A,AISLE-02,RACK-03,SHELF-04,BIN-00562,100
LOC00563,A,AISLE-03,RACK-18,SHELF-01,BIN-00563,400
LOC00564,A,AISLE-04,RACK-12,SHELF-05,BIN-00564,300
LOC00565,A,AISLE-05,RACK-16,SHELF-05,BIN-00565,250
LOC00566,A,AISLE-06,RACK-16,SHELF-02,BIN-00566,250
LOC00567,A,AISLE-07,RACK-13,SHELF-02,BIN-00567,175
LOC00568,A,AISLE-08,RACK-02,SHELF-05,BIN-00568,350
LOC00569,A,AISLE-09,RACK-16,SHELF-05,BIN-00569,100
LOC00570,A,AISLE-10,RACK-17,SHELF-03,BIN-00570,350
LOC00571,A,AISLE-11,RACK-06,SHELF-04,BIN-00571,150
LOC00572,A,AISLE-12,RACK-17,SHELF-04,BIN-00572,300
LOC00573,A,AISLE-13,RACK-01,SHELF-01,BIN-00573,200
LOC00574,A,AISLE-14,RACK-13,SHELF-05,BIN-00574,150
LOC00575,A,AISLE-15,RACK-11,SHELF-03,BIN-00575,250
LOC00576,A,AISLE-16,RACK-06,SHELF-05,BIN-00576,250
LOC00577,A,AISLE-17,RACK-08,SHELF-03,BIN-00577,400
LOC00578,A,AISLE-18,RACK-20,SHELF-03,BIN-00578,300
LOC00579,A,AISLE-19,RACK-06,SHELF-04,BIN-00579,350
LOC00580,A,AISLE-20,RACK-07,SHELF-04,BIN-00580,300
LOC00581,A,AISLE-21,RACK-12,SHELF-04,BIN-00581,250
LOC00582,A,AISLE-22,RACK-15,SHELF-02,BIN-00582,175
LOC00583,A,AISLE-23,RACK-19,SHELF-02,BIN-00583,150
LOC00584,A,AISLE-24,RACK-09,SHELF-02,BIN-00584,350
LOC00585,A,AISLE-25,RACK-13,SHELF-02,BIN-00585,175
LOC00586,A,AISLE-26,RACK-05,SHELF-04,BIN-00586,100
LOC00587,A,AISLE-27,RACK-06,SHELF-04,BIN-00587,400
LOC00588,A,AISLE-28,RACK-05,SHELF-05,BIN-00588,300
LOC00589,A,AISLE-29,RACK-16,SHELF-03,BIN-00589,250
LOC00590,A,AISLE-30,RACK-18,SHELF-05,BIN-00590,100
LOC00591,A,AISLE-31,RACK-13,SHELF-01,BIN-00591,175
LOC00592,A,AISLE-32,RACK-02,SHELF-02,BIN-00592,250
LOC00593,A,AISLE-33,RACK-16,SHELF-01,BIN-00593,400
LOC00594,A,AISLE-34,RACK-11,SHELF-03,BIN-00594,300
LOC00595,A,AISLE-35,RACK-12,SHELF-05,BIN-00595,250
LOC00596,A,AISLE-36,RACK-12,SHELF-01,BIN-00596,350
LOC00597,A,AISLE-37,RACK-04,SHELF-03,BIN-00597,200
LOC00598,A,AISLE-38,RACK-19,SHELF-05,BIN-00598,175
LOC00599,A,AISLE-39,RACK-10,SHELF-03,BIN-00599,300
LOC00600,A,AISLE-40,RACK-17,SHELF-04,BIN-00600,400
LOC00601,A,AISLE-01,RACK-03,SHELF-04,BIN-00601,250
LOC00602,A,AISLE-02,RACK-15,SHELF-02,BIN-00602,175
LOC00603,A,AISLE-03,RACK-11,SHELF-04,BIN-00603,350
LOC00604,A,AISLE-04,RACK-03,SHELF-01,BIN-00604,175
LOC00605,A,AISLE-05,RACK-11,SHELF-02,BIN-00605,300
LOC00606,A,AISLE-06,RACK-11,SHELF-03,BIN-00606,250
LOC00607,A,AISLE-07,RACK-20,SHELF-04,BIN-00607,250
LOC00608,A,AISLE-08,RACK-15,SHELF-03,BIN-00608,400
LOC00609,A,AISLE-09,RACK-14,SHELF-02,BIN-00609,175
LOC00610,A,AISLE-10,RACK-01,SHELF-02,BIN-00610,200
LOC00611,A,AISLE-11,RACK-09,SHELF-01,BIN-00611,200
LOC00612,A,AISLE-12,RACK-06,SHELF-04,BIN-00612,150
LOC00613,A,AISLE-13,RACK-04,SHELF-01,BIN-00613,400
LOC00614,A,AISLE-14,RACK-18,SHELF-01,BIN-00614,100
LOC00615,A,AISLE-15,RACK-13,SHELF-05,BIN-00615,150
LOC00616,A,AISLE-16,RACK-04,SHELF-03,BIN-00616,175
LOC00617,A,AISLE-17,RACK-03,SHELF-04,BIN-00617,250
LOC00618,A,AISLE-18,RACK-08,SHELF-02,BIN-00618,250
LOC00619,A,AISLE-19,RACK-15,SHELF-02,BIN-00619,175
LOC00620,A,AISLE-20,RACK-17,SHELF-02,BIN-00620,100
LOC00621,A,AISLE-21,RACK-02,SHELF-03,BIN-00621,300
LOC00622,A,AISLE-22,RACK-16,SHELF-04,BIN-00622,250
LOC00623,A,AISLE-23,RACK-18,SHELF-04,BIN-00623,175
LOC00624,A,AISLE-24,RACK-18,SHELF-02,BIN-00624,400
LOC00625,A,AISLE-25,RACK-19,SHELF-04,BIN-00625,250
LOC00626,A,AISLE-26,RACK-12,SHELF-04,BIN-00626,200
LOC00627,A,AISLE-27,RACK-03,SHELF-04,BIN-00627,250
LOC00628,A,AISLE-28,RACK-12,SHELF-04,BIN-00628,250
LOC00629,A,AISLE-29,RACK-05,SHELF-03,BIN-00629,100
LOC00630,A,AISLE-30,RACK-01,SHELF-05,BIN-00630,175
LOC00631,A,AISLE-31,RACK-12,SHELF-03,BIN-00631,400
LOC00632,A,AISLE-32,RACK-18,SHELF-01,BIN-00632,400
LOC00633,A,AISLE-33,RACK-16,SHELF-03,BIN-00633,100
LOC00634,A,AISLE-34,RACK-14,SHELF-03,BIN-00634,200
LOC00635,A,AISLE-35,RACK-01,SHELF-05,BIN-00635,300
LOC00636,A,AISLE-36,RACK-07,SHELF-04,BIN-00636,350
LOC00637,A,AISLE-37,RACK-13,SHELF-02,BIN-00637,175
LOC00638,A,AISLE-38,RACK-13,SHELF-04,BIN-00638,200
LOC00639,A,AISLE-39,RACK-09,SHELF-01,BIN-00639,350
LOC00640,A,AISLE-40,RACK-08,SHELF-05,BIN-00640,250
LOC00641,A,AISLE-01,RACK-10,SHELF-05,BIN-00641,250
LOC00642,A,AISLE-02,RACK-14,SHELF-02,BIN-00642,150
LOC00643,A,AISLE-03,RACK-06,SHELF-02,BIN-00643,250
LOC00644,A,AISLE-04,RACK-04,SHELF-04,BIN-00644,400
LOC00645,A,AISLE-05,RACK-09,SHELF-05,BIN-00645,400
LOC00646,A,AISLE-06,RACK-07,SHELF-03,BIN-00646,100
LOC00647,A,AISLE-07,RACK-05,SHELF-01,BIN-00647,100
LOC00648,A,AISLE-08,RACK-06,SHELF-01,BIN-00648,250
LOC00649,A,AISLE-09,RACK-09,SHELF-02,BIN-00649,400
LOC00650,A,AISLE-10,RACK-01,SHELF-02,BIN-00650,150
LOC00651,A,AISLE-11,RACK-05,SHELF-01,BIN-00651,400
LOC00652,A,AISLE-12,RACK-07,SHELF-03,BIN-00652,350
LOC00653,A,AISLE-13,RACK-10,SHELF-04,BIN-00653,300
LOC00654,A,AISLE-14,RACK-15,SHELF-01,BIN-00654,300
LOC00655,A,AISLE-15,RACK-03,SHELF-02,BIN-00655,100
LOC00656,A,AISLE-16,RACK-09,SHELF-04,BIN-00656,150
LOC00657,A,AISLE-17,RACK-18,SHELF-04,BIN-00657,175
LOC00658,A,AISLE-18,RACK-07,SHELF-03,BIN-00658,350
LOC00659,A,AISLE-19,RACK-01,SHELF-01,BIN-00659,200
LOC00660,A,AISLE-20,RACK-13,SHELF-04,BIN-00660,200
LOC00661,A,AISLE-21,RACK-02,SHELF-02,BIN-00661,400
LOC00662,A,AISLE-22,RACK-04,SHELF-05,BIN-00662,200
LOC00663,A,AISLE-23,RACK-16,SHELF-04,BIN-00663,250
LOC00664,A,AISLE-24,RACK-11,SHELF-02,BIN-00664,100
LOC00665,A,AISLE-25,RACK-18,SHELF-05,BIN-00665,150
LOC00666,A,AISLE-26,RACK-09,SHELF-04,BIN-00666,250
LOC00667,A,AISLE-27,RACK-07,SHELF-03,BIN-00667,100
LOC00668,A,AISLE-28,RACK-07,SHELF-01,BIN-00668,200
LOC00669,A,AISLE-29,RACK-14,SHELF-03,BIN-00669,100
LOC00670,A,AISLE-30,RACK-06,SHELF-03,BIN-00670,150
LOC00671,A,AISLE-31,RACK-13,SHELF-02,BIN-00671,100
LOC00672,A,AISLE-32,RACK-02,SHELF-05,BIN-00672,400
LOC00673,A,AISLE-33,RACK-20,SHELF-02,BIN-00673,300
LOC00674,A,AISLE-34,RACK-03,SHELF-02,BIN-00674,175
LOC00675,A,AISLE-35,RACK-16,SHELF-01,BIN-00675,300
LOC00676,A,AISLE-36,RACK-02,SHELF-01,BIN-00676,300
LOC00677,A,AISLE-37,RACK-05,SHELF-05,BIN-00677,150
LOC00678,A,AISLE-38,RACK-05,SHELF-04,BIN-00678,200
LOC00679,A,AISLE-39,RACK-11,SHELF-05,BIN-00679,300
LOC00680,A,AISLE-40,RACK-15,SHELF-02,BIN-00680,100
LOC00681,A,AISLE-01,RACK-13,SHELF-03,BIN-00681,175
LOC00682,A,AISLE-02,RACK-09,SHELF-01,BIN-00682,400
LOC00683,A,AISLE-03,RACK-15,SHELF-05,BIN-00683,250
LOC00684,A,AISLE-04,RACK-18,SHELF-04,BIN-00684,200
LOC00685,A,AISLE-05,RACK-19,SHELF-02,BIN-00685,300
LOC00686,A,AISLE-06,RACK-11,SHELF-04,BIN-00686,250
LOC00687,A,AISLE-07,RACK-20,SHELF-05,BIN-00687,175
LOC00688,A,AISLE-08,RACK-03,SHELF-05,BIN-00688,175
LOC00689,A,AISLE-09,RACK-15,SHELF-03,BIN-00689,250
LOC00690,A,AISLE-10,RACK-18,SHELF-03,BIN-00690,400
LOC00691,A,AISLE-11,RACK-01,SHELF-05,BIN-00691,350
LOC00692,A,AISLE-12,RACK-06,SHELF-01,BIN-00692,300
LOC00693,A,AISLE-13,RACK-20,SHELF-02,BIN-00693,300
LOC00694,A,AISLE-14,RACK-03,SHELF-05,BIN-00694,350
LOC00695,A,AISLE-15,RACK-07,SHELF-05,BIN-00695,400
LOC00696,A,AISLE-16,RACK-18,SHELF-02,BIN-00696,250
LOC00697,A,AISLE-17,RACK-11,SHELF-04,BIN-00697,300
LOC00698,A,AISLE-18,RACK-04,SHELF-01,BIN-00698,150
LOC00699,A,AISLE-19,RACK-02,SHELF-02,BIN-00699,175
LOC00700,A,AISLE-20,RACK-02,SHELF-02,BIN-00700,150
LOC00701,A,AISLE-21,RACK-16,SHELF-02,BIN-00701,150
LOC00702,A,AISLE-22,RACK-02,SHELF-05,BIN-00702,350
LOC00703,A,AISLE-23,RACK-16,SHELF-05,BIN-00703,250
LOC00704,A,AISLE-24,RACK-02,SHELF-03,BIN-00704,200
LOC00705,A,AISLE-25,RACK-20,SHELF-01,BIN-00705,100
LOC00706,A,AISLE-26,RACK-07,SHELF-04,BIN-00706,150
LOC00707,A,AISLE-27,RACK-15,SHELF-01,BIN-00707,300
LOC00708,A,AISLE-28,RACK-18,SHELF-04,BIN-00708,300
LOC00709,A,AISLE-29,RACK-02,SHELF-05,BIN-00709,250
LOC00710,A,AISLE-30,RACK-17,SHELF-01,BIN-00710,150
LOC00711,A,AISLE-31,RACK-10,SHELF-01,BIN-00711,200
LOC00712,A,AISLE-32,RACK-17,SHELF-01,BIN-00712,150
LOC00713,A,AISLE-33,RACK-08,SHELF-05,BIN-00713,350
LOC00714,A,AISLE-34,RACK-07,SHELF-02,BIN-00714,200
LOC00715,A,AISLE-35,RACK-19,SHELF-02,BIN-00715,350
LOC00716,A,AISLE-36,RACK-04,SHELF-05,BIN-00716,300
LOC00717,A,AISLE-37,RACK-15,SHELF-04,BIN-00717,150
LOC00718,A,AISLE-38,RACK-06,SHELF-02,BIN-00718,350
LOC00719,A,AISLE-39,RACK-17,SHELF-03,BIN-00719,175
LOC00720,A,AISLE-40,RACK-18,SHELF-05,BIN-00720,400
LOC00721,A,AISLE-01,RACK-12,SHELF-03,BIN-00721,300
LOC00722,A,AISLE-02,RACK-12,SHELF-04,BIN-00722,350
LOC00723,A,AISLE-03,RACK-11,SHELF-05,BIN-00723,200
LOC00724,A,AISLE-04,RACK-19,SHELF-05,BIN-00724,200
LOC00725,A,AISLE-05,RACK-13,SHELF-05,BIN-00725,250
LOC00726,A,AISLE-06,RACK-12,SHELF-04,BIN-00726,400
LOC00727,A,AISLE-07,RACK-13,SHELF-01,BIN-00727,100
LOC00728,A,AISLE-08,RACK-10,SHELF-05,BIN-00728,100
LOC00729,A,AISLE-09,RACK-17,SHELF-02,BIN-00729,250
LOC00730,A,AISLE-10,RACK-01,SHELF-03,BIN-00730,200
LOC00731,A,AISLE-11,RACK-07,SHELF-03,BIN-00731,100
LOC00732,A,AISLE-12,RACK-09,SHELF-05,BIN-00732,175
LOC00733,A,AISLE-13,RACK-04,SHELF-01,BIN-00733,400
LOC00734,A,AISLE-14,RACK-12,SHELF-02,BIN-00734,175
LOC00735,A,AISLE-15,RACK-09,SHELF-03,BIN-00735,200
LOC00736,A,AISLE-16,RACK-08,SHELF-03,BIN-00736,250
LOC00737,A,AISLE-17,RACK-03,SHELF-05,BIN-00737,350
LOC00738,A,AISLE-18,RACK-19,SHELF-02,BIN-00738,150
LOC00739,A,AISLE-19,RACK-11,SHELF-04,BIN-00739,175
LOC00740,A,AISLE-20,RACK-16,SHELF-05,BIN-00740,150
LOC00741,A,AISLE-21,RACK-20,SHELF-03,BIN-00741,100
LOC00742,A,AISLE-22,RACK-19,SHELF-04,BIN-00742,150
LOC00743,A,AISLE-23,RACK-02,SHELF-03,BIN-00743,300
LOC00744,A,AISLE-24,RACK-14,SHELF-04,BIN-00744,150
LOC00745,A,AISLE-25,RACK-08,SHELF-05,BIN-00745,100
LOC00746,A,AISLE-26,RACK-13,SHELF-01,BIN-00746,250
LOC00747,A,AISLE-27,RACK-17,SHELF-01,BIN-00747,300
LOC00748,A,AISLE-28,RACK-18,SHELF-05,BIN-00748,175
LOC00749,A,AISLE-29,RACK-11,SHELF-05,BIN-00749,200
LOC00750,A,AISLE-30,RACK-05,SHELF-01,BIN-00750,350
LOC00751,A,AISLE-31,RACK-15,SHELF-05,BIN-00751,150
LOC00752,A,AISLE-32,RACK-08,SHELF-04,BIN-00752,250
LOC00753,A,AISLE-33,RACK-13,SHELF-02,BIN-00753,175
LOC00754,A,AISLE-34,RACK-11,SHELF-01,BIN-00754,400
LOC00755,A,AISLE-35,RACK-19,SHELF-01,BIN-00755,350
LOC00756,A,AISLE-36,RACK-09,SHELF-01,BIN-00756,350
LOC00757,A,AISLE-37,RACK-17,SHELF-04,BIN-00757,175
LOC00758,A,AISLE-38,RACK-05,SHELF-04,BIN-00758,200
LOC00759,A,AISLE-39,RACK-16,SHELF-04,BIN-00759,200
LOC00760,A,AISLE-40,RACK-18,SHELF-05,BIN-00760,200
LOC00761,A,AISLE-01,RACK-08,SHELF-01,BIN-00761,250
LOC00762,A,AISLE-02,RACK-14,SHELF-03,BIN-00762,150
LOC00763,A,AISLE-03,RACK-04,SHELF-04,BIN-00763,350
LOC00764,A,AISLE-04,RACK-12,SHELF-03,BIN-00764,200
LOC00765,A,AISLE-05,RACK-11,SHELF-03,BIN-00765,100
LOC00766,A,AISLE-06,RACK-10,SHELF-02,BIN-00766,300
LOC00767,A,AISLE-07,RACK-20,SHELF-04,BIN-00767,175
LOC00768,A,AISLE-08,RACK-15,SHELF-01,BIN-00768,200
LOC00769,A,AISLE-09,RACK-07,SHELF-03,BIN-00769,175
LOC00770,A,AISLE-10,RACK-03,SHELF-01,BIN-00770,100
LOC00771,A,AISLE-11,RACK-08,SHELF-05,BIN-00771,175
LOC00772,A,AISLE-12,RACK-10,SHELF-01,BIN-00772,300
LOC00773,A,AISLE-13,RACK-04,SHELF-03,BIN-00773,400
LOC00774,A,AISLE-14,RACK-16,SHELF-01,BIN-00774,300
LOC00775,A,AISLE-15,RACK-07,SHELF-05,BIN-00775,200
LOC00776,A,AISLE-16,RACK-07,SHELF-05,BIN-00776,250
LOC00777,A,AISLE-17,RACK-18,SHELF-04,BIN-00777,175
LOC00778,A,AISLE-18,RACK-01,SHELF-04,BIN-00778,100
LOC00779,A,AISLE-19,RACK-09,SHELF-02,BIN-00779,100
LOC00780,A,AISLE-20,RACK-10,SHELF-02,BIN-00780,250
LOC00781,A,AISLE-21,RACK-02,SHELF-04,BIN-00781,100
LOC00782,A,AISLE-22,RACK-03,SHELF-04,BIN-00782,250
LOC00783,A,AISLE-23,RACK-12,SHELF-01,BIN-00783,100
LOC00784,A,AISLE-24,RACK-10,SHELF-04,BIN-00784,200
LOC00785,A,AISLE-25,RACK-13,SHELF-05,BIN-00785,150
LOC00786,A,AISLE-26,RACK-11,SHELF-04,BIN-00786,150
LOC00787,A,AISLE-27,RACK-06,SHELF-02,BIN-00787,400
LOC00788,A,AISLE-28,RACK-18,SHELF-01,BIN-00788,100
LOC00789,A,AISLE-29,RACK-08,SHELF-05,BIN-00789,250
LOC00790,A,AISLE-30,RACK-11,SHELF-04,BIN-00790,350
LOC00791,A,AISLE-31,RACK-06,SHELF-01,BIN-00791,300
LOC00792,A,AISLE-32,RACK-12,SHELF-03,BIN-00792,250
LOC00793,A,AISLE-33,RACK-08,SHELF-05,BIN-00793,250
LOC00794,A,AISLE-34,RACK-02,SHELF-03,BIN-00794,350
LOC00795,A,AISLE-35,RACK-01,SHELF-05,BIN-00795,250
LOC00796,A,AISLE-36,RACK-08,SHELF-02,BIN-00796,300
LOC00797,A,AISLE-37,RACK-13,SHELF-02,BIN-00797,150
LOC00798,A,AISLE-38,RACK-13,SHELF-05,BIN-00798,200
LOC00799,A,AISLE-39,RACK-14,SHELF-02,BIN-00799,175
LOC00800,A,AISLE-40,RACK-14,SHELF-03,BIN-00800,300
LOC00801,A,AISLE-01,RACK-15,SHELF-05,BIN-00801,175
LOC00802,A,AISLE-02,RACK-07,SHELF-02,BIN-00802,200
LOC00803,A,AISLE-03,RACK-05,SHELF-03,BIN-00803,175
LOC00804,A,AISLE-04,RACK-14,SHELF-02,BIN-00804,175
LOC00805,A,AISLE-05,RACK-11,SHELF-01,BIN-00805,150
LOC00806,A,AISLE-06,RACK-06,SHELF-03,BIN-00806,175
LOC00807,A,AISLE-07,RACK-01,SHELF-03,BIN-00807,350
LOC00808,A,AISLE-08,RACK-14,SHELF-03,BIN-00808,400
LOC00809,A,AISLE-09,RACK-09,SHELF-02,BIN-00809,200
LOC00810,A,AISLE-10,RACK-04,SHELF-02,BIN-00810,175
LOC00811,A,AISLE-11,RACK-01,SHELF-05,BIN-00811,250
LOC00812,A,AISLE-12,RACK-20,SHELF-05,BIN-00812,200
LOC00813,A,AISLE-13,RACK-20,SHELF-02,BIN-00813,200
LOC00814,A,AISLE-14,RACK-01,SHELF-03,BIN-00814,150
LOC00815,A,AISLE-15,RACK-16,SHELF-02,BIN-00815,400
LOC00816,A,AISLE-16,RACK-12,SHELF-02,BIN-00816,350
LOC00817,A,AISLE-17,RACK-16,SHELF-04,BIN-00817,175
LOC00818,A,AISLE-18,RACK-06,SHELF-02,BIN-00818,200
LOC00819,A,AISLE-19,RACK-02,SHELF-04,BIN-00819,100
LOC00820,A,AISLE-20,RACK-09,SHELF-04,BIN-00820,200
LOC00821,A,AISLE-21,RACK-07,SHELF-02,BIN-00821,150
LOC00822,A,AISLE-22,RACK-06,SHELF-04,BIN-00822,400
LOC00823,A,AISLE-23,RACK-11,SHELF-04,BIN-00823,200
LOC00824,A,AISLE-24,RACK-14,SHELF-04,BIN-00824,100
LOC00825,A,AISLE-25,RACK-20,SHELF-04,BIN-00825,300
LOC00826,A,AISLE-26,RACK-13,SHELF-05,BIN-00826,100
LOC00827,A,AISLE-27,RACK-17,SHELF-01,BIN-00827,400
LOC00828,A,AISLE-28,RACK-15,SHELF-01,BIN-00828,200
LOC00829,A,AISLE-29,RACK-17,SHELF-05,BIN-00829,350
LOC00830,A,AISLE-30,RACK-02,SHELF-05,BIN-00830,350
LOC00831,A,AISLE-31,RACK-17,SHELF-01,BIN-00831,200
LOC00832,A,AISLE-32,RACK-10,SHELF-04,BIN-00832,350
LOC00833,A,AISLE-33,RACK-10,SHELF-03,BIN-00833,400
LOC00834,A,AISLE-34,RACK-06,SHELF-04,BIN-00834,250
LOC00835,B,AISLE-35,RACK-20,SHELF-01,BIN-00835,175
LOC00836,B,AISLE-36,RACK-15,SHELF-04,BIN-00836,150
LOC00837,B,AISLE-37,RACK-17,SHELF-01,BIN-00837,175
LOC00838,B,AISLE-38,RACK-19,SHELF-05,BIN-00838,175
LOC00839,B,AISLE-39,RACK-13,SHELF-04,BIN-00839,300
LOC00840,B,AISLE-40,RACK-15,SHELF-01,BIN-00840,175
LOC00841,B,AISLE-01,RACK-15,SHELF-05,BIN-00841,200
LOC00842,B,AISLE-02,RACK-15,SHELF-01,BIN-00842,250
LOC00843,B,AISLE-03,RACK-11,SHELF-02,BIN-00843,150
LOC00844,B,AISLE-04,RACK-03,SHELF-01,BIN-00844,400
LOC00845,B,AISLE-05,RACK-12,SHELF-01,BIN-00845,350
LOC00846,B,AISLE-06,RACK-17,SHELF-05,BIN-00846,175
LOC00847,B,AISLE-07,RACK-13,SHELF-05,BIN-00847,350
LOC00848,B,AISLE-08,RACK-02,SHELF-02,BIN-00848,300
LOC00849,B,AISLE-09,RACK-19,SHELF-02,BIN-00849,175
LOC00850,B,AISLE-10,RACK-05,SHELF-02,BIN-00850,100
LOC00851,B,AISLE-11,RACK-14,SHELF-03,BIN-00851,250
LOC00852,B,AISLE-12,RACK-15,SHELF-03,BIN-00852,175
LOC00853,B,AISLE-13,RACK-04,SHELF-02,BIN-00853,200
LOC00854,B,AISLE-14,RACK-01,SHELF-05,BIN-00854,250
LOC00855,B,AISLE-15,RACK-01,SHELF-04,BIN-00855,400
LOC00856,B,AISLE-16,RACK-16,SHELF-05,BIN-00856,100
LOC00857,B,AISLE-17,RACK-20,SHELF-04,BIN-00857,200
LOC00858,B,AISLE-18,RACK-07,SHELF-05,BIN-00858,400
LOC00859,B,AISLE-19,RACK-15,SHELF-04,BIN-00859,400
LOC00860,B,AISLE-20,RACK-03,SHELF-05,BIN-00860,100
LOC00861,B,AISLE-21,RACK-08,SHELF-05,BIN-00861,250
LOC00862,B,AISLE-22,RACK-20,SHELF-05,BIN-00862,200
LOC00863,B,AISLE-23,RACK-02,SHELF-02,BIN-00863,175
LOC00864,B,AISLE-24,RACK-02,SHELF-03,BIN-00864,100
LOC00865,B,AISLE-25,RACK-05,SHELF-01,BIN-00865,250
LOC00866,B,AISLE-26,RACK-11,SHELF-01,BIN-00866,100
LOC00867,B,AISLE-27,RACK-04,SHELF-04,BIN-00867,175
LOC00868,B,AISLE-28,RACK-06,SHELF-03,BIN-00868,175
LOC00869,B,AISLE-29,RACK-15,SHELF-05,BIN-00869,300
LOC00870,B,AISLE-30,RACK-02,SHELF-01,BIN-00870,250
LOC00871,B,AISLE-31,RACK-11,SHELF-03,BIN-00871,350
LOC00872,B,AISLE-32,RACK-03,SHELF-04,BIN-00872,150
LOC00873,B,AISLE-33,RACK-10,SHELF-04,BIN-00873,175
LOC00874,B,AISLE-34,RACK-04,SHELF-03,BIN-00874,300
LOC00875,B,AISLE-35,RACK-17,SHELF-04,BIN-00875,200
LOC00876,B,AISLE-36,RACK-07,SHELF-05,BIN-00876,100
LOC00877,B,AISLE-37,RACK-04,SHELF-05,BIN-00877,150
LOC00878,B,AISLE-38,RACK-16,SHELF-05,BIN-00878,250
LOC00879,B,AISLE-39,RACK-14,SHELF-05,BIN-00879,300
LOC00880,B,AISLE-40,RACK-09,SHELF-05,BIN-00880,300
LOC00881,B,AISLE-01,RACK-05,SHELF-05,BIN-00881,400
LOC00882,B,AISLE-02,RACK-17,SHELF-04,BIN-00882,400
LOC00883,B,AISLE-03,RACK-06,SHELF-05,BIN-00883,200
LOC00884,B,AISLE-04,RACK-10,SHELF-02,BIN-00884,100
LOC00885,B,AISLE-05,RACK-04,SHELF-01,BIN-00885,400
LOC00886,B,AISLE-06,RACK-04,SHELF-02,BIN-00886,350
LOC00887,B,AISLE-07,RACK-14,SHELF-01,BIN-00887,300
LOC00888,B,AISLE-08,RACK-12,SHELF-05,BIN-00888,200
LOC00889,B,AISLE-09,RACK-01,SHELF-02,BIN-00889,250
LOC00890,B,AISLE-10,RACK-09,SHELF-01,BIN-00890,250
LOC00891,B,AISLE-11,RACK-10,SHELF-05,BIN-00891,300
LOC00892,B,AISLE-12,RACK-01,SHELF-01,BIN-00892,300
LOC00893,B,AISLE-13,RACK-11,SHELF-04,BIN-00893,100
LOC00894,B,AISLE-14,RACK-06,SHELF-02,BIN-00894,300
LOC00895,B,AISLE-15,RACK-11,SHELF-04,BIN-00895,400
LOC00896,B,AISLE-16,RACK-02,SHELF-02,BIN-00896,400
LOC00897,B,AISLE-17,RACK-05,SHELF-04,BIN-00897,300
LOC00898,B,AISLE-18,RACK-15,SHELF-04,BIN-00898,100
LOC00899,B,AISLE-19,RACK-17,SHELF-03,BIN-00899,300
LOC00900,B,AISLE-20,RACK-18,SHELF-05,BIN-00900,100
LOC00901,B,AISLE-21,RACK-07,SHELF-05,BIN-00901,300
LOC00902,B,AISLE-22,RACK-12,SHELF-01,BIN-00902,175
LOC00903,B,AISLE-23,RACK-09,SHELF-01,BIN-00903,300
LOC00904,B,AISLE-24,RACK-13,SHELF-05,BIN-00904,175
LOC00905,B,AISLE-25,RACK-19,SHELF-05,BIN-00905,350
LOC00906,B,AISLE-26,RACK-06,SHELF-05,BIN-00906,150
LOC00907,B,AISLE-27,RACK-10,SHELF-03,BIN-00907,100
LOC00908,B,AISLE-28,RACK-09,SHELF-04,BIN-00908,150
LOC00909,B,AISLE-29,RACK-16,SHELF-02,BIN-00909,300
LOC00910,B,AISLE-30,RACK-15,SHELF-03,BIN-00910,200
LOC00911,B,AISLE-31,RACK-17,SHELF-03,BIN-00911,175
LOC00912,B,AISLE-32,RACK-04,SHELF-03,BIN-00912,100
LOC00913,B,AISLE-33,RACK-07,SHELF-01,BIN-00913,400
LOC00914,B,AISLE-34,RACK-17,SHELF-01,BIN-00914,400
LOC00915,B,AISLE-35,RACK-17,SHELF-02,BIN-00915,200
LOC00916,B,AISLE-36,RACK-11,SHELF-04,BIN-00916,250
LOC00917,B,AISLE-37,RACK-11,SHELF-02,BIN-00917,150
LOC00918,B,AISLE-38,RACK-17,SHELF-02,BIN-00918,200
LOC00919,B,AISLE-39,RACK-02,SHELF-04,BIN-00919,350
LOC00920,B,AISLE-40,RACK-17,SHELF-01,BIN-00920,100
LOC00921,B,AISLE-01,RACK-10,SHELF-01,BIN-00921,150
LOC00922,B,AISLE-02,RACK-11,SHELF-04,BIN-00922,100
LOC00923,B,AISLE-03,RACK-04,SHELF-05,BIN-00923,250
LOC00924,B,AISLE-04,RACK-01,SHELF-05,BIN-00924,250
LOC00925,B,AISLE-05,RACK-07,SHELF-03,BIN-00925,200
LOC00926,B,AISLE-06,RACK-07,SHELF-03,BIN-00926,250
LOC00927,B,AISLE-07,RACK-18,SHELF-03,BIN-00927,400
LOC00928,B,AISLE-08,RACK-04,SHELF-03,BIN-00928,175
LOC00929,B,AISLE-09,RACK-06,SHELF-03,BIN-00929,150
LOC00930,B,AISLE-10,RACK-01,SHELF-05,BIN-00930,150
LOC00931,B,AISLE-11,RACK-07,SHELF-05,BIN-00931,300
LOC00932,B,AISLE-12,RACK-18,SHELF-03,BIN-00932,250
LOC00933,B,AISLE-13,RACK-05,SHELF-03,BIN-00933,200
LOC00934,B,AISLE-14,RACK-06,SHELF-01,BIN-00934,250
LOC00935,B,AISLE-15,RACK-20,SHELF-03,BIN-00935,400
LOC00936,B,AISLE-16,RACK-02,SHELF-02,BIN-00936,100
LOC00937,B,AISLE-17,RACK-16,SHELF-01,BIN-00937,150
LOC00938,B,AISLE-18,RACK-13,SHELF-01,BIN-00938,150
LOC00939,B,AISLE-19,RACK-14,SHELF-04,BIN-00939,175
LOC00940,B,AISLE-20,RACK-20,SHELF-05,BIN-00940,400
LOC00941,B,AISLE-21,RACK-20,SHELF-03,BIN-00941,250
LOC00942,B,AISLE-22,RACK-11,SHELF-02,BIN-00942,150
LOC00943,B,AISLE-23,RACK-15,SHELF-05,BIN-00943,175
LOC00944,B,AISLE-24,RACK-03,SHELF-04,BIN-00944,150
LOC00945,B,AISLE-25,RACK-15,SHELF-03,BIN-00945,400
LOC00946,B,AISLE-26,RACK-16,SHELF-02,BIN-00946,200
LOC00947,B,AISLE-27,RACK-05,SHELF-05,BIN-00947,250
LOC00948,B,AISLE-28,RACK-12,SHELF-04,BIN-00948,175
LOC00949,B,AISLE-29,RACK-11,SHELF-03,BIN-00949,400
LOC00950,B,AISLE-30,RACK-16,SHELF-01,BIN-00950,150
LOC00951,B,AISLE-31,RACK-16,SHELF-01,BIN-00951,300
LOC00952,B,AISLE-32,RACK-16,SHELF-04,BIN-00952,175
LOC00953,B,AISLE-33,RACK-10,SHELF-03,BIN-00953,175
LOC00954,B,AISLE-34,RACK-17,SHELF-01,BIN-00954,350
LOC00955,B,AISLE-35,RACK-04,SHELF-03,BIN-00955,150
LOC00956,B,AISLE-36,RACK-10,SHELF-05,BIN-00956,400
LOC00957,B,AISLE-37,RACK-13,SHELF-05,BIN-00957,350
LOC00958,B,AISLE-38,RACK-08,SHELF-05,BIN-00958,200
LOC00959,B,AISLE-39,RACK-18,SHELF-02,BIN-00959,400
LOC00960,B,AISLE-40,RACK-13,SHELF-01,BIN-00960,300
LOC00961,B,AISLE-01,RACK-07,SHELF-05,BIN-00961,350
LOC00962,B,AISLE-02,RACK-14,SHELF-05,BIN-00962,300
LOC00963,B,AISLE-03,RACK-18,SHELF-02,BIN-00963,175
LOC00964,B,AISLE-04,RACK-03,SHELF-05,BIN-00964,400
LOC00965,B,AISLE-05,RACK-04,SHELF-05,BIN-00965,400
LOC00966,B,AISLE-06,RACK-11,SHELF-05,BIN-00966,150
LOC00967,B,AISLE-07,RACK-15,SHELF-02,BIN-00967,250
LOC00968,B,AISLE-08,RACK-13,SHELF-01,BIN-00968,150
LOC00969,B,AISLE-09,RACK-20,SHELF-04,BIN-00969,300
LOC00970,B,AISLE-10,RACK-16,SHELF-01,BIN-00970,150
LOC00971,B,AISLE-11,RACK-07,SHELF-02,BIN-00971,100
LOC00972,B,AISLE-12,RACK-05,SHELF-02,BIN-00972,400
LOC00973,B,AISLE-13,RACK-18,SHELF-03,BIN-00973,350
LOC00974,B,AISLE-14,RACK-20,SHELF-05,BIN-00974,400
LOC00975,B,AISLE-15,RACK-07,SHELF-02,BIN-00975,300
LOC00976,B,AISLE-16,RACK-10,SHELF-05,BIN-00976,250
LOC00977,B,AISLE-17,RACK-14,SHELF-03,BIN-00977,150
LOC00978,B,AISLE-18,RACK-19,SHELF-01,BIN-00978,350
LOC00979,B,AISLE-19,RACK-05,SHELF-03,BIN-00979,100
LOC00980,B,AISLE-20,RACK-12,SHELF-05,BIN-00980,100
LOC00981,B,AISLE-21,RACK-01,SHELF-05,BIN-00981,300
LOC00982,B,AISLE-22,RACK-04,SHELF-03,BIN-00982,100
LOC00983,B,AISLE-23,RACK-08,SHELF-04,BIN-00983,350
LOC00984,B,AISLE-24,RACK-11,SHELF-04,BIN-00984,350
LOC00985,B,AISLE-25,RACK-13,SHELF-04,BIN-00985,200
LOC00986,B,AISLE-26,RACK-06,SHELF-04,BIN-00986,175
LOC00987,B,AISLE-27,RACK-07,SHELF-05,BIN-00987,350
LOC00988,B,AISLE-28,RACK-12,SHELF-04,BIN-00988,175
LOC00989,B,AISLE-29,RACK-10,SHELF-02,BIN-00989,175
LOC00990,B,AISLE-30,RACK-01,SHELF-01,BIN-00990,100
LOC00991,B,AISLE-31,RACK-05,SHELF-04,BIN-00991,350
LOC00992,B,AISLE-32,RACK-05,SHELF-01,BIN-00992,175
LOC00993,B,AISLE-33,RACK-14,SHELF-04,BIN-00993,350
LOC00994,B,AISLE-34,RACK-20,SHELF-02,BIN-00994,400
LOC00995,B,AISLE-35,RACK-17,SHELF-04,BIN-00995,400
LOC00996,B,AISLE-36,RACK-13,SHELF-03,BIN-00996,200
LOC00997,B,AISLE-37,RACK-06,SHELF-04,BIN-00997,100
LOC00998,B,AISLE-38,RACK-19,SHELF-04,BIN-00998,200
LOC00999,B,AISLE-39,RACK-17,SHELF-03,BIN-00999,350
LOC01000,B,AISLE-40,RACK-18,SHELF-05,BIN-01000,300
LOC01001,B,AISLE-01,RACK-02,SHELF-01,BIN-01001,400
LOC01002,B,AISLE-02,RACK-12,SHELF-01,BIN-01002,400
LOC01003,B,AISLE-03,RACK-03,SHELF-02,BIN-01003,250
LOC01004,B,AISLE-04,RACK-15,SHELF-05,BIN-01004,150
LOC01005,B,AISLE-05,RACK-17,SHELF-05,BIN-01005,150
LOC01006,B,AISLE-06,RACK-08,SHELF-04,BIN-01006,150
LOC01007,B,AISLE-07,RACK-18,SHELF-05,BIN-01007,250
LOC01008,B,AISLE-08,RACK-20,SHELF-01,BIN-01008,300
LOC01009,B,AISLE-09,RACK-18,SHELF-01,BIN-01009,400
LOC01010,B,AISLE-10,RACK-15,SHELF-05,BIN-01010,400
LOC01011,B,AISLE-11,RACK-19,SHELF-03,BIN-01011,350
LOC01012,B,AISLE-12,RACK-12,SHELF-03,BIN-01012,250
LOC01013,B,AISLE-13,RACK-06,SHELF-01,BIN-01013,250
LOC01014,B,AISLE-14,RACK-19,SHELF-03,BIN-01014,100
LOC01015,B,AISLE-15,RACK-16,SHELF-05,BIN-01015,175
LOC01016,B,AISLE-16,RACK-19,SHELF-01,BIN-01016,250
LOC01017,B,AISLE-17,RACK-20,SHELF-01,BIN-01017,250
LOC01018,B,AISLE-18,RACK-16,SHELF-01,BIN-01018,175
LOC01019,B,AISLE-19,RACK-17,SHELF-01,BIN-01019,250
LOC01020,B,AISLE-20,RACK-09,SHELF-02,BIN-01020,250
LOC01021,B,AISLE-21,RACK-09,SHELF-03,BIN-01021,100
LOC01022,B,AISLE-22,RACK-04,SHELF-05,BIN-01022,175
LOC01023,B,AISLE-23,RACK-19,SHELF-02,BIN-01023,400
LOC01024,B,AISLE-24,RACK-12,SHELF-02,BIN-01024,250
LOC01025,B,AISLE-25,RACK-08,SHELF-04,BIN-01025,175
LOC01026,B,AISLE-26,RACK-17,SHELF-01,BIN-01026,300
LOC01027,B,AISLE-27,RACK-03,SHELF-02,BIN-01027,175
LOC01028,B,AISLE-28,RACK-16,SHELF-04,BIN-01028,350
LOC01029,B,AISLE-29,RACK-08,SHELF-04,BIN-01029,175
LOC01030,B,AISLE-30,RACK-07,SHELF-05,BIN-01030,300
LOC01031,B,AISLE-31,RACK-02,SHELF-03,BIN-01031,150
LOC01032,B,AISLE-32,RACK-02,SHELF-02,BIN-01032,400
LOC01033,B,AISLE-33,RACK-13,SHELF-04,BIN-01033,250
LOC01034,B,AISLE-34,RACK-16,SHELF-05,BIN-01034,200
LOC01035,B,AISLE-35,RACK-13,SHELF-04,BIN-01035,400
LOC01036,B,AISLE-36,RACK-09,SHELF-02,BIN-01036,350
LOC01037,B,AISLE-37,RACK-01,SHELF-03,BIN-01037,400
LOC01038,B,AISLE-38,RACK-13,SHELF-03,BIN-01038,100
LOC01039,B,AISLE-39,RACK-04,SHELF-05,BIN-01039,300
LOC01040,B,AISLE-40,RACK-14,SHELF-05,BIN-01040,250
LOC01041,B,AISLE-01,RACK-11,SHELF-03,BIN-01041,250
LOC01042,B,AISLE-02,RACK-04,SHELF-03,BIN-01042,350
LOC01043,B,AISLE-03,RACK-15,SHELF-02,BIN-01043,200
LOC01044,B,AISLE-04,RACK-17,SHELF-03,BIN-01044,175
LOC01045,B,AISLE-05,RACK-11,SHELF-05,BIN-01045,100
LOC01046,B,AISLE-06,RACK-01,SHELF-01,BIN-01046,100
LOC01047,B,AISLE-07,RACK-14,SHELF-01,BIN-01047,150
LOC01048,B,AISLE-08,RACK-15,SHELF-03,BIN-01048,200
LOC01049,B,AISLE-09,RACK-10,SHELF-03,BIN-01049,200
LOC01050,B,AISLE-10,RACK-02,SHELF-01,BIN-01050,150
LOC01051,B,AISLE-11,RACK-02,SHELF-05,BIN-01051,200
LOC01052,B,AISLE-12,RACK-20,SHELF-01,BIN-01052,150
LOC01053,B,AISLE-13,RACK-03,SHELF-05,BIN-01053,175
LOC01054,B,AISLE-14,RACK-13,SHELF-05,BIN-01054,175
LOC01055,B,AISLE-15,RACK-04,SHELF-02,BIN-01055,250
LOC01056,B,AISLE-16,RACK-10,SHELF-04,BIN-01056,150
LOC01057,B,AISLE-17,RACK-15,SHELF-03,BIN-01057,350
LOC01058,B,AISLE-18,RACK-11,SHELF-03,BIN-01058,175
LOC01059,B,AISLE-19,RACK-03,SHELF-03,BIN-01059,100
LOC01060,B,AISLE-20,RACK-13,SHELF-04,BIN-01060,300
LOC01061,B,AISLE-21,RACK-02,SHELF-03,BIN-01061,250
LOC01062,B,AISLE-22,RACK-06,SHELF-04,BIN-01062,150
LOC01063,B,AISLE-23,RACK-16,SHELF-02,BIN-01063,350
LOC01064,B,AISLE-24,RACK-06,SHELF-04,BIN-01064,150
LOC01065,B,AISLE-25,RACK-05,SHELF-05,BIN-01065,350
LOC01066,B,AISLE-26,RACK-07,SHELF-05,BIN-01066,150
LOC01067,B,AISLE-27,RACK-15,SHELF-03,BIN-01067,150
LOC01068,B,AISLE-28,RACK-02,SHELF-01,BIN-01068,150
LOC01069,B,AISLE-29,RACK-19,SHELF-03,BIN-01069,400
LOC01070,B,AISLE-30,RACK-01,SHELF-04,BIN-01070,175
LOC01071,B,AISLE-31,RACK-01,SHELF-01,BIN-01071,350
LOC01072,B,AISLE-32,RACK-09,SHELF-02,BIN-01072,300
LOC01073,B,AISLE-33,RACK-13,SHELF-05,BIN-01073,100
LOC01074,B,AISLE-34,RACK-17,SHELF-04,BIN-01074,400
LOC01075,B,AISLE-35,RACK-14,SHELF-04,BIN-01075,150
LOC01076,B,AISLE-36,RACK-18,SHELF-02,BIN-01076,100
LOC01077,B,AISLE-37,RACK-13,SHELF-04,BIN-01077,150
LOC01078,B,AISLE-38,RACK-19,SHELF-05,BIN-01078,300
LOC01079,B,AISLE-39,RACK-11,SHELF-03,BIN-01079,350
LOC01080,B,AISLE-40,RACK-02,SHELF-01,BIN-01080,300
LOC01081,B,AISLE-01,RACK-18,SHELF-03,BIN-01081,150
LOC01082,B,AISLE-02,RACK-15,SHELF-03,BIN-01082,200
LOC01083,B,AISLE-03,RACK-06,SHELF-05,BIN-01083,100
LOC01084,B,AISLE-04,RACK-13,SHELF-02,BIN-01084,250
LOC01085,B,AISLE-05,RACK-13,SHELF-01,BIN-01085,300
LOC01086,B,AISLE-06,RACK-16,SHELF-01,BIN-01086,400
LOC01087,B,AISLE-07,RACK-07,SHELF-02,BIN-01087,100
LOC01088,B,AISLE-08,RACK-07,SHELF-01,BIN-01088,200
LOC01089,B,AISLE-09,RACK-16,SHELF-04,BIN-01089,150
LOC01090,B,AISLE-10,RACK-18,SHELF-03,BIN-01090,400
LOC01091,B,AISLE-11,RACK-18,SHELF-04,BIN-01091,100
LOC01092,B,AISLE-12,RACK-02,SHELF-03,BIN-01092,100
LOC01093,B,AISLE-13,RACK-11,SHELF-01,BIN-01093,350
LOC01094,B,AISLE-14,RACK-04,SHELF-02,BIN-01094,400
LOC01095,B,AISLE-15,RACK-18,SHELF-02,BIN-01095,200
LOC01096,B,AISLE-16,RACK-03,SHELF-01,BIN-01096,175
LOC01097,B,AISLE-17,RACK-16,SHELF-01,BIN-01097,400
LOC01098,B,AISLE-18,RACK-20,SHELF-01,BIN-01098,200
LOC01099,B,AISLE-19,RACK-05,SHELF-01,BIN-01099,175
LOC01100,B,AISLE-20,RACK-02,SHELF-03,BIN-01100,150
LOC01101,B,AISLE-21,RACK-15,SHELF-05,BIN-01101,175
LOC01102,B,AISLE-22,RACK-19,SHELF-01,BIN-01102,150
LOC01103,B,AISLE-23,RACK-04,SHELF-04,BIN-01103,200
LOC01104,B,AISLE-24,RACK-03,SHELF-02,BIN-01104,350
LOC01105,B,AISLE-25,RACK-11,SHELF-04,BIN-01105,300
LOC01106,B,AISLE-26,RACK-04,SHELF-05,BIN-01106,175
LOC01107,B,AISLE-27,RACK-11,SHELF-02,BIN-01107,100
LOC01108,B,AISLE-28,RACK-19,SHELF-02,BIN-01108,300
LOC01109,B,AISLE-29,RACK-03,SHELF-01,BIN-01109,250
LOC01110,B,AISLE-30,RACK-05,SHELF-04,BIN-01110,175
LOC01111,B,AISLE-31,RACK-12,SHELF-05,BIN-01111,175
LOC01112,B,AISLE-32,RACK-15,SHELF-02,BIN-01112,100
LOC01113,B,AISLE-33,RACK-05,SHELF-01,BIN-01113,350
LOC01114,B,AISLE-34,RACK-06,SHELF-01,BIN-01114,400
LOC01115,B,AISLE-35,RACK-03,SHELF-01,BIN-01115,100
LOC01116,B,AISLE-36,RACK-06,SHELF-01,BIN-01116,250
LOC01117,B,AISLE-37,RACK-14,SHELF-04,BIN-01117,175
LOC01118,B,AISLE-38,RACK-07,SHELF-02,BIN-01118,250
LOC01119,B,AISLE-39,RACK-17,SHELF-04,BIN-01119,350
LOC01120,B,AISLE-40,RACK-08,SHELF-02,BIN-01120,100
LOC01121,B,AISLE-01,RACK-20,SHELF-02,BIN-01121,400
LOC01122,B,AISLE-02,RACK-20,SHELF-01,BIN-01122,250
LOC01123,B,AISLE-03,RACK-12,SHELF-04,BIN-01123,100
LOC01124,B,AISLE-04,RACK-18,SHELF-02,BIN-01124,200
LOC01125,B,AISLE-05,RACK-04,SHELF-05,BIN-01125,150
LOC01126,B,AISLE-06,RACK-20,SHELF-03,BIN-01126,200
LOC01127,B,AISLE-07,RACK-15,SHELF-02,BIN-01127,250
LOC01128,B,AISLE-08,RACK-02,SHELF-02,BIN-01128,150
LOC01129,B,AISLE-09,RACK-05,SHELF-04,BIN-01129,400
LOC01130,B,AISLE-10,RACK-06,SHELF-02,BIN-01130,100
LOC01131,B,AISLE-11,RACK-02,SHELF-03,BIN-01131,250
LOC01132,B,AISLE-12,RACK-07,SHELF-04,BIN-01132,250
LOC01133,B,AISLE-13,RACK-11,SHELF-05,BIN-01133,400
LOC01134,B,AISLE-14,RACK-02,SHELF-01,BIN-01134,100
LOC01135,B,AISLE-15,RACK-18,SHELF-02,BIN-01135,175
LOC01136,B,AISLE-16,RACK-01,SHELF-04,BIN-01136,150
LOC01137,B,AISLE-17,RACK-03,SHELF-02,BIN-01137,400
LOC01138,B,AISLE-18,RACK-19,SHELF-05,BIN-01138,300
LOC01139,B,AISLE-19,RACK-14,SHELF-02,BIN-01139,300
LOC01140,B,AISLE-20,RACK-08,SHELF-01,BIN-01140,300
LOC01141,B,AISLE-21,RACK-08,SHELF-01,BIN-01141,200
LOC01142,B,AISLE-22,RACK-14,SHELF-02,BIN-01142,350
LOC01143,B,AISLE-23,RACK-08,SHELF-01,BIN-01143,400
LOC01144,B,AISLE-24,RACK-19,SHELF-04,BIN-01144,100
LOC01145,B,AISLE-25,RACK-14,SHELF-02,BIN-01145,200
LOC01146,B,AISLE-26,RACK-20,SHELF-04,BIN-01146,175
LOC01147,B,AISLE-27,RACK-13,SHELF-03,BIN-01147,175
LOC01148,B,AISLE-28,RACK-15,SHELF-02,BIN-01148,300
LOC01149,B,AISLE-29,RACK-09,SHELF-02,BIN-01149,300
LOC01150,B,AISLE-30,RACK-05,SHELF-01,BIN-01150,100
LOC01151,B,AISLE-31,RACK-09,SHELF-02,BIN-01151,150
LOC01152,B,AISLE-32,RACK-15,SHELF-04,BIN-01152,350
LOC01153,B,AISLE-33,RACK-06,SHELF-03,BIN-01153,200
LOC01154,B,AISLE-34,RACK-10,SHELF-05,BIN-01154,175
LOC01155,B,AISLE-35,RACK-20,SHELF-02,BIN-01155,200
LOC01156,B,AISLE-36,RACK-03,SHELF-04,BIN-01156,400
LOC01157,B,AISLE-37,RACK-07,SHELF-05,BIN-01157,400
LOC01158,B,AISLE-38,RACK-15,SHELF-03,BIN-01158,100
LOC01159,B,AISLE-39,RACK-14,SHELF-02,BIN-01159,200
LOC01160,B,AISLE-40,RACK-11,SHELF-04,BIN-01160,200
LOC01161,B,AISLE-01,RACK-19,SHELF-02,BIN-01161,100
LOC01162,B,AISLE-02,RACK-14,SHELF-01,BIN-01162,100
LOC01163,B,AISLE-03,RACK-16,SHELF-05,BIN-01163,100
LOC01164,B,AISLE-04,RACK-14,SHELF-05,BIN-01164,350
LOC01165,B,AISLE-05,RACK-16,SHELF-01,BIN-01165,400
LOC01166,B,AISLE-06,RACK-16,SHELF-02,BIN-01166,150
LOC01167,B,AISLE-07,RACK-18,SHELF-01,BIN-01167,350
LOC01168,B,AISLE-08,RACK-07,SHELF-02,BIN-01168,300
LOC01169,B,AISLE-09,RACK-10,SHELF-02,BIN-01169,150
LOC01170,B,AISLE-10,RACK-01,SHELF-04,BIN-01170,250
LOC01171,B,AISLE-11,RACK-06,SHELF-04,BIN-01171,100
LOC01172,B,AISLE-12,RACK-15,SHELF-04,BIN-01172,175
LOC01173,B,AISLE-13,RACK-13,SHELF-02,BIN-01173,300
LOC01174,B,AISLE-14,RACK-15,SHELF-01,BIN-01174,150
LOC01175,B,AISLE-15,RACK-13,SHELF-03,BIN-01175,100
LOC01176,B,AISLE-16,RACK-10,SHELF-04,BIN-01176,250
LOC01177,B,AISLE-17,RACK-20,SHELF-05,BIN-01177,200
LOC01178,B,AISLE-18,RACK-03,SHELF-05,BIN-01178,300
LOC01179,B,AISLE-19,RACK-02,SHELF-05,BIN-01179,300
LOC01180,B,AISLE-20,RACK-02,SHELF-01,BIN-01180,350
LOC01181,B,AISLE-21,RACK-12,SHELF-04,BIN-01181,100
LOC01182,B,AISLE-22,RACK-12,SHELF-03,BIN-01182,175
LOC01183,B,AISLE-23,RACK-18,SHELF-01,BIN-01183,200
LOC01184,B,AISLE-24,RACK-05,SHELF-03,BIN-01184,200
LOC01185,B,AISLE-25,RACK-18,SHELF-01,BIN-01185,400
LOC01186,B,AISLE-26,RACK-19,SHELF-02,BIN-01186,200
LOC01187,B,AISLE-27,RACK-11,SHELF-03,BIN-01187,250
LOC01188,B,AISLE-28,RACK-17,SHELF-04,BIN-01188,250
LOC01189,B,AISLE-29,RACK-02,SHELF-01,BIN-01189,300
LOC01190,B,AISLE-30,RACK-12,SHELF-04,BIN-01190,400
LOC01191,B,AISLE-31,RACK-17,SHELF-05,BIN-01191,150
LOC01192,B,AISLE-32,RACK-16,SHELF-05,BIN-01192,250
LOC01193,B,AISLE-33,RACK-15,SHELF-05,BIN-01193,300
LOC01194,B,AISLE-34,RACK-03,SHELF-02,BIN-01194,400
LOC01195,B,AISLE-35,RACK-03,SHELF-01,BIN-01195,350
LOC01196,B,AISLE-36,RACK-06,SHELF-03,BIN-01196,150
LOC01197,B,AISLE-37,RACK-04,SHELF-02,BIN-01197,250
LOC01198,B,AISLE-38,RACK-04,SHELF-02,BIN-01198,400
LOC01199,B,AISLE-39,RACK-05,SHELF-02,BIN-01199,100
LOC01200,B,AISLE-40,RACK-10,SHELF-04,BIN-01200,175
LOC01201,B,AISLE-01,RACK-16,SHELF-03,BIN-01201,350
LOC01202,B,AISLE-02,RACK-15,SHELF-01,BIN-01202,250
LOC01203,B,AISLE-03,RACK-07,SHELF-01,BIN-01203,100
LOC01204,B,AISLE-04,RACK-08,SHELF-05,BIN-01204,300
LOC01205,B,AISLE-05,RACK-14,SHELF-05,BIN-01205,300
LOC01206,B,AISLE-06,RACK-11,SHELF-04,BIN-01206,400
LOC01207,B,AISLE-07,RACK-15,SHELF-03,BIN-01207,175
LOC01208,B,AISLE-08,RACK-10,SHELF-02,BIN-01208,250
LOC01209,B,AISLE-09,RACK-08,SHELF-04,BIN-01209,300
LOC01210,B,AISLE-10,RACK-10,SHELF-01,BIN-01210,175
LOC01211,B,AISLE-11,RACK-12,SHELF-03,BIN-01211,400
LOC01212,B,AISLE-12,RACK-06,SHELF-05,BIN-01212,175
LOC01213,B,AISLE-13,RACK-18,SHELF-03,BIN-01213,175
LOC01214,B,AISLE-14,RACK-06,SHELF-02,BIN-01214,175
LOC01215,B,AISLE-15,RACK-08,SHELF-01,BIN-01215,100
LOC01216,B,AISLE-16,RACK-11,SHELF-05,BIN-01216,175
LOC01217,B,AISLE-17,RACK-15,SHELF-03,BIN-01217,300
LOC01218,B,AISLE-18,RACK-06,SHELF-02,BIN-01218,100
LOC01219,B,AISLE-19,RACK-11,SHELF-03,BIN-01219,175
LOC01220,B,AISLE-20,RACK-12,SHELF-04,BIN-01220,175
LOC01221,B,AISLE-21,RACK-18,SHELF-03,BIN-01221,150
LOC01222,B,AISLE-22,RACK-01,SHELF-04,BIN-01222,400
LOC01223,B,AISLE-23,RACK-05,SHELF-04,BIN-01223,300
LOC01224,B,AISLE-24,RACK-05,SHELF-01,BIN-01224,300
LOC01225,B,AISLE-25,RACK-10,SHELF-04,BIN-01225,250
LOC01226,B,AISLE-26,RACK-19,SHELF-02,BIN-01226,400
LOC01227,B,AISLE-27,RACK-11,SHELF-01,BIN-01227,400
LOC01228,B,AISLE-28,RACK-02,SHELF-02,BIN-01228,150
LOC01229,B,AISLE-29,RACK-10,SHELF-01,BIN-01229,350
LOC01230,B,AISLE-30,RACK-20,SHELF-02,BIN-01230,400
LOC01231,B,AISLE-31,RACK-12,SHELF-01,BIN-01231,300
LOC01232,B,AISLE-32,RACK-02,SHELF-05,BIN-01232,200
LOC01233,B,AISLE-33,RACK-19,SHELF-05,BIN-01233,200
LOC01234,B,AISLE-34,RACK-09,SHELF-02,BIN-01234,100
LOC01235,B,AISLE-35,RACK-03,SHELF-05,BIN-01235,400
LOC01236,B,AISLE-36,RACK-03,SHELF-05,BIN-01236,350
LOC01237,B,AISLE-37,RACK-07,SHELF-04,BIN-01237,300
LOC01238,B,AISLE-38,RACK-20,SHELF-05,BIN-01238,100
LOC01239,B,AISLE-39,RACK-12,SHELF-04,BIN-01239,175
LOC01240,B,AISLE-40,RACK-14,SHELF-03,BIN-01240,350
LOC01241,B,AISLE-01,RACK-12,SHELF-01,BIN-01241,250
LOC01242,B,AISLE-02,RACK-12,SHELF-03,BIN-01242,250
LOC01243,B,AISLE-03,RACK-15,SHELF-05,BIN-01243,150
LOC01244,B,AISLE-04,RACK-07,SHELF-04,BIN-01244,350
LOC01245,B,AISLE-05,RACK-15,SHELF-03,BIN-01245,175
LOC01246,B,AISLE-06,RACK-14,SHELF-04,BIN-01246,175
LOC01247,B,AISLE-07,RACK-19,SHELF-05,BIN-01247,150
LOC01248,B,AISLE-08,RACK-05,SHELF-02,BIN-01248,250
LOC01249,B,AISLE-09,RACK-16,SHELF-05,BIN-01249,300
LOC01250,B,AISLE-10,RACK-03,SHELF-05,BIN-01250,350
LOC01251,B,AISLE-11,RACK-03,SHELF-01,BIN-01251,350
LOC01252,B,AISLE-12,RACK-09,SHELF-04,BIN-01252,175
LOC01253,B,AISLE-13,RACK-18,SHELF-04,BIN-01253,175
LOC01254,B,AISLE-14,RACK-07,SHELF-02,BIN-01254,350
LOC01255,B,AISLE-15,RACK-10,SHELF-05,BIN-01255,400
LOC01256,B,AISLE-16,RACK-02,SHELF-03,BIN-01256,250
LOC01257,B,AISLE-17,RACK-16,SHELF-05,BIN-01257,400
LOC01258,B,AISLE-18,RACK-08,SHELF-01,BIN-01258,100
LOC01259,B,AISLE-19,RACK-05,SHELF-03,BIN-01259,250
LOC01260,B,AISLE-20,RACK-16,SHELF-01,BIN-01260,250
LOC01261,B,AISLE-21,RACK-14,SHELF-02,BIN-01261,400
LOC01262,B,AISLE-22,RACK-08,SHELF-01,BIN-01262,150
LOC01263,B,AISLE-23,RACK-09,SHELF-04,BIN-01263,150
LOC01264,B,AISLE-24,RACK-20,SHELF-03,BIN-01264,400
LOC01265,B,AISLE-25,RACK-19,SHELF-04,BIN-01265,250
LOC01266,B,AISLE-26,RACK-16,SHELF-01,BIN-01266,300
LOC01267,B,AISLE-27,RACK-17,SHELF-05,BIN-01267,100
LOC01268,B,AISLE-28,RACK-09,SHELF-02,BIN-01268,100
LOC01269,B,AISLE-29,RACK-05,SHELF-03,BIN-01269,400
LOC01270,B,AISLE-30,RACK-05,SHELF-03,BIN-01270,175
LOC01271,B,AISLE-31,RACK-02,SHELF-03,BIN-01271,300
LOC01272,B,AISLE-32,RACK-14,SHELF-03,BIN-01272,100
LOC01273,B,AISLE-33,RACK-10,SHELF-03,BIN-01273,150
LOC01274,B,AISLE-34,RACK-17,SHELF-02,BIN-01274,175
LOC01275,B,AISLE-35,RACK-04,SHELF-05,BIN-01275,175
LOC01276,B,AISLE-36,RACK-18,SHELF-03,BIN-01276,300
LOC01277,B,AISLE-37,RACK-10,SHELF-03,BIN-01277,300
LOC01278,B,AISLE-38,RACK-04,SHELF-05,BIN-01278,300
LOC01279,B,AISLE-39,RACK-05,SHELF-01,BIN-01279,175
LOC01280,B,AISLE-40,RACK-17,SHELF-03,BIN-01280,300
LOC01281,B,AISLE-01,RACK-16,SHELF-04,BIN-01281,300
LOC01282,B,AISLE-02,RACK-06,SHELF-01,BIN-01282,200
LOC01283,B,AISLE-03,RACK-05,SHELF-05,BIN-01283,200
LOC01284,B,AISLE-04,RACK-07,SHELF-05,BIN-01284,150
LOC01285,B,AISLE-05,RACK-14,SHELF-04,BIN-01285,150
LOC01286,B,AISLE-06,RACK-04,SHELF-02,BIN-01286,100
LOC01287,B,AISLE-07,RACK-16,SHELF-03,BIN-01287,250
LOC01288,B,AISLE-08,RACK-12,SHELF-02,BIN-01288,400
LOC01289,B,AISLE-09,RACK-20,SHELF-05,BIN-01289,300
LOC01290,B,AISLE-10,RACK-06,SHELF-03,BIN-01290,100
LOC01291,B,AISLE-11,RACK-04,SHELF-02,BIN-01291,175
LOC01292,B,AISLE-12,RACK-05,SHELF-02,BIN-01292,250
LOC01293,B,AISLE-13,RACK-05,SHELF-02,BIN-01293,175
LOC01294,B,AISLE-14,RACK-03,SHELF-04,BIN-01294,150
LOC01295,B,AISLE-15,RACK-03,SHELF-01,BIN-01295,400
LOC01296,B,AISLE-16,RACK-14,SHELF-01,BIN-01296,200
LOC01297,B,AISLE-17,RACK-04,SHELF-01,BIN-01297,100
LOC01298,B,AISLE-18,RACK-16,SHELF-01,BIN-01298,250
LOC01299,B,AISLE-19,RACK-02,SHELF-01,BIN-01299,250
LOC01300,B,AISLE-20,RACK-01,SHELF-01,BIN-01300,150
LOC01301,B,AISLE-21,RACK-20,SHELF-02,BIN-01301,200
LOC01302,B,AISLE-22,RACK-06,SHELF-03,BIN-01302,100
LOC01303,B,AISLE-23,RACK-03,SHELF-02,BIN-01303,250
LOC01304,B,AISLE-24,RACK-19,SHELF-03,BIN-01304,300
LOC01305,B,AISLE-25,RACK-06,SHELF-05,BIN-01305,200
LOC01306,B,AISLE-26,RACK-17,SHELF-05,BIN-01306,150
LOC01307,B,AISLE-27,RACK-04,SHELF-05,BIN-01307,100
LOC01308,B,AISLE-28,RACK-17,SHELF-02,BIN-01308,200
LOC01309,B,AISLE-29,RACK-10,SHELF-02,BIN-01309,100
LOC01310,B,AISLE-30,RACK-04,SHELF-02,BIN-01310,400
LOC01311,B,AISLE-31,RACK-12,SHELF-05,BIN-01311,175
LOC01312,B,AISLE-32,RACK-15,SHELF-01,BIN-01312,175
LOC01313,B,AISLE-33,RACK-12,SHELF-04,BIN-01313,350
LOC01314,B,AISLE-34,RACK-07,SHELF-05,BIN-01314,200
LOC01315,B,AISLE-35,RACK-14,SHELF-01,BIN-01315,300
LOC01316,B,AISLE-36,RACK-04,SHELF-04,BIN-01316,150
LOC01317,B,AISLE-37,RACK-17,SHELF-02,BIN-01317,400
LOC01318,B,AISLE-38,RACK-12,SHELF-03,BIN-01318,100
LOC01319,B,AISLE-39,RACK-03,SHELF-03,BIN-01319,400
LOC01320,B,AISLE-40,RACK-04,SHELF-04,BIN-01320,250
LOC01321,B,AISLE-01,RACK-15,SHELF-05,BIN-01321,250
LOC01322,B,AISLE-02,RACK-15,SHELF-02,BIN-01322,350
LOC01323,B,AISLE-03,RACK-10,SHELF-04,BIN-01323,200
LOC01324,B,AISLE-04,RACK-03,SHELF-04,BIN-01324,300
LOC01325,B,AISLE-05,RACK-06,SHELF-01,BIN-01325,400
LOC01326,B,AISLE-06,RACK-04,SHELF-04,BIN-01326,400
LOC01327,B,AISLE-07,RACK-17,SHELF-01,BIN-01327,150
LOC01328,B,AISLE-08,RACK-05,SHELF-04,BIN-01328,350
LOC01329,B,AISLE-09,RACK-19,SHELF-01,BIN-01329,175
LOC01330,B,AISLE-10,RACK-03,SHELF-03,BIN-01330,200
LOC01331,B,AISLE-11,RACK-11,SHELF-02,BIN-01331,350
LOC01332,B,AISLE-12,RACK-04,SHELF-02,BIN-01332,350
LOC01333,B,AISLE-13,RACK-16,SHELF-03,BIN-01333,250
LOC01334,B,AISLE-14,RACK-13,SHELF-03,BIN-01334,400
LOC01335,B,AISLE-15,RACK-20,SHELF-04,BIN-01335,400
LOC01336,B,AISLE-16,RACK-17,SHELF-03,BIN-01336,175
LOC01337,B,AISLE-17,RACK-15,SHELF-01,BIN-01337,150
LOC01338,B,AISLE-18,RACK-09,SHELF-04,BIN-01338,400
LOC01339,B,AISLE-19,RACK-08,SHELF-02,BIN-01339,100
LOC01340,B,AISLE-20,RACK-04,SHELF-01,BIN-01340,150
LOC01341,B,AISLE-21,RACK-16,SHELF-01,BIN-01341,175
LOC01342,B,AISLE-22,RACK-13,SHELF-05,BIN-01342,300
LOC01343,B,AISLE-23,RACK-05,SHELF-03,BIN-01343,150
LOC01344,B,AISLE-24,RACK-03,SHELF-05,BIN-01344,400
LOC01345,B,AISLE-25,RACK-15,SHELF-02,BIN-01345,250
LOC01346,B,AISLE-26,RACK-16,SHELF-04,BIN-01346,250
LOC01347,B,AISLE-27,RACK-18,SHELF-03,BIN-01347,100
LOC01348,B,AISLE-28,RACK-02,SHELF-04,BIN-01348,150
LOC01349,B,AISLE-29,RACK-13,SHELF-04,BIN-01349,300
LOC01350,B,AISLE-30,RACK-13,SHELF-04,BIN-01350,400
LOC01351,B,AISLE-31,RACK-02,SHELF-01,BIN-01351,175
LOC01352,B,AISLE-32,RACK-18,SHELF-03,BIN-01352,175
LOC01353,B,AISLE-33,RACK-16,SHELF-04,BIN-01353,175
LOC01354,B,AISLE-34,RACK-10,SHELF-04,BIN-01354,400
LOC01355,B,AISLE-35,RACK-04,SHELF-05,BIN-01355,400
LOC01356,B,AISLE-36,RACK-18,SHELF-05,BIN-01356,400
LOC01357,B,AISLE-37,RACK-16,SHELF-05,BIN-01357,175
LOC01358,B,AISLE-38,RACK-17,SHELF-01,BIN-01358,350
LOC01359,B,AISLE-39,RACK-09,SHELF-04,BIN-01359,350
LOC01360,B,AISLE-40,RACK-20,SHELF-03,BIN-01360,250
LOC01361,B,AISLE-01,RACK-11,SHELF-01,BIN-01361,100
LOC01362,B,AISLE-02,RACK-19,SHELF-01,BIN-01362,175
LOC01363,B,AISLE-03,RACK-12,SHELF-03,BIN-01363,100
LOC01364,B,AISLE-04,RACK-11,SHELF-04,BIN-01364,150
LOC01365,B,AISLE-05,RACK-14,SHELF-03,BIN-01365,300
LOC01366,B,AISLE-06,RACK-14,SHELF-03,BIN-01366,100
LOC01367,B,AISLE-07,RACK-08,SHELF-02,BIN-01367,200
LOC01368,B,AISLE-08,RACK-10,SHELF-05,BIN-01368,150
LOC01369,B,AISLE-09,RACK-03,SHELF-03,BIN-01369,150
LOC01370,B,AISLE-10,RACK-11,SHELF-02,BIN-01370,100
LOC01371,B,AISLE-11,RACK-18,SHELF-03,BIN-01371,100
LOC01372,B,AISLE-12,RACK-15,SHELF-04,BIN-01372,350
LOC01373,B,AISLE-13,RACK-09,SHELF-01,BIN-01373,400
LOC01374,B,AISLE-14,RACK-19,SHELF-01,BIN-01374,300
LOC01375,B,AISLE-15,RACK-13,SHELF-05,BIN-01375,350
LOC01376,B,AISLE-16,RACK-11,SHELF-05,BIN-01376,150
LOC01377,B,AISLE-17,RACK-16,SHELF-01,BIN-01377,200
LOC01378,B,AISLE-18,RACK-11,SHELF-04,BIN-01378,300
LOC01379,B,AISLE-19,RACK-06,SHELF-05,BIN-01379,250
LOC01380,B,AISLE-20,RACK-12,SHELF-04,BIN-01380,200
LOC01381,B,AISLE-21,RACK-16,SHELF-01,BIN-01381,200
LOC01382,B,AISLE-22,RACK-10,SHELF-03,BIN-01382,100
LOC01383,B,AISLE-23,RACK-10,SHELF-05,BIN-01383,350
LOC01384,B,AISLE-24,RACK-08,SHELF-05,BIN-01384,150
LOC01385,B,AISLE-25,RACK-19,SHELF-01,BIN-01385,300
LOC01386,B,AISLE-26,RACK-09,SHELF-01,BIN-01386,400
LOC01387,B,AISLE-27,RACK-14,SHELF-02,BIN-01387,300
LOC01388,B,AISLE-28,RACK-03,SHELF-03,BIN-01388,250
LOC01389,B,AISLE-29,RACK-14,SHELF-05,BIN-01389,300
LOC01390,B,AISLE-30,RACK-07,SHELF-04,BIN-01390,350
LOC01391,B,AISLE-31,RACK-09,SHELF-05,BIN-01391,400
LOC01392,B,AISLE-32,RACK-18,SHELF-02,BIN-01392,100
LOC01393,B,AISLE-33,RACK-17,SHELF-02,BIN-01393,400
LOC01394,B,AISLE-34,RACK-07,SHELF-04,BIN-01394,250
LOC01395,B,AISLE-35,RACK-18,SHELF-05,BIN-01395,350
LOC01396,B,AISLE-36,RACK-19,SHELF-01,BIN-01396,200
LOC01397,B,AISLE-37,RACK-12,SHELF-04,BIN-01397,175
LOC01398,B,AISLE-38,RACK-08,SHELF-02,BIN-01398,250
LOC01399,B,AISLE-39,RACK-14,SHELF-04,BIN-01399,300
LOC01400,B,AISLE-40,RACK-03,SHELF-02,BIN-01400,350
LOC01401,B,AISLE-01,RACK-09,SHELF-03,BIN-01401,175
LOC01402,B,AISLE-02,RACK-09,SHELF-05,BIN-01402,200
LOC01403,B,AISLE-03,RACK-13,SHELF-02,BIN-01403,150
LOC01404,B,AISLE-04,RACK-05,SHELF-02,BIN-01404,100
LOC01405,B,AISLE-05,RACK-08,SHELF-03,BIN-01405,400
LOC01406,B,AISLE-06,RACK-16,SHELF-05,BIN-01406,350
LOC01407,B,AISLE-07,RACK-14,SHELF-01,BIN-01407,200
LOC01408,B,AISLE-08,RACK-06,SHELF-03,BIN-01408,175
LOC01409,B,AISLE-09,RACK-01,SHELF-03,BIN-01409,250
LOC01410,B,AISLE-10,RACK-18,SHELF-02,BIN-01410,100
LOC01411,B,AISLE-11,RACK-16,SHELF-01,BIN-01411,100
LOC01412,B,AISLE-12,RACK-03,SHELF-03,BIN-01412,250
LOC01413,B,AISLE-13,RACK-03,SHELF-04,BIN-01413,300
LOC01414,B,AISLE-14,RACK-03,SHELF-04,BIN-01414,175
LOC01415,B,AISLE-15,RACK-08,SHELF-01,BIN-01415,150
LOC01416,B,AISLE-16,RACK-17,SHELF-05,BIN-01416,250
LOC01417,B,AISLE-17,RACK-16,SHELF-01,BIN-01417,200
LOC01418,B,AISLE-18,RACK-20,SHELF-01,BIN-01418,300
LOC01419,B,AISLE-19,RACK-11,SHELF-05,BIN-01419,350
LOC01420,B,AISLE-20,RACK-08,SHELF-04,BIN-01420,200
LOC01421,B,AISLE-21,RACK-05,SHELF-01,BIN-01421,175
LOC01422,B,AISLE-22,RACK-07,SHELF-03,BIN-01422,400
LOC01423,B,AISLE-23,RACK-14,SHELF-03,BIN-01423,100
LOC01424,B,AISLE-24,RACK-16,SHELF-05,BIN-01424,300
LOC01425,B,AISLE-25,RACK-04,SHELF-03,BIN-01425,350
LOC01426,B,AISLE-26,RACK-16,SHELF-02,BIN-01426,250
LOC01427,B,AISLE-27,RACK-05,SHELF-03,BIN-01427,400
LOC01428,B,AISLE-28,RACK-12,SHELF-03,BIN-01428,100
LOC01429,B,AISLE-29,RACK-20,SHELF-01,BIN-01429,100
LOC01430,B,AISLE-30,RACK-08,SHELF-03,BIN-01430,350
LOC01431,B,AISLE-31,RACK-10,SHELF-03,BIN-01431,150
LOC01432,B,AISLE-32,RACK-18,SHELF-02,BIN-01432,400
LOC01433,B,AISLE-33,RACK-13,SHELF-01,BIN-01433,350
LOC01434,B,AISLE-34,RACK-09,SHELF-03,BIN-01434,150
LOC01435,B,AISLE-35,RACK-08,SHELF-03,BIN-01435,200
LOC01436,B,AISLE-36,RACK-06,SHELF-04,BIN-01436,300
LOC01437,B,AISLE-37,RACK-14,SHELF-01,BIN-01437,250
LOC01438,B,AISLE-38,RACK-03,SHELF-04,BIN-01438,400
LOC01439,B,AISLE-39,RACK-14,SHELF-03,BIN-01439,350
LOC01440,B,AISLE-40,RACK-04,SHELF-02,BIN-01440,250
LOC01441,B,AISLE-01,RACK-17,SHELF-01,BIN-01441,300
LOC01442,B,AISLE-02,RACK-14,SHELF-05,BIN-01442,300
LOC01443,B,AISLE-03,RACK-15,SHELF-01,BIN-01443,100
LOC01444,B,AISLE-04,RACK-06,SHELF-04,BIN-01444,175
LOC01445,B,AISLE-05,RACK-01,SHELF-04,BIN-01445,200
LOC01446,B,AISLE-06,RACK-10,SHELF-03,BIN-01446,150
LOC01447,B,AISLE-07,RACK-04,SHELF-02,BIN-01447,200
LOC01448,B,AISLE-08,RACK-17,SHELF-02,BIN-01448,350
LOC01449,B,AISLE-09,RACK-11,SHELF-04,BIN-01449,400
LOC01450,B,AISLE-10,RACK-05,SHELF-03,BIN-01450,175
LOC01451,B,AISLE-11,RACK-19,SHELF-03,BIN-01451,250
LOC01452,B,AISLE-12,RACK-07,SHELF-01,BIN-01452,350
LOC01453,B,AISLE-13,RACK-12,SHELF-02,BIN-01453,350
LOC01454,B,AISLE-14,RACK-13,SHELF-05,BIN-01454,200
LOC01455,B,AISLE-15,RACK-01,SHELF-01,BIN-01455,200
LOC01456,B,AISLE-16,RACK-03,SHELF-04,BIN-01456,200
LOC01457,B,AISLE-17,RACK-09,SHELF-02,BIN-01457,100
LOC01458,B,AISLE-18,RACK-13,SHELF-05,BIN-01458,350
LOC01459,B,AISLE-19,RACK-20,SHELF-03,BIN-01459,175
LOC01460,B,AISLE-20,RACK-03,SHELF-03,BIN-01460,175
LOC01461,B,AISLE-21,RACK-19,SHELF-01,BIN-01461,100
LOC01462,B,AISLE-22,RACK-17,SHELF-04,BIN-01462,400
LOC01463,B,AISLE-23,RACK-16,SHELF-01,BIN-01463,200
LOC01464,B,AISLE-24,RACK-07,SHELF-02,BIN-01464,250
LOC01465,B,AISLE-25,RACK-10,SHELF-04,BIN-01465,350
LOC01466,B,AISLE-26,RACK-05,SHELF-04,BIN-01466,200
LOC01467,B,AISLE-27,RACK-20,SHELF-02,BIN-01467,250
LOC01468,B,AISLE-28,RACK-07,SHELF-04,BIN-01468,175
LOC01469,B,AISLE-29,RACK-14,SHELF-02,BIN-01469,100
LOC01470,B,AISLE-30,RACK-10,SHELF-03,BIN-01470,200
LOC01471,B,AISLE-31,RACK-20,SHELF-04,BIN-01471,200
LOC01472,B,AISLE-32,RACK-12,SHELF-05,BIN-01472,400
LOC01473,B,AISLE-33,RACK-03,SHELF-01,BIN-01473,400
LOC01474,B,AISLE-34,RACK-05,SHELF-03,BIN-01474,350
LOC01475,B,AISLE-35,RACK-07,SHELF-04,BIN-01475,350
LOC01476,B,AISLE-36,RACK-20,SHELF-03,BIN-01476,150
LOC01477,B,AISLE-37,RACK-04,SHELF-05,BIN-01477,100
LOC01478,B,AISLE-38,RACK-02,SHELF-03,BIN-01478,200
LOC01479,B,AISLE-39,RACK-16,SHELF-03,BIN-01479,100
LOC01480,B,AISLE-40,RACK-01,SHELF-03,BIN-01480,350
LOC01481,B,AISLE-01,RACK-10,SHELF-04,BIN-01481,300
LOC01482,B,AISLE-02,RACK-05,SHELF-05,BIN-01482,100
LOC01483,B,AISLE-03,RACK-19,SHELF-02,BIN-01483,250
LOC01484,B,AISLE-04,RACK-06,SHELF-05,BIN-01484,400
LOC01485,B,AISLE-05,RACK-11,SHELF-04,BIN-01485,175
LOC01486,B,AISLE-06,RACK-03,SHELF-03,BIN-01486,350
LOC01487,B,AISLE-07,RACK-05,SHELF-03,BIN-01487,150
LOC01488,B,AISLE-08,RACK-11,SHELF-01,BIN-01488,175
LOC01489,B,AISLE-09,RACK-16,SHELF-03,BIN-01489,300
LOC01490,B,AISLE-10,RACK-14,SHELF-03,BIN-01490,250
LOC01491,B,AISLE-11,RACK-20,SHELF-03,BIN-01491,300
LOC01492,B,AISLE-12,RACK-14,SHELF-02,BIN-01492,300
LOC01493,B,AISLE-13,RACK-16,SHELF-02,BIN-01493,400
LOC01494,B,AISLE-14,RACK-02,SHELF-02,BIN-01494,175
LOC01495,B,AISLE-15,RACK-02,SHELF-02,BIN-01495,175
LOC01496,B,AISLE-16,RACK-02,SHELF-04,BIN-01496,250
LOC01497,B,AISLE-17,RACK-06,SHELF-04,BIN-01497,350
LOC01498,B,AISLE-18,RACK-04,SHELF-04,BIN-01498,100
LOC01499,B,AISLE-19,RACK-15,SHELF-03,BIN-01499,400
LOC01500,B,AISLE-20,RACK-15,SHELF-04,BIN-01500,150
LOC01501,B,AISLE-21,RACK-05,SHELF-01,BIN-01501,300
LOC01502,B,AISLE-22,RACK-03,SHELF-02,BIN-01502,250
LOC01503,B,AISLE-23,RACK-06,SHELF-02,BIN-01503,250
LOC01504,B,AISLE-24,RACK-19,SHELF-05,BIN-01504,200
LOC01505,B,AISLE-25,RACK-19,SHELF-01,BIN-01505,175
LOC01506,B,AISLE-26,RACK-14,SHELF-01,BIN-01506,200
LOC01507,B,AISLE-27,RACK-16,SHELF-01,BIN-01507,300
LOC01508,B,AISLE-28,RACK-01,SHELF-03,BIN-01508,150
LOC01509,B,AISLE-29,RACK-13,SHELF-03,BIN-01509,150
LOC01510,B,AISLE-30,RACK-11,SHELF-02,BIN-01510,100
LOC01511,B,AISLE-31,RACK-03,SHELF-04,BIN-01511,400
LOC01512,B,AISLE-32,RACK-15,SHELF-03,BIN-01512,100
LOC01513,B,AISLE-33,RACK-11,SHELF-01,BIN-01513,400
LOC01514,B,AISLE-34,RACK-11,SHELF-05,BIN-01514,175
LOC01515,B,AISLE-35,RACK-07,SHELF-01,BIN-01515,250
LOC01516,B,AISLE-36,RACK-11,SHELF-01,BIN-01516,150
LOC01517,B,AISLE-37,RACK-18,SHELF-05,BIN-01517,350
LOC01518,B,AISLE-38,RACK-03,SHELF-04,BIN-01518,250
LOC01519,B,AISLE-39,RACK-06,SHELF-02,BIN-01519,350
LOC01520,B,AISLE-40,RACK-03,SHELF-01,BIN-01520,200
LOC01521,B,AISLE-01,RACK-06,SHELF-04,BIN-01521,350
LOC01522,B,AISLE-02,RACK-10,SHELF-02,BIN-01522,150
LOC01523,B,AISLE-03,RACK-10,SHELF-04,BIN-01523,350
LOC01524,B,AISLE-04,RACK-10,SHELF-05,BIN-01524,175
LOC01525,B,AISLE-05,RACK-12,SHELF-01,BIN-01525,300
LOC01526,B,AISLE-06,RACK-17,SHELF-02,BIN-01526,400
LOC01527,B,AISLE-07,RACK-15,SHELF-04,BIN-01527,400
LOC01528,B,AISLE-08,RACK-09,SHELF-05,BIN-01528,350
LOC01529,B,AISLE-09,RACK-03,SHELF-04,BIN-01529,300
LOC01530,B,AISLE-10,RACK-20,SHELF-02,BIN-01530,350
LOC01531,B,AISLE-11,RACK-14,SHELF-01,BIN-01531,100
LOC01532,B,AISLE-12,RACK-17,SHELF-03,BIN-01532,400
LOC01533,B,AISLE-13,RACK-08,SHELF-02,BIN-01533,400
LOC01534,B,AISLE-14,RACK-17,SHELF-05,BIN-01534,150
LOC01535,B,AISLE-15,RACK-10,SHELF-04,BIN-01535,350
LOC01536,B,AISLE-16,RACK-03,SHELF-04,BIN-01536,250
LOC01537,B,AISLE-17,RACK-05,SHELF-02,BIN-01537,250
LOC01538,B,AISLE-18,RACK-08,SHELF-05,BIN-01538,350
LOC01539,B,AISLE-19,RACK-10,SHELF-05,BIN-01539,100
LOC01540,B,AISLE-20,RACK-18,SHELF-01,BIN-01540,100
LOC01541,B,AISLE-21,RACK-17,SHELF-01,BIN-01541,350
LOC01542,B,AISLE-22,RACK-14,SHELF-01,BIN-01542,400
LOC01543,B,AISLE-23,RACK-19,SHELF-03,BIN-01543,300
LOC01544,B,AISLE-24,RACK-09,SHELF-05,BIN-01544,150
LOC01545,B,AISLE-25,RACK-17,SHELF-01,BIN-01545,150
LOC01546,B,AISLE-26,RACK-15,SHELF-02,BIN-01546,175
LOC01547,B,AISLE-27,RACK-13,SHELF-01,BIN-01547,150
LOC01548,B,AISLE-28,RACK-14,SHELF-03,BIN-01548,300
LOC01549,B,AISLE-29,RACK-19,SHELF-04,BIN-01549,400
LOC01550,B,AISLE-30,RACK-20,SHELF-03,BIN-01550,300
LOC01551,B,AISLE-31,RACK-06,SHELF-02,BIN-01551,175
LOC01552,B,AISLE-32,RACK-03,SHELF-05,BIN-01552,250
LOC01553,B,AISLE-33,RACK-04,SHELF-04,BIN-01553,100
LOC01554,B,AISLE-34,RACK-01,SHELF-04,BIN-01554,150
LOC01555,B,AISLE-35,RACK-01,SHELF-02,BIN-01555,400
LOC01556,B,AISLE-36,RACK-15,SHELF-04,BIN-01556,400
LOC01557,B,AISLE-37,RACK-10,SHELF-05,BIN-01557,300
LOC01558,B,AISLE-38,RACK-13,SHELF-03,BIN-01558,150
LOC01559,B,AISLE-39,RACK-05,SHELF-02,BIN-01559,100
LOC01560,B,AISLE-40,RACK-07,SHELF-01,BIN-01560,100
LOC01561,B,AISLE-01,RACK-07,SHELF-01,BIN-01561,200
LOC01562,B,AISLE-02,RACK-16,SHELF-02,BIN-01562,200
LOC01563,B,AISLE-03,RACK-14,SHELF-05,BIN-01563,200
LOC01564,B,AISLE-04,RACK-03,SHELF-03,BIN-01564,400
LOC01565,B,AISLE-05,RACK-05,SHELF-04,BIN-01565,350
LOC01566,B,AISLE-06,RACK-01,SHELF-01,BIN-01566,175
LOC01567,B,AISLE-07,RACK-05,SHELF-04,BIN-01567,400
LOC01568,B,AISLE-08,RACK-16,SHELF-01,BIN-01568,400
LOC01569,B,AISLE-09,RACK-19,SHELF-02,BIN-01569,200
LOC01570,B,AISLE-10,RACK-10,SHELF-05,BIN-01570,350
LOC01571,B,AISLE-11,RACK-02,SHELF-03,BIN-01571,100
LOC01572,B,AISLE-12,RACK-04,SHELF-04,BIN-01572,350
LOC01573,B,AISLE-13,RACK-16,SHELF-05,BIN-01573,250
LOC01574,B,AISLE-14,RACK-02,SHELF-04,BIN-01574,350
LOC01575,B,AISLE-15,RACK-16,SHELF-05,BIN-01575,400
LOC01576,B,AISLE-16,RACK-08,SHELF-01,BIN-01576,100
LOC01577,B,AISLE-17,RACK-14,SHELF-05,BIN-01577,300
LOC01578,B,AISLE-18,RACK-18,SHELF-01,BIN-01578,250
LOC01579,B,AISLE-19,RACK-14,SHELF-04,BIN-01579,150
LOC01580,B,AISLE-20,RACK-16,SHELF-05,BIN-01580,300
LOC01581,B,AISLE-21,RACK-15,SHELF-04,BIN-01581,100
LOC01582,B,AISLE-22,RACK-06,SHELF-03,BIN-01582,200
LOC01583,B,AISLE-23,RACK-16,SHELF-03,BIN-01583,400
LOC01584,B,AISLE-24,RACK-08,SHELF-05,BIN-01584,200
LOC01585,B,AISLE-25,RACK-19,SHELF-03,BIN-01585,400
LOC01586,B,AISLE-26,RACK-05,SHELF-03,BIN-01586,350
LOC01587,B,AISLE-27,RACK-14,SHELF-03,BIN-01587,400
LOC01588,B,AISLE-28,RACK-06,SHELF-05,BIN-01588,200
LOC01589,B,AISLE-29,RACK-10,SHELF-01,BIN-01589,400
LOC01590,B,AISLE-30,RACK-05,SHELF-02,BIN-01590,200
LOC01591,B,AISLE-31,RACK-06,SHELF-05,BIN-01591,400
LOC01592,B,AISLE-32,RACK-04,SHELF-04,BIN-01592,400
LOC01593,B,AISLE-33,RACK-10,SHELF-02,BIN-01593,200
LOC01594,B,AISLE-34,RACK-18,SHELF-01,BIN-01594,100
LOC01595,B,AISLE-35,RACK-12,SHELF-03,BIN-01595,300
LOC01596,B,AISLE-36,RACK-06,SHELF-02,BIN-01596,100
LOC01597,B,AISLE-37,RACK-03,SHELF-03,BIN-01597,350
LOC01598,B,AISLE-38,RACK-04,SHELF-05,BIN-01598,200
LOC01599,B,AISLE-39,RACK-04,SHELF-05,BIN-01599,200
LOC01600,B,AISLE-40,RACK-16,SHELF-03,BIN-01600,300
LOC01601,B,AISLE-01,RACK-12,SHELF-01,BIN-01601,250
LOC01602,B,AISLE-02,RACK-05,SHELF-05,BIN-01602,150
LOC01603,B,AISLE-03,RACK-02,SHELF-04,BIN-01603,400
LOC01604,B,AISLE-04,RACK-04,SHELF-01,BIN-01604,150
LOC01605,B,AISLE-05,RACK-18,SHELF-01,BIN-01605,150
LOC01606,B,AISLE-06,RACK-06,SHELF-01,BIN-01606,200
LOC01607,B,AISLE-07,RACK-12,SHELF-02,BIN-01607,250
LOC01608,B,AISLE-08,RACK-15,SHELF-05,BIN-01608,400
LOC01609,B,AISLE-09,RACK-04,SHELF-02,BIN-01609,300
LOC01610,B,AISLE-10,RACK-11,SHELF-02,BIN-01610,150
LOC01611,B,AISLE-11,RACK-07,SHELF-04,BIN-01611,350
LOC01612,B,AISLE-12,RACK-01,SHELF-02,BIN-01612,400
LOC01613,B,AISLE-13,RACK-11,SHELF-03,BIN-01613,175
LOC01614,B,AISLE-14,RACK-03,SHELF-03,BIN-01614,300
LOC01615,B,AISLE-15,RACK-14,SHELF-03,BIN-01615,200
LOC01616,B,AISLE-16,RACK-05,SHELF-05,BIN-01616,350
LOC01617,B,AISLE-17,RACK-08,SHELF-02,BIN-01617,350
LOC01618,B,AISLE-18,RACK-14,SHELF-04,BIN-01618,400
LOC01619,B,AISLE-19,RACK-17,SHELF-03,BIN-01619,100
LOC01620,B,AISLE-20,RACK-15,SHELF-02,BIN-01620,100
LOC01621,B,AISLE-21,RACK-17,SHELF-01,BIN-01621,150
LOC01622,B,AISLE-22,RACK-11,SHELF-03,BIN-01622,350
LOC01623,B,AISLE-23,RACK-06,SHELF-04,BIN-01623,100
LOC01624,B,AISLE-24,RACK-13,SHELF-01,BIN-01624,175
LOC01625,B,AISLE-25,RACK-19,SHELF-01,BIN-01625,250
LOC01626,B,AISLE-26,RACK-14,SHELF-04,BIN-01626,250
LOC01627,B,AISLE-27,RACK-11,SHELF-03,BIN-01627,100
LOC01628,B,AISLE-28,RACK-09,SHELF-05,BIN-01628,175
LOC01629,B,AISLE-29,RACK-13,SHELF-04,BIN-01629,200
LOC01630,B,AISLE-30,RACK-18,SHELF-05,BIN-01630,400
LOC01631,B,AISLE-31,RACK-12,SHELF-04,BIN-01631,200
LOC01632,B,AISLE-32,RACK-10,SHELF-01,BIN-01632,100
LOC01633,B,AISLE-33,RACK-18,SHELF-03,BIN-01633,350
LOC01634,B,AISLE-34,RACK-05,SHELF-05,BIN-01634,250
LOC01635,B,AISLE-35,RACK-07,SHELF-01,BIN-01635,250
LOC01636,B,AISLE-36,RACK-17,SHELF-03,BIN-01636,175
LOC01637,B,AISLE-37,RACK-01,SHELF-01,BIN-01637,250
LOC01638,B,AISLE-38,RACK-08,SHELF-03,BIN-01638,350
LOC01639,B,AISLE-39,RACK-17,SHELF-01,BIN-01639,100
LOC01640,B,AISLE-40,RACK-12,SHELF-03,BIN-01640,300
LOC01641,B,AISLE-01,RACK-04,SHELF-01,BIN-01641,150
LOC01642,B,AISLE-02,RACK-15,SHELF-03,BIN-01642,100
LOC01643,B,AISLE-03,RACK-15,SHELF-03,BIN-01643,200
LOC01644,B,AISLE-04,RACK-19,SHELF-05,BIN-01644,200
LOC01645,B,AISLE-05,RACK-12,SHELF-03,BIN-01645,250
LOC01646,B,AISLE-06,RACK-19,SHELF-02,BIN-01646,350
LOC01647,B,AISLE-07,RACK-17,SHELF-02,BIN-01647,150
LOC01648,B,AISLE-08,RACK-11,SHELF-05,BIN-01648,200
LOC01649,B,AISLE-09,RACK-12,SHELF-04,BIN-01649,150
LOC01650,B,AISLE-10,RACK-05,SHELF-04,BIN-01650,350
LOC01651,B,AISLE-11,RACK-03,SHELF-01,BIN-01651,100
LOC01652,B,AISLE-12,RACK-14,SHELF-02,BIN-01652,400
LOC01653,B,AISLE-13,RACK-07,SHELF-04,BIN-01653,150
LOC01654,B,AISLE-14,RACK-12,SHELF-05,BIN-01654,350
LOC01655,B,AISLE-15,RACK-19,SHELF-05,BIN-01655,350
LOC01656,B,AISLE-16,RACK-09,SHELF-05,BIN-01656,400
LOC01657,B,AISLE-17,RACK-14,SHELF-04,BIN-01657,400
LOC01658,B,AISLE-18,RACK-14,SHELF-02,BIN-01658,175
LOC01659,B,AISLE-19,RACK-17,SHELF-02,BIN-01659,400
LOC01660,B,AISLE-20,RACK-15,SHELF-02,BIN-01660,150
LOC01661,B,AISLE-21,RACK-07,SHELF-04,BIN-01661,400
LOC01662,B,AISLE-22,RACK-02,SHELF-02,BIN-01662,300
LOC01663,B,AISLE-23,RACK-04,SHELF-05,BIN-01663,350
LOC01664,B,AISLE-24,RACK-04,SHELF-01,BIN-01664,300
LOC01665,B,AISLE-25,RACK-19,SHELF-03,BIN-01665,100
LOC01666,B,AISLE-26,RACK-17,SHELF-02,BIN-01666,150
LOC01667,B,AISLE-27,RACK-12,SHELF-03,BIN-01667,300
LOC01668,B,AISLE-28,RACK-10,SHELF-03,BIN-01668,400
LOC01669,C,AISLE-29,RACK-01,SHELF-02,BIN-01669,175
LOC01670,C,AISLE-30,RACK-19,SHELF-04,BIN-01670,100
LOC01671,C,AISLE-31,RACK-10,SHELF-03,BIN-01671,200
LOC01672,C,AISLE-32,RACK-06,SHELF-04,BIN-01672,100
LOC01673,C,AISLE-33,RACK-04,SHELF-05,BIN-01673,300
LOC01674,C,AISLE-34,RACK-03,SHELF-01,BIN-01674,350
LOC01675,C,AISLE-35,RACK-16,SHELF-05,BIN-01675,250
LOC01676,C,AISLE-36,RACK-19,SHELF-04,BIN-01676,300
LOC01677,C,AISLE-37,RACK-13,SHELF-04,BIN-01677,175
LOC01678,C,AISLE-38,RACK-05,SHELF-05,BIN-01678,400
LOC01679,C,AISLE-39,RACK-15,SHELF-04,BIN-01679,175
LOC01680,C,AISLE-40,RACK-11,SHELF-01,BIN-01680,350
LOC01681,C,AISLE-01,RACK-13,SHELF-02,BIN-01681,350
LOC01682,C,AISLE-02,RACK-11,SHELF-05,BIN-01682,100
LOC01683,C,AISLE-03,RACK-15,SHELF-03,BIN-01683,150
LOC01684,C,AISLE-04,RACK-06,SHELF-01,BIN-01684,250
LOC01685,C,AISLE-05,RACK-18,SHELF-01,BIN-01685,150
LOC01686,C,AISLE-06,RACK-07,SHELF-05,BIN-01686,100
LOC01687,C,AISLE-07,RACK-19,SHELF-05,BIN-01687,200
LOC01688,C,AISLE-08,RACK-16,SHELF-05,BIN-01688,100
LOC01689,C,AISLE-09,RACK-04,SHELF-05,BIN-01689,175
LOC01690,C,AISLE-10,RACK-01,SHELF-03,BIN-01690,200
LOC01691,C,AISLE-11,RACK-08,SHELF-05,BIN-01691,400
LOC01692,C,AISLE-12,RACK-03,SHELF-05,BIN-01692,300
LOC01693,C,AISLE-13,RACK-13,SHELF-05,BIN-01693,100
LOC01694,C,AISLE-14,RACK-16,SHELF-01,BIN-01694,300
LOC01695,C,AISLE-15,RACK-14,SHELF-02,BIN-01695,350
LOC01696,C,AISLE-16,RACK-01,SHELF-05,BIN-01696,300
LOC01697,C,AISLE-17,RACK-13,SHELF-03,BIN-01697,150
LOC01698,C,AISLE-18,RACK-04,SHELF-01,BIN-01698,175
LOC01699,C,AISLE-19,RACK-10,SHELF-02,BIN-01699,175
LOC01700,C,AISLE-20,RACK-09,SHELF-01,BIN-01700,175
LOC01701,C,AISLE-21,RACK-10,SHELF-04,BIN-01701,175
LOC01702,C,AISLE-22,RACK-02,SHELF-05,BIN-01702,300
LOC01703,C,AISLE-23,RACK-06,SHELF-01,BIN-01703,100
LOC01704,C,AISLE-24,RACK-10,SHELF-04,BIN-01704,150
LOC01705,C,AISLE-25,RACK-11,SHELF-02,BIN-01705,350
LOC01706,C,AISLE-26,RACK-11,SHELF-03,BIN-01706,350
LOC01707,C,AISLE-27,RACK-04,SHELF-01,BIN-01707,200
LOC01708,C,AISLE-28,RACK-08,SHELF-05,BIN-01708,200
LOC01709,C,AISLE-29,RACK-16,SHELF-05,BIN-01709,350
LOC01710,C,AISLE-30,RACK-04,SHELF-03,BIN-01710,100
LOC01711,C,AISLE-31,RACK-11,SHELF-04,BIN-01711,350
LOC01712,C,AISLE-32,RACK-03,SHELF-04,BIN-01712,100
LOC01713,C,AISLE-33,RACK-14,SHELF-02,BIN-01713,100
LOC01714,C,AISLE-34,RACK-09,SHELF-05,BIN-01714,150
LOC01715,C,AISLE-35,RACK-08,SHELF-05,BIN-01715,175
LOC01716,C,AISLE-36,RACK-10,SHELF-05,BIN-01716,350
LOC01717,C,AISLE-37,RACK-15,SHELF-01,BIN-01717,200
LOC01718,C,AISLE-38,RACK-05,SHELF-03,BIN-01718,175
LOC01719,C,AISLE-39,RACK-08,SHELF-05,BIN-01719,350
LOC01720,C,AISLE-40,RACK-18,SHELF-04,BIN-01720,100
LOC01721,C,AISLE-01,RACK-01,SHELF-04,BIN-01721,250
LOC01722,C,AISLE-02,RACK-06,SHELF-01,BIN-01722,100
LOC01723,C,AISLE-03,RACK-16,SHELF-03,BIN-01723,250
LOC01724,C,AISLE-04,RACK-13,SHELF-03,BIN-01724,200
LOC01725,C,AISLE-05,RACK-19,SHELF-05,BIN-01725,250
LOC01726,C,AISLE-06,RACK-02,SHELF-02,BIN-01726,150
LOC01727,C,AISLE-07,RACK-10,SHELF-01,BIN-01727,350
LOC01728,C,AISLE-08,RACK-04,SHELF-02,BIN-01728,250
LOC01729,C,AISLE-09,RACK-14,SHELF-02,BIN-01729,300
LOC01730,C,AISLE-10,RACK-11,SHELF-03,BIN-01730,400
LOC01731,C,AISLE-11,RACK-09,SHELF-02,BIN-01731,300
LOC01732,C,AISLE-12,RACK-11,SHELF-02,BIN-01732,400
LOC01733,C,AISLE-13,RACK-20,SHELF-03,BIN-01733,100
LOC01734,C,AISLE-14,RACK-05,SHELF-01,BIN-01734,400
LOC01735,C,AISLE-15,RACK-01,SHELF-01,BIN-01735,175
LOC01736,C,AISLE-16,RACK-14,SHELF-05,BIN-01736,400
LOC01737,C,AISLE-17,RACK-13,SHELF-05,BIN-01737,150
LOC01738,C,AISLE-18,RACK-03,SHELF-05,BIN-01738,100
LOC01739,C,AISLE-19,RACK-15,SHELF-01,BIN-01739,300
LOC01740,C,AISLE-20,RACK-13,SHELF-05,BIN-01740,300
LOC01741,C,AISLE-21,RACK-13,SHELF-02,BIN-01741,100
LOC01742,C,AISLE-22,RACK-04,SHELF-04,BIN-01742,300
LOC01743,C,AISLE-23,RACK-07,SHELF-04,BIN-01743,100
LOC01744,C,AISLE-24,RACK-08,SHELF-01,BIN-01744,250
LOC01745,C,AISLE-25,RACK-12,SHELF-02,BIN-01745,150
LOC01746,C,AISLE-26,RACK-20,SHELF-03,BIN-01746,200
LOC01747,C,AISLE-27,RACK-08,SHELF-04,BIN-01747,300
LOC01748,C,AISLE-28,RACK-02,SHELF-03,BIN-01748,400
LOC01749,C,AISLE-29,RACK-20,SHELF-02,BIN-01749,100
LOC01750,C,AISLE-30,RACK-07,SHELF-04,BIN-01750,150
LOC01751,C,AISLE-31,RACK-09,SHELF-05,BIN-01751,400
LOC01752,C,AISLE-32,RACK-06,SHELF-05,BIN-01752,200
LOC01753,C,AISLE-33,RACK-19,SHELF-05,BIN-01753,175
LOC01754,C,AISLE-34,RACK-03,SHELF-05,BIN-01754,175
LOC01755,C,AISLE-35,RACK-03,SHELF-02,BIN-01755,250
LOC01756,C,AISLE-36,RACK-19,SHELF-02,BIN-01756,250
LOC01757,C,AISLE-37,RACK-07,SHELF-01,BIN-01757,250
LOC01758,C,AISLE-38,RACK-18,SHELF-04,BIN-01758,100
LOC01759,C,AISLE-39,RACK-14,SHELF-01,BIN-01759,300
LOC01760,C,AISLE-40,RACK-14,SHELF-04,BIN-01760,250
LOC01761,C,AISLE-01,RACK-04,SHELF-05,BIN-01761,400
LOC01762,C,AISLE-02,RACK-16,SHELF-03,BIN-01762,100
LOC01763,C,AISLE-03,RACK-08,SHELF-01,BIN-01763,250
LOC01764,C,AISLE-04,RACK-14,SHELF-05,BIN-01764,400
LOC01765,C,AISLE-05,RACK-11,SHELF-01,BIN-01765,350
LOC01766,C,AISLE-06,RACK-07,SHELF-03,BIN-01766,150
LOC01767,C,AISLE-07,RACK-19,SHELF-01,BIN-01767,200
LOC01768,C,AISLE-08,RACK-14,SHELF-01,BIN-01768,200
LOC01769,C,AISLE-09,RACK-07,SHELF-02,BIN-01769,300
LOC01770,C,AISLE-10,RACK-10,SHELF-01,BIN-01770,150
LOC01771,C,AISLE-11,RACK-01,SHELF-04,BIN-01771,350
LOC01772,C,AISLE-12,RACK-01,SHELF-05,BIN-01772,300
LOC01773,C,AISLE-13,RACK-09,SHELF-02,BIN-01773,150
LOC01774,C,AISLE-14,RACK-16,SHELF-02,BIN-01774,300
LOC01775,C,AISLE-15,RACK-02,SHELF-03,BIN-01775,200
LOC01776,C,AISLE-16,RACK-03,SHELF-05,BIN-01776,400
LOC01777,C,AISLE-17,RACK-04,SHELF-04,BIN-01777,150
LOC01778,C,AISLE-18,RACK-03,SHELF-01,BIN-01778,100
LOC01779,C,AISLE-19,RACK-13,SHELF-03,BIN-01779,150
LOC01780,C,AISLE-20,RACK-05,SHELF-01,BIN-01780,400
LOC01781,C,AISLE-21,RACK-02,SHELF-03,BIN-01781,350
LOC01782,C,AISLE-22,RACK-03,SHELF-01,BIN-01782,100
LOC01783,C,AISLE-23,RACK-18,SHELF-01,BIN-01783,250
LOC01784,C,AISLE-24,RACK-13,SHELF-04,BIN-01784,150
LOC01785,C,AISLE-25,RACK-20,SHELF-04,BIN-01785,200
LOC01786,C,AISLE-26,RACK-20,SHELF-05,BIN-01786,100
LOC01787,C,AISLE-27,RACK-15,SHELF-04,BIN-01787,400
LOC01788,C,AISLE-28,RACK-14,SHELF-05,BIN-01788,150
LOC01789,C,AISLE-29,RACK-11,SHELF-01,BIN-01789,400
LOC01790,C,AISLE-30,RACK-17,SHELF-03,BIN-01790,200
LOC01791,C,AISLE-31,RACK-04,SHELF-01,BIN-01791,100
LOC01792,C,AISLE-32,RACK-20,SHELF-01,BIN-01792,200
LOC01793,C,AISLE-33,RACK-19,SHELF-02,BIN-01793,250
LOC01794,C,AISLE-34,RACK-12,SHELF-04,BIN-01794,400
LOC01795,C,AISLE-35,RACK-20,SHELF-04,BIN-01795,175
LOC01796,C,AISLE-36,RACK-08,SHELF-02,BIN-01796,100
LOC01797,C,AISLE-37,RACK-02,SHELF-02,BIN-01797,250
LOC01798,C,AISLE-38,RACK-19,SHELF-04,BIN-01798,300
LOC01799,C,AISLE-39,RACK-10,SHELF-05,BIN-01799,175
LOC01800,C,AISLE-40,RACK-05,SHELF-04,BIN-01800,250
LOC01801,C,AISLE-01,RACK-20,SHELF-03,BIN-01801,250
LOC01802,C,AISLE-02,RACK-12,SHELF-01,BIN-01802,175
LOC01803,C,AISLE-03,RACK-02,SHELF-02,BIN-01803,100
LOC01804,C,AISLE-04,RACK-14,SHELF-03,BIN-01804,200
LOC01805,C,AISLE-05,RACK-07,SHELF-02,BIN-01805,150
LOC01806,C,AISLE-06,RACK-11,SHELF-02,BIN-01806,400
LOC01807,C,AISLE-07,RACK-15,SHELF-05,BIN-01807,300
LOC01808,C,AISLE-08,RACK-19,SHELF-05,BIN-01808,300
LOC01809,C,AISLE-09,RACK-20,SHELF-03,BIN-01809,350
LOC01810,C,AISLE-10,RACK-11,SHELF-02,BIN-01810,150
LOC01811,C,AISLE-11,RACK-15,SHELF-01,BIN-01811,400
LOC01812,C,AISLE-12,RACK-08,SHELF-01,BIN-01812,200
LOC01813,C,AISLE-13,RACK-08,SHELF-04,BIN-01813,200
LOC01814,C,AISLE-14,RACK-08,SHELF-04,BIN-01814,300
LOC01815,C,AISLE-15,RACK-13,SHELF-02,BIN-01815,350
LOC01816,C,AISLE-16,RACK-06,SHELF-01,BIN-01816,300
LOC01817,C,AISLE-17,RACK-01,SHELF-01,BIN-01817,300
LOC01818,C,AISLE-18,RACK-01,SHELF-05,BIN-01818,150
LOC01819,C,AISLE-19,RACK-05,SHELF-03,BIN-01819,400
LOC01820,C,AISLE-20,RACK-07,SHELF-05,BIN-01820,300
LOC01821,C,AISLE-21,RACK-02,SHELF-01,BIN-01821,200
LOC01822,C,AISLE-22,RACK-07,SHELF-03,BIN-01822,175
LOC01823,C,AISLE-23,RACK-08,SHELF-03,BIN-01823,175
LOC01824,C,AISLE-24,RACK-11,SHELF-05,BIN-01824,200
LOC01825,C,AISLE-25,RACK-06,SHELF-02,BIN-01825,100
LOC01826,C,AISLE-26,RACK-06,SHELF-03,BIN-01826,150
LOC01827,C,AISLE-27,RACK-01,SHELF-02,BIN-01827,350
LOC01828,C,AISLE-28,RACK-04,SHELF-03,BIN-01828,200
LOC01829,C,AISLE-29,RACK-10,SHELF-04,BIN-01829,200
LOC01830,C,AISLE-30,RACK-12,SHELF-03,BIN-01830,175
LOC01831,C,AISLE-31,RACK-17,SHELF-05,BIN-01831,350
LOC01832,C,AISLE-32,RACK-03,SHELF-01,BIN-01832,175
LOC01833,C,AISLE-33,RACK-05,SHELF-02,BIN-01833,200
LOC01834,C,AISLE-34,RACK-18,SHELF-04,BIN-01834,300
LOC01835,C,AISLE-35,RACK-11,SHELF-05,BIN-01835,350
LOC01836,C,AISLE-36,RACK-08,SHELF-01,BIN-01836,200
LOC01837,C,AISLE-37,RACK-18,SHELF-03,BIN-01837,175
LOC01838,C,AISLE-38,RACK-11,SHELF-02,BIN-01838,100
LOC01839,C,AISLE-39,RACK-09,SHELF-02,BIN-01839,400
LOC01840,C,AISLE-40,RACK-07,SHELF-01,BIN-01840,400
LOC01841,C,AISLE-01,RACK-20,SHELF-01,BIN-01841,175
LOC01842,C,AISLE-02,RACK-17,SHELF-04,BIN-01842,300
LOC01843,C,AISLE-03,RACK-16,SHELF-05,BIN-01843,400
LOC01844,C,AISLE-04,RACK-06,SHELF-03,BIN-01844,300
LOC01845,C,AISLE-05,RACK-17,SHELF-04,BIN-01845,400
LOC01846,C,AISLE-06,RACK-16,SHELF-03,BIN-01846,350
LOC01847,C,AISLE-07,RACK-19,SHELF-01,BIN-01847,200
LOC01848,C,AISLE-08,RACK-08,SHELF-02,BIN-01848,400
LOC01849,C,AISLE-09,RACK-08,SHELF-04,BIN-01849,200
LOC01850,C,AISLE-10,RACK-10,SHELF-04,BIN-01850,350
LOC01851,C,AISLE-11,RACK-19,SHELF-02,BIN-01851,300
LOC01852,C,AISLE-12,RACK-09,SHELF-05,BIN-01852,150
LOC01853,C,AISLE-13,RACK-05,SHELF-01,BIN-01853,250
LOC01854,C,AISLE-14,RACK-15,SHELF-05,BIN-01854,300
LOC01855,C,AISLE-15,RACK-08,SHELF-05,BIN-01855,100
LOC01856,C,AISLE-16,RACK-15,SHELF-05,BIN-01856,300
LOC01857,C,AISLE-17,RACK-14,SHELF-04,BIN-01857,400
LOC01858,C,AISLE-18,RACK-14,SHELF-04,BIN-01858,300
LOC01859,C,AISLE-19,RACK-16,SHELF-03,BIN-01859,250
LOC01860,C,AISLE-20,RACK-13,SHELF-01,BIN-01860,175
LOC01861,C,AISLE-21,RACK-15,SHELF-02,BIN-01861,250
LOC01862,C,AISLE-22,RACK-03,SHELF-03,BIN-01862,150
LOC01863,C,AISLE-23,RACK-10,SHELF-05,BIN-01863,150
LOC01864,C,AISLE-24,RACK-09,SHELF-02,BIN-01864,150
LOC01865,C,AISLE-25,RACK-04,SHELF-01,BIN-01865,300
LOC01866,C,AISLE-26,RACK-02,SHELF-05,BIN-01866,200
LOC01867,C,AISLE-27,RACK-11,SHELF-02,BIN-01867,300
LOC01868,C,AISLE-28,RACK-09,SHELF-03,BIN-01868,250
LOC01869,C,AISLE-29,RACK-07,SHELF-05,BIN-01869,175
LOC01870,C,AISLE-30,RACK-18,SHELF-03,BIN-01870,100
LOC01871,C,AISLE-31,RACK-10,SHELF-03,BIN-01871,300
LOC01872,C,AISLE-32,RACK-13,SHELF-04,BIN-01872,100
LOC01873,C,AISLE-33,RACK-16,SHELF-05,BIN-01873,175
LOC01874,C,AISLE-34,RACK-13,SHELF-02,BIN-01874,200
LOC01875,C,AISLE-35,RACK-07,SHELF-04,BIN-01875,200
LOC01876,C,AISLE-36,RACK-17,SHELF-05,BIN-01876,400
LOC01877,C,AISLE-37,RACK-15,SHELF-03,BIN-01877,150
LOC01878,C,AISLE-38,RACK-11,SHELF-02,BIN-01878,350
LOC01879,C,AISLE-39,RACK-14,SHELF-02,BIN-01879,400
LOC01880,C,AISLE-40,RACK-15,SHELF-05,BIN-01880,100
LOC01881,C,AISLE-01,RACK-12,SHELF-02,BIN-01881,175
LOC01882,C,AISLE-02,RACK-10,SHELF-01,BIN-01882,400
LOC01883,C,AISLE-03,RACK-12,SHELF-03,BIN-01883,200
LOC01884,C,AISLE-04,RACK-14,SHELF-04,BIN-01884,350
LOC01885,C,AISLE-05,RACK-18,SHELF-03,BIN-01885,300
LOC01886,C,AISLE-06,RACK-19,SHELF-01,BIN-01886,100
LOC01887,C,AISLE-07,RACK-05,SHELF-02,BIN-01887,300
LOC01888,C,AISLE-08,RACK-19,SHELF-05,BIN-01888,350
LOC01889,C,AISLE-09,RACK-13,SHELF-02,BIN-01889,350
LOC01890,C,AISLE-10,RACK-03,SHELF-05,BIN-01890,350
LOC01891,C,AISLE-11,RACK-07,SHELF-04,BIN-01891,150
LOC01892,C,AISLE-12,RACK-11,SHELF-05,BIN-01892,400
LOC01893,C,AISLE-13,RACK-10,SHELF-01,BIN-01893,175
LOC01894,C,AISLE-14,RACK-04,SHELF-05,BIN-01894,175
LOC01895,C,AISLE-15,RACK-02,SHELF-05,BIN-01895,400
LOC01896,C,AISLE-16,RACK-01,SHELF-02,BIN-01896,200
LOC01897,C,AISLE-17,RACK-03,SHELF-04,BIN-01897,250
LOC01898,C,AISLE-18,RACK-07,SHELF-02,BIN-01898,250
LOC01899,C,AISLE-19,RACK-17,SHELF-01,BIN-01899,400
LOC01900,C,AISLE-20,RACK-02,SHELF-03,BIN-01900,100
LOC01901,C,AISLE-21,RACK-06,SHELF-03,BIN-01901,350
LOC01902,C,AISLE-22,RACK-13,SHELF-02,BIN-01902,150
LOC01903,C,AISLE-23,RACK-05,SHELF-05,BIN-01903,350
LOC01904,C,AISLE-24,RACK-16,SHELF-01,BIN-01904,350
LOC01905,C,AISLE-25,RACK-07,SHELF-02,BIN-01905,200
LOC01906,C,AISLE-26,RACK-10,SHELF-04,BIN-01906,400
LOC01907,C,AISLE-27,RACK-06,SHELF-05,BIN-01907,250
LOC01908,C,AISLE-28,RACK-19,SHELF-02,BIN-01908,400
LOC01909,C,AISLE-29,RACK-09,SHELF-02,BIN-01909,100
LOC01910,C,AISLE-30,RACK-05,SHELF-04,BIN-01910,150
LOC01911,C,AISLE-31,RACK-13,SHELF-05,BIN-01911,200
LOC01912,C,AISLE-32,RACK-17,SHELF-03,BIN-01912,400
LOC01913,C,AISLE-33,RACK-15,SHELF-04,BIN-01913,100
LOC01914,C,AISLE-34,RACK-03,SHELF-03,BIN-01914,400
LOC01915,C,AISLE-35,RACK-12,SHELF-03,BIN-01915,350
LOC01916,C,AISLE-36,RACK-20,SHELF-02,BIN-01916,350
LOC01917,C,AISLE-37,RACK-08,SHELF-02,BIN-01917,350
LOC01918,C,AISLE-38,RACK-15,SHELF-04,BIN-01918,175
LOC01919,C,AISLE-39,RACK-19,SHELF-01,BIN-01919,350
LOC01920,C,AISLE-40,RACK-02,SHELF-02,BIN-01920,175
LOC01921,C,AISLE-01,RACK-09,SHELF-05,BIN-01921,250
LOC01922,C,AISLE-02,RACK-03,SHELF-02,BIN-01922,400
LOC01923,C,AISLE-03,RACK-14,SHELF-05,BIN-01923,150
LOC01924,C,AISLE-04,RACK-12,SHELF-01,BIN-01924,150
LOC01925,C,AISLE-05,RACK-17,SHELF-03,BIN-01925,350
LOC01926,C,AISLE-06,RACK-15,SHELF-02,BIN-01926,250
LOC01927,C,AISLE-07,RACK-07,SHELF-05,BIN-01927,100
LOC01928,C,AISLE-08,RACK-15,SHELF-01,BIN-01928,150
LOC01929,C,AISLE-09,RACK-15,SHELF-04,BIN-01929,300
LOC01930,C,AISLE-10,RACK-13,SHELF-02,BIN-01930,350
LOC01931,C,AISLE-11,RACK-02,SHELF-01,BIN-01931,250
LOC01932,C,AISLE-12,RACK-04,SHELF-02,BIN-01932,300
LOC01933,C,AISLE-13,RACK-15,SHELF-04,BIN-01933,400
LOC01934,C,AISLE-14,RACK-03,SHELF-01,BIN-01934,200
LOC01935,C,AISLE-15,RACK-15,SHELF-02,BIN-01935,400
LOC01936,C,AISLE-16,RACK-09,SHELF-02,BIN-01936,175
LOC01937,C,AISLE-17,RACK-01,SHELF-05,BIN-01937,150
LOC01938,C,AISLE-18,RACK-06,SHELF-03,BIN-01938,150
LOC01939,C,AISLE-19,RACK-18,SHELF-04,BIN-01939,175
LOC01940,C,AISLE-20,RACK-03,SHELF-01,BIN-01940,250
LOC01941,C,AISLE-21,RACK-05,SHELF-04,BIN-01941,300
LOC01942,C,AISLE-22,RACK-06,SHELF-02,BIN-01942,100
LOC01943,C,AISLE-23,RACK-18,SHELF-02,BIN-01943,400
LOC01944,C,AISLE-24,RACK-02,SHELF-05,BIN-01944,150
LOC01945,C,AISLE-25,RACK-13,SHELF-03,BIN-01945,400
LOC01946,C,AISLE-26,RACK-02,SHELF-05,BIN-01946,100
LOC01947,C,AISLE-27,RACK-02,SHELF-04,BIN-01947,200
LOC01948,C,AISLE-28,RACK-08,SHELF-03,BIN-01948,200
LOC01949,C,AISLE-29,RACK-07,SHELF-01,BIN-01949,100
LOC01950,C,AISLE-30,RACK-14,SHELF-01,BIN-01950,100
LOC01951,C,AISLE-31,RACK-11,SHELF-02,BIN-01951,150
LOC01952,C,AISLE-32,RACK-08,SHELF-01,BIN-01952,175
LOC01953,C,AISLE-33,RACK-06,SHELF-01,BIN-01953,350
LOC01954,C,AISLE-34,RACK-17,SHELF-01,BIN-01954,300
LOC01955,C,AISLE-35,RACK-11,SHELF-05,BIN-01955,200
LOC01956,C,AISLE-36,RACK-20,SHELF-02,BIN-01956,350
LOC01957,C,AISLE-37,RACK-14,SHELF-01,BIN-01957,200
LOC01958,C,AISLE-38,RACK-07,SHELF-01,BIN-01958,300
LOC01959,C,AISLE-39,RACK-11,SHELF-02,BIN-01959,100
LOC01960,C,AISLE-40,RACK-13,SHELF-03,BIN-01960,100
LOC01961,C,AISLE-01,RACK-13,SHELF-02,BIN-01961,400
LOC01962,C,AISLE-02,RACK-08,SHELF-01,BIN-01962,250
LOC01963,C,AISLE-03,RACK-20,SHELF-03,BIN-01963,100
LOC01964,C,AISLE-04,RACK-03,SHELF-02,BIN-01964,350
LOC01965,C,AISLE-05,RACK-10,SHELF-05,BIN-01965,400
LOC01966,C,AISLE-06,RACK-04,SHELF-05,BIN-01966,175
LOC01967,C,AISLE-07,RACK-09,SHELF-01,BIN-01967,300
LOC01968,C,AISLE-08,RACK-13,SHELF-02,BIN-01968,300
LOC01969,C,AISLE-09,RACK-06,SHELF-03,BIN-01969,400
LOC01970,C,AISLE-10,RACK-03,SHELF-03,BIN-01970,100
LOC01971,C,AISLE-11,RACK-20,SHELF-05,BIN-01971,400
LOC01972,C,AISLE-12,RACK-13,SHELF-05,BIN-01972,200
LOC01973,C,AISLE-13,RACK-17,SHELF-05,BIN-01973,100
LOC01974,C,AISLE-14,RACK-08,SHELF-01,BIN-01974,150
LOC01975,C,AISLE-15,RACK-10,SHELF-02,BIN-01975,350
LOC01976,C,AISLE-16,RACK-08,SHELF-05,BIN-01976,150
LOC01977,C,AISLE-17,RACK-02,SHELF-02,BIN-01977,300
LOC01978,C,AISLE-18,RACK-16,SHELF-03,BIN-01978,200
LOC01979,C,AISLE-19,RACK-05,SHELF-04,BIN-01979,200
LOC01980,C,AISLE-20,RACK-02,SHELF-02,BIN-01980,400
LOC01981,C,AISLE-21,RACK-11,SHELF-02,BIN-01981,250
LOC01982,C,AISLE-22,RACK-11,SHELF-01,BIN-01982,350
LOC01983,C,AISLE-23,RACK-10,SHELF-01,BIN-01983,200
LOC01984,C,AISLE-24,RACK-11,SHELF-03,BIN-01984,200
LOC01985,C,AISLE-25,RACK-07,SHELF-05,BIN-01985,100
LOC01986,C,AISLE-26,RACK-08,SHELF-02,BIN-01986,350
LOC01987,C,AISLE-27,RACK-17,SHELF-03,BIN-01987,175
LOC01988,C,AISLE-28,RACK-15,SHELF-01,BIN-01988,150
LOC01989,C,AISLE-29,RACK-16,SHELF-01,BIN-01989,200
LOC01990,C,AISLE-30,RACK-02,SHELF-02,BIN-01990,200
LOC01991,C,AISLE-31,RACK-05,SHELF-01,BIN-01991,175
LOC01992,C,AISLE-32,RACK-19,SHELF-05,BIN-01992,200
LOC01993,C,AISLE-33,RACK-08,SHELF-05,BIN-01993,150
LOC01994,C,AISLE-34,RACK-14,SHELF-04,BIN-01994,250
LOC01995,C,AISLE-35,RACK-06,SHELF-02,BIN-01995,200
LOC01996,C,AISLE-36,RACK-14,SHELF-02,BIN-01996,200
LOC01997,C,AISLE-37,RACK-10,SHELF-03,BIN-01997,400
LOC01998,C,AISLE-38,RACK-07,SHELF-03,BIN-01998,400
LOC01999,C,AISLE-39,RACK-03,SHELF-03,BIN-01999,350
LOC02000,C,AISLE-40,RACK-13,SHELF-02,BIN-02000,400
LOC02001,C,AISLE-01,RACK-15,SHELF-04,BIN-02001,350
LOC02002,C,AISLE-02,RACK-05,SHELF-04,BIN-02002,100
LOC02003,C,AISLE-03,RACK-13,SHELF-04,BIN-02003,150
LOC02004,C,AISLE-04,RACK-10,SHELF-05,BIN-02004,175
LOC02005,C,AISLE-05,RACK-18,SHELF-02,BIN-02005,250
LOC02006,C,AISLE-06,RACK-13,SHELF-04,BIN-02006,250
LOC02007,C,AISLE-07,RACK-15,SHELF-03,BIN-02007,350
LOC02008,C,AISLE-08,RACK-18,SHELF-05,BIN-02008,400
LOC02009,C,AISLE-09,RACK-03,SHELF-03,BIN-02009,175
LOC02010,C,AISLE-10,RACK-16,SHELF-02,BIN-02010,175
LOC02011,C,AISLE-11,RACK-07,SHELF-01,BIN-02011,100
LOC02012,C,AISLE-12,RACK-17,SHELF-03,BIN-02012,400
LOC02013,C,AISLE-13,RACK-13,SHELF-04,BIN-02013,350
LOC02014,C,AISLE-14,RACK-12,SHELF-04,BIN-02014,400
LOC02015,C,AISLE-15,RACK-10,SHELF-05,BIN-02015,150
LOC02016,C,AISLE-16,RACK-14,SHELF-01,BIN-02016,150
LOC02017,C,AISLE-17,RACK-13,SHELF-05,BIN-02017,175
LOC02018,C,AISLE-18,RACK-07,SHELF-04,BIN-02018,250
LOC02019,C,AISLE-19,RACK-12,SHELF-05,BIN-02019,400
LOC02020,C,AISLE-20,RACK-12,SHELF-01,BIN-02020,350
LOC02021,C,AISLE-21,RACK-14,SHELF-02,BIN-02021,200
LOC02022,C,AISLE-22,RACK-16,SHELF-01,BIN-02022,300
LOC02023,C,AISLE-23,RACK-01,SHELF-02,BIN-02023,250
LOC02024,C,AISLE-24,RACK-20,SHELF-04,BIN-02024,175
LOC02025,C,AISLE-25,RACK-09,SHELF-02,BIN-02025,175
LOC02026,C,AISLE-26,RACK-01,SHELF-01,BIN-02026,150
LOC02027,C,AISLE-27,RACK-13,SHELF-04,BIN-02027,150
LOC02028,C,AISLE-28,RACK-17,SHELF-02,BIN-02028,350
LOC02029,C,AISLE-29,RACK-06,SHELF-04,BIN-02029,250
LOC02030,C,AISLE-30,RACK-10,SHELF-05,BIN-02030,350
LOC02031,C,AISLE-31,RACK-19,SHELF-03,BIN-02031,350
LOC02032,C,AISLE-32,RACK-03,SHELF-01,BIN-02032,300
LOC02033,C,AISLE-33,RACK-05,SHELF-03,BIN-02033,200
LOC02034,C,AISLE-34,RACK-13,SHELF-03,BIN-02034,100
LOC02035,C,AISLE-35,RACK-06,SHELF-04,BIN-02035,100
LOC02036,C,AISLE-36,RACK-04,SHELF-01,BIN-02036,350
LOC02037,C,AISLE-37,RACK-17,SHELF-04,BIN-02037,250
LOC02038,C,AISLE-38,RACK-14,SHELF-02,BIN-02038,175
LOC02039,C,AISLE-39,RACK-12,SHELF-02,BIN-02039,175
LOC02040,C,AISLE-40,RACK-07,SHELF-04,BIN-02040,175
LOC02041,C,AISLE-01,RACK-17,SHELF-01,BIN-02041,400
LOC02042,C,AISLE-02,RACK-19,SHELF-02,BIN-02042,175
LOC02043,C,AISLE-03,RACK-07,SHELF-01,BIN-02043,175
LOC02044,C,AISLE-04,RACK-07,SHELF-03,BIN-02044,350
LOC02045,C,AISLE-05,RACK-15,SHELF-05,BIN-02045,150
LOC02046,C,AISLE-06,RACK-06,SHELF-01,BIN-02046,250
LOC02047,C,AISLE-07,RACK-03,SHELF-04,BIN-02047,150
LOC02048,C,AISLE-08,RACK-09,SHELF-01,BIN-02048,300
LOC02049,C,AISLE-09,RACK-01,SHELF-05,BIN-02049,200
LOC02050,C,AISLE-10,RACK-16,SHELF-04,BIN-02050,150
LOC02051,C,AISLE-11,RACK-01,SHELF-01,BIN-02051,250
LOC02052,C,AISLE-12,RACK-01,SHELF-05,BIN-02052,100
LOC02053,C,AISLE-13,RACK-04,SHELF-02,BIN-02053,100
LOC02054,C,AISLE-14,RACK-13,SHELF-05,BIN-02054,250
LOC02055,C,AISLE-15,RACK-16,SHELF-04,BIN-02055,300
LOC02056,C,AISLE-16,RACK-20,SHELF-04,BIN-02056,300
LOC02057,C,AISLE-17,RACK-12,SHELF-03,BIN-02057,300
LOC02058,C,AISLE-18,RACK-08,SHELF-03,BIN-02058,350
LOC02059,C,AISLE-19,RACK-13,SHELF-05,BIN-02059,100
LOC02060,C,AISLE-20,RACK-12,SHELF-03,BIN-02060,150
LOC02061,C,AISLE-21,RACK-01,SHELF-04,BIN-02061,350
LOC02062,C,AISLE-22,RACK-05,SHELF-01,BIN-02062,150
LOC02063,C,AISLE-23,RACK-17,SHELF-03,BIN-02063,200
LOC02064,C,AISLE-24,RACK-12,SHELF-04,BIN-02064,400
LOC02065,C,AISLE-25,RACK-17,SHELF-04,BIN-02065,200
LOC02066,C,AISLE-26,RACK-01,SHELF-03,BIN-02066,100
LOC02067,C,AISLE-27,RACK-12,SHELF-01,BIN-02067,300
LOC02068,C,AISLE-28,RACK-15,SHELF-02,BIN-02068,400
LOC02069,C,AISLE-29,RACK-13,SHELF-05,BIN-02069,150
LOC02070,C,AISLE-30,RACK-12,SHELF-04,BIN-02070,400
LOC02071,C,AISLE-31,RACK-04,SHELF-04,BIN-02071,250
LOC02072,C,AISLE-32,RACK-20,SHELF-02,BIN-02072,175
LOC02073,C,AISLE-33,RACK-17,SHELF-05,BIN-02073,100
LOC02074,C,AISLE-34,RACK-05,SHELF-04,BIN-02074,150
LOC02075,C,AISLE-35,RACK-10,SHELF-05,BIN-02075,400
LOC02076,C,AISLE-36,RACK-06,SHELF-04,BIN-02076,150
LOC02077,C,AISLE-37,RACK-16,SHELF-05,BIN-02077,200
LOC02078,C,AISLE-38,RACK-08,SHELF-02,BIN-02078,175
LOC02079,C,AISLE-39,RACK-03,SHELF-01,BIN-02079,350
LOC02080,C,AISLE-40,RACK-01,SHELF-02,BIN-02080,300
LOC02081,C,AISLE-01,RACK-13,SHELF-03,BIN-02081,200
LOC02082,C,AISLE-02,RACK-09,SHELF-04,BIN-02082,150
LOC02083,C,AISLE-03,RACK-05,SHELF-05,BIN-02083,400
LOC02084,C,AISLE-04,RACK-03,SHELF-03,BIN-02084,200
LOC02085,C,AISLE-05,RACK-19,SHELF-05,BIN-02085,150
LOC02086,C,AISLE-06,RACK-11,SHELF-04,BIN-02086,350
LOC02087,C,AISLE-07,RACK-18,SHELF-04,BIN-02087,200
LOC02088,C,AISLE-08,RACK-08,SHELF-03,BIN-02088,150
LOC02089,C,AISLE-09,RACK-10,SHELF-01,BIN-02089,150
LOC02090,C,AISLE-10,RACK-03,SHELF-03,BIN-02090,200
LOC02091,C,AISLE-11,RACK-04,SHELF-05,BIN-02091,300
LOC02092,C,AISLE-12,RACK-05,SHELF-03,BIN-02092,350
LOC02093,C,AISLE-13,RACK-19,SHELF-01,BIN-02093,250
LOC02094,C,AISLE-14,RACK-02,SHELF-05,BIN-02094,200
LOC02095,C,AISLE-15,RACK-13,SHELF-04,BIN-02095,300
LOC02096,C,AISLE-16,RACK-12,SHELF-02,BIN-02096,200
LOC02097,C,AISLE-17,RACK-04,SHELF-04,BIN-02097,100
LOC02098,C,AISLE-18,RACK-18,SHELF-04,BIN-02098,300
LOC02099,C,AISLE-19,RACK-05,SHELF-03,BIN-02099,200
LOC02100,C,AISLE-20,RACK-16,SHELF-04,BIN-02100,175
LOC02101,C,AISLE-21,RACK-20,SHELF-03,BIN-02101,175
LOC02102,C,AISLE-22,RACK-02,SHELF-05,BIN-02102,300
LOC02103,C,AISLE-23,RACK-10,SHELF-05,BIN-02103,150
LOC02104,C,AISLE-24,RACK-09,SHELF-05,BIN-02104,400
LOC02105,C,AISLE-25,RACK-07,SHELF-04,BIN-02105,250
LOC02106,C,AISLE-26,RACK-13,SHELF-01,BIN-02106,300
LOC02107,C,AISLE-27,RACK-05,SHELF-02,BIN-02107,200
LOC02108,C,AISLE-28,RACK-02,SHELF-02,BIN-02108,400
LOC02109,C,AISLE-29,RACK-13,SHELF-03,BIN-02109,175
LOC02110,C,AISLE-30,RACK-01,SHELF-05,BIN-02110,350
LOC02111,C,AISLE-31,RACK-11,SHELF-04,BIN-02111,400
LOC02112,C,AISLE-32,RACK-12,SHELF-04,BIN-02112,350
LOC02113,C,AISLE-33,RACK-03,SHELF-05,BIN-02113,250
LOC02114,C,AISLE-34,RACK-10,SHELF-02,BIN-02114,350
LOC02115,C,AISLE-35,RACK-04,SHELF-02,BIN-02115,300
LOC02116,C,AISLE-36,RACK-19,SHELF-01,BIN-02116,250
LOC02117,C,AISLE-37,RACK-15,SHELF-02,BIN-02117,175
LOC02118,C,AISLE-38,RACK-15,SHELF-04,BIN-02118,250
LOC02119,C,AISLE-39,RACK-05,SHELF-02,BIN-02119,200
LOC02120,C,AISLE-40,RACK-07,SHELF-01,BIN-02120,300
LOC02121,C,AISLE-01,RACK-19,SHELF-01,BIN-02121,175
LOC02122,C,AISLE-02,RACK-13,SHELF-04,BIN-02122,175
LOC02123,C,AISLE-03,RACK-02,SHELF-01,BIN-02123,300
LOC02124,C,AISLE-04,RACK-16,SHELF-02,BIN-02124,100
LOC02125,C,AISLE-05,RACK-04,SHELF-05,BIN-02125,300
LOC02126,C,AISLE-06,RACK-19,SHELF-04,BIN-02126,175
LOC02127,C,AISLE-07,RACK-13,SHELF-02,BIN-02127,100
LOC02128,C,AISLE-08,RACK-04,SHELF-02,BIN-02128,350
LOC02129,C,AISLE-09,RACK-16,SHELF-03,BIN-02129,175
LOC02130,C,AISLE-10,RACK-13,SHELF-01,BIN-02130,400
LOC02131,C,AISLE-11,RACK-13,SHELF-03,BIN-02131,400
LOC02132,C,AISLE-12,RACK-12,SHELF-01,BIN-02132,150
LOC02133,C,AISLE-13,RACK-04,SHELF-01,BIN-02133,150
LOC02134,C,AISLE-14,RACK-16,SHELF-05,BIN-02134,200
LOC02135,C,AISLE-15,RACK-01,SHELF-05,BIN-02135,400
LOC02136,C,AISLE-16,RACK-09,SHELF-01,BIN-02136,175
LOC02137,C,AISLE-17,RACK-13,SHELF-04,BIN-02137,350
LOC02138,C,AISLE-18,RACK-10,SHELF-05,BIN-02138,175
LOC02139,C,AISLE-19,RACK-04,SHELF-03,BIN-02139,150
LOC02140,C,AISLE-20,RACK-18,SHELF-02,BIN-02140,350
LOC02141,C,AISLE-21,RACK-01,SHELF-04,BIN-02141,400
LOC02142,C,AISLE-22,RACK-03,SHELF-05,BIN-02142,150
LOC02143,C,AISLE-23,RACK-07,SHELF-01,BIN-02143,175
LOC02144,C,AISLE-24,RACK-20,SHELF-02,BIN-02144,100
LOC02145,C,AISLE-25,RACK-18,SHELF-04,BIN-02145,300
LOC02146,C,AISLE-26,RACK-04,SHELF-01,BIN-02146,175
LOC02147,C,AISLE-27,RACK-19,SHELF-02,BIN-02147,175
LOC02148,C,AISLE-28,RACK-03,SHELF-05,BIN-02148,250
LOC02149,C,AISLE-29,RACK-02,SHELF-01,BIN-02149,150
LOC02150,C,AISLE-30,RACK-17,SHELF-03,BIN-02150,300
LOC02151,C,AISLE-31,RACK-18,SHELF-02,BIN-02151,350
LOC02152,C,AISLE-32,RACK-01,SHELF-02,BIN-02152,250
LOC02153,C,AISLE-33,RACK-02,SHELF-05,BIN-02153,250
LOC02154,C,AISLE-34,RACK-18,SHELF-04,BIN-02154,175
LOC02155,C,AISLE-35,RACK-19,SHELF-04,BIN-02155,300
LOC02156,C,AISLE-36,RACK-17,SHELF-03,BIN-02156,200
LOC02157,C,AISLE-37,RACK-04,SHELF-01,BIN-02157,200
LOC02158,C,AISLE-38,RACK-02,SHELF-02,BIN-02158,175
LOC02159,C,AISLE-39,RACK-10,SHELF-02,BIN-02159,175
LOC02160,C,AISLE-40,RACK-20,SHELF-05,BIN-02160,200
LOC02161,C,AISLE-01,RACK-19,SHELF-03,BIN-02161,250
LOC02162,C,AISLE-02,RACK-05,SHELF-05,BIN-02162,350
LOC02163,C,AISLE-03,RACK-03,SHELF-05,BIN-02163,250
LOC02164,C,AISLE-04,RACK-09,SHELF-04,BIN-02164,175
LOC02165,C,AISLE-05,RACK-13,SHELF-04,BIN-02165,150
LOC02166,C,AISLE-06,RACK-09,SHELF-04,BIN-02166,175
LOC02167,C,AISLE-07,RACK-18,SHELF-02,BIN-02167,150
LOC02168,C,AISLE-08,RACK-09,SHELF-02,BIN-02168,300
LOC02169,C,AISLE-09,RACK-19,SHELF-05,BIN-02169,175
LOC02170,C,AISLE-10,RACK-14,SHELF-02,BIN-02170,300
LOC02171,C,AISLE-11,RACK-14,SHELF-04,BIN-02171,100
LOC02172,C,AISLE-12,RACK-20,SHELF-02,BIN-02172,150
LOC02173,C,AISLE-13,RACK-09,SHELF-01,BIN-02173,150
LOC02174,C,AISLE-14,RACK-18,SHELF-04,BIN-02174,150
LOC02175,C,AISLE-15,RACK-11,SHELF-01,BIN-02175,300
LOC02176,C,AISLE-16,RACK-11,SHELF-03,BIN-02176,175
LOC02177,C,AISLE-17,RACK-08,SHELF-03,BIN-02177,100
LOC02178,C,AISLE-18,RACK-04,SHELF-04,BIN-02178,200
LOC02179,C,AISLE-19,RACK-13,SHELF-01,BIN-02179,150
LOC02180,C,AISLE-20,RACK-06,SHELF-05,BIN-02180,250
LOC02181,C,AISLE-21,RACK-19,SHELF-04,BIN-02181,150
LOC02182,C,AISLE-22,RACK-17,SHELF-03,BIN-02182,250
LOC02183,C,AISLE-23,RACK-18,SHELF-03,BIN-02183,150
LOC02184,C,AISLE-24,RACK-02,SHELF-02,BIN-02184,300
LOC02185,C,AISLE-25,RACK-13,SHELF-02,BIN-02185,300
LOC02186,C,AISLE-26,RACK-18,SHELF-05,BIN-02186,350
LOC02187,C,AISLE-27,RACK-16,SHELF-05,BIN-02187,175
LOC02188,C,AISLE-28,RACK-09,SHELF-01,BIN-02188,175
LOC02189,C,AISLE-29,RACK-05,SHELF-02,BIN-02189,350
LOC02190,C,AISLE-30,RACK-19,SHELF-03,BIN-02190,100
LOC02191,C,AISLE-31,RACK-12,SHELF-02,BIN-02191,350
LOC02192,C,AISLE-32,RACK-15,SHELF-02,BIN-02192,400
LOC02193,C,AISLE-33,RACK-12,SHELF-04,BIN-02193,250
LOC02194,C,AISLE-34,RACK-09,SHELF-04,BIN-02194,200
LOC02195,C,AISLE-35,RACK-10,SHELF-01,BIN-02195,250
LOC02196,C,AISLE-36,RACK-14,SHELF-03,BIN-02196,150
LOC02197,C,AISLE-37,RACK-03,SHELF-01,BIN-02197,200
LOC02198,C,AISLE-38,RACK-03,SHELF-02,BIN-02198,100
LOC02199,C,AISLE-39,RACK-03,SHELF-03,BIN-02199,400
LOC02200,C,AISLE-40,RACK-01,SHELF-04,BIN-02200,175
LOC02201,C,AISLE-01,RACK-16,SHELF-04,BIN-02201,150
LOC02202,C,AISLE-02,RACK-13,SHELF-01,BIN-02202,200
LOC02203,C,AISLE-03,RACK-01,SHELF-04,BIN-02203,300
LOC02204,C,AISLE-04,RACK-08,SHELF-05,BIN-02204,100
LOC02205,C,AISLE-05,RACK-20,SHELF-04,BIN-02205,175
LOC02206,C,AISLE-06,RACK-17,SHELF-02,BIN-02206,175
LOC02207,C,AISLE-07,RACK-03,SHELF-03,BIN-02207,175
LOC02208,C,AISLE-08,RACK-17,SHELF-03,BIN-02208,100
LOC02209,C,AISLE-09,RACK-14,SHELF-04,BIN-02209,350
LOC02210,C,AISLE-10,RACK-06,SHELF-03,BIN-02210,150
LOC02211,C,AISLE-11,RACK-11,SHELF-02,BIN-02211,150
LOC02212,C,AISLE-12,RACK-10,SHELF-03,BIN-02212,400
LOC02213,C,AISLE-13,RACK-10,SHELF-03,BIN-02213,200
LOC02214,C,AISLE-14,RACK-01,SHELF-05,BIN-02214,350
LOC02215,C,AISLE-15,RACK-07,SHELF-03,BIN-02215,100
LOC02216,C,AISLE-16,RACK-15,SHELF-05,BIN-02216,400
LOC02217,C,AISLE-17,RACK-02,SHELF-03,BIN-02217,100
LOC02218,C,AISLE-18,RACK-20,SHELF-04,BIN-02218,300
LOC02219,C,AISLE-19,RACK-10,SHELF-03,BIN-02219,150
LOC02220,C,AISLE-20,RACK-01,SHELF-03,BIN-02220,175
LOC02221,C,AISLE-21,RACK-13,SHELF-03,BIN-02221,100
LOC02222,C,AISLE-22,RACK-04,SHELF-04,BIN-02222,400
LOC02223,C,AISLE-23,RACK-07,SHELF-01,BIN-02223,175
LOC02224,C,AISLE-24,RACK-14,SHELF-01,BIN-02224,400
LOC02225,C,AISLE-25,RACK-01,SHELF-02,BIN-02225,250
LOC02226,C,AISLE-26,RACK-08,SHELF-04,BIN-02226,350
LOC02227,C,AISLE-27,RACK-12,SHELF-03,BIN-02227,300
LOC02228,C,AISLE-28,RACK-14,SHELF-02,BIN-02228,250
LOC02229,C,AISLE-29,RACK-04,SHELF-04,BIN-02229,400
LOC02230,C,AISLE-30,RACK-06,SHELF-02,BIN-02230,300
LOC02231,C,AISLE-31,RACK-14,SHELF-01,BIN-02231,300
LOC02232,C,AISLE-32,RACK-07,SHELF-01,BIN-02232,200
LOC02233,C,AISLE-33,RACK-10,SHELF-01,BIN-02233,175
LOC02234,C,AISLE-34,RACK-13,SHELF-04,BIN-02234,300
LOC02235,C,AISLE-35,RACK-02,SHELF-02,BIN-02235,200
LOC02236,C,AISLE-36,RACK-16,SHELF-03,BIN-02236,150
LOC02237,C,AISLE-37,RACK-14,SHELF-04,BIN-02237,400
LOC02238,C,AISLE-38,RACK-05,SHELF-03,BIN-02238,350
LOC02239,C,AISLE-39,RACK-17,SHELF-04,BIN-02239,175
LOC02240,C,AISLE-40,RACK-04,SHELF-01,BIN-02240,100
LOC02241,C,AISLE-01,RACK-05,SHELF-02,BIN-02241,300
LOC02242,C,AISLE-02,RACK-17,SHELF-01,BIN-02242,200
LOC02243,C,AISLE-03,RACK-02,SHELF-03,BIN-02243,350
LOC02244,C,AISLE-04,RACK-20,SHELF-01,BIN-02244,350
LOC02245,C,AISLE-05,RACK-16,SHELF-03,BIN-02245,250
LOC02246,C,AISLE-06,RACK-16,SHELF-01,BIN-02246,350
LOC02247,C,AISLE-07,RACK-08,SHELF-05,BIN-02247,175
LOC02248,C,AISLE-08,RACK-17,SHELF-02,BIN-02248,200
LOC02249,C,AISLE-09,RACK-09,SHELF-01,BIN-02249,250
LOC02250,C,AISLE-10,RACK-08,SHELF-04,BIN-02250,200
LOC02251,C,AISLE-11,RACK-16,SHELF-01,BIN-02251,175
LOC02252,C,AISLE-12,RACK-07,SHELF-05,BIN-02252,175
LOC02253,C,AISLE-13,RACK-08,SHELF-01,BIN-02253,175
LOC02254,C,AISLE-14,RACK-13,SHELF-01,BIN-02254,250
LOC02255,C,AISLE-15,RACK-07,SHELF-02,BIN-02255,350
LOC02256,C,AISLE-16,RACK-01,SHELF-05,BIN-02256,200
LOC02257,C,AISLE-17,RACK-03,SHELF-01,BIN-02257,350
LOC02258,C,AISLE-18,RACK-14,SHELF-05,BIN-02258,250
LOC02259,C,AISLE-19,RACK-08,SHELF-02,BIN-02259,300
LOC02260,C,AISLE-20,RACK-14,SHELF-04,BIN-02260,100
LOC02261,C,AISLE-21,RACK-17,SHELF-04,BIN-02261,100
LOC02262,C,AISLE-22,RACK-10,SHELF-01,BIN-02262,250
LOC02263,C,AISLE-23,RACK-12,SHELF-03,BIN-02263,300
LOC02264,C,AISLE-24,RACK-14,SHELF-02,BIN-02264,300
LOC02265,C,AISLE-25,RACK-02,SHELF-02,BIN-02265,100
LOC02266,C,AISLE-26,RACK-01,SHELF-01,BIN-02266,300
LOC02267,C,AISLE-27,RACK-07,SHELF-03,BIN-02267,400
LOC02268,C,AISLE-28,RACK-09,SHELF-05,BIN-02268,150
LOC02269,C,AISLE-29,RACK-14,SHELF-02,BIN-02269,250
LOC02270,C,AISLE-30,RACK-16,SHELF-03,BIN-02270,300
LOC02271,C,AISLE-31,RACK-10,SHELF-01,BIN-02271,150
LOC02272,C,AISLE-32,RACK-01,SHELF-05,BIN-02272,175
LOC02273,C,AISLE-33,RACK-11,SHELF-03,BIN-02273,300
LOC02274,C,AISLE-34,RACK-19,SHELF-05,BIN-02274,300
LOC02275,C,AISLE-35,RACK-08,SHELF-03,BIN-02275,200
LOC02276,C,AISLE-36,RACK-19,SHELF-04,BIN-02276,150
LOC02277,C,AISLE-37,RACK-04,SHELF-02,BIN-02277,150
LOC02278,C,AISLE-38,RACK-02,SHELF-05,BIN-02278,200
LOC02279,C,AISLE-39,RACK-07,SHELF-04,BIN-02279,150
LOC02280,C,AISLE-40,RACK-03,SHELF-05,BIN-02280,300
LOC02281,C,AISLE-01,RACK-10,SHELF-04,BIN-02281,200
LOC02282,C,AISLE-02,RACK-18,SHELF-02,BIN-02282,100
LOC02283,C,AISLE-03,RACK-05,SHELF-02,BIN-02283,350
LOC02284,C,AISLE-04,RACK-18,SHELF-03,BIN-02284,300
LOC02285,C,AISLE-05,RACK-12,SHELF-04,BIN-02285,150
LOC02286,C,AISLE-06,RACK-14,SHELF-01,BIN-02286,400
LOC02287,C,AISLE-07,RACK-14,SHELF-05,BIN-02287,100
LOC02288,C,AISLE-08,RACK-06,SHELF-05,BIN-02288,250
LOC02289,C,AISLE-09,RACK-05,SHELF-03,BIN-02289,100
LOC02290,C,AISLE-10,RACK-19,SHELF-01,BIN-02290,200
LOC02291,C,AISLE-11,RACK-13,SHELF-04,BIN-02291,150
LOC02292,C,AISLE-12,RACK-06,SHELF-04,BIN-02292,350
LOC02293,C,AISLE-13,RACK-18,SHELF-04,BIN-02293,350
LOC02294,C,AISLE-14,RACK-20,SHELF-03,BIN-02294,200
LOC02295,C,AISLE-15,RACK-06,SHELF-01,BIN-02295,175
LOC02296,C,AISLE-16,RACK-19,SHELF-02,BIN-02296,100
LOC02297,C,AISLE-17,RACK-17,SHELF-04,BIN-02297,250
LOC02298,C,AISLE-18,RACK-10,SHELF-02,BIN-02298,250
LOC02299,C,AISLE-19,RACK-09,SHELF-05,BIN-02299,150
LOC02300,C,AISLE-20,RACK-06,SHELF-02,BIN-02300,100
LOC02301,C,AISLE-21,RACK-18,SHELF-02,BIN-02301,250
LOC02302,C,AISLE-22,RACK-02,SHELF-02,BIN-02302,250
LOC02303,C,AISLE-23,RACK-05,SHELF-03,BIN-02303,100
LOC02304,C,AISLE-24,RACK-08,SHELF-02,BIN-02304,150
LOC02305,C,AISLE-25,RACK-01,SHELF-03,BIN-02305,300
LOC02306,C,AISLE-26,RACK-11,SHELF-01,BIN-02306,250
LOC02307,C,AISLE-27,RACK-05,SHELF-04,BIN-02307,250
LOC02308,C,AISLE-28,RACK-11,SHELF-01,BIN-02308,100
LOC02309,C,AISLE-29,RACK-12,SHELF-02,BIN-02309,250
LOC02310,C,AISLE-30,RACK-06,SHELF-03,BIN-02310,100
LOC02311,C,AISLE-31,RACK-18,SHELF-05,BIN-02311,150
LOC02312,C,AISLE-32,RACK-13,SHELF-03,BIN-02312,200
LOC02313,C,AISLE-33,RACK-15,SHELF-02,BIN-02313,300
LOC02314,C,AISLE-34,RACK-09,SHELF-02,BIN-02314,350
LOC02315,C,AISLE-35,RACK-05,SHELF-04,BIN-02315,200
LOC02316,C,AISLE-36,RACK-14,SHELF-03,BIN-02316,175
LOC02317,C,AISLE-37,RACK-16,SHELF-01,BIN-02317,400
LOC02318,C,AISLE-38,RACK-06,SHELF-04,BIN-02318,175
LOC02319,C,AISLE-39,RACK-06,SHELF-02,BIN-02319,400
LOC02320,C,AISLE-40,RACK-06,SHELF-03,BIN-02320,100
LOC02321,C,AISLE-01,RACK-10,SHELF-02,BIN-02321,175
LOC02322,C,AISLE-02,RACK-13,SHELF-05,BIN-02322,200
LOC02323,C,AISLE-03,RACK-03,SHELF-02,BIN-02323,150
LOC02324,C,AISLE-04,RACK-14,SHELF-02,BIN-02324,400
LOC02325,C,AISLE-05,RACK-13,SHELF-01,BIN-02325,175
LOC02326,C,AISLE-06,RACK-01,SHELF-05,BIN-02326,150
LOC02327,C,AISLE-07,RACK-13,SHELF-04,BIN-02327,100
LOC02328,C,AISLE-08,RACK-04,SHELF-01,BIN-02328,100
LOC02329,C,AISLE-09,RACK-05,SHELF-02,BIN-02329,150
LOC02330,C,AISLE-10,RACK-09,SHELF-02,BIN-02330,100
LOC02331,C,AISLE-11,RACK-01,SHELF-01,BIN-02331,300
LOC02332,C,AISLE-12,RACK-03,SHELF-02,BIN-02332,175
LOC02333,C,AISLE-13,RACK-16,SHELF-05,BIN-02333,400
LOC02334,C,AISLE-14,RACK-06,SHELF-03,BIN-02334,300
LOC02335,C,AISLE-15,RACK-16,SHELF-02,BIN-02335,200
LOC02336,C,AISLE-16,RACK-02,SHELF-05,BIN-02336,250
LOC02337,C,AISLE-17,RACK-18,SHELF-01,BIN-02337,100
LOC02338,C,AISLE-18,RACK-02,SHELF-01,BIN-02338,250
LOC02339,C,AISLE-19,RACK-04,SHELF-05,BIN-02339,350
LOC02340,C,AISLE-20,RACK-05,SHELF-01,BIN-02340,200
LOC02341,C,AISLE-21,RACK-01,SHELF-02,BIN-02341,350
LOC02342,C,AISLE-22,RACK-13,SHELF-02,BIN-02342,300
LOC02343,C,AISLE-23,RACK-10,SHELF-02,BIN-02343,350
LOC02344,C,AISLE-24,RACK-04,SHELF-04,BIN-02344,175
LOC02345,C,AISLE-25,RACK-04,SHELF-02,BIN-02345,150
LOC02346,C,AISLE-26,RACK-10,SHELF-03,BIN-02346,150
LOC02347,C,AISLE-27,RACK-20,SHELF-03,BIN-02347,150
LOC02348,C,AISLE-28,RACK-12,SHELF-01,BIN-02348,100
LOC02349,C,AISLE-29,RACK-20,SHELF-02,BIN-02349,175
LOC02350,C,AISLE-30,RACK-14,SHELF-05,BIN-02350,300
LOC02351,C,AISLE-31,RACK-20,SHELF-02,BIN-02351,350
LOC02352,C,AISLE-32,RACK-05,SHELF-03,BIN-02352,250
LOC02353,C,AISLE-33,RACK-12,SHELF-01,BIN-02353,250
LOC02354,C,AISLE-34,RACK-16,SHELF-03,BIN-02354,250
LOC02355,C,AISLE-35,RACK-03,SHELF-01,BIN-02355,175
LOC02356,C,AISLE-36,RACK-05,SHELF-03,BIN-02356,175
LOC02357,C,AISLE-37,RACK-13,SHELF-04,BIN-02357,400
LOC02358,C,AISLE-38,RACK-03,SHELF-01,BIN-02358,350
LOC02359,C,AISLE-39,RACK-09,SHELF-02,BIN-02359,150
LOC02360,C,AISLE-40,RACK-11,SHELF-02,BIN-02360,175
LOC02361,C,AISLE-01,RACK-13,SHELF-03,BIN-02361,300
LOC02362,C,AISLE-02,RACK-16,SHELF-04,BIN-02362,400
LOC02363,C,AISLE-03,RACK-14,SHELF-05,BIN-02363,300
LOC02364,C,AISLE-04,RACK-05,SHELF-02,BIN-02364,350
LOC02365,C,AISLE-05,RACK-14,SHELF-05,BIN-02365,400
LOC02366,C,AISLE-06,RACK-18,SHELF-05,BIN-02366,400
LOC02367,C,AISLE-07,RACK-18,SHELF-05,BIN-02367,200
LOC02368,C,AISLE-08,RACK-13,SHELF-01,BIN-02368,350
LOC02369,C,AISLE-09,RACK-17,SHELF-05,BIN-02369,200
LOC02370,C,AISLE-10,RACK-03,SHELF-02,BIN-02370,300
LOC02371,C,AISLE-11,RACK-01,SHELF-02,BIN-02371,100
LOC02372,C,AISLE-12,RACK-12,SHELF-05,BIN-02372,400
LOC02373,C,AISLE-13,RACK-05,SHELF-01,BIN-02373,100
LOC02374,C,AISLE-14,RACK-12,SHELF-03,BIN-02374,175
LOC02375,C,AISLE-15,RACK-10,SHELF-04,BIN-02375,175
LOC02376,C,AISLE-16,RACK-18,SHELF-04,BIN-02376,200
LOC02377,C,AISLE-17,RACK-07,SHELF-02,BIN-02377,100
LOC02378,C,AISLE-18,RACK-05,SHELF-01,BIN-02378,175
LOC02379,C,AISLE-19,RACK-13,SHELF-01,BIN-02379,350
LOC02380,C,AISLE-20,RACK-12,SHELF-01,BIN-02380,150
LOC02381,C,AISLE-21,RACK-19,SHELF-01,BIN-02381,400
LOC02382,C,AISLE-22,RACK-20,SHELF-02,BIN-02382,100
LOC02383,C,AISLE-23,RACK-05,SHELF-03,BIN-02383,175
LOC02384,C,AISLE-24,RACK-03,SHELF-02,BIN-02384,150
LOC02385,C,AISLE-25,RACK-01,SHELF-05,BIN-02385,350
LOC02386,C,AISLE-26,RACK-05,SHELF-02,BIN-02386,400
LOC02387,C,AISLE-27,RACK-05,SHELF-05,BIN-02387,250
LOC02388,C,AISLE-28,RACK-16,SHELF-04,BIN-02388,300
LOC02389,C,AISLE-29,RACK-15,SHELF-01,BIN-02389,250
LOC02390,C,AISLE-30,RACK-04,SHELF-02,BIN-02390,100
LOC02391,C,AISLE-31,RACK-02,SHELF-05,BIN-02391,175
LOC02392,C,AISLE-32,RACK-17,SHELF-02,BIN-02392,100
LOC02393,C,AISLE-33,RACK-13,SHELF-04,BIN-02393,400
LOC02394,C,AISLE-34,RACK-18,SHELF-03,BIN-02394,250
LOC02395,C,AISLE-35,RACK-08,SHELF-04,BIN-02395,175
LOC02396,C,AISLE-36,RACK-09,SHELF-01,BIN-02396,350
LOC02397,C,AISLE-37,RACK-05,SHELF-02,BIN-02397,350
LOC02398,C,AISLE-38,RACK-20,SHELF-01,BIN-02398,200
LOC02399,C,AISLE-39,RACK-13,SHELF-02,BIN-02399,150
LOC02400,C,AISLE-40,RACK-15,SHELF-04,BIN-02400,300
LOC02401,C,AISLE-01,RACK-13,SHELF-04,BIN-02401,175
LOC02402,C,AISLE-02,RACK-02,SHELF-03,BIN-02402,350
LOC02403,C,AISLE-03,RACK-07,SHELF-03,BIN-02403,150
LOC02404,C,AISLE-04,RACK-04,SHELF-01,BIN-02404,300
LOC02405,C,AISLE-05,RACK-20,SHELF-03,BIN-02405,100
LOC02406,C,AISLE-06,RACK-08,SHELF-03,BIN-02406,175
LOC02407,C,AISLE-07,RACK-18,SHELF-01,BIN-02407,150
LOC02408,C,AISLE-08,RACK-07,SHELF-05,BIN-02408,100
LOC02409,C,AISLE-09,RACK-10,SHELF-02,BIN-02409,200
LOC02410,C,AISLE-10,RACK-02,SHELF-02,BIN-02410,250
LOC02411,C,AISLE-11,RACK-03,SHELF-05,BIN-02411,100
LOC02412,C,AISLE-12,RACK-19,SHELF-04,BIN-02412,100
LOC02413,C,AISLE-13,RACK-02,SHELF-03,BIN-02413,150
LOC02414,C,AISLE-14,RACK-10,SHELF-01,BIN-02414,300
LOC02415,C,AISLE-15,RACK-10,SHELF-04,BIN-02415,200
LOC02416,C,AISLE-16,RACK-11,SHELF-04,BIN-02416,300
LOC02417,C,AISLE-17,RACK-05,SHELF-01,BIN-02417,300
LOC02418,C,AISLE-18,RACK-14,SHELF-05,BIN-02418,150
LOC02419,C,AISLE-19,RACK-17,SHELF-02,BIN-02419,100
LOC02420,C,AISLE-20,RACK-19,SHELF-04,BIN-02420,400
LOC02421,C,AISLE-21,RACK-19,SHELF-01,BIN-02421,250
LOC02422,C,AISLE-22,RACK-06,SHELF-02,BIN-02422,400
LOC02423,C,AISLE-23,RACK-03,SHELF-01,BIN-02423,200
LOC02424,C,AISLE-24,RACK-07,SHELF-02,BIN-02424,175
LOC02425,C,AISLE-25,RACK-17,SHELF-05,BIN-02425,300
LOC02426,C,AISLE-26,RACK-15,SHELF-02,BIN-02426,300
LOC02427,C,AISLE-27,RACK-10,SHELF-03,BIN-02427,350
LOC02428,C,AISLE-28,RACK-02,SHELF-04,BIN-02428,200
LOC02429,C,AISLE-29,RACK-07,SHELF-05,BIN-02429,150
LOC02430,C,AISLE-30,RACK-05,SHELF-05,BIN-02430,400
LOC02431,C,AISLE-31,RACK-04,SHELF-01,BIN-02431,175
LOC02432,C,AISLE-32,RACK-10,SHELF-05,BIN-02432,150
LOC02433,C,AISLE-33,RACK-16,SHELF-01,BIN-02433,400
LOC02434,C,AISLE-34,RACK-11,SHELF-02,BIN-02434,250
LOC02435,C,AISLE-35,RACK-06,SHELF-01,BIN-02435,250
LOC02436,C,AISLE-36,RACK-19,SHELF-03,BIN-02436,300
LOC02437,C,AISLE-37,RACK-03,SHELF-01,BIN-02437,175
LOC02438,C,AISLE-38,RACK-15,SHELF-03,BIN-02438,400
LOC02439,C,AISLE-39,RACK-09,SHELF-04,BIN-02439,175
LOC02440,C,AISLE-40,RACK-04,SHELF-05,BIN-02440,400
LOC02441,C,AISLE-01,RACK-02,SHELF-03,BIN-02441,250
LOC02442,C,AISLE-02,RACK-13,SHELF-04,BIN-02442,175
LOC02443,C,AISLE-03,RACK-15,SHELF-03,BIN-02443,300
LOC02444,C,AISLE-04,RACK-12,SHELF-01,BIN-02444,350
LOC02445,C,AISLE-05,RACK-17,SHELF-04,BIN-02445,250
LOC02446,C,AISLE-06,RACK-02,SHELF-05,BIN-02446,100
LOC02447,C,AISLE-07,RACK-08,SHELF-05,BIN-02447,100
LOC02448,C,AISLE-08,RACK-05,SHELF-01,BIN-02448,250
LOC02449,C,AISLE-09,RACK-13,SHELF-02,BIN-02449,350
LOC02450,C,AISLE-10,RACK-03,SHELF-02,BIN-02450,350
LOC02451,C,AISLE-11,RACK-15,SHELF-01,BIN-02451,300
LOC02452,C,AISLE-12,RACK-15,SHELF-04,BIN-02452,400
LOC02453,C,AISLE-13,RACK-04,SHELF-01,BIN-02453,175
LOC02454,C,AISLE-14,RACK-04,SHELF-04,BIN-02454,350
LOC02455,C,AISLE-15,RACK-07,SHELF-04,BIN-02455,300
LOC02456,C,AISLE-16,RACK-03,SHELF-03,BIN-02456,300
LOC02457,C,AISLE-17,RACK-20,SHELF-04,BIN-02457,200
LOC02458,C,AISLE-18,RACK-16,SHELF-01,BIN-02458,250
LOC02459,C,AISLE-19,RACK-15,SHELF-01,BIN-02459,175
LOC02460,C,AISLE-20,RACK-16,SHELF-02,BIN-02460,200
LOC02461,C,AISLE-21,RACK-11,SHELF-05,BIN-02461,100
LOC02462,C,AISLE-22,RACK-20,SHELF-04,BIN-02462,100
LOC02463,C,AISLE-23,RACK-12,SHELF-04,BIN-02463,400
LOC02464,C,AISLE-24,RACK-07,SHELF-01,BIN-02464,200
LOC02465,C,AISLE-25,RACK-01,SHELF-04,BIN-02465,250
LOC02466,C,AISLE-26,RACK-09,SHELF-02,BIN-02466,150
LOC02467,C,AISLE-27,RACK-05,SHELF-01,BIN-02467,250
LOC02468,C,AISLE-28,RACK-13,SHELF-01,BIN-02468,250
LOC02469,C,AISLE-29,RACK-15,SHELF-04,BIN-02469,200
LOC02470,C,AISLE-30,RACK-09,SHELF-02,BIN-02470,100
LOC02471,C,AISLE-31,RACK-03,SHELF-04,BIN-02471,300
LOC02472,C,AISLE-32,RACK-10,SHELF-02,BIN-02472,200
LOC02473,C,AISLE-33,RACK-12,SHELF-04,BIN-02473,400
LOC02474,C,AISLE-34,RACK-16,SHELF-05,BIN-02474,175
LOC02475,C,AISLE-35,RACK-14,SHELF-03,BIN-02475,350
LOC02476,C,AISLE-36,RACK-01,SHELF-05,BIN-02476,200
LOC02477,C,AISLE-37,RACK-03,SHELF-05,BIN-02477,175
LOC02478,C,AISLE-38,RACK-11,SHELF-03,BIN-02478,100
LOC02479,C,AISLE-39,RACK-05,SHELF-04,BIN-02479,175
LOC02480,C,AISLE-40,RACK-16,SHELF-03,BIN-02480,150
LOC02481,C,AISLE-01,RACK-14,SHELF-03,BIN-02481,100
LOC02482,C,AISLE-02,RACK-15,SHELF-02,BIN-02482,400
LOC02483,C,AISLE-03,RACK-19,SHELF-01,BIN-02483,100
LOC02484,C,AISLE-04,RACK-07,SHELF-02,BIN-02484,350
LOC02485,C,AISLE-05,RACK-18,SHELF-02,BIN-02485,350
LOC02486,C,AISLE-06,RACK-07,SHELF-03,BIN-02486,200
LOC02487,C,AISLE-07,RACK-07,SHELF-05,BIN-02487,100
LOC02488,C,AISLE-08,RACK-12,SHELF-03,BIN-02488,100
LOC02489,C,AISLE-09,RACK-10,SHELF-03,BIN-02489,150
LOC02490,C,AISLE-10,RACK-16,SHELF-04,BIN-02490,350
LOC02491,C,AISLE-11,RACK-14,SHELF-03,BIN-02491,300
LOC02492,C,AISLE-12,RACK-18,SHELF-04,BIN-02492,300
LOC02493,C,AISLE-13,RACK-04,SHELF-02,BIN-02493,400
LOC02494,C,AISLE-14,RACK-14,SHELF-03,BIN-02494,175
LOC02495,C,AISLE-15,RACK-18,SHELF-05,BIN-02495,175
LOC02496,C,AISLE-16,RACK-18,SHELF-04,BIN-02496,350
LOC02497,C,AISLE-17,RACK-10,SHELF-04,BIN-02497,250
LOC02498,C,AISLE-18,RACK-20,SHELF-01,BIN-02498,150
LOC02499,C,AISLE-19,RACK-04,SHELF-01,BIN-02499,100
LOC02500,C,AISLE-20,RACK-20,SHELF-04,BIN-02500,150
LOC02501,C,AISLE-21,RACK-16,SHELF-05,BIN-02501,150
LOC02502,C,AISLE-22,RACK-15,SHELF-05,BIN-02502,100
LOC02503,D,AISLE-23,RACK-10,SHELF-04,BIN-02503,200
LOC02504,D,AISLE-24,RACK-08,SHELF-04,BIN-02504,350
LOC02505,D,AISLE-25,RACK-04,SHELF-02,BIN-02505,400
LOC02506,D,AISLE-26,RACK-04,SHELF-03,BIN-02506,400
LOC02507,D,AISLE-27,RACK-14,SHELF-04,BIN-02507,100
LOC02508,D,AISLE-28,RACK-12,SHELF-02,BIN-02508,250
LOC02509,D,AISLE-29,RACK-09,SHELF-03,BIN-02509,250
LOC02510,D,AISLE-30,RACK-14,SHELF-02,BIN-02510,100
LOC02511,D,AISLE-31,RACK-14,SHELF-01,BIN-02511,100
LOC02512,D,AISLE-32,RACK-01,SHELF-02,BIN-02512,300
LOC02513,D,AISLE-33,RACK-17,SHELF-05,BIN-02513,300
LOC02514,D,AISLE-34,RACK-11,SHELF-02,BIN-02514,350
LOC02515,D,AISLE-35,RACK-08,SHELF-05,BIN-02515,350
LOC02516,D,AISLE-36,RACK-07,SHELF-05,BIN-02516,350
LOC02517,D,AISLE-37,RACK-02,SHELF-05,BIN-02517,350
LOC02518,D,AISLE-38,RACK-05,SHELF-04,BIN-02518,175
LOC02519,D,AISLE-39,RACK-13,SHELF-03,BIN-02519,175
LOC02520,D,AISLE-40,RACK-14,SHELF-02,BIN-02520,150
LOC02521,D,AISLE-01,RACK-05,SHELF-05,BIN-02521,150
LOC02522,D,AISLE-02,RACK-19,SHELF-04,BIN-02522,250
LOC02523,D,AISLE-03,RACK-18,SHELF-02,BIN-02523,300
LOC02524,D,AISLE-04,RACK-07,SHELF-01,BIN-02524,150
LOC02525,D,AISLE-05,RACK-01,SHELF-04,BIN-02525,100
LOC02526,D,AISLE-06,RACK-19,SHELF-02,BIN-02526,100
LOC02527,D,AISLE-07,RACK-20,SHELF-05,BIN-02527,150
LOC02528,D,AISLE-08,RACK-19,SHELF-04,BIN-02528,100
LOC02529,D,AISLE-09,RACK-05,SHELF-04,BIN-02529,300
LOC02530,D,AISLE-10,RACK-06,SHELF-02,BIN-02530,200
LOC02531,D,AISLE-11,RACK-10,SHELF-02,BIN-02531,200
LOC02532,D,AISLE-12,RACK-13,SHELF-03,BIN-02532,100
LOC02533,D,AISLE-13,RACK-09,SHELF-01,BIN-02533,175
LOC02534,D,AISLE-14,RACK-01,SHELF-05,BIN-02534,150
LOC02535,D,AISLE-15,RACK-04,SHELF-04,BIN-02535,150
LOC02536,D,AISLE-16,RACK-04,SHELF-02,BIN-02536,250
LOC02537,D,AISLE-17,RACK-09,SHELF-02,BIN-02537,150
LOC02538,D,AISLE-18,RACK-03,SHELF-04,BIN-02538,300
LOC02539,D,AISLE-19,RACK-07,SHELF-04,BIN-02539,150
LOC02540,D,AISLE-20,RACK-16,SHELF-01,BIN-02540,350
LOC02541,D,AISLE-21,RACK-03,SHELF-04,BIN-02541,150
LOC02542,D,AISLE-22,RACK-07,SHELF-04,BIN-02542,350
LOC02543,D,AISLE-23,RACK-11,SHELF-04,BIN-02543,175
LOC02544,D,AISLE-24,RACK-06,SHELF-03,BIN-02544,100
LOC02545,D,AISLE-25,RACK-06,SHELF-05,BIN-02545,100
LOC02546,D,AISLE-26,RACK-04,SHELF-03,BIN-02546,300
LOC02547,D,AISLE-27,RACK-16,SHELF-05,BIN-02547,100
LOC02548,D,AISLE-28,RACK-06,SHELF-05,BIN-02548,250
LOC02549,D,AISLE-29,RACK-04,SHELF-02,BIN-02549,100
LOC02550,D,AISLE-30,RACK-18,SHELF-01,BIN-02550,175
LOC02551,D,AISLE-31,RACK-07,SHELF-03,BIN-02551,150
LOC02552,D,AISLE-32,RACK-07,SHELF-01,BIN-02552,300
LOC02553,D,AISLE-33,RACK-05,SHELF-02,BIN-02553,150
LOC02554,D,AISLE-34,RACK-05,SHELF-03,BIN-02554,250
LOC02555,D,AISLE-35,RACK-16,SHELF-02,BIN-02555,150
LOC02556,D,AISLE-36,RACK-12,SHELF-05,BIN-02556,250
LOC02557,D,AISLE-37,RACK-15,SHELF-04,BIN-02557,350
LOC02558,D,AISLE-38,RACK-17,SHELF-04,BIN-02558,200
LOC02559,D,AISLE-39,RACK-09,SHELF-02,BIN-02559,200
LOC02560,D,AISLE-40,RACK-09,SHELF-04,BIN-02560,150
LOC02561,D,AISLE-01,RACK-19,SHELF-05,BIN-02561,250
LOC02562,D,AISLE-02,RACK-06,SHELF-02,BIN-02562,400
LOC02563,D,AISLE-03,RACK-14,SHELF-04,BIN-02563,350
LOC02564,D,AISLE-04,RACK-20,SHELF-03,BIN-02564,300
LOC02565,D,AISLE-05,RACK-20,SHELF-01,BIN-02565,350
LOC02566,D,AISLE-06,RACK-14,SHELF-02,BIN-02566,300
LOC02567,D,AISLE-07,RACK-12,SHELF-01,BIN-02567,400
LOC02568,D,AISLE-08,RACK-06,SHELF-01,BIN-02568,250
LOC02569,D,AISLE-09,RACK-19,SHELF-04,BIN-02569,250
LOC02570,D,AISLE-10,RACK-20,SHELF-05,BIN-02570,300
LOC02571,D,AISLE-11,RACK-13,SHELF-01,BIN-02571,150
LOC02572,D,AISLE-12,RACK-06,SHELF-03,BIN-02572,350
LOC02573,D,AISLE-13,RACK-06,SHELF-03,BIN-02573,200
LOC02574,D,AISLE-14,RACK-03,SHELF-02,BIN-02574,300
LOC02575,D,AISLE-15,RACK-12,SHELF-02,BIN-02575,300
LOC02576,D,AISLE-16,RACK-04,SHELF-01,BIN-02576,300
LOC02577,D,AISLE-17,RACK-01,SHELF-03,BIN-02577,200
LOC02578,D,AISLE-18,RACK-15,SHELF-05,BIN-02578,300
LOC02579,D,AISLE-19,RACK-08,SHELF-05,BIN-02579,150
LOC02580,D,AISLE-20,RACK-13,SHELF-03,BIN-02580,200
LOC02581,D,AISLE-21,RACK-17,SHELF-02,BIN-02581,150
LOC02582,D,AISLE-22,RACK-18,SHELF-03,BIN-02582,150
LOC02583,D,AISLE-23,RACK-19,SHELF-04,BIN-02583,350
LOC02584,D,AISLE-24,RACK-11,SHELF-03,BIN-02584,200
LOC02585,D,AISLE-25,RACK-07,SHELF-01,BIN-02585,400
LOC02586,D,AISLE-26,RACK-16,SHELF-01,BIN-02586,250
LOC02587,D,AISLE-27,RACK-14,SHELF-01,BIN-02587,150
LOC02588,D,AISLE-28,RACK-15,SHELF-02,BIN-02588,300
LOC02589,D,AISLE-29,RACK-19,SHELF-04,BIN-02589,200
LOC02590,D,AISLE-30,RACK-19,SHELF-01,BIN-02590,250
LOC02591,D,AISLE-31,RACK-01,SHELF-05,BIN-02591,100
LOC02592,D,AISLE-32,RACK-15,SHELF-03,BIN-02592,175
LOC02593,D,AISLE-33,RACK-13,SHELF-01,BIN-02593,100
LOC02594,D,AISLE-34,RACK-11,SHELF-01,BIN-02594,150
LOC02595,D,AISLE-35,RACK-16,SHELF-01,BIN-02595,350
LOC02596,D,AISLE-36,RACK-10,SHELF-03,BIN-02596,300
LOC02597,D,AISLE-37,RACK-12,SHELF-04,BIN-02597,150
LOC02598,D,AISLE-38,RACK-18,SHELF-03,BIN-02598,400
LOC02599,D,AISLE-39,RACK-20,SHELF-01,BIN-02599,350
LOC02600,D,AISLE-40,RACK-10,SHELF-04,BIN-02600,400
LOC02601,D,AISLE-01,RACK-04,SHELF-03,BIN-02601,150
LOC02602,D,AISLE-02,RACK-01,SHELF-02,BIN-02602,100
LOC02603,D,AISLE-03,RACK-01,SHELF-02,BIN-02603,150
LOC02604,D,AISLE-04,RACK-11,SHELF-04,BIN-02604,200
LOC02605,D,AISLE-05,RACK-06,SHELF-01,BIN-02605,200
LOC02606,D,AISLE-06,RACK-12,SHELF-05,BIN-02606,100
LOC02607,D,AISLE-07,RACK-02,SHELF-03,BIN-02607,100
LOC02608,D,AISLE-08,RACK-04,SHELF-01,BIN-02608,250
LOC02609,D,AISLE-09,RACK-03,SHELF-03,BIN-02609,300
LOC02610,D,AISLE-10,RACK-20,SHELF-04,BIN-02610,250
LOC02611,D,AISLE-11,RACK-06,SHELF-02,BIN-02611,400
LOC02612,D,AISLE-12,RACK-04,SHELF-02,BIN-02612,300
LOC02613,D,AISLE-13,RACK-05,SHELF-05,BIN-02613,350
LOC02614,D,AISLE-14,RACK-15,SHELF-01,BIN-02614,200
LOC02615,D,AISLE-15,RACK-19,SHELF-04,BIN-02615,400
LOC02616,D,AISLE-16,RACK-09,SHELF-03,BIN-02616,400
LOC02617,D,AISLE-17,RACK-08,SHELF-01,BIN-02617,250
LOC02618,D,AISLE-18,RACK-10,SHELF-01,BIN-02618,300
LOC02619,D,AISLE-19,RACK-18,SHELF-02,BIN-02619,200
LOC02620,D,AISLE-20,RACK-03,SHELF-01,BIN-02620,400
LOC02621,D,AISLE-21,RACK-02,SHELF-02,BIN-02621,100
LOC02622,D,AISLE-22,RACK-07,SHELF-04,BIN-02622,350
LOC02623,D,AISLE-23,RACK-07,SHELF-04,BIN-02623,150
LOC02624,D,AISLE-24,RACK-11,SHELF-02,BIN-02624,300
LOC02625,D,AISLE-25,RACK-10,SHELF-04,BIN-02625,175
LOC02626,D,AISLE-26,RACK-17,SHELF-01,BIN-02626,175
LOC02627,D,AISLE-27,RACK-08,SHELF-03,BIN-02627,350
LOC02628,D,AISLE-28,RACK-15,SHELF-05,BIN-02628,200
LOC02629,D,AISLE-29,RACK-13,SHELF-02,BIN-02629,150
LOC02630,D,AISLE-30,RACK-09,SHELF-04,BIN-02630,175
LOC02631,D,AISLE-31,RACK-10,SHELF-05,BIN-02631,150
LOC02632,D,AISLE-32,RACK-05,SHELF-04,BIN-02632,150
LOC02633,D,AISLE-33,RACK-04,SHELF-02,BIN-02633,100
LOC02634,D,AISLE-34,RACK-15,SHELF-02,BIN-02634,250
LOC02635,D,AISLE-35,RACK-01,SHELF-04,BIN-02635,400
LOC02636,D,AISLE-36,RACK-12,SHELF-03,BIN-02636,150
LOC02637,D,AISLE-37,RACK-18,SHELF-01,BIN-02637,300
LOC02638,D,AISLE-38,RACK-14,SHELF-02,BIN-02638,175
LOC02639,D,AISLE-39,RACK-13,SHELF-05,BIN-02639,350
LOC02640,D,AISLE-40,RACK-17,SHELF-03,BIN-02640,100
LOC02641,D,AISLE-01,RACK-15,SHELF-03,BIN-02641,300
LOC02642,D,AISLE-02,RACK-04,SHELF-01,BIN-02642,350
LOC02643,D,AISLE-03,RACK-14,SHELF-02,BIN-02643,250
LOC02644,D,AISLE-04,RACK-07,SHELF-04,BIN-02644,175
LOC02645,D,AISLE-05,RACK-20,SHELF-03,BIN-02645,400
LOC02646,D,AISLE-06,RACK-17,SHELF-04,BIN-02646,150
LOC02647,D,AISLE-07,RACK-02,SHELF-02,BIN-02647,150
LOC02648,D,AISLE-08,RACK-08,SHELF-01,BIN-02648,100
LOC02649,D,AISLE-09,RACK-02,SHELF-05,BIN-02649,250
LOC02650,D,AISLE-10,RACK-08,SHELF-01,BIN-02650,150
LOC02651,D,AISLE-11,RACK-09,SHELF-02,BIN-02651,350
LOC02652,D,AISLE-12,RACK-13,SHELF-04,BIN-02652,150
LOC02653,D,AISLE-13,RACK-08,SHELF-03,BIN-02653,400
LOC02654,D,AISLE-14,RACK-07,SHELF-02,BIN-02654,200
LOC02655,D,AISLE-15,RACK-12,SHELF-03,BIN-02655,250
LOC02656,D,AISLE-16,RACK-01,SHELF-01,BIN-02656,175
LOC02657,D,AISLE-17,RACK-17,SHELF-05,BIN-02657,400
LOC02658,D,AISLE-18,RACK-10,SHELF-02,BIN-02658,175
LOC02659,D,AISLE-19,RACK-11,SHELF-01,BIN-02659,175
LOC02660,D,AISLE-20,RACK-06,SHELF-03,BIN-02660,400
LOC02661,D,AISLE-21,RACK-05,SHELF-01,BIN-02661,400
LOC02662,D,AISLE-22,RACK-14,SHELF-03,BIN-02662,100
LOC02663,D,AISLE-23,RACK-06,SHELF-03,BIN-02663,150
LOC02664,D,AISLE-24,RACK-06,SHELF-01,BIN-02664,300
LOC02665,D,AISLE-25,RACK-16,SHELF-05,BIN-02665,100
LOC02666,D,AISLE-26,RACK-16,SHELF-02,BIN-02666,400
LOC02667,D,AISLE-27,RACK-04,SHELF-01,BIN-02667,100
LOC02668,D,AISLE-28,RACK-19,SHELF-03,BIN-02668,200
LOC02669,D,AISLE-29,RACK-17,SHELF-05,BIN-02669,175
LOC02670,D,AISLE-30,RACK-05,SHELF-01,BIN-02670,150
LOC02671,D,AISLE-31,RACK-10,SHELF-03,BIN-02671,400
LOC02672,D,AISLE-32,RACK-16,SHELF-03,BIN-02672,250
LOC02673,D,AISLE-33,RACK-16,SHELF-03,BIN-02673,300
LOC02674,D,AISLE-34,RACK-15,SHELF-01,BIN-02674,300
LOC02675,D,AISLE-35,RACK-10,SHELF-03,BIN-02675,400
LOC02676,D,AISLE-36,RACK-04,SHELF-03,BIN-02676,100
LOC02677,D,AISLE-37,RACK-05,SHELF-04,BIN-02677,200
LOC02678,D,AISLE-38,RACK-05,SHELF-03,BIN-02678,400
LOC02679,D,AISLE-39,RACK-01,SHELF-02,BIN-02679,350
LOC02680,D,AISLE-40,RACK-12,SHELF-02,BIN-02680,150
LOC02681,D,AISLE-01,RACK-07,SHELF-04,BIN-02681,150
LOC02682,D,AISLE-02,RACK-09,SHELF-05,BIN-02682,400
LOC02683,D,AISLE-03,RACK-17,SHELF-02,BIN-02683,250
LOC02684,D,AISLE-04,RACK-12,SHELF-03,BIN-02684,350
LOC02685,D,AISLE-05,RACK-19,SHELF-04,BIN-02685,250
LOC02686,D,AISLE-06,RACK-10,SHELF-02,BIN-02686,100
LOC02687,D,AISLE-07,RACK-19,SHELF-05,BIN-02687,300
LOC02688,D,AISLE-08,RACK-20,SHELF-01,BIN-02688,350
LOC02689,D,AISLE-09,RACK-15,SHELF-05,BIN-02689,300
LOC02690,D,AISLE-10,RACK-10,SHELF-01,BIN-02690,100
LOC02691,D,AISLE-11,RACK-16,SHELF-02,BIN-02691,400
LOC02692,D,AISLE-12,RACK-05,SHELF-05,BIN-02692,250
LOC02693,D,AISLE-13,RACK-20,SHELF-05,BIN-02693,175
LOC02694,D,AISLE-14,RACK-10,SHELF-04,BIN-02694,250
LOC02695,D,AISLE-15,RACK-03,SHELF-03,BIN-02695,100
LOC02696,D,AISLE-16,RACK-15,SHELF-01,BIN-02696,200
LOC02697,D,AISLE-17,RACK-10,SHELF-05,BIN-02697,150
LOC02698,D,AISLE-18,RACK-02,SHELF-04,BIN-02698,250
LOC02699,D,AISLE-19,RACK-01,SHELF-04,BIN-02699,300
LOC02700,D,AISLE-20,RACK-01,SHELF-01,BIN-02700,250
LOC02701,D,AISLE-21,RACK-05,SHELF-03,BIN-02701,250
LOC02702,D,AISLE-22,RACK-17,SHELF-05,BIN-02702,175
LOC02703,D,AISLE-23,RACK-03,SHELF-03,BIN-02703,175
LOC02704,D,AISLE-24,RACK-07,SHELF-04,BIN-02704,150
LOC02705,D,AISLE-25,RACK-10,SHELF-02,BIN-02705,100
LOC02706,D,AISLE-26,RACK-16,SHELF-03,BIN-02706,200
LOC02707,D,AISLE-27,RACK-13,SHELF-04,BIN-02707,350
LOC02708,D,AISLE-28,RACK-04,SHELF-03,BIN-02708,250
LOC02709,D,AISLE-29,RACK-20,SHELF-03,BIN-02709,175
LOC02710,D,AISLE-30,RACK-19,SHELF-04,BIN-02710,300
LOC02711,D,AISLE-31,RACK-19,SHELF-02,BIN-02711,200
LOC02712,D,AISLE-32,RACK-09,SHELF-02,BIN-02712,350
LOC02713,D,AISLE-33,RACK-18,SHELF-02,BIN-02713,250
LOC02714,D,AISLE-34,RACK-10,SHELF-01,BIN-02714,250
LOC02715,D,AISLE-35,RACK-19,SHELF-04,BIN-02715,175
LOC02716,D,AISLE-36,RACK-13,SHELF-04,BIN-02716,150
LOC02717,D,AISLE-37,RACK-05,SHELF-05,BIN-02717,400
LOC02718,D,AISLE-38,RACK-11,SHELF-05,BIN-02718,300
LOC02719,D,AISLE-39,RACK-15,SHELF-03,BIN-02719,350
LOC02720,D,AISLE-40,RACK-15,SHELF-04,BIN-02720,350
LOC02721,D,AISLE-01,RACK-15,SHELF-01,BIN-02721,100
LOC02722,D,AISLE-02,RACK-14,SHELF-01,BIN-02722,175
LOC02723,D,AISLE-03,RACK-20,SHELF-03,BIN-02723,200
LOC02724,D,AISLE-04,RACK-19,SHELF-05,BIN-02724,300
LOC02725,D,AISLE-05,RACK-05,SHELF-05,BIN-02725,250
LOC02726,D,AISLE-06,RACK-02,SHELF-04,BIN-02726,175
LOC02727,D,AISLE-07,RACK-13,SHELF-01,BIN-02727,400
LOC02728,D,AISLE-08,RACK-17,SHELF-04,BIN-02728,100
LOC02729,D,AISLE-09,RACK-03,SHELF-01,BIN-02729,250
LOC02730,D,AISLE-10,RACK-04,SHELF-03,BIN-02730,150
LOC02731,D,AISLE-11,RACK-10,SHELF-05,BIN-02731,400
LOC02732,D,AISLE-12,RACK-11,SHELF-01,BIN-02732,150
LOC02733,D,AISLE-13,RACK-19,SHELF-05,BIN-02733,100
LOC02734,D,AISLE-14,RACK-07,SHELF-05,BIN-02734,175
LOC02735,D,AISLE-15,RACK-18,SHELF-04,BIN-02735,175
LOC02736,D,AISLE-16,RACK-08,SHELF-02,BIN-02736,250
LOC02737,D,AISLE-17,RACK-10,SHELF-01,BIN-02737,400
LOC02738,D,AISLE-18,RACK-20,SHELF-02,BIN-02738,150
LOC02739,D,AISLE-19,RACK-03,SHELF-01,BIN-02739,175
LOC02740,D,AISLE-20,RACK-20,SHELF-01,BIN-02740,150
LOC02741,D,AISLE-21,RACK-08,SHELF-02,BIN-02741,150
LOC02742,D,AISLE-22,RACK-16,SHELF-01,BIN-02742,400
LOC02743,D,AISLE-23,RACK-13,SHELF-01,BIN-02743,150
LOC02744,D,AISLE-24,RACK-10,SHELF-04,BIN-02744,400
LOC02745,D,AISLE-25,RACK-06,SHELF-02,BIN-02745,250
LOC02746,D,AISLE-26,RACK-20,SHELF-04,BIN-02746,150
LOC02747,D,AISLE-27,RACK-14,SHELF-02,BIN-02747,100
LOC02748,D,AISLE-28,RACK-06,SHELF-02,BIN-02748,200
LOC02749,D,AISLE-29,RACK-06,SHELF-05,BIN-02749,200
LOC02750,D,AISLE-30,RACK-16,SHELF-04,BIN-02750,250
LOC02751,D,AISLE-31,RACK-10,SHELF-01,BIN-02751,400
LOC02752,D,AISLE-32,RACK-12,SHELF-03,BIN-02752,350
LOC02753,D,AISLE-33,RACK-13,SHELF-01,BIN-02753,400
LOC02754,D,AISLE-34,RACK-14,SHELF-04,BIN-02754,175
LOC02755,D,AISLE-35,RACK-01,SHELF-03,BIN-02755,400
LOC02756,D,AISLE-36,RACK-04,SHELF-05,BIN-02756,350
LOC02757,D,AISLE-37,RACK-01,SHELF-05,BIN-02757,250
LOC02758,D,AISLE-38,RACK-02,SHELF-05,BIN-02758,400
LOC02759,D,AISLE-39,RACK-02,SHELF-03,BIN-02759,175
LOC02760,D,AISLE-40,RACK-15,SHELF-04,BIN-02760,250
LOC02761,D,AISLE-01,RACK-01,SHELF-02,BIN-02761,300
LOC02762,D,AISLE-02,RACK-17,SHELF-05,BIN-02762,200
LOC02763,D,AISLE-03,RACK-12,SHELF-05,BIN-02763,350
LOC02764,D,AISLE-04,RACK-17,SHELF-01,BIN-02764,175
LOC02765,D,AISLE-05,RACK-05,SHELF-03,BIN-02765,300
LOC02766,D,AISLE-06,RACK-15,SHELF-02,BIN-02766,250
LOC02767,D,AISLE-07,RACK-10,SHELF-04,BIN-02767,150
LOC02768,D,AISLE-08,RACK-16,SHELF-04,BIN-02768,400
LOC02769,D,AISLE-09,RACK-20,SHELF-02,BIN-02769,250
LOC02770,D,AISLE-10,RACK-05,SHELF-03,BIN-02770,300
LOC02771,D,AISLE-11,RACK-19,SHELF-05,BIN-02771,350
LOC02772,D,AISLE-12,RACK-03,SHELF-01,BIN-02772,100
LOC02773,D,AISLE-13,RACK-06,SHELF-02,BIN-02773,150
LOC02774,D,AISLE-14,RACK-04,SHELF-04,BIN-02774,400
LOC02775,D,AISLE-15,RACK-11,SHELF-02,BIN-02775,200
LOC02776,D,AISLE-16,RACK-04,SHELF-02,BIN-02776,350
LOC02777,D,AISLE-17,RACK-14,SHELF-01,BIN-02777,100
LOC02778,D,AISLE-18,RACK-20,SHELF-03,BIN-02778,150
LOC02779,D,AISLE-19,RACK-02,SHELF-01,BIN-02779,400
LOC02780,D,AISLE-20,RACK-12,SHELF-05,BIN-02780,100
LOC02781,D,AISLE-21,RACK-06,SHELF-03,BIN-02781,150
LOC02782,D,AISLE-22,RACK-15,SHELF-04,BIN-02782,175
LOC02783,D,AISLE-23,RACK-19,SHELF-05,BIN-02783,200
LOC02784,D,AISLE-24,RACK-07,SHELF-03,BIN-02784,400
LOC02785,D,AISLE-25,RACK-15,SHELF-03,BIN-02785,200
LOC02786,D,AISLE-26,RACK-07,SHELF-02,BIN-02786,350
LOC02787,D,AISLE-27,RACK-17,SHELF-02,BIN-02787,150
LOC02788,D,AISLE-28,RACK-19,SHELF-01,BIN-02788,150
LOC02789,D,AISLE-29,RACK-07,SHELF-01,BIN-02789,175
LOC02790,D,AISLE-30,RACK-01,SHELF-03,BIN-02790,350
LOC02791,D,AISLE-31,RACK-19,SHELF-05,BIN-02791,150
LOC02792,D,AISLE-32,RACK-11,SHELF-02,BIN-02792,400
LOC02793,D,AISLE-33,RACK-07,SHELF-02,BIN-02793,400
LOC02794,D,AISLE-34,RACK-17,SHELF-03,BIN-02794,300
LOC02795,D,AISLE-35,RACK-20,SHELF-05,BIN-02795,175
LOC02796,D,AISLE-36,RACK-03,SHELF-04,BIN-02796,350
LOC02797,D,AISLE-37,RACK-13,SHELF-01,BIN-02797,150
LOC02798,D,AISLE-38,RACK-05,SHELF-05,BIN-02798,250
LOC02799,D,AISLE-39,RACK-04,SHELF-01,BIN-02799,400
LOC02800,D,AISLE-40,RACK-08,SHELF-01,BIN-02800,300
LOC02801,D,AISLE-01,RACK-01,SHELF-02,BIN-02801,250
LOC02802,D,AISLE-02,RACK-09,SHELF-04,BIN-02802,300
LOC02803,D,AISLE-03,RACK-03,SHELF-02,BIN-02803,250
LOC02804,D,AISLE-04,RACK-03,SHELF-05,BIN-02804,200
LOC02805,D,AISLE-05,RACK-17,SHELF-05,BIN-02805,250
LOC02806,D,AISLE-06,RACK-13,SHELF-05,BIN-02806,100
LOC02807,D,AISLE-07,RACK-18,SHELF-01,BIN-02807,400
LOC02808,D,AISLE-08,RACK-09,SHELF-01,BIN-02808,100
LOC02809,D,AISLE-09,RACK-11,SHELF-04,BIN-02809,250
LOC02810,D,AISLE-10,RACK-07,SHELF-03,BIN-02810,100
LOC02811,D,AISLE-11,RACK-05,SHELF-02,BIN-02811,300
LOC02812,D,AISLE-12,RACK-02,SHELF-02,BIN-02812,400
LOC02813,D,AISLE-13,RACK-03,SHELF-05,BIN-02813,100
LOC02814,D,AISLE-14,RACK-12,SHELF-01,BIN-02814,350
LOC02815,D,AISLE-15,RACK-20,SHELF-05,BIN-02815,150
LOC02816,D,AISLE-16,RACK-18,SHELF-04,BIN-02816,175
LOC02817,D,AISLE-17,RACK-09,SHELF-01,BIN-02817,150
LOC02818,D,AISLE-18,RACK-02,SHELF-04,BIN-02818,200
LOC02819,D,AISLE-19,RACK-12,SHELF-04,BIN-02819,400
LOC02820,D,AISLE-20,RACK-10,SHELF-02,BIN-02820,100
LOC02821,D,AISLE-21,RACK-02,SHELF-01,BIN-02821,200
LOC02822,D,AISLE-22,RACK-18,SHELF-05,BIN-02822,350
LOC02823,D,AISLE-23,RACK-01,SHELF-05,BIN-02823,400
LOC02824,D,AISLE-24,RACK-02,SHELF-04,BIN-02824,350
LOC02825,D,AISLE-25,RACK-05,SHELF-04,BIN-02825,350
LOC02826,D,AISLE-26,RACK-18,SHELF-02,BIN-02826,150
LOC02827,D,AISLE-27,RACK-15,SHELF-01,BIN-02827,300
LOC02828,D,AISLE-28,RACK-12,SHELF-02,BIN-02828,300
LOC02829,D,AISLE-29,RACK-14,SHELF-01,BIN-02829,200
LOC02830,D,AISLE-30,RACK-08,SHELF-01,BIN-02830,100
LOC02831,D,AISLE-31,RACK-08,SHELF-04,BIN-02831,100
LOC02832,D,AISLE-32,RACK-01,SHELF-02,BIN-02832,100
LOC02833,D,AISLE-33,RACK-03,SHELF-01,BIN-02833,175
LOC02834,D,AISLE-34,RACK-15,SHELF-02,BIN-02834,250
LOC02835,D,AISLE-35,RACK-02,SHELF-03,BIN-02835,300
LOC02836,D,AISLE-36,RACK-20,SHELF-02,BIN-02836,250
LOC02837,D,AISLE-37,RACK-05,SHELF-05,BIN-02837,350
LOC02838,D,AISLE-38,RACK-16,SHELF-01,BIN-02838,150
LOC02839,D,AISLE-39,RACK-03,SHELF-03,BIN-02839,200
LOC02840,D,AISLE-40,RACK-16,SHELF-03,BIN-02840,200
LOC02841,D,AISLE-01,RACK-15,SHELF-03,BIN-02841,300
LOC02842,D,AISLE-02,RACK-18,SHELF-03,BIN-02842,200
LOC02843,D,AISLE-03,RACK-17,SHELF-03,BIN-02843,300
LOC02844,D,AISLE-04,RACK-18,SHELF-05,BIN-02844,150
LOC02845,D,AISLE-05,RACK-02,SHELF-03,BIN-02845,350
LOC02846,D,AISLE-06,RACK-20,SHELF-04,BIN-02846,250
LOC02847,D,AISLE-07,RACK-03,SHELF-02,BIN-02847,175
LOC02848,D,AISLE-08,RACK-17,SHELF-02,BIN-02848,250
LOC02849,D,AISLE-09,RACK-18,SHELF-02,BIN-02849,150
LOC02850,D,AISLE-10,RACK-12,SHELF-02,BIN-02850,100
LOC02851,D,AISLE-11,RACK-08,SHELF-04,BIN-02851,400
LOC02852,D,AISLE-12,RACK-04,SHELF-01,BIN-02852,400
LOC02853,D,AISLE-13,RACK-02,SHELF-03,BIN-02853,250
LOC02854,D,AISLE-14,RACK-19,SHELF-04,BIN-02854,250
LOC02855,D,AISLE-15,RACK-03,SHELF-01,BIN-02855,250
LOC02856,D,AISLE-16,RACK-20,SHELF-04,BIN-02856,400
LOC02857,D,AISLE-17,RACK-01,SHELF-04,BIN-02857,350
LOC02858,D,AISLE-18,RACK-15,SHELF-01,BIN-02858,200
LOC02859,D,AISLE-19,RACK-07,SHELF-04,BIN-02859,175
LOC02860,D,AISLE-20,RACK-14,SHELF-05,BIN-02860,100
LOC02861,D,AISLE-21,RACK-10,SHELF-01,BIN-02861,300
LOC02862,D,AISLE-22,RACK-01,SHELF-05,BIN-02862,300
LOC02863,D,AISLE-23,RACK-09,SHELF-05,BIN-02863,200
LOC02864,D,AISLE-24,RACK-01,SHELF-03,BIN-02864,350
LOC02865,D,AISLE-25,RACK-14,SHELF-01,BIN-02865,150
LOC02866,D,AISLE-26,RACK-18,SHELF-04,BIN-02866,250
LOC02867,D,AISLE-27,RACK-18,SHELF-04,BIN-02867,350
LOC02868,D,AISLE-28,RACK-19,SHELF-05,BIN-02868,250
LOC02869,D,AISLE-29,RACK-06,SHELF-04,BIN-02869,400
LOC02870,D,AISLE-30,RACK-08,SHELF-02,BIN-02870,100
LOC02871,D,AISLE-31,RACK-09,SHELF-03,BIN-02871,150
LOC02872,D,AISLE-32,RACK-08,SHELF-05,BIN-02872,250
LOC02873,D,AISLE-33,RACK-11,SHELF-05,BIN-02873,350
LOC02874,D,AISLE-34,RACK-02,SHELF-05,BIN-02874,250
LOC02875,D,AISLE-35,RACK-12,SHELF-03,BIN-02875,250
LOC02876,D,AISLE-36,RACK-20,SHELF-01,BIN-02876,150
LOC02877,D,AISLE-37,RACK-10,SHELF-05,BIN-02877,300
LOC02878,D,AISLE-38,RACK-09,SHELF-02,BIN-02878,400
LOC02879,D,AISLE-39,RACK-15,SHELF-01,BIN-02879,400
LOC02880,D,AISLE-40,RACK-01,SHELF-04,BIN-02880,100
LOC02881,D,AISLE-01,RACK-12,SHELF-04,BIN-02881,200
LOC02882,D,AISLE-02,RACK-14,SHELF-01,BIN-02882,150
LOC02883,D,AISLE-03,RACK-09,SHELF-05,BIN-02883,300
LOC02884,D,AISLE-04,RACK-03,SHELF-04,BIN-02884,175
LOC02885,D,AISLE-05,RACK-09,SHELF-03,BIN-02885,250
LOC02886,D,AISLE-06,RACK-16,SHELF-02,BIN-02886,200
LOC02887,D,AISLE-07,RACK-06,SHELF-02,BIN-02887,100
LOC02888,D,AISLE-08,RACK-08,SHELF-01,BIN-02888,100
LOC02889,D,AISLE-09,RACK-06,SHELF-05,BIN-02889,400
LOC02890,D,AISLE-10,RACK-19,SHELF-03,BIN-02890,100
LOC02891,D,AISLE-11,RACK-18,SHELF-02,BIN-02891,100
LOC02892,D,AISLE-12,RACK-09,SHELF-03,BIN-02892,100
LOC02893,D,AISLE-13,RACK-12,SHELF-05,BIN-02893,100
LOC02894,D,AISLE-14,RACK-20,SHELF-02,BIN-02894,300
LOC02895,D,AISLE-15,RACK-04,SHELF-01,BIN-02895,400
LOC02896,D,AISLE-16,RACK-04,SHELF-05,BIN-02896,150
LOC02897,D,AISLE-17,RACK-08,SHELF-02,BIN-02897,300
LOC02898,D,AISLE-18,RACK-19,SHELF-03,BIN-02898,350
LOC02899,D,AISLE-19,RACK-03,SHELF-04,BIN-02899,250
LOC02900,D,AISLE-20,RACK-05,SHELF-01,BIN-02900,300
LOC02901,D,AISLE-21,RACK-20,SHELF-03,BIN-02901,300
LOC02902,D,AISLE-22,RACK-14,SHELF-03,BIN-02902,400
LOC02903,D,AISLE-23,RACK-10,SHELF-05,BIN-02903,100
LOC02904,D,AISLE-24,RACK-06,SHELF-03,BIN-02904,100
LOC02905,D,AISLE-25,RACK-10,SHELF-02,BIN-02905,100
LOC02906,D,AISLE-26,RACK-04,SHELF-05,BIN-02906,200
LOC02907,D,AISLE-27,RACK-11,SHELF-05,BIN-02907,300
LOC02908,D,AISLE-28,RACK-07,SHELF-04,BIN-02908,100
LOC02909,D,AISLE-29,RACK-05,SHELF-04,BIN-02909,150
LOC02910,D,AISLE-30,RACK-03,SHELF-02,BIN-02910,350
LOC02911,D,AISLE-31,RACK-18,SHELF-01,BIN-02911,100
LOC02912,D,AISLE-32,RACK-20,SHELF-04,BIN-02912,400
LOC02913,D,AISLE-33,RACK-11,SHELF-03,BIN-02913,200
LOC02914,D,AISLE-34,RACK-19,SHELF-03,BIN-02914,200
LOC02915,D,AISLE-35,RACK-11,SHELF-02,BIN-02915,300
LOC02916,D,AISLE-36,RACK-08,SHELF-04,BIN-02916,300
LOC02917,D,AISLE-37,RACK-04,SHELF-02,BIN-02917,400
LOC02918,D,AISLE-38,RACK-14,SHELF-03,BIN-02918,150
LOC02919,D,AISLE-39,RACK-12,SHELF-05,BIN-02919,150
LOC02920,D,AISLE-40,RACK-12,SHELF-04,BIN-02920,200
LOC02921,D,AISLE-01,RACK-15,SHELF-04,BIN-02921,200
LOC02922,D,AISLE-02,RACK-19,SHELF-02,BIN-02922,200
LOC02923,D,AISLE-03,RACK-14,SHELF-05,BIN-02923,175
LOC02924,D,AISLE-04,RACK-20,SHELF-03,BIN-02924,250
LOC02925,D,AISLE-05,RACK-11,SHELF-03,BIN-02925,150
LOC02926,D,AISLE-06,RACK-03,SHELF-04,BIN-02926,350
LOC02927,D,AISLE-07,RACK-17,SHELF-02,BIN-02927,400
LOC02928,D,AISLE-08,RACK-07,SHELF-02,BIN-02928,400
LOC02929,D,AISLE-09,RACK-01,SHELF-02,BIN-02929,150
LOC02930,D,AISLE-10,RACK-14,SHELF-03,BIN-02930,400
LOC02931,D,AISLE-11,RACK-04,SHELF-02,BIN-02931,100
LOC02932,D,AISLE-12,RACK-14,SHELF-01,BIN-02932,175
LOC02933,D,AISLE-13,RACK-03,SHELF-02,BIN-02933,350
LOC02934,D,AISLE-14,RACK-14,SHELF-03,BIN-02934,175
LOC02935,D,AISLE-15,RACK-13,SHELF-05,BIN-02935,200
LOC02936,D,AISLE-16,RACK-10,SHELF-01,BIN-02936,300
LOC02937,D,AISLE-17,RACK-11,SHELF-05,BIN-02937,150
LOC02938,D,AISLE-18,RACK-02,SHELF-01,BIN-02938,300
LOC02939,D,AISLE-19,RACK-15,SHELF-04,BIN-02939,400
LOC02940,D,AISLE-20,RACK-14,SHELF-03,BIN-02940,400
LOC02941,D,AISLE-21,RACK-05,SHELF-02,BIN-02941,150
LOC02942,D,AISLE-22,RACK-05,SHELF-01,BIN-02942,300
LOC02943,D,AISLE-23,RACK-15,SHELF-04,BIN-02943,300
LOC02944,D,AISLE-24,RACK-15,SHELF-02,BIN-02944,250
LOC02945,D,AISLE-25,RACK-04,SHELF-02,BIN-02945,250
LOC02946,D,AISLE-26,RACK-16,SHELF-03,BIN-02946,100
LOC02947,D,AISLE-27,RACK-19,SHELF-05,BIN-02947,350
LOC02948,D,AISLE-28,RACK-10,SHELF-03,BIN-02948,350
LOC02949,D,AISLE-29,RACK-11,SHELF-02,BIN-02949,175
LOC02950,D,AISLE-30,RACK-02,SHELF-02,BIN-02950,350
LOC02951,D,AISLE-31,RACK-17,SHELF-03,BIN-02951,300
LOC02952,D,AISLE-32,RACK-04,SHELF-03,BIN-02952,250
LOC02953,D,AISLE-33,RACK-06,SHELF-01,BIN-02953,250
LOC02954,D,AISLE-34,RACK-09,SHELF-04,BIN-02954,400
LOC02955,D,AISLE-35,RACK-08,SHELF-02,BIN-02955,250
LOC02956,D,AISLE-36,RACK-09,SHELF-05,BIN-02956,150
LOC02957,D,AISLE-37,RACK-08,SHELF-03,BIN-02957,175
LOC02958,D,AISLE-38,RACK-04,SHELF-02,BIN-02958,175
LOC02959,D,AISLE-39,RACK-01,SHELF-05,BIN-02959,100
LOC02960,D,AISLE-40,RACK-18,SHELF-05,BIN-02960,200
LOC02961,D,AISLE-01,RACK-01,SHELF-04,BIN-02961,100
LOC02962,D,AISLE-02,RACK-12,SHELF-02,BIN-02962,250
LOC02963,D,AISLE-03,RACK-19,SHELF-04,BIN-02963,400
LOC02964,D,AISLE-04,RACK-17,SHELF-02,BIN-02964,400
LOC02965,D,AISLE-05,RACK-10,SHELF-01,BIN-02965,150
LOC02966,D,AISLE-06,RACK-15,SHELF-04,BIN-02966,400
LOC02967,D,AISLE-07,RACK-09,SHELF-01,BIN-02967,175
LOC02968,D,AISLE-08,RACK-09,SHELF-01,BIN-02968,300
LOC02969,D,AISLE-09,RACK-03,SHELF-02,BIN-02969,150
LOC02970,D,AISLE-10,RACK-11,SHELF-02,BIN-02970,300
LOC02971,D,AISLE-11,RACK-09,SHELF-04,BIN-02971,150
LOC02972,D,AISLE-12,RACK-11,SHELF-01,BIN-02972,350
LOC02973,D,AISLE-13,RACK-04,SHELF-05,BIN-02973,300
LOC02974,D,AISLE-14,RACK-07,SHELF-05,BIN-02974,100
LOC02975,D,AISLE-15,RACK-01,SHELF-02,BIN-02975,175
LOC02976,D,AISLE-16,RACK-19,SHELF-04,BIN-02976,200
LOC02977,D,AISLE-17,RACK-07,SHELF-03,BIN-02977,400
LOC02978,D,AISLE-18,RACK-05,SHELF-04,BIN-02978,175
LOC02979,D,AISLE-19,RACK-16,SHELF-03,BIN-02979,175
LOC02980,D,AISLE-20,RACK-07,SHELF-01,BIN-02980,200
LOC02981,D,AISLE-21,RACK-01,SHELF-04,BIN-02981,150
LOC02982,D,AISLE-22,RACK-16,SHELF-05,BIN-02982,200
LOC02983,D,AISLE-23,RACK-06,SHELF-01,BIN-02983,350
LOC02984,D,AISLE-24,RACK-09,SHELF-05,BIN-02984,350
LOC02985,D,AISLE-25,RACK-19,SHELF-02,BIN-02985,300
LOC02986,D,AISLE-26,RACK-16,SHELF-05,BIN-02986,175
LOC02987,D,AISLE-27,RACK-10,SHELF-02,BIN-02987,250
LOC02988,D,AISLE-28,RACK-16,SHELF-04,BIN-02988,350
LOC02989,D,AISLE-29,RACK-20,SHELF-03,BIN-02989,400
LOC02990,D,AISLE-30,RACK-10,SHELF-01,BIN-02990,200
LOC02991,D,AISLE-31,RACK-04,SHELF-03,BIN-02991,350
LOC02992,D,AISLE-32,RACK-15,SHELF-03,BIN-02992,200
LOC02993,D,AISLE-33,RACK-14,SHELF-01,BIN-02993,175
LOC02994,D,AISLE-34,RACK-15,SHELF-03,BIN-02994,150
LOC02995,D,AISLE-35,RACK-12,SHELF-04,BIN-02995,175
LOC02996,D,AISLE-36,RACK-16,SHELF-04,BIN-02996,350
LOC02997,D,AISLE-37,RACK-08,SHELF-01,BIN-02997,250
LOC02998,D,AISLE-38,RACK-09,SHELF-05,BIN-02998,200
LOC02999,D,AISLE-39,RACK-14,SHELF-01,BIN-02999,300
LOC03000,D,AISLE-40,RACK-09,SHELF-03,BIN-03000,350
LOC03001,D,AISLE-01,RACK-13,SHELF-04,BIN-03001,350
LOC03002,D,AISLE-02,RACK-13,SHELF-03,BIN-03002,100
LOC03003,D,AISLE-03,RACK-09,SHELF-04,BIN-03003,200
LOC03004,D,AISLE-04,RACK-11,SHELF-01,BIN-03004,250
LOC03005,D,AISLE-05,RACK-15,SHELF-04,BIN-03005,200
LOC03006,D,AISLE-06,RACK-19,SHELF-02,BIN-03006,200
LOC03007,D,AISLE-07,RACK-04,SHELF-05,BIN-03007,300
LOC03008,D,AISLE-08,RACK-05,SHELF-05,BIN-03008,100
LOC03009,D,AISLE-09,RACK-01,SHELF-04,BIN-03009,150
LOC03010,D,AISLE-10,RACK-11,SHELF-03,BIN-03010,150
LOC03011,D,AISLE-11,RACK-02,SHELF-05,BIN-03011,200
LOC03012,D,AISLE-12,RACK-12,SHELF-05,BIN-03012,200
LOC03013,D,AISLE-13,RACK-06,SHELF-05,BIN-03013,350
LOC03014,D,AISLE-14,RACK-08,SHELF-03,BIN-03014,175
LOC03015,D,AISLE-15,RACK-12,SHELF-03,BIN-03015,350
LOC03016,D,AISLE-16,RACK-07,SHELF-05,BIN-03016,200
LOC03017,D,AISLE-17,RACK-01,SHELF-01,BIN-03017,100
LOC03018,D,AISLE-18,RACK-17,SHELF-01,BIN-03018,350
LOC03019,D,AISLE-19,RACK-16,SHELF-01,BIN-03019,175
LOC03020,D,AISLE-20,RACK-10,SHELF-03,BIN-03020,100
LOC03021,D,AISLE-21,RACK-08,SHELF-02,BIN-03021,100
LOC03022,D,AISLE-22,RACK-09,SHELF-01,BIN-03022,350
LOC03023,D,AISLE-23,RACK-13,SHELF-02,BIN-03023,250
LOC03024,D,AISLE-24,RACK-03,SHELF-01,BIN-03024,150
LOC03025,D,AISLE-25,RACK-17,SHELF-04,BIN-03025,100
LOC03026,D,AISLE-26,RACK-01,SHELF-05,BIN-03026,175
LOC03027,D,AISLE-27,RACK-04,SHELF-05,BIN-03027,350
LOC03028,D,AISLE-28,RACK-07,SHELF-05,BIN-03028,250
LOC03029,D,AISLE-29,RACK-11,SHELF-04,BIN-03029,100
LOC03030,D,AISLE-30,RACK-10,SHELF-03,BIN-03030,400
LOC03031,D,AISLE-31,RACK-07,SHELF-01,BIN-03031,250
LOC03032,D,AISLE-32,RACK-19,SHELF-04,BIN-03032,350
LOC03033,D,AISLE-33,RACK-10,SHELF-04,BIN-03033,150
LOC03034,D,AISLE-34,RACK-08,SHELF-04,BIN-03034,250
LOC03035,D,AISLE-35,RACK-16,SHELF-03,BIN-03035,200
LOC03036,D,AISLE-36,RACK-13,SHELF-01,BIN-03036,400
LOC03037,D,AISLE-37,RACK-13,SHELF-03,BIN-03037,150
LOC03038,D,AISLE-38,RACK-15,SHELF-02,BIN-03038,100
LOC03039,D,AISLE-39,RACK-13,SHELF-02,BIN-03039,400
LOC03040,D,AISLE-40,RACK-12,SHELF-04,BIN-03040,150
LOC03041,D,AISLE-01,RACK-10,SHELF-03,BIN-03041,175
LOC03042,D,AISLE-02,RACK-03,SHELF-01,BIN-03042,175
LOC03043,D,AISLE-03,RACK-07,SHELF-04,BIN-03043,200
LOC03044,D,AISLE-04,RACK-03,SHELF-02,BIN-03044,350
LOC03045,D,AISLE-05,RACK-20,SHELF-04,BIN-03045,200
LOC03046,D,AISLE-06,RACK-02,SHELF-04,BIN-03046,250
LOC03047,D,AISLE-07,RACK-14,SHELF-03,BIN-03047,300
LOC03048,D,AISLE-08,RACK-05,SHELF-01,BIN-03048,300
LOC03049,D,AISLE-09,RACK-19,SHELF-05,BIN-03049,350
LOC03050,D,AISLE-10,RACK-01,SHELF-03,BIN-03050,200
LOC03051,D,AISLE-11,RACK-18,SHELF-04,BIN-03051,400
LOC03052,D,AISLE-12,RACK-11,SHELF-02,BIN-03052,300
LOC03053,D,AISLE-13,RACK-15,SHELF-04,BIN-03053,150
LOC03054,D,AISLE-14,RACK-04,SHELF-04,BIN-03054,150
LOC03055,D,AISLE-15,RACK-13,SHELF-02,BIN-03055,100
LOC03056,D,AISLE-16,RACK-06,SHELF-05,BIN-03056,150
LOC03057,D,AISLE-17,RACK-06,SHELF-02,BIN-03057,400
LOC03058,D,AISLE-18,RACK-04,SHELF-01,BIN-03058,350
LOC03059,D,AISLE-19,RACK-16,SHELF-02,BIN-03059,400
LOC03060,D,AISLE-20,RACK-05,SHELF-05,BIN-03060,350
LOC03061,D,AISLE-21,RACK-13,SHELF-01,BIN-03061,250
LOC03062,D,AISLE-22,RACK-04,SHELF-04,BIN-03062,250
LOC03063,D,AISLE-23,RACK-09,SHELF-05,BIN-03063,300
LOC03064,D,AISLE-24,RACK-20,SHELF-03,BIN-03064,175
LOC03065,D,AISLE-25,RACK-05,SHELF-03,BIN-03065,200
LOC03066,D,AISLE-26,RACK-20,SHELF-03,BIN-03066,250
LOC03067,D,AISLE-27,RACK-16,SHELF-04,BIN-03067,200
LOC03068,D,AISLE-28,RACK-11,SHELF-02,BIN-03068,175
LOC03069,D,AISLE-29,RACK-17,SHELF-04,BIN-03069,100
LOC03070,D,AISLE-30,RACK-11,SHELF-04,BIN-03070,175
LOC03071,D,AISLE-31,RACK-05,SHELF-04,BIN-03071,150
LOC03072,D,AISLE-32,RACK-01,SHELF-03,BIN-03072,200
LOC03073,D,AISLE-33,RACK-07,SHELF-01,BIN-03073,400
LOC03074,D,AISLE-34,RACK-11,SHELF-01,BIN-03074,100
LOC03075,D,AISLE-35,RACK-20,SHELF-04,BIN-03075,175
LOC03076,D,AISLE-36,RACK-03,SHELF-03,BIN-03076,200
LOC03077,D,AISLE-37,RACK-12,SHELF-01,BIN-03077,200
LOC03078,D,AISLE-38,RACK-09,SHELF-03,BIN-03078,350
LOC03079,D,AISLE-39,RACK-19,SHELF-03,BIN-03079,300
LOC03080,D,AISLE-40,RACK-20,SHELF-04,BIN-03080,250
LOC03081,D,AISLE-01,RACK-18,SHELF-05,BIN-03081,200
LOC03082,D,AISLE-02,RACK-03,SHELF-05,BIN-03082,175
LOC03083,D,AISLE-03,RACK-04,SHELF-02,BIN-03083,250
LOC03084,D,AISLE-04,RACK-06,SHELF-03,BIN-03084,150
LOC03085,D,AISLE-05,RACK-05,SHELF-05,BIN-03085,350
LOC03086,D,AISLE-06,RACK-11,SHELF-05,BIN-03086,250
LOC03087,D,AISLE-07,RACK-20,SHELF-04,BIN-03087,200
LOC03088,D,AISLE-08,RACK-06,SHELF-01,BIN-03088,200
LOC03089,D,AISLE-09,RACK-07,SHELF-01,BIN-03089,175
LOC03090,D,AISLE-10,RACK-05,SHELF-02,BIN-03090,400
LOC03091,D,AISLE-11,RACK-01,SHELF-03,BIN-03091,150
LOC03092,D,AISLE-12,RACK-02,SHELF-02,BIN-03092,400
LOC03093,D,AISLE-13,RACK-14,SHELF-04,BIN-03093,300
LOC03094,D,AISLE-14,RACK-10,SHELF-05,BIN-03094,150
LOC03095,D,AISLE-15,RACK-08,SHELF-05,BIN-03095,350
LOC03096,D,AISLE-16,RACK-13,SHELF-04,BIN-03096,400
LOC03097,D,AISLE-17,RACK-12,SHELF-03,BIN-03097,300
LOC03098,D,AISLE-18,RACK-17,SHELF-01,BIN-03098,200
LOC03099,D,AISLE-19,RACK-06,SHELF-03,BIN-03099,175
LOC03100,D,AISLE-20,RACK-14,SHELF-05,BIN-03100,400
LOC03101,D,AISLE-21,RACK-16,SHELF-03,BIN-03101,150
LOC03102,D,AISLE-22,RACK-18,SHELF-04,BIN-03102,300
LOC03103,D,AISLE-23,RACK-06,SHELF-01,BIN-03103,300
LOC03104,D,AISLE-24,RACK-15,SHELF-03,BIN-03104,350
LOC03105,D,AISLE-25,RACK-07,SHELF-05,BIN-03105,200
LOC03106,D,AISLE-26,RACK-13,SHELF-03,BIN-03106,175
LOC03107,D,AISLE-27,RACK-01,SHELF-02,BIN-03107,400
LOC03108,D,AISLE-28,RACK-12,SHELF-05,BIN-03108,200
LOC03109,D,AISLE-29,RACK-01,SHELF-05,BIN-03109,250
LOC03110,D,AISLE-30,RACK-11,SHELF-01,BIN-03110,300
LOC03111,D,AISLE-31,RACK-09,SHELF-05,BIN-03111,100
LOC03112,D,AISLE-32,RACK-20,SHELF-03,BIN-03112,100
LOC03113,D,AISLE-33,RACK-09,SHELF-04,BIN-03113,350
LOC03114,D,AISLE-34,RACK-02,SHELF-03,BIN-03114,250
LOC03115,D,AISLE-35,RACK-02,SHELF-05,BIN-03115,100
LOC03116,D,AISLE-36,RACK-16,SHELF-05,BIN-03116,400
LOC03117,D,AISLE-37,RACK-16,SHELF-02,BIN-03117,400
LOC03118,D,AISLE-38,RACK-18,SHELF-01,BIN-03118,100
LOC03119,D,AISLE-39,RACK-12,SHELF-01,BIN-03119,175
LOC03120,D,AISLE-40,RACK-06,SHELF-02,BIN-03120,150
LOC03121,D,AISLE-01,RACK-14,SHELF-01,BIN-03121,100
LOC03122,D,AISLE-02,RACK-15,SHELF-01,BIN-03122,300
LOC03123,D,AISLE-03,RACK-04,SHELF-05,BIN-03123,250
LOC03124,D,AISLE-04,RACK-07,SHELF-05,BIN-03124,100
LOC03125,D,AISLE-05,RACK-11,SHELF-03,BIN-03125,175
LOC03126,D,AISLE-06,RACK-19,SHELF-03,BIN-03126,100
LOC03127,D,AISLE-07,RACK-13,SHELF-04,BIN-03127,100
LOC03128,D,AISLE-08,RACK-03,SHELF-02,BIN-03128,175
LOC03129,D,AISLE-09,RACK-09,SHELF-01,BIN-03129,175
LOC03130,D,AISLE-10,RACK-15,SHELF-01,BIN-03130,250
LOC03131,D,AISLE-11,RACK-20,SHELF-02,BIN-03131,350
LOC03132,D,AISLE-12,RACK-06,SHELF-01,BIN-03132,250
LOC03133,D,AISLE-13,RACK-09,SHELF-05,BIN-03133,300
LOC03134,D,AISLE-14,RACK-04,SHELF-03,BIN-03134,400
LOC03135,D,AISLE-15,RACK-19,SHELF-01,BIN-03135,400
LOC03136,D,AISLE-16,RACK-03,SHELF-01,BIN-03136,150
LOC03137,D,AISLE-17,RACK-06,SHELF-01,BIN-03137,175
LOC03138,D,AISLE-18,RACK-11,SHELF-05,BIN-03138,100
LOC03139,D,AISLE-19,RACK-06,SHELF-01,BIN-03139,200
LOC03140,D,AISLE-20,RACK-12,SHELF-04,BIN-03140,150
LOC03141,D,AISLE-21,RACK-08,SHELF-03,BIN-03141,200
LOC03142,D,AISLE-22,RACK-05,SHELF-03,BIN-03142,100
LOC03143,D,AISLE-23,RACK-13,SHELF-03,BIN-03143,175
LOC03144,D,AISLE-24,RACK-09,SHELF-02,BIN-03144,300
LOC03145,D,AISLE-25,RACK-14,SHELF-02,BIN-03145,200
LOC03146,D,AISLE-26,RACK-09,SHELF-02,BIN-03146,175
LOC03147,D,AISLE-27,RACK-10,SHELF-03,BIN-03147,400
LOC03148,D,AISLE-28,RACK-09,SHELF-01,BIN-03148,400
LOC03149,D,AISLE-29,RACK-12,SHELF-05,BIN-03149,300
LOC03150,D,AISLE-30,RACK-12,SHELF-05,BIN-03150,400
LOC03151,D,AISLE-31,RACK-06,SHELF-01,BIN-03151,350
LOC03152,D,AISLE-32,RACK-05,SHELF-05,BIN-03152,200
LOC03153,D,AISLE-33,RACK-14,SHELF-03,BIN-03153,250
LOC03154,D,AISLE-34,RACK-07,SHELF-03,BIN-03154,250
LOC03155,D,AISLE-35,RACK-03,SHELF-05,BIN-03155,200
LOC03156,D,AISLE-36,RACK-09,SHELF-02,BIN-03156,400
LOC03157,D,AISLE-37,RACK-09,SHELF-01,BIN-03157,150
LOC03158,D,AISLE-38,RACK-17,SHELF-02,BIN-03158,400
LOC03159,D,AISLE-39,RACK-05,SHELF-04,BIN-03159,300
LOC03160,D,AISLE-40,RACK-12,SHELF-05,BIN-03160,350
LOC03161,D,AISLE-01,RACK-19,SHELF-01,BIN-03161,300
LOC03162,D,AISLE-02,RACK-04,SHELF-03,BIN-03162,100
LOC03163,D,AISLE-03,RACK-06,SHELF-04,BIN-03163,400
LOC03164,D,AISLE-04,RACK-11,SHELF-03,BIN-03164,150
LOC03165,D,AISLE-05,RACK-06,SHELF-03,BIN-03165,250
LOC03166,D,AISLE-06,RACK-06,SHELF-04,BIN-03166,175
LOC03167,D,AISLE-07,RACK-01,SHELF-04,BIN-03167,400
LOC03168,D,AISLE-08,RACK-19,SHELF-05,BIN-03168,350
LOC03169,D,AISLE-09,RACK-13,SHELF-04,BIN-03169,200
LOC03170,D,AISLE-10,RACK-09,SHELF-03,BIN-03170,300
LOC03171,D,AISLE-11,RACK-16,SHELF-04,BIN-03171,250
LOC03172,D,AISLE-12,RACK-02,SHELF-02,BIN-03172,150
LOC03173,D,AISLE-13,RACK-14,SHELF-04,BIN-03173,250
LOC03174,D,AISLE-14,RACK-19,SHELF-04,BIN-03174,100
LOC03175,D,AISLE-15,RACK-06,SHELF-05,BIN-03175,175
LOC03176,D,AISLE-16,RACK-10,SHELF-05,BIN-03176,200
LOC03177,D,AISLE-17,RACK-19,SHELF-02,BIN-03177,175
LOC03178,D,AISLE-18,RACK-11,SHELF-01,BIN-03178,150
LOC03179,D,AISLE-19,RACK-10,SHELF-02,BIN-03179,300
LOC03180,D,AISLE-20,RACK-15,SHELF-04,BIN-03180,175
LOC03181,D,AISLE-21,RACK-15,SHELF-01,BIN-03181,175
LOC03182,D,AISLE-22,RACK-07,SHELF-02,BIN-03182,250
LOC03183,D,AISLE-23,RACK-10,SHELF-01,BIN-03183,175
LOC03184,D,AISLE-24,RACK-08,SHELF-02,BIN-03184,350
LOC03185,D,AISLE-25,RACK-03,SHELF-02,BIN-03185,175
LOC03186,D,AISLE-26,RACK-18,SHELF-03,BIN-03186,100
LOC03187,D,AISLE-27,RACK-16,SHELF-02,BIN-03187,300
LOC03188,D,AISLE-28,RACK-04,SHELF-04,BIN-03188,350
LOC03189,D,AISLE-29,RACK-07,SHELF-04,BIN-03189,350
LOC03190,D,AISLE-30,RACK-15,SHELF-02,BIN-03190,150
LOC03191,D,AISLE-31,RACK-13,SHELF-02,BIN-03191,300
LOC03192,D,AISLE-32,RACK-05,SHELF-04,BIN-03192,300
LOC03193,D,AISLE-33,RACK-10,SHELF-04,BIN-03193,350
LOC03194,D,AISLE-34,RACK-18,SHELF-01,BIN-03194,300
LOC03195,D,AISLE-35,RACK-16,SHELF-05,BIN-03195,100
LOC03196,D,AISLE-36,RACK-08,SHELF-05,BIN-03196,175
LOC03197,D,AISLE-37,RACK-08,SHELF-03,BIN-03197,300
LOC03198,D,AISLE-38,RACK-11,SHELF-05,BIN-03198,100
LOC03199,D,AISLE-39,RACK-20,SHELF-05,BIN-03199,350
LOC03200,D,AISLE-40,RACK-03,SHELF-02,BIN-03200,175
LOC03201,D,AISLE-01,RACK-16,SHELF-02,BIN-03201,100
LOC03202,D,AISLE-02,RACK-07,SHELF-03,BIN-03202,350
LOC03203,D,AISLE-03,RACK-03,SHELF-03,BIN-03203,350
LOC03204,D,AISLE-04,RACK-06,SHELF-04,BIN-03204,175
LOC03205,D,AISLE-05,RACK-10,SHELF-03,BIN-03205,350
LOC03206,D,AISLE-06,RACK-16,SHELF-01,BIN-03206,250
LOC03207,D,AISLE-07,RACK-14,SHELF-02,BIN-03207,175
LOC03208,D,AISLE-08,RACK-13,SHELF-05,BIN-03208,150
LOC03209,D,AISLE-09,RACK-15,SHELF-01,BIN-03209,300
LOC03210,D,AISLE-10,RACK-04,SHELF-04,BIN-03210,100
LOC03211,D,AISLE-11,RACK-06,SHELF-03,BIN-03211,175
LOC03212,D,AISLE-12,RACK-19,SHELF-05,BIN-03212,350
LOC03213,D,AISLE-13,RACK-15,SHELF-01,BIN-03213,400
LOC03214,D,AISLE-14,RACK-13,SHELF-04,BIN-03214,100
LOC03215,D,AISLE-15,RACK-10,SHELF-04,BIN-03215,250
LOC03216,D,AISLE-16,RACK-04,SHELF-05,BIN-03216,400
LOC03217,D,AISLE-17,RACK-17,SHELF-03,BIN-03217,400
LOC03218,D,AISLE-18,RACK-11,SHELF-05,BIN-03218,300
LOC03219,D,AISLE-19,RACK-04,SHELF-02,BIN-03219,350
LOC03220,D,AISLE-20,RACK-18,SHELF-04,BIN-03220,150
LOC03221,D,AISLE-21,RACK-05,SHELF-01,BIN-03221,300
LOC03222,D,AISLE-22,RACK-19,SHELF-03,BIN-03222,200
LOC03223,D,AISLE-23,RACK-17,SHELF-05,BIN-03223,400
LOC03224,D,AISLE-24,RACK-14,SHELF-01,BIN-03224,400
LOC03225,D,AISLE-25,RACK-10,SHELF-01,BIN-03225,150
LOC03226,D,AISLE-26,RACK-16,SHELF-04,BIN-03226,300
LOC03227,D,AISLE-27,RACK-02,SHELF-05,BIN-03227,300
LOC03228,D,AISLE-28,RACK-09,SHELF-04,BIN-03228,300
LOC03229,D,AISLE-29,RACK-10,SHELF-01,BIN-03229,250
LOC03230,D,AISLE-30,RACK-06,SHELF-03,BIN-03230,300
LOC03231,D,AISLE-31,RACK-14,SHELF-01,BIN-03231,400
LOC03232,D,AISLE-32,RACK-11,SHELF-03,BIN-03232,100
LOC03233,D,AISLE-33,RACK-20,SHELF-01,BIN-03233,300
LOC03234,D,AISLE-34,RACK-02,SHELF-05,BIN-03234,350
LOC03235,D,AISLE-35,RACK-08,SHELF-02,BIN-03235,150
LOC03236,D,AISLE-36,RACK-18,SHELF-01,BIN-03236,175
LOC03237,D,AISLE-37,RACK-05,SHELF-04,BIN-03237,350
LOC03238,D,AISLE-38,RACK-09,SHELF-03,BIN-03238,400
LOC03239,D,AISLE-39,RACK-20,SHELF-02,BIN-03239,400
LOC03240,D,AISLE-40,RACK-02,SHELF-01,BIN-03240,300
LOC03241,D,AISLE-01,RACK-12,SHELF-01,BIN-03241,175
LOC03242,D,AISLE-02,RACK-20,SHELF-01,BIN-03242,350
LOC03243,D,AISLE-03,RACK-17,SHELF-01,BIN-03243,300
LOC03244,D,AISLE-04,RACK-10,SHELF-04,BIN-03244,350
LOC03245,D,AISLE-05,RACK-01,SHELF-02,BIN-03245,250
LOC03246,D,AISLE-06,RACK-03,SHELF-04,BIN-03246,150
LOC03247,D,AISLE-07,RACK-07,SHELF-05,BIN-03247,250
LOC03248,D,AISLE-08,RACK-10,SHELF-05,BIN-03248,200
LOC03249,D,AISLE-09,RACK-02,SHELF-03,BIN-03249,400
LOC03250,D,AISLE-10,RACK-07,SHELF-04,BIN-03250,250
LOC03251,D,AISLE-11,RACK-06,SHELF-03,BIN-03251,100
LOC03252,D,AISLE-12,RACK-20,SHELF-04,BIN-03252,175
LOC03253,D,AISLE-13,RACK-10,SHELF-03,BIN-03253,100
LOC03254,D,AISLE-14,RACK-14,SHELF-02,BIN-03254,100
LOC03255,D,AISLE-15,RACK-14,SHELF-02,BIN-03255,250
LOC03256,D,AISLE-16,RACK-09,SHELF-04,BIN-03256,300
LOC03257,D,AISLE-17,RACK-04,SHELF-02,BIN-03257,200
LOC03258,D,AISLE-18,RACK-01,SHELF-03,BIN-03258,200
LOC03259,D,AISLE-19,RACK-03,SHELF-05,BIN-03259,250
LOC03260,D,AISLE-20,RACK-20,SHELF-04,BIN-03260,350
LOC03261,D,AISLE-21,RACK-20,SHELF-03,BIN-03261,350
LOC03262,D,AISLE-22,RACK-16,SHELF-05,BIN-03262,100
LOC03263,D,AISLE-23,RACK-11,SHELF-03,BIN-03263,300
LOC03264,D,AISLE-24,RACK-12,SHELF-04,BIN-03264,175
LOC03265,D,AISLE-25,RACK-15,SHELF-04,BIN-03265,200
LOC03266,D,AISLE-26,RACK-18,SHELF-02,BIN-03266,350
LOC03267,D,AISLE-27,RACK-09,SHELF-04,BIN-03267,100
LOC03268,D,AISLE-28,RACK-19,SHELF-01,BIN-03268,400
LOC03269,D,AISLE-29,RACK-18,SHELF-03,BIN-03269,150
LOC03270,D,AISLE-30,RACK-07,SHELF-05,BIN-03270,300
LOC03271,D,AISLE-31,RACK-10,SHELF-03,BIN-03271,300
LOC03272,D,AISLE-32,RACK-15,SHELF-04,BIN-03272,100
LOC03273,D,AISLE-33,RACK-05,SHELF-05,BIN-03273,175
LOC03274,D,AISLE-34,RACK-20,SHELF-03,BIN-03274,350
LOC03275,D,AISLE-35,RACK-14,SHELF-01,BIN-03275,250
LOC03276,D,AISLE-36,RACK-18,SHELF-04,BIN-03276,200
LOC03277,D,AISLE-37,RACK-13,SHELF-05,BIN-03277,175
LOC03278,D,AISLE-38,RACK-13,SHELF-05,BIN-03278,150
LOC03279,D,AISLE-39,RACK-04,SHELF-04,BIN-03279,200
LOC03280,D,AISLE-40,RACK-07,SHELF-01,BIN-03280,250
LOC03281,D,AISLE-01,RACK-06,SHELF-02,BIN-03281,350
LOC03282,D,AISLE-02,RACK-18,SHELF-04,BIN-03282,300
LOC03283,D,AISLE-03,RACK-07,SHELF-04,BIN-03283,250
LOC03284,D,AISLE-04,RACK-11,SHELF-03,BIN-03284,150
LOC03285,D,AISLE-05,RACK-11,SHELF-05,BIN-03285,350
LOC03286,D,AISLE-06,RACK-08,SHELF-04,BIN-03286,400
LOC03287,D,AISLE-07,RACK-15,SHELF-03,BIN-03287,400
LOC03288,D,AISLE-08,RACK-06,SHELF-02,BIN-03288,350
LOC03289,D,AISLE-09,RACK-10,SHELF-01,BIN-03289,300
LOC03290,D,AISLE-10,RACK-15,SHELF-02,BIN-03290,150
LOC03291,D,AISLE-11,RACK-13,SHELF-05,BIN-03291,350
LOC03292,D,AISLE-12,RACK-14,SHELF-04,BIN-03292,200
LOC03293,D,AISLE-13,RACK-01,SHELF-05,BIN-03293,200
LOC03294,D,AISLE-14,RACK-05,SHELF-05,BIN-03294,150
LOC03295,D,AISLE-15,RACK-20,SHELF-05,BIN-03295,350
LOC03296,D,AISLE-16,RACK-01,SHELF-03,BIN-03296,200
LOC03297,D,AISLE-17,RACK-06,SHELF-05,BIN-03297,400
LOC03298,D,AISLE-18,RACK-03,SHELF-03,BIN-03298,100
LOC03299,D,AISLE-19,RACK-20,SHELF-04,BIN-03299,200
LOC03300,D,AISLE-20,RACK-06,SHELF-04,BIN-03300,300
LOC03301,D,AISLE-21,RACK-08,SHELF-02,BIN-03301,400
LOC03302,D,AISLE-22,RACK-07,SHELF-03,BIN-03302,175
LOC03303,D,AISLE-23,RACK-10,SHELF-01,BIN-03303,100
LOC03304,D,AISLE-24,RACK-07,SHELF-05,BIN-03304,400
LOC03305,D,AISLE-25,RACK-15,SHELF-02,BIN-03305,400
LOC03306,D,AISLE-26,RACK-08,SHELF-02,BIN-03306,400
LOC03307,D,AISLE-27,RACK-17,SHELF-01,BIN-03307,300
LOC03308,D,AISLE-28,RACK-06,SHELF-02,BIN-03308,400
LOC03309,D,AISLE-29,RACK-03,SHELF-01,BIN-03309,100
LOC03310,D,AISLE-30,RACK-14,SHELF-05,BIN-03310,400
LOC03311,D,AISLE-31,RACK-13,SHELF-01,BIN-03311,350
LOC03312,D,AISLE-32,RACK-09,SHELF-05,BIN-03312,150
LOC03313,D,AISLE-33,RACK-20,SHELF-05,BIN-03313,100
LOC03314,D,AISLE-34,RACK-15,SHELF-04,BIN-03314,100
LOC03315,D,AISLE-35,RACK-10,SHELF-04,BIN-03315,100
LOC03316,D,AISLE-36,RACK-12,SHELF-04,BIN-03316,400
LOC03317,D,AISLE-37,RACK-14,SHELF-01,BIN-03317,150
LOC03318,D,AISLE-38,RACK-05,SHELF-03,BIN-03318,150
LOC03319,D,AISLE-39,RACK-06,SHELF-03,BIN-03319,350
LOC03320,D,AISLE-40,RACK-11,SHELF-02,BIN-03320,200
LOC03321,D,AISLE-01,RACK-16,SHELF-02,BIN-03321,250
LOC03322,D,AISLE-02,RACK-04,SHELF-03,BIN-03322,150
LOC03323,D,AISLE-03,RACK-15,SHELF-04,BIN-03323,200
LOC03324,D,AISLE-04,RACK-09,SHELF-03,BIN-03324,250
LOC03325,D,AISLE-05,RACK-15,SHELF-03,BIN-03325,400
LOC03326,D,AISLE-06,RACK-09,SHELF-05,BIN-03326,250
LOC03327,D,AISLE-07,RACK-20,SHELF-01,BIN-03327,175
LOC03328,D,AISLE-08,RACK-05,SHELF-05,BIN-03328,250
LOC03329,D,AISLE-09,RACK-01,SHELF-02,BIN-03329,300
LOC03330,D,AISLE-10,RACK-19,SHELF-03,BIN-03330,250
LOC03331,D,AISLE-11,RACK-10,SHELF-02,BIN-03331,250
LOC03332,D,AISLE-12,RACK-16,SHELF-04,BIN-03332,250
LOC03333,D,AISLE-13,RACK-05,SHELF-02,BIN-03333,175
LOC03334,D,AISLE-14,RACK-20,SHELF-03,BIN-03334,350
LOC03335,D,AISLE-15,RACK-09,SHELF-02,BIN-03335,100
LOC03336,D,AISLE-16,RACK-07,SHELF-05,BIN-03336,250
LOC03337,E,AISLE-17,RACK-05,SHELF-05,BIN-03337,100
LOC03338,E,AISLE-18,RACK-09,SHELF-03,BIN-03338,350
LOC03339,E,AISLE-19,RACK-16,SHELF-05,BIN-03339,175
LOC03340,E,AISLE-20,RACK-12,SHELF-02,BIN-03340,300
LOC03341,E,AISLE-21,RACK-17,SHELF-03,BIN-03341,350
LOC03342,E,AISLE-22,RACK-16,SHELF-02,BIN-03342,400
LOC03343,E,AISLE-23,RACK-06,SHELF-04,BIN-03343,350
LOC03344,E,AISLE-24,RACK-01,SHELF-01,BIN-03344,300
LOC03345,E,AISLE-25,RACK-08,SHELF-03,BIN-03345,200
LOC03346,E,AISLE-26,RACK-08,SHELF-02,BIN-03346,250
LOC03347,E,AISLE-27,RACK-20,SHELF-01,BIN-03347,200
LOC03348,E,AISLE-28,RACK-12,SHELF-04,BIN-03348,400
LOC03349,E,AISLE-29,RACK-19,SHELF-01,BIN-03349,200
LOC03350,E,AISLE-30,RACK-07,SHELF-03,BIN-03350,100
LOC03351,E,AISLE-31,RACK-13,SHELF-01,BIN-03351,300
LOC03352,E,AISLE-32,RACK-17,SHELF-01,BIN-03352,250
LOC03353,E,AISLE-33,RACK-18,SHELF-05,BIN-03353,150
LOC03354,E,AISLE-34,RACK-02,SHELF-04,BIN-03354,200
LOC03355,E,AISLE-35,RACK-08,SHELF-03,BIN-03355,175
LOC03356,E,AISLE-36,RACK-08,SHELF-02,BIN-03356,400
LOC03357,E,AISLE-37,RACK-06,SHELF-01,BIN-03357,250
LOC03358,E,AISLE-38,RACK-18,SHELF-03,BIN-03358,150
LOC03359,E,AISLE-39,RACK-07,SHELF-01,BIN-03359,175
LOC03360,E,AISLE-40,RACK-17,SHELF-03,BIN-03360,100
LOC03361,E,AISLE-01,RACK-07,SHELF-02,BIN-03361,200
LOC03362,E,AISLE-02,RACK-19,SHELF-05,BIN-03362,400
LOC03363,E,AISLE-03,RACK-15,SHELF-01,BIN-03363,100
LOC03364,E,AISLE-04,RACK-11,SHELF-01,BIN-03364,200
LOC03365,E,AISLE-05,RACK-16,SHELF-01,BIN-03365,400
LOC03366,E,AISLE-06,RACK-03,SHELF-04,BIN-03366,200
LOC03367,E,AISLE-07,RACK-04,SHELF-05,BIN-03367,200
LOC03368,E,AISLE-08,RACK-20,SHELF-04,BIN-03368,250
LOC03369,E,AISLE-09,RACK-19,SHELF-01,BIN-03369,350
LOC03370,E,AISLE-10,RACK-04,SHELF-04,BIN-03370,200
LOC03371,E,AISLE-11,RACK-19,SHELF-05,BIN-03371,400
LOC03372,E,AISLE-12,RACK-01,SHELF-03,BIN-03372,350
LOC03373,E,AISLE-13,RACK-20,SHELF-03,BIN-03373,400
LOC03374,E,AISLE-14,RACK-06,SHELF-03,BIN-03374,400
LOC03375,E,AISLE-15,RACK-17,SHELF-03,BIN-03375,250
LOC03376,E,AISLE-16,RACK-09,SHELF-05,BIN-03376,200
LOC03377,E,AISLE-17,RACK-11,SHELF-03,BIN-03377,250
LOC03378,E,AISLE-18,RACK-15,SHELF-01,BIN-03378,175
LOC03379,E,AISLE-19,RACK-16,SHELF-01,BIN-03379,300
LOC03380,E,AISLE-20,RACK-17,SHELF-04,BIN-03380,400
LOC03381,E,AISLE-21,RACK-06,SHELF-02,BIN-03381,150
LOC03382,E,AISLE-22,RACK-14,SHELF-03,BIN-03382,150
LOC03383,E,AISLE-23,RACK-15,SHELF-03,BIN-03383,175
LOC03384,E,AISLE-24,RACK-07,SHELF-01,BIN-03384,200
LOC03385,E,AISLE-25,RACK-07,SHELF-03,BIN-03385,250
LOC03386,E,AISLE-26,RACK-11,SHELF-05,BIN-03386,400
LOC03387,E,AISLE-27,RACK-04,SHELF-03,BIN-03387,200
LOC03388,E,AISLE-28,RACK-19,SHELF-02,BIN-03388,300
LOC03389,E,AISLE-29,RACK-06,SHELF-02,BIN-03389,350
LOC03390,E,AISLE-30,RACK-06,SHELF-02,BIN-03390,175
LOC03391,E,AISLE-31,RACK-11,SHELF-05,BIN-03391,400
LOC03392,E,AISLE-32,RACK-20,SHELF-04,BIN-03392,250
LOC03393,E,AISLE-33,RACK-08,SHELF-03,BIN-03393,400
LOC03394,E,AISLE-34,RACK-10,SHELF-03,BIN-03394,175
LOC03395,E,AISLE-35,RACK-10,SHELF-03,BIN-03395,300
LOC03396,E,AISLE-36,RACK-11,SHELF-04,BIN-03396,250
LOC03397,E,AISLE-37,RACK-14,SHELF-05,BIN-03397,350
LOC03398,E,AISLE-38,RACK-14,SHELF-01,BIN-03398,350
LOC03399,E,AISLE-39,RACK-02,SHELF-04,BIN-03399,300
LOC03400,E,AISLE-40,RACK-05,SHELF-04,BIN-03400,250
LOC03401,E,AISLE-01,RACK-01,SHELF-02,BIN-03401,200
LOC03402,E,AISLE-02,RACK-09,SHELF-03,BIN-03402,300
LOC03403,E,AISLE-03,RACK-01,SHELF-03,BIN-03403,350
LOC03404,E,AISLE-04,RACK-13,SHELF-03,BIN-03404,200
LOC03405,E,AISLE-05,RACK-07,SHELF-05,BIN-03405,400
LOC03406,E,AISLE-06,RACK-09,SHELF-01,BIN-03406,150
LOC03407,E,AISLE-07,RACK-08,SHELF-02,BIN-03407,300
LOC03408,E,AISLE-08,RACK-16,SHELF-05,BIN-03408,400
LOC03409,E,AISLE-09,RACK-02,SHELF-04,BIN-03409,400
LOC03410,E,AISLE-10,RACK-08,SHELF-03,BIN-03410,350
LOC03411,E,AISLE-11,RACK-02,SHELF-01,BIN-03411,100
LOC03412,E,AISLE-12,RACK-11,SHELF-03,BIN-03412,300
LOC03413,E,AISLE-13,RACK-15,SHELF-03,BIN-03413,150
LOC03414,E,AISLE-14,RACK-16,SHELF-02,BIN-03414,150
LOC03415,E,AISLE-15,RACK-11,SHELF-04,BIN-03415,175
LOC03416,E,AISLE-16,RACK-05,SHELF-05,BIN-03416,250
LOC03417,E,AISLE-17,RACK-19,SHELF-02,BIN-03417,150
LOC03418,E,AISLE-18,RACK-15,SHELF-02,BIN-03418,300
LOC03419,E,AISLE-19,RACK-19,SHELF-05,BIN-03419,250
LOC03420,E,AISLE-20,RACK-18,SHELF-05,BIN-03420,250
LOC03421,E,AISLE-21,RACK-01,SHELF-02,BIN-03421,150
LOC03422,E,AISLE-22,RACK-11,SHELF-03,BIN-03422,400
LOC03423,E,AISLE-23,RACK-07,SHELF-02,BIN-03423,300
LOC03424,E,AISLE-24,RACK-15,SHELF-02,BIN-03424,400
LOC03425,E,AISLE-25,RACK-12,SHELF-03,BIN-03425,200
LOC03426,E,AISLE-26,RACK-09,SHELF-03,BIN-03426,100
LOC03427,E,AISLE-27,RACK-05,SHELF-01,BIN-03427,350
LOC03428,E,AISLE-28,RACK-14,SHELF-04,BIN-03428,400
LOC03429,E,AISLE-29,RACK-02,SHELF-05,BIN-03429,100
LOC03430,E,AISLE-30,RACK-17,SHELF-03,BIN-03430,100
LOC03431,E,AISLE-31,RACK-19,SHELF-04,BIN-03431,100
LOC03432,E,AISLE-32,RACK-17,SHELF-03,BIN-03432,400
LOC03433,E,AISLE-33,RACK-10,SHELF-05,BIN-03433,300
LOC03434,E,AISLE-34,RACK-03,SHELF-01,BIN-03434,150
LOC03435,E,AISLE-35,RACK-18,SHELF-01,BIN-03435,175
LOC03436,E,AISLE-36,RACK-17,SHELF-01,BIN-03436,400
LOC03437,E,AISLE-37,RACK-20,SHELF-02,BIN-03437,150
LOC03438,E,AISLE-38,RACK-14,SHELF-03,BIN-03438,400
LOC03439,E,AISLE-39,RACK-15,SHELF-02,BIN-03439,300
LOC03440,E,AISLE-40,RACK-03,SHELF-02,BIN-03440,300
LOC03441,E,AISLE-01,RACK-15,SHELF-05,BIN-03441,350
LOC03442,E,AISLE-02,RACK-01,SHELF-04,BIN-03442,250
LOC03443,E,AISLE-03,RACK-01,SHELF-05,BIN-03443,350
LOC03444,E,AISLE-04,RACK-01,SHELF-01,BIN-03444,200
LOC03445,E,AISLE-05,RACK-11,SHELF-04,BIN-03445,175
LOC03446,E,AISLE-06,RACK-09,SHELF-02,BIN-03446,300
LOC03447,E,AISLE-07,RACK-18,SHELF-04,BIN-03447,200
LOC03448,E,AISLE-08,RACK-19,SHELF-03,BIN-03448,175
LOC03449,E,AISLE-09,RACK-07,SHELF-02,BIN-03449,200
LOC03450,E,AISLE-10,RACK-10,SHELF-02,BIN-03450,150
LOC03451,E,AISLE-11,RACK-01,SHELF-05,BIN-03451,100
LOC03452,E,AISLE-12,RACK-05,SHELF-05,BIN-03452,300
LOC03453,E,AISLE-13,RACK-03,SHELF-03,BIN-03453,300
LOC03454,E,AISLE-14,RACK-08,SHELF-02,BIN-03454,200
LOC03455,E,AISLE-15,RACK-10,SHELF-02,BIN-03455,350
LOC03456,E,AISLE-16,RACK-09,SHELF-02,BIN-03456,200
LOC03457,E,AISLE-17,RACK-12,SHELF-01,BIN-03457,175
LOC03458,E,AISLE-18,RACK-15,SHELF-01,BIN-03458,350
LOC03459,E,AISLE-19,RACK-01,SHELF-04,BIN-03459,200
LOC03460,E,AISLE-20,RACK-13,SHELF-01,BIN-03460,400
LOC03461,E,AISLE-21,RACK-15,SHELF-04,BIN-03461,200
LOC03462,E,AISLE-22,RACK-07,SHELF-04,BIN-03462,150
LOC03463,E,AISLE-23,RACK-03,SHELF-02,BIN-03463,150
LOC03464,E,AISLE-24,RACK-06,SHELF-02,BIN-03464,150
LOC03465,E,AISLE-25,RACK-16,SHELF-05,BIN-03465,300
LOC03466,E,AISLE-26,RACK-11,SHELF-04,BIN-03466,200
LOC03467,E,AISLE-27,RACK-07,SHELF-01,BIN-03467,300
LOC03468,E,AISLE-28,RACK-16,SHELF-03,BIN-03468,150
LOC03469,E,AISLE-29,RACK-15,SHELF-01,BIN-03469,100
LOC03470,E,AISLE-30,RACK-13,SHELF-04,BIN-03470,350
LOC03471,E,AISLE-31,RACK-04,SHELF-03,BIN-03471,300
LOC03472,E,AISLE-32,RACK-10,SHELF-01,BIN-03472,350
LOC03473,E,AISLE-33,RACK-10,SHELF-02,BIN-03473,150
LOC03474,E,AISLE-34,RACK-13,SHELF-04,BIN-03474,100
LOC03475,E,AISLE-35,RACK-09,SHELF-03,BIN-03475,100
LOC03476,E,AISLE-36,RACK-05,SHELF-02,BIN-03476,175
LOC03477,E,AISLE-37,RACK-19,SHELF-01,BIN-03477,175
LOC03478,E,AISLE-38,RACK-17,SHELF-02,BIN-03478,175
LOC03479,E,AISLE-39,RACK-16,SHELF-01,BIN-03479,100
LOC03480,E,AISLE-40,RACK-20,SHELF-02,BIN-03480,250
LOC03481,E,AISLE-01,RACK-12,SHELF-05,BIN-03481,350
LOC03482,E,AISLE-02,RACK-06,SHELF-04,BIN-03482,175
LOC03483,E,AISLE-03,RACK-06,SHELF-05,BIN-03483,175
LOC03484,E,AISLE-04,RACK-06,SHELF-03,BIN-03484,150
LOC03485,E,AISLE-05,RACK-06,SHELF-01,BIN-03485,400
LOC03486,E,AISLE-06,RACK-07,SHELF-03,BIN-03486,350
LOC03487,E,AISLE-07,RACK-12,SHELF-03,BIN-03487,300
LOC03488,E,AISLE-08,RACK-01,SHELF-01,BIN-03488,300
LOC03489,E,AISLE-09,RACK-01,SHELF-04,BIN-03489,100
LOC03490,E,AISLE-10,RACK-05,SHELF-04,BIN-03490,100
LOC03491,E,AISLE-11,RACK-18,SHELF-04,BIN-03491,175
LOC03492,E,AISLE-12,RACK-06,SHELF-01,BIN-03492,100
LOC03493,E,AISLE-13,RACK-12,SHELF-02,BIN-03493,150
LOC03494,E,AISLE-14,RACK-14,SHELF-01,BIN-03494,150
LOC03495,E,AISLE-15,RACK-16,SHELF-04,BIN-03495,350
LOC03496,E,AISLE-16,RACK-18,SHELF-04,BIN-03496,175
LOC03497,E,AISLE-17,RACK-20,SHELF-01,BIN-03497,250
LOC03498,E,AISLE-18,RACK-16,SHELF-04,BIN-03498,250
LOC03499,E,AISLE-19,RACK-05,SHELF-03,BIN-03499,300
LOC03500,E,AISLE-20,RACK-20,SHELF-01,BIN-03500,400
LOC03501,E,AISLE-21,RACK-16,SHELF-05,BIN-03501,200
LOC03502,E,AISLE-22,RACK-05,SHELF-02,BIN-03502,175
LOC03503,E,AISLE-23,RACK-05,SHELF-02,BIN-03503,150
LOC03504,E,AISLE-24,RACK-04,SHELF-04,BIN-03504,250
LOC03505,E,AISLE-25,RACK-20,SHELF-01,BIN-03505,200
LOC03506,E,AISLE-26,RACK-08,SHELF-03,BIN-03506,175
LOC03507,E,AISLE-27,RACK-10,SHELF-03,BIN-03507,400
LOC03508,E,AISLE-28,RACK-19,SHELF-05,BIN-03508,250
LOC03509,E,AISLE-29,RACK-05,SHELF-03,BIN-03509,350
LOC03510,E,AISLE-30,RACK-12,SHELF-02,BIN-03510,100
LOC03511,E,AISLE-31,RACK-13,SHELF-01,BIN-03511,200
LOC03512,E,AISLE-32,RACK-06,SHELF-01,BIN-03512,175
LOC03513,E,AISLE-33,RACK-02,SHELF-02,BIN-03513,175
LOC03514,E,AISLE-34,RACK-13,SHELF-03,BIN-03514,100
LOC03515,E,AISLE-35,RACK-19,SHELF-04,BIN-03515,400
LOC03516,E,AISLE-36,RACK-12,SHELF-02,BIN-03516,350
LOC03517,E,AISLE-37,RACK-15,SHELF-02,BIN-03517,400
LOC03518,E,AISLE-38,RACK-20,SHELF-03,BIN-03518,400
LOC03519,E,AISLE-39,RACK-04,SHELF-03,BIN-03519,300
LOC03520,E,AISLE-40,RACK-11,SHELF-02,BIN-03520,250
LOC03521,E,AISLE-01,RACK-11,SHELF-04,BIN-03521,400
LOC03522,E,AISLE-02,RACK-04,SHELF-03,BIN-03522,250
LOC03523,E,AISLE-03,RACK-03,SHELF-03,BIN-03523,350
LOC03524,E,AISLE-04,RACK-01,SHELF-05,BIN-03524,175
LOC03525,E,AISLE-05,RACK-04,SHELF-02,BIN-03525,400
LOC03526,E,AISLE-06,RACK-04,SHELF-01,BIN-03526,250
LOC03527,E,AISLE-07,RACK-05,SHELF-03,BIN-03527,250
LOC03528,E,AISLE-08,RACK-15,SHELF-04,BIN-03528,150
LOC03529,E,AISLE-09,RACK-17,SHELF-02,BIN-03529,350
LOC03530,E,AISLE-10,RACK-17,SHELF-02,BIN-03530,175
LOC03531,E,AISLE-11,RACK-08,SHELF-01,BIN-03531,200
LOC03532,E,AISLE-12,RACK-12,SHELF-05,BIN-03532,175
LOC03533,E,AISLE-13,RACK-19,SHELF-05,BIN-03533,100
LOC03534,E,AISLE-14,RACK-18,SHELF-03,BIN-03534,200
LOC03535,E,AISLE-15,RACK-17,SHELF-02,BIN-03535,300
LOC03536,E,AISLE-16,RACK-06,SHELF-01,BIN-03536,175
LOC03537,E,AISLE-17,RACK-20,SHELF-02,BIN-03537,175
LOC03538,E,AISLE-18,RACK-18,SHELF-05,BIN-03538,350
LOC03539,E,AISLE-19,RACK-07,SHELF-03,BIN-03539,100
LOC03540,E,AISLE-20,RACK-13,SHELF-03,BIN-03540,350
LOC03541,E,AISLE-21,RACK-17,SHELF-04,BIN-03541,400
LOC03542,E,AISLE-22,RACK-15,SHELF-03,BIN-03542,175
LOC03543,E,AISLE-23,RACK-10,SHELF-01,BIN-03543,150
LOC03544,E,AISLE-24,RACK-09,SHELF-05,BIN-03544,250
LOC03545,E,AISLE-25,RACK-07,SHELF-05,BIN-03545,150
LOC03546,E,AISLE-26,RACK-02,SHELF-04,BIN-03546,175
LOC03547,E,AISLE-27,RACK-05,SHELF-04,BIN-03547,175
LOC03548,E,AISLE-28,RACK-08,SHELF-04,BIN-03548,175
LOC03549,E,AISLE-29,RACK-14,SHELF-04,BIN-03549,200
LOC03550,E,AISLE-30,RACK-08,SHELF-03,BIN-03550,150
LOC03551,E,AISLE-31,RACK-08,SHELF-03,BIN-03551,175
LOC03552,E,AISLE-32,RACK-13,SHELF-01,BIN-03552,175
LOC03553,E,AISLE-33,RACK-07,SHELF-04,BIN-03553,175
LOC03554,E,AISLE-34,RACK-09,SHELF-03,BIN-03554,100
LOC03555,E,AISLE-35,RACK-04,SHELF-05,BIN-03555,250
LOC03556,E,AISLE-36,RACK-17,SHELF-01,BIN-03556,400
LOC03557,E,AISLE-37,RACK-08,SHELF-04,BIN-03557,250
LOC03558,E,AISLE-38,RACK-04,SHELF-05,BIN-03558,400
LOC03559,E,AISLE-39,RACK-05,SHELF-01,BIN-03559,300
LOC03560,E,AISLE-40,RACK-09,SHELF-01,BIN-03560,350
LOC03561,E,AISLE-01,RACK-09,SHELF-01,BIN-03561,400
LOC03562,E,AISLE-02,RACK-14,SHELF-05,BIN-03562,175
LOC03563,E,AISLE-03,RACK-16,SHELF-03,BIN-03563,200
LOC03564,E,AISLE-04,RACK-17,SHELF-01,BIN-03564,150
LOC03565,E,AISLE-05,RACK-20,SHELF-05,BIN-03565,300
LOC03566,E,AISLE-06,RACK-08,SHELF-04,BIN-03566,350
LOC03567,E,AISLE-07,RACK-14,SHELF-01,BIN-03567,150
LOC03568,E,AISLE-08,RACK-09,SHELF-03,BIN-03568,250
LOC03569,E,AISLE-09,RACK-17,SHELF-03,BIN-03569,350
LOC03570,E,AISLE-10,RACK-09,SHELF-03,BIN-03570,150
LOC03571,E,AISLE-11,RACK-01,SHELF-01,BIN-03571,400
LOC03572,E,AISLE-12,RACK-08,SHELF-05,BIN-03572,400
LOC03573,E,AISLE-13,RACK-08,SHELF-05,BIN-03573,350
LOC03574,E,AISLE-14,RACK-09,SHELF-01,BIN-03574,400
LOC03575,E,AISLE-15,RACK-18,SHELF-05,BIN-03575,350
LOC03576,E,AISLE-16,RACK-20,SHELF-05,BIN-03576,350
LOC03577,E,AISLE-17,RACK-02,SHELF-05,BIN-03577,150
LOC03578,E,AISLE-18,RACK-19,SHELF-01,BIN-03578,150
LOC03579,E,AISLE-19,RACK-04,SHELF-02,BIN-03579,300
LOC03580,E,AISLE-20,RACK-19,SHELF-05,BIN-03580,350
LOC03581,E,AISLE-21,RACK-13,SHELF-01,BIN-03581,300
LOC03582,E,AISLE-22,RACK-15,SHELF-04,BIN-03582,100
LOC03583,E,AISLE-23,RACK-13,SHELF-04,BIN-03583,100
LOC03584,E,AISLE-24,RACK-07,SHELF-05,BIN-03584,175
LOC03585,E,AISLE-25,RACK-01,SHELF-03,BIN-03585,150
LOC03586,E,AISLE-26,RACK-10,SHELF-04,BIN-03586,100
LOC03587,E,AISLE-27,RACK-15,SHELF-03,BIN-03587,300
LOC03588,E,AISLE-28,RACK-12,SHELF-03,BIN-03588,200
LOC03589,E,AISLE-29,RACK-09,SHELF-04,BIN-03589,100
LOC03590,E,AISLE-30,RACK-11,SHELF-04,BIN-03590,250
LOC03591,E,AISLE-31,RACK-06,SHELF-02,BIN-03591,300
LOC03592,E,AISLE-32,RACK-13,SHELF-03,BIN-03592,175
LOC03593,E,AISLE-33,RACK-16,SHELF-01,BIN-03593,300
LOC03594,E,AISLE-34,RACK-12,SHELF-05,BIN-03594,200
LOC03595,E,AISLE-35,RACK-11,SHELF-03,BIN-03595,150
LOC03596,E,AISLE-36,RACK-03,SHELF-04,BIN-03596,300
LOC03597,E,AISLE-37,RACK-20,SHELF-04,BIN-03597,175
LOC03598,E,AISLE-38,RACK-13,SHELF-02,BIN-03598,250
LOC03599,E,AISLE-39,RACK-16,SHELF-03,BIN-03599,300
LOC03600,E,AISLE-40,RACK-15,SHELF-03,BIN-03600,175
LOC03601,E,AISLE-01,RACK-06,SHELF-03,BIN-03601,100
LOC03602,E,AISLE-02,RACK-04,SHELF-02,BIN-03602,250
LOC03603,E,AISLE-03,RACK-17,SHELF-05,BIN-03603,250
LOC03604,E,AISLE-04,RACK-18,SHELF-05,BIN-03604,175
LOC03605,E,AISLE-05,RACK-13,SHELF-05,BIN-03605,150
LOC03606,E,AISLE-06,RACK-07,SHELF-01,BIN-03606,150
LOC03607,E,AISLE-07,RACK-20,SHELF-04,BIN-03607,250
LOC03608,E,AISLE-08,RACK-05,SHELF-03,BIN-03608,300
LOC03609,E,AISLE-09,RACK-13,SHELF-02,BIN-03609,350
LOC03610,E,AISLE-10,RACK-04,SHELF-03,BIN-03610,150
LOC03611,E,AISLE-11,RACK-11,SHELF-02,BIN-03611,400
LOC03612,E,AISLE-12,RACK-02,SHELF-02,BIN-03612,175
LOC03613,E,AISLE-13,RACK-09,SHELF-01,BIN-03613,400
LOC03614,E,AISLE-14,RACK-08,SHELF-02,BIN-03614,200
LOC03615,E,AISLE-15,RACK-08,SHELF-04,BIN-03615,200
LOC03616,E,AISLE-16,RACK-05,SHELF-01,BIN-03616,250
LOC03617,E,AISLE-17,RACK-08,SHELF-01,BIN-03617,400
LOC03618,E,AISLE-18,RACK-15,SHELF-04,BIN-03618,200
LOC03619,E,AISLE-19,RACK-14,SHELF-02,BIN-03619,350
LOC03620,E,AISLE-20,RACK-19,SHELF-04,BIN-03620,250
LOC03621,E,AISLE-21,RACK-12,SHELF-03,BIN-03621,350
LOC03622,E,AISLE-22,RACK-12,SHELF-03,BIN-03622,200
LOC03623,E,AISLE-23,RACK-11,SHELF-05,BIN-03623,300
LOC03624,E,AISLE-24,RACK-03,SHELF-02,BIN-03624,300
LOC03625,E,AISLE-25,RACK-08,SHELF-05,BIN-03625,175
LOC03626,E,AISLE-26,RACK-04,SHELF-05,BIN-03626,400
LOC03627,E,AISLE-27,RACK-18,SHELF-03,BIN-03627,150
LOC03628,E,AISLE-28,RACK-20,SHELF-02,BIN-03628,300
LOC03629,E,AISLE-29,RACK-18,SHELF-02,BIN-03629,400
LOC03630,E,AISLE-30,RACK-09,SHELF-05,BIN-03630,100
LOC03631,E,AISLE-31,RACK-15,SHELF-05,BIN-03631,400
LOC03632,E,AISLE-32,RACK-16,SHELF-05,BIN-03632,350
LOC03633,E,AISLE-33,RACK-03,SHELF-02,BIN-03633,100
LOC03634,E,AISLE-34,RACK-18,SHELF-04,BIN-03634,100
LOC03635,E,AISLE-35,RACK-12,SHELF-04,BIN-03635,175
LOC03636,E,AISLE-36,RACK-03,SHELF-03,BIN-03636,150
LOC03637,E,AISLE-37,RACK-09,SHELF-05,BIN-03637,250
LOC03638,E,AISLE-38,RACK-01,SHELF-05,BIN-03638,400
LOC03639,E,AISLE-39,RACK-14,SHELF-02,BIN-03639,350
LOC03640,E,AISLE-40,RACK-07,SHELF-04,BIN-03640,250
LOC03641,E,AISLE-01,RACK-18,SHELF-03,BIN-03641,300
LOC03642,E,AISLE-02,RACK-08,SHELF-05,BIN-03642,350
LOC03643,E,AISLE-03,RACK-05,SHELF-05,BIN-03643,300
LOC03644,E,AISLE-04,RACK-01,SHELF-05,BIN-03644,100
LOC03645,E,AISLE-05,RACK-12,SHELF-05,BIN-03645,150
LOC03646,E,AISLE-06,RACK-03,SHELF-05,BIN-03646,150
LOC03647,E,AISLE-07,RACK-17,SHELF-04,BIN-03647,175
LOC03648,E,AISLE-08,RACK-07,SHELF-02,BIN-03648,175
LOC03649,E,AISLE-09,RACK-06,SHELF-01,BIN-03649,400
LOC03650,E,AISLE-10,RACK-04,SHELF-03,BIN-03650,150
LOC03651,E,AISLE-11,RACK-04,SHELF-04,BIN-03651,350
LOC03652,E,AISLE-12,RACK-14,SHELF-04,BIN-03652,400
LOC03653,E,AISLE-13,RACK-05,SHELF-03,BIN-03653,175
LOC03654,E,AISLE-14,RACK-04,SHELF-03,BIN-03654,300
LOC03655,E,AISLE-15,RACK-06,SHELF-04,BIN-03655,250
LOC03656,E,AISLE-16,RACK-16,SHELF-01,BIN-03656,175
LOC03657,E,AISLE-17,RACK-09,SHELF-04,BIN-03657,200
LOC03658,E,AISLE-18,RACK-08,SHELF-03,BIN-03658,150
LOC03659,E,AISLE-19,RACK-11,SHELF-04,BIN-03659,150
LOC03660,E,AISLE-20,RACK-17,SHELF-03,BIN-03660,100
LOC03661,E,AISLE-21,RACK-20,SHELF-01,BIN-03661,100
LOC03662,E,AISLE-22,RACK-12,SHELF-01,BIN-03662,175
LOC03663,E,AISLE-23,RACK-01,SHELF-05,BIN-03663,100
LOC03664,E,AISLE-24,RACK-01,SHELF-03,BIN-03664,350
LOC03665,E,AISLE-25,RACK-10,SHELF-01,BIN-03665,300
LOC03666,E,AISLE-26,RACK-03,SHELF-02,BIN-03666,200
LOC03667,E,AISLE-27,RACK-20,SHELF-04,BIN-03667,175
LOC03668,E,AISLE-28,RACK-18,SHELF-02,BIN-03668,300
LOC03669,E,AISLE-29,RACK-04,SHELF-02,BIN-03669,300
LOC03670,E,AISLE-30,RACK-19,SHELF-02,BIN-03670,400
LOC03671,E,AISLE-31,RACK-06,SHELF-05,BIN-03671,175
LOC03672,E,AISLE-32,RACK-15,SHELF-01,BIN-03672,100
LOC03673,E,AISLE-33,RACK-18,SHELF-01,BIN-03673,250
LOC03674,E,AISLE-34,RACK-10,SHELF-01,BIN-03674,300
LOC03675,E,AISLE-35,RACK-06,SHELF-05,BIN-03675,175
LOC03676,E,AISLE-36,RACK-04,SHELF-04,BIN-03676,200
LOC03677,E,AISLE-37,RACK-20,SHELF-02,BIN-03677,300
LOC03678,E,AISLE-38,RACK-15,SHELF-05,BIN-03678,350
LOC03679,E,AISLE-39,RACK-15,SHELF-01,BIN-03679,150
LOC03680,E,AISLE-40,RACK-11,SHELF-02,BIN-03680,300
LOC03681,E,AISLE-01,RACK-05,SHELF-02,BIN-03681,400
LOC03682,E,AISLE-02,RACK-07,SHELF-04,BIN-03682,100
LOC03683,E,AISLE-03,RACK-12,SHELF-01,BIN-03683,400
LOC03684,E,AISLE-04,RACK-19,SHELF-01,BIN-03684,150
LOC03685,E,AISLE-05,RACK-11,SHELF-05,BIN-03685,350
LOC03686,E,AISLE-06,RACK-18,SHELF-02,BIN-03686,250
LOC03687,E,AISLE-07,RACK-11,SHELF-02,BIN-03687,400
LOC03688,E,AISLE-08,RACK-07,SHELF-03,BIN-03688,350
LOC03689,E,AISLE-09,RACK-13,SHELF-04,BIN-03689,350
LOC03690,E,AISLE-10,RACK-03,SHELF-04,BIN-03690,100
LOC03691,E,AISLE-11,RACK-16,SHELF-01,BIN-03691,300
LOC03692,E,AISLE-12,RACK-18,SHELF-04,BIN-03692,350
LOC03693,E,AISLE-13,RACK-10,SHELF-04,BIN-03693,250
LOC03694,E,AISLE-14,RACK-02,SHELF-05,BIN-03694,100
LOC03695,E,AISLE-15,RACK-07,SHELF-01,BIN-03695,250
LOC03696,E,AISLE-16,RACK-19,SHELF-05,BIN-03696,175
LOC03697,E,AISLE-17,RACK-11,SHELF-01,BIN-03697,100
LOC03698,E,AISLE-18,RACK-02,SHELF-03,BIN-03698,350
LOC03699,E,AISLE-19,RACK-07,SHELF-03,BIN-03699,100
LOC03700,E,AISLE-20,RACK-14,SHELF-05,BIN-03700,175
LOC03701,E,AISLE-21,RACK-17,SHELF-03,BIN-03701,100
LOC03702,E,AISLE-22,RACK-07,SHELF-01,BIN-03702,400
LOC03703,E,AISLE-23,RACK-06,SHELF-02,BIN-03703,300
LOC03704,E,AISLE-24,RACK-03,SHELF-02,BIN-03704,400
LOC03705,E,AISLE-25,RACK-07,SHELF-05,BIN-03705,100
LOC03706,E,AISLE-26,RACK-02,SHELF-04,BIN-03706,200
LOC03707,E,AISLE-27,RACK-04,SHELF-03,BIN-03707,100
LOC03708,E,AISLE-28,RACK-08,SHELF-03,BIN-03708,175
LOC03709,E,AISLE-29,RACK-13,SHELF-02,BIN-03709,300
LOC03710,E,AISLE-30,RACK-13,SHELF-01,BIN-03710,175
LOC03711,E,AISLE-31,RACK-05,SHELF-05,BIN-03711,200
LOC03712,E,AISLE-32,RACK-20,SHELF-03,BIN-03712,350
LOC03713,E,AISLE-33,RACK-19,SHELF-03,BIN-03713,200
LOC03714,E,AISLE-34,RACK-09,SHELF-04,BIN-03714,100
LOC03715,E,AISLE-35,RACK-14,SHELF-04,BIN-03715,350
LOC03716,E,AISLE-36,RACK-09,SHELF-02,BIN-03716,400
LOC03717,E,AISLE-37,RACK-09,SHELF-05,BIN-03717,100
LOC03718,E,AISLE-38,RACK-13,SHELF-01,BIN-03718,400
LOC03719,E,AISLE-39,RACK-05,SHELF-02,BIN-03719,150
LOC03720,E,AISLE-40,RACK-04,SHELF-01,BIN-03720,175
LOC03721,E,AISLE-01,RACK-16,SHELF-01,BIN-03721,175
LOC03722,E,AISLE-02,RACK-18,SHELF-03,BIN-03722,175
LOC03723,E,AISLE-03,RACK-09,SHELF-04,BIN-03723,250
LOC03724,E,AISLE-04,RACK-18,SHELF-03,BIN-03724,250
LOC03725,E,AISLE-05,RACK-19,SHELF-03,BIN-03725,150
LOC03726,E,AISLE-06,RACK-04,SHELF-04,BIN-03726,200
LOC03727,E,AISLE-07,RACK-03,SHELF-05,BIN-03727,400
LOC03728,E,AISLE-08,RACK-07,SHELF-02,BIN-03728,100
LOC03729,E,AISLE-09,RACK-16,SHELF-04,BIN-03729,150
LOC03730,E,AISLE-10,RACK-04,SHELF-02,BIN-03730,100
LOC03731,E,AISLE-11,RACK-13,SHELF-02,BIN-03731,150
LOC03732,E,AISLE-12,RACK-03,SHELF-02,BIN-03732,350
LOC03733,E,AISLE-13,RACK-20,SHELF-03,BIN-03733,400
LOC03734,E,AISLE-14,RACK-05,SHELF-04,BIN-03734,100
LOC03735,E,AISLE-15,RACK-17,SHELF-02,BIN-03735,200
LOC03736,E,AISLE-16,RACK-11,SHELF-01,BIN-03736,100
LOC03737,E,AISLE-17,RACK-05,SHELF-03,BIN-03737,250
LOC03738,E,AISLE-18,RACK-06,SHELF-03,BIN-03738,400
LOC03739,E,AISLE-19,RACK-07,SHELF-01,BIN-03739,350
LOC03740,E,AISLE-20,RACK-13,SHELF-02,BIN-03740,250
LOC03741,E,AISLE-21,RACK-17,SHELF-01,BIN-03741,200
LOC03742,E,AISLE-22,RACK-06,SHELF-02,BIN-03742,300
LOC03743,E,AISLE-23,RACK-15,SHELF-01,BIN-03743,400
LOC03744,E,AISLE-24,RACK-03,SHELF-02,BIN-03744,250
LOC03745,E,AISLE-25,RACK-18,SHELF-02,BIN-03745,175
LOC03746,E,AISLE-26,RACK-18,SHELF-03,BIN-03746,100
LOC03747,E,AISLE-27,RACK-04,SHELF-01,BIN-03747,350
LOC03748,E,AISLE-28,RACK-17,SHELF-05,BIN-03748,100
LOC03749,E,AISLE-29,RACK-20,SHELF-02,BIN-03749,300
LOC03750,E,AISLE-30,RACK-12,SHELF-01,BIN-03750,175
LOC03751,E,AISLE-31,RACK-04,SHELF-02,BIN-03751,100
LOC03752,E,AISLE-32,RACK-13,SHELF-01,BIN-03752,100
LOC03753,E,AISLE-33,RACK-13,SHELF-05,BIN-03753,150
LOC03754,E,AISLE-34,RACK-08,SHELF-01,BIN-03754,150
LOC03755,E,AISLE-35,RACK-01,SHELF-04,BIN-03755,350
LOC03756,E,AISLE-36,RACK-10,SHELF-05,BIN-03756,350
LOC03757,E,AISLE-37,RACK-15,SHELF-02,BIN-03757,400
LOC03758,E,AISLE-38,RACK-20,SHELF-03,BIN-03758,300
LOC03759,E,AISLE-39,RACK-15,SHELF-04,BIN-03759,175
LOC03760,E,AISLE-40,RACK-15,SHELF-05,BIN-03760,300
LOC03761,E,AISLE-01,RACK-08,SHELF-02,BIN-03761,250
LOC03762,E,AISLE-02,RACK-06,SHELF-04,BIN-03762,250
LOC03763,E,AISLE-03,RACK-06,SHELF-03,BIN-03763,100
LOC03764,E,AISLE-04,RACK-14,SHELF-03,BIN-03764,175
LOC03765,E,AISLE-05,RACK-02,SHELF-04,BIN-03765,350
LOC03766,E,AISLE-06,RACK-18,SHELF-02,BIN-03766,350
LOC03767,E,AISLE-07,RACK-05,SHELF-03,BIN-03767,200
LOC03768,E,AISLE-08,RACK-13,SHELF-04,BIN-03768,350
LOC03769,E,AISLE-09,RACK-15,SHELF-04,BIN-03769,400
LOC03770,E,AISLE-10,RACK-13,SHELF-04,BIN-03770,300
LOC03771,E,AISLE-11,RACK-11,SHELF-03,BIN-03771,350
LOC03772,E,AISLE-12,RACK-05,SHELF-05,BIN-03772,200
LOC03773,E,AISLE-13,RACK-08,SHELF-02,BIN-03773,200
LOC03774,E,AISLE-14,RACK-19,SHELF-02,BIN-03774,300
LOC03775,E,AISLE-15,RACK-15,SHELF-05,BIN-03775,350
LOC03776,E,AISLE-16,RACK-12,SHELF-03,BIN-03776,200
LOC03777,E,AISLE-17,RACK-13,SHELF-02,BIN-03777,400
LOC03778,E,AISLE-18,RACK-04,SHELF-05,BIN-03778,400
LOC03779,E,AISLE-19,RACK-10,SHELF-05,BIN-03779,350
LOC03780,E,AISLE-20,RACK-02,SHELF-02,BIN-03780,200
LOC03781,E,AISLE-21,RACK-11,SHELF-05,BIN-03781,175
LOC03782,E,AISLE-22,RACK-13,SHELF-05,BIN-03782,350
LOC03783,E,AISLE-23,RACK-06,SHELF-04,BIN-03783,100
LOC03784,E,AISLE-24,RACK-07,SHELF-04,BIN-03784,175
LOC03785,E,AISLE-25,RACK-09,SHELF-05,BIN-03785,175
LOC03786,E,AISLE-26,RACK-13,SHELF-05,BIN-03786,200
LOC03787,E,AISLE-27,RACK-05,SHELF-04,BIN-03787,300
LOC03788,E,AISLE-28,RACK-15,SHELF-02,BIN-03788,175
LOC03789,E,AISLE-29,RACK-16,SHELF-03,BIN-03789,100
LOC03790,E,AISLE-30,RACK-04,SHELF-01,BIN-03790,150
LOC03791,E,AISLE-31,RACK-01,SHELF-01,BIN-03791,100
LOC03792,E,AISLE-32,RACK-11,SHELF-01,BIN-03792,300
LOC03793,E,AISLE-33,RACK-12,SHELF-02,BIN-03793,175
LOC03794,E,AISLE-34,RACK-07,SHELF-03,BIN-03794,150
LOC03795,E,AISLE-35,RACK-12,SHELF-05,BIN-03795,300
LOC03796,E,AISLE-36,RACK-19,SHELF-04,BIN-03796,400
LOC03797,E,AISLE-37,RACK-11,SHELF-02,BIN-03797,250
LOC03798,E,AISLE-38,RACK-10,SHELF-01,BIN-03798,175
LOC03799,E,AISLE-39,RACK-05,SHELF-02,BIN-03799,350
LOC03800,E,AISLE-40,RACK-04,SHELF-05,BIN-03800,350
LOC03801,E,AISLE-01,RACK-06,SHELF-05,BIN-03801,400
LOC03802,E,AISLE-02,RACK-09,SHELF-02,BIN-03802,150
LOC03803,E,AISLE-03,RACK-05,SHELF-04,BIN-03803,150
LOC03804,E,AISLE-04,RACK-02,SHELF-02,BIN-03804,350
LOC03805,E,AISLE-05,RACK-16,SHELF-04,BIN-03805,400
LOC03806,E,AISLE-06,RACK-06,SHELF-01,BIN-03806,300
LOC03807,E,AISLE-07,RACK-15,SHELF-05,BIN-03807,175
LOC03808,E,AISLE-08,RACK-15,SHELF-01,BIN-03808,400
LOC03809,E,AISLE-09,RACK-19,SHELF-03,BIN-03809,300
LOC03810,E,AISLE-10,RACK-03,SHELF-03,BIN-03810,150
LOC03811,E,AISLE-11,RACK-06,SHELF-02,BIN-03811,250
LOC03812,E,AISLE-12,RACK-13,SHELF-02,BIN-03812,150
LOC03813,E,AISLE-13,RACK-07,SHELF-03,BIN-03813,250
LOC03814,E,AISLE-14,RACK-03,SHELF-03,BIN-03814,400
LOC03815,E,AISLE-15,RACK-01,SHELF-05,BIN-03815,350
LOC03816,E,AISLE-16,RACK-06,SHELF-03,BIN-03816,250
LOC03817,E,AISLE-17,RACK-07,SHELF-05,BIN-03817,250
LOC03818,E,AISLE-18,RACK-17,SHELF-01,BIN-03818,400
LOC03819,E,AISLE-19,RACK-11,SHELF-02,BIN-03819,100
LOC03820,E,AISLE-20,RACK-08,SHELF-03,BIN-03820,250
LOC03821,E,AISLE-21,RACK-15,SHELF-04,BIN-03821,300
LOC03822,E,AISLE-22,RACK-02,SHELF-03,BIN-03822,400
LOC03823,E,AISLE-23,RACK-03,SHELF-03,BIN-03823,100
LOC03824,E,AISLE-24,RACK-05,SHELF-05,BIN-03824,100
LOC03825,E,AISLE-25,RACK-19,SHELF-01,BIN-03825,250
LOC03826,E,AISLE-26,RACK-13,SHELF-02,BIN-03826,400
LOC03827,E,AISLE-27,RACK-13,SHELF-04,BIN-03827,100
LOC03828,E,AISLE-28,RACK-09,SHELF-04,BIN-03828,300
LOC03829,E,AISLE-29,RACK-12,SHELF-05,BIN-03829,350
LOC03830,E,AISLE-30,RACK-14,SHELF-03,BIN-03830,175
LOC03831,E,AISLE-31,RACK-12,SHELF-03,BIN-03831,200
LOC03832,E,AISLE-32,RACK-16,SHELF-03,BIN-03832,250
LOC03833,E,AISLE-33,RACK-03,SHELF-04,BIN-03833,150
LOC03834,E,AISLE-34,RACK-11,SHELF-05,BIN-03834,150
LOC03835,E,AISLE-35,RACK-01,SHELF-02,BIN-03835,150
LOC03836,E,AISLE-36,RACK-08,SHELF-01,BIN-03836,175
LOC03837,E,AISLE-37,RACK-12,SHELF-01,BIN-03837,175
LOC03838,E,AISLE-38,RACK-19,SHELF-02,BIN-03838,150
LOC03839,E,AISLE-39,RACK-03,SHELF-01,BIN-03839,100
LOC03840,E,AISLE-40,RACK-11,SHELF-05,BIN-03840,150
LOC03841,E,AISLE-01,RACK-05,SHELF-05,BIN-03841,400
LOC03842,E,AISLE-02,RACK-11,SHELF-01,BIN-03842,150
LOC03843,E,AISLE-03,RACK-02,SHELF-02,BIN-03843,200
LOC03844,E,AISLE-04,RACK-03,SHELF-02,BIN-03844,150
LOC03845,E,AISLE-05,RACK-03,SHELF-01,BIN-03845,350
LOC03846,E,AISLE-06,RACK-08,SHELF-02,BIN-03846,100
LOC03847,E,AISLE-07,RACK-03,SHELF-04,BIN-03847,300
LOC03848,E,AISLE-08,RACK-17,SHELF-02,BIN-03848,400
LOC03849,E,AISLE-09,RACK-07,SHELF-04,BIN-03849,175
LOC03850,E,AISLE-10,RACK-16,SHELF-03,BIN-03850,100
LOC03851,E,AISLE-11,RACK-15,SHELF-02,BIN-03851,100
LOC03852,E,AISLE-12,RACK-03,SHELF-02,BIN-03852,200
LOC03853,E,AISLE-13,RACK-09,SHELF-02,BIN-03853,200
LOC03854,E,AISLE-14,RACK-04,SHELF-01,BIN-03854,200
LOC03855,E,AISLE-15,RACK-06,SHELF-03,BIN-03855,200
LOC03856,E,AISLE-16,RACK-06,SHELF-04,BIN-03856,250
LOC03857,E,AISLE-17,RACK-20,SHELF-04,BIN-03857,250
LOC03858,E,AISLE-18,RACK-07,SHELF-04,BIN-03858,250
LOC03859,E,AISLE-19,RACK-12,SHELF-02,BIN-03859,100
LOC03860,E,AISLE-20,RACK-09,SHELF-03,BIN-03860,175
LOC03861,E,AISLE-21,RACK-03,SHELF-01,BIN-03861,150
LOC03862,E,AISLE-22,RACK-16,SHELF-03,BIN-03862,100
LOC03863,E,AISLE-23,RACK-20,SHELF-04,BIN-03863,150
LOC03864,E,AISLE-24,RACK-15,SHELF-01,BIN-03864,150
LOC03865,E,AISLE-25,RACK-11,SHELF-05,BIN-03865,300
LOC03866,E,AISLE-26,RACK-20,SHELF-01,BIN-03866,250
LOC03867,E,AISLE-27,RACK-11,SHELF-04,BIN-03867,300
LOC03868,E,AISLE-28,RACK-16,SHELF-03,BIN-03868,400
LOC03869,E,AISLE-29,RACK-10,SHELF-04,BIN-03869,300
LOC03870,E,AISLE-30,RACK-18,SHELF-02,BIN-03870,200
LOC03871,E,AISLE-31,RACK-19,SHELF-02,BIN-03871,100
LOC03872,E,AISLE-32,RACK-12,SHELF-04,BIN-03872,400
LOC03873,E,AISLE-33,RACK-15,SHELF-03,BIN-03873,350
LOC03874,E,AISLE-34,RACK-15,SHELF-04,BIN-03874,400
LOC03875,E,AISLE-35,RACK-05,SHELF-02,BIN-03875,350
LOC03876,E,AISLE-36,RACK-14,SHELF-01,BIN-03876,175
LOC03877,E,AISLE-37,RACK-11,SHELF-04,BIN-03877,175
LOC03878,E,AISLE-38,RACK-13,SHELF-03,BIN-03878,100
LOC03879,E,AISLE-39,RACK-14,SHELF-02,BIN-03879,175
LOC03880,E,AISLE-40,RACK-19,SHELF-02,BIN-03880,200
LOC03881,E,AISLE-01,RACK-04,SHELF-01,BIN-03881,350
LOC03882,E,AISLE-02,RACK-16,SHELF-02,BIN-03882,250
LOC03883,E,AISLE-03,RACK-11,SHELF-02,BIN-03883,100
LOC03884,E,AISLE-04,RACK-16,SHELF-04,BIN-03884,175
LOC03885,E,AISLE-05,RACK-10,SHELF-05,BIN-03885,250
LOC03886,E,AISLE-06,RACK-08,SHELF-02,BIN-03886,400
LOC03887,E,AISLE-07,RACK-20,SHELF-04,BIN-03887,350
LOC03888,E,AISLE-08,RACK-14,SHELF-02,BIN-03888,400
LOC03889,E,AISLE-09,RACK-02,SHELF-03,BIN-03889,150
LOC03890,E,AISLE-10,RACK-03,SHELF-03,BIN-03890,400
LOC03891,E,AISLE-11,RACK-20,SHELF-03,BIN-03891,175
LOC03892,E,AISLE-12,RACK-08,SHELF-05,BIN-03892,400
LOC03893,E,AISLE-13,RACK-07,SHELF-04,BIN-03893,400
LOC03894,E,AISLE-14,RACK-01,SHELF-03,BIN-03894,175
LOC03895,E,AISLE-15,RACK-11,SHELF-03,BIN-03895,350
LOC03896,E,AISLE-16,RACK-20,SHELF-01,BIN-03896,175
LOC03897,E,AISLE-17,RACK-17,SHELF-03,BIN-03897,300
LOC03898,E,AISLE-18,RACK-12,SHELF-02,BIN-03898,300
LOC03899,E,AISLE-19,RACK-19,SHELF-04,BIN-03899,150
LOC03900,E,AISLE-20,RACK-01,SHELF-04,BIN-03900,300
LOC03901,E,AISLE-21,RACK-14,SHELF-02,BIN-03901,200
LOC03902,E,AISLE-22,RACK-11,SHELF-02,BIN-03902,300
LOC03903,E,AISLE-23,RACK-16,SHELF-03,BIN-03903,300
LOC03904,E,AISLE-24,RACK-19,SHELF-03,BIN-03904,200
LOC03905,E,AISLE-25,RACK-05,SHELF-03,BIN-03905,200
LOC03906,E,AISLE-26,RACK-19,SHELF-05,BIN-03906,200
LOC03907,E,AISLE-27,RACK-08,SHELF-04,BIN-03907,400
LOC03908,E,AISLE-28,RACK-01,SHELF-03,BIN-03908,150
LOC03909,E,AISLE-29,RACK-13,SHELF-02,BIN-03909,300
LOC03910,E,AISLE-30,RACK-03,SHELF-05,BIN-03910,400
LOC03911,E,AISLE-31,RACK-15,SHELF-05,BIN-03911,250
LOC03912,E,AISLE-32,RACK-03,SHELF-04,BIN-03912,350
LOC03913,E,AISLE-33,RACK-07,SHELF-03,BIN-03913,175
LOC03914,E,AISLE-34,RACK-12,SHELF-01,BIN-03914,400
LOC03915,E,AISLE-35,RACK-08,SHELF-02,BIN-03915,100
LOC03916,E,AISLE-36,RACK-11,SHELF-03,BIN-03916,400
LOC03917,E,AISLE-37,RACK-18,SHELF-02,BIN-03917,250
LOC03918,E,AISLE-38,RACK-11,SHELF-04,BIN-03918,300
LOC03919,E,AISLE-39,RACK-20,SHELF-05,BIN-03919,200
LOC03920,E,AISLE-40,RACK-07,SHELF-05,BIN-03920,150
LOC03921,E,AISLE-01,RACK-10,SHELF-01,BIN-03921,200
LOC03922,E,AISLE-02,RACK-17,SHELF-05,BIN-03922,250
LOC03923,E,AISLE-03,RACK-08,SHELF-04,BIN-03923,350
LOC03924,E,AISLE-04,RACK-01,SHELF-03,BIN-03924,250
LOC03925,E,AISLE-05,RACK-07,SHELF-02,BIN-03925,250
LOC03926,E,AISLE-06,RACK-01,SHELF-01,BIN-03926,350
LOC03927,E,AISLE-07,RACK-03,SHELF-03,BIN-03927,400
LOC03928,E,AISLE-08,RACK-05,SHELF-04,BIN-03928,350
LOC03929,E,AISLE-09,RACK-18,SHELF-02,BIN-03929,400
LOC03930,E,AISLE-10,RACK-11,SHELF-01,BIN-03930,250
LOC03931,E,AISLE-11,RACK-15,SHELF-03,BIN-03931,200
LOC03932,E,AISLE-12,RACK-20,SHELF-04,BIN-03932,250
LOC03933,E,AISLE-13,RACK-06,SHELF-05,BIN-03933,175
LOC03934,E,AISLE-14,RACK-11,SHELF-01,BIN-03934,150
LOC03935,E,AISLE-15,RACK-02,SHELF-03,BIN-03935,400
LOC03936,E,AISLE-16,RACK-12,SHELF-02,BIN-03936,300
LOC03937,E,AISLE-17,RACK-13,SHELF-05,BIN-03937,100
LOC03938,E,AISLE-18,RACK-14,SHELF-03,BIN-03938,350
LOC03939,E,AISLE-19,RACK-06,SHELF-03,BIN-03939,100
LOC03940,E,AISLE-20,RACK-10,SHELF-03,BIN-03940,100
LOC03941,E,AISLE-21,RACK-17,SHELF-01,BIN-03941,175
LOC03942,E,AISLE-22,RACK-16,SHELF-01,BIN-03942,150
LOC03943,E,AISLE-23,RACK-05,SHELF-02,BIN-03943,150
LOC03944,E,AISLE-24,RACK-17,SHELF-02,BIN-03944,200
LOC03945,E,AISLE-25,RACK-03,SHELF-03,BIN-03945,300
LOC03946,E,AISLE-26,RACK-11,SHELF-01,BIN-03946,350
LOC03947,E,AISLE-27,RACK-11,SHELF-01,BIN-03947,400
LOC03948,E,AISLE-28,RACK-13,SHELF-05,BIN-03948,100
LOC03949,E,AISLE-29,RACK-17,SHELF-04,BIN-03949,350
LOC03950,E,AISLE-30,RACK-05,SHELF-05,BIN-03950,150
LOC03951,E,AISLE-31,RACK-07,SHELF-04,BIN-03951,175
LOC03952,E,AISLE-32,RACK-04,SHELF-03,BIN-03952,200
LOC03953,E,AISLE-33,RACK-08,SHELF-01,BIN-03953,100
LOC03954,E,AISLE-34,RACK-02,SHELF-02,BIN-03954,400
LOC03955,E,AISLE-35,RACK-02,SHELF-01,BIN-03955,200
LOC03956,E,AISLE-36,RACK-08,SHELF-02,BIN-03956,175
LOC03957,E,AISLE-37,RACK-17,SHELF-03,BIN-03957,300
LOC03958,E,AISLE-38,RACK-13,SHELF-04,BIN-03958,100
LOC03959,E,AISLE-39,RACK-17,SHELF-03,BIN-03959,400
LOC03960,E,AISLE-40,RACK-01,SHELF-04,BIN-03960,150
LOC03961,E,AISLE-01,RACK-02,SHELF-02,BIN-03961,100
LOC03962,E,AISLE-02,RACK-07,SHELF-02,BIN-03962,400
LOC03963,E,AISLE-03,RACK-01,SHELF-03,BIN-03963,150
LOC03964,E,AISLE-04,RACK-19,SHELF-03,BIN-03964,175
LOC03965,E,AISLE-05,RACK-13,SHELF-02,BIN-03965,175
LOC03966,E,AISLE-06,RACK-18,SHELF-01,BIN-03966,250
LOC03967,E,AISLE-07,RACK-09,SHELF-05,BIN-03967,300
LOC03968,E,AISLE-08,RACK-17,SHELF-04,BIN-03968,175
LOC03969,E,AISLE-09,RACK-07,SHELF-05,BIN-03969,250
LOC03970,E,AISLE-10,RACK-11,SHELF-02,BIN-03970,300
LOC03971,E,AISLE-11,RACK-09,SHELF-04,BIN-03971,150
LOC03972,E,AISLE-12,RACK-10,SHELF-04,BIN-03972,100
LOC03973,E,AISLE-13,RACK-15,SHELF-05,BIN-03973,350
LOC03974,E,AISLE-14,RACK-07,SHELF-02,BIN-03974,150
LOC03975,E,AISLE-15,RACK-02,SHELF-04,BIN-03975,150
LOC03976,E,AISLE-16,RACK-07,SHELF-02,BIN-03976,250
LOC03977,E,AISLE-17,RACK-07,SHELF-05,BIN-03977,250
LOC03978,E,AISLE-18,RACK-12,SHELF-04,BIN-03978,100
LOC03979,E,AISLE-19,RACK-08,SHELF-05,BIN-03979,250
LOC03980,E,AISLE-20,RACK-07,SHELF-05,BIN-03980,100
LOC03981,E,AISLE-21,RACK-10,SHELF-01,BIN-03981,200
LOC03982,E,AISLE-22,RACK-06,SHELF-03,BIN-03982,200
LOC03983,E,AISLE-23,RACK-16,SHELF-04,BIN-03983,300
LOC03984,E,AISLE-24,RACK-15,SHELF-04,BIN-03984,175
LOC03985,E,AISLE-25,RACK-16,SHELF-04,BIN-03985,250
LOC03986,E,AISLE-26,RACK-08,SHELF-01,BIN-03986,150
LOC03987,E,AISLE-27,RACK-01,SHELF-01,BIN-03987,100
LOC03988,E,AISLE-28,RACK-01,SHELF-03,BIN-03988,100
LOC03989,E,AISLE-29,RACK-10,SHELF-04,BIN-03989,350
LOC03990,E,AISLE-30,RACK-19,SHELF-02,BIN-03990,150
LOC03991,E,AISLE-31,RACK-02,SHELF-03,BIN-03991,200
LOC03992,E,AISLE-32,RACK-07,SHELF-04,BIN-03992,300
LOC03993,E,AISLE-33,RACK-03,SHELF-03,BIN-03993,350
LOC03994,E,AISLE-34,RACK-01,SHELF-03,BIN-03994,100
LOC03995,E,AISLE-35,RACK-04,SHELF-03,BIN-03995,175
LOC03996,E,AISLE-36,RACK-09,SHELF-04,BIN-03996,200
LOC03997,E,AISLE-37,RACK-04,SHELF-01,BIN-03997,400
LOC03998,E,AISLE-38,RACK-06,SHELF-01,BIN-03998,150
LOC03999,E,AISLE-39,RACK-03,SHELF-02,BIN-03999,400
LOC04000,E,AISLE-40,RACK-19,SHELF-05,BIN-04000,250
LOC04001,E,AISLE-01,RACK-09,SHELF-01,BIN-04001,400
LOC04002,E,AISLE-02,RACK-03,SHELF-02,BIN-04002,200
LOC04003,E,AISLE-03,RACK-03,SHELF-04,BIN-04003,350
LOC04004,E,AISLE-04,RACK-01,SHELF-01,BIN-04004,400
LOC04005,E,AISLE-05,RACK-14,SHELF-04,BIN-04005,350
LOC04006,E,AISLE-06,RACK-06,SHELF-01,BIN-04006,100
LOC04007,E,AISLE-07,RACK-03,SHELF-03,BIN-04007,250
LOC04008,E,AISLE-08,RACK-16,SHELF-02,BIN-04008,250
LOC04009,E,AISLE-09,RACK-01,SHELF-03,BIN-04009,200
LOC04010,E,AISLE-10,RACK-08,SHELF-04,BIN-04010,100
LOC04011,E,AISLE-11,RACK-02,SHELF-05,BIN-04011,350
LOC04012,E,AISLE-12,RACK-18,SHELF-04,BIN-04012,200
LOC04013,E,AISLE-13,RACK-02,SHELF-03,BIN-04013,300
LOC04014,E,AISLE-14,RACK-03,SHELF-05,BIN-04014,300
LOC04015,E,AISLE-15,RACK-15,SHELF-04,BIN-04015,175
LOC04016,E,AISLE-16,RACK-12,SHELF-03,BIN-04016,175
LOC04017,E,AISLE-17,RACK-11,SHELF-03,BIN-04017,350
LOC04018,E,AISLE-18,RACK-06,SHELF-05,BIN-04018,350
LOC04019,E,AISLE-19,RACK-12,SHELF-04,BIN-04019,300
LOC04020,E,AISLE-20,RACK-10,SHELF-02,BIN-04020,400
LOC04021,E,AISLE-21,RACK-18,SHELF-04,BIN-04021,300
LOC04022,E,AISLE-22,RACK-14,SHELF-01,BIN-04022,250
LOC04023,E,AISLE-23,RACK-05,SHELF-03,BIN-04023,300
LOC04024,E,AISLE-24,RACK-15,SHELF-04,BIN-04024,175
LOC04025,E,AISLE-25,RACK-02,SHELF-03,BIN-04025,175
LOC04026,E,AISLE-26,RACK-20,SHELF-03,BIN-04026,175
LOC04027,E,AISLE-27,RACK-19,SHELF-02,BIN-04027,200
LOC04028,E,AISLE-28,RACK-13,SHELF-01,BIN-04028,350
LOC04029,E,AISLE-29,RACK-04,SHELF-05,BIN-04029,100
LOC04030,E,AISLE-30,RACK-17,SHELF-01,BIN-04030,100
LOC04031,E,AISLE-31,RACK-09,SHELF-05,BIN-04031,175
LOC04032,E,AISLE-32,RACK-08,SHELF-03,BIN-04032,400
LOC04033,E,AISLE-33,RACK-04,SHELF-03,BIN-04033,300
LOC04034,E,AISLE-34,RACK-18,SHELF-04,BIN-04034,350
LOC04035,E,AISLE-35,RACK-08,SHELF-05,BIN-04035,300
LOC04036,E,AISLE-36,RACK-14,SHELF-01,BIN-04036,200
LOC04037,E,AISLE-37,RACK-15,SHELF-02,BIN-04037,200
LOC04038,E,AISLE-38,RACK-01,SHELF-05,BIN-04038,150
LOC04039,E,AISLE-39,RACK-16,SHELF-02,BIN-04039,150
LOC04040,E,AISLE-40,RACK-10,SHELF-02,BIN-04040,350
LOC04041,E,AISLE-01,RACK-10,SHELF-02,BIN-04041,150
LOC04042,E,AISLE-02,RACK-07,SHELF-01,BIN-04042,100
LOC04043,E,AISLE-03,RACK-01,SHELF-03,BIN-04043,150
LOC04044,E,AISLE-04,RACK-07,SHELF-02,BIN-04044,150
LOC04045,E,AISLE-05,RACK-03,SHELF-03,BIN-04045,400
LOC04046,E,AISLE-06,RACK-04,SHELF-04,BIN-04046,300
LOC04047,E,AISLE-07,RACK-13,SHELF-01,BIN-04047,250
LOC04048,E,AISLE-08,RACK-11,SHELF-04,BIN-04048,300
LOC04049,E,AISLE-09,RACK-07,SHELF-03,BIN-04049,350
LOC04050,E,AISLE-10,RACK-20,SHELF-05,BIN-04050,400
LOC04051,E,AISLE-11,RACK-20,SHELF-05,BIN-04051,100
LOC04052,E,AISLE-12,RACK-16,SHELF-01,BIN-04052,400
LOC04053,E,AISLE-13,RACK-11,SHELF-03,BIN-04053,100
LOC04054,E,AISLE-14,RACK-09,SHELF-04,BIN-04054,350
LOC04055,E,AISLE-15,RACK-18,SHELF-01,BIN-04055,350
LOC04056,E,AISLE-16,RACK-19,SHELF-05,BIN-04056,300
LOC04057,E,AISLE-17,RACK-16,SHELF-01,BIN-04057,350
LOC04058,E,AISLE-18,RACK-02,SHELF-04,BIN-04058,150
LOC04059,E,AISLE-19,RACK-16,SHELF-03,BIN-04059,150
LOC04060,E,AISLE-20,RACK-03,SHELF-02,BIN-04060,150
LOC04061,E,AISLE-21,RACK-15,SHELF-04,BIN-04061,300
LOC04062,E,AISLE-22,RACK-08,SHELF-05,BIN-04062,400
LOC04063,E,AISLE-23,RACK-02,SHELF-03,BIN-04063,250
LOC04064,E,AISLE-24,RACK-18,SHELF-04,BIN-04064,200
LOC04065,E,AISLE-25,RACK-20,SHELF-04,BIN-04065,150
LOC04066,E,AISLE-26,RACK-01,SHELF-02,BIN-04066,100
LOC04067,E,AISLE-27,RACK-17,SHELF-04,BIN-04067,150
LOC04068,E,AISLE-28,RACK-17,SHELF-02,BIN-04068,400
LOC04069,E,AISLE-29,RACK-09,SHELF-05,BIN-04069,350
LOC04070,E,AISLE-30,RACK-18,SHELF-01,BIN-04070,250
LOC04071,E,AISLE-31,RACK-19,SHELF-01,BIN-04071,400
LOC04072,E,AISLE-32,RACK-06,SHELF-04,BIN-04072,250
LOC04073,E,AISLE-33,RACK-06,SHELF-01,BIN-04073,250
LOC04074,E,AISLE-34,RACK-20,SHELF-03,BIN-04074,350
LOC04075,E,AISLE-35,RACK-04,SHELF-02,BIN-04075,150
LOC04076,E,AISLE-36,RACK-07,SHELF-04,BIN-04076,400
LOC04077,E,AISLE-37,RACK-08,SHELF-01,BIN-04077,350
LOC04078,E,AISLE-38,RACK-06,SHELF-04,BIN-04078,100
LOC04079,E,AISLE-39,RACK-10,SHELF-02,BIN-04079,200
LOC04080,E,AISLE-40,RACK-11,SHELF-05,BIN-04080,400
LOC04081,E,AISLE-01,RACK-08,SHELF-04,BIN-04081,150
LOC04082,E,AISLE-02,RACK-04,SHELF-02,BIN-04082,175
LOC04083,E,AISLE-03,RACK-05,SHELF-05,BIN-04083,100
LOC04084,E,AISLE-04,RACK-15,SHELF-04,BIN-04084,300
LOC04085,E,AISLE-05,RACK-14,SHELF-01,BIN-04085,300
LOC04086,E,AISLE-06,RACK-18,SHELF-01,BIN-04086,350
LOC04087,E,AISLE-07,RACK-16,SHELF-01,BIN-04087,250
LOC04088,E,AISLE-08,RACK-14,SHELF-05,BIN-04088,350
LOC04089,E,AISLE-09,RACK-03,SHELF-01,BIN-04089,150
LOC04090,E,AISLE-10,RACK-09,SHELF-03,BIN-04090,400
LOC04091,E,AISLE-11,RACK-13,SHELF-05,BIN-04091,200
LOC04092,E,AISLE-12,RACK-05,SHELF-01,BIN-04092,100
LOC04093,E,AISLE-13,RACK-06,SHELF-01,BIN-04093,175
LOC04094,E,AISLE-14,RACK-07,SHELF-04,BIN-04094,300
LOC04095,E,AISLE-15,RACK-18,SHELF-03,BIN-04095,400
LOC04096,E,AISLE-16,RACK-03,SHELF-02,BIN-04096,350
LOC04097,E,AISLE-17,RACK-04,SHELF-05,BIN-04097,100
LOC04098,E,AISLE-18,RACK-08,SHELF-02,BIN-04098,175
LOC04099,E,AISLE-19,RACK-10,SHELF-02,BIN-04099,350
LOC04100,E,AISLE-20,RACK-01,SHELF-03,BIN-04100,100
LOC04101,E,AISLE-21,RACK-17,SHELF-01,BIN-04101,150
LOC04102,E,AISLE-22,RACK-17,SHELF-03,BIN-04102,100
LOC04103,E,AISLE-23,RACK-10,SHELF-02,BIN-04103,300
LOC04104,E,AISLE-24,RACK-08,SHELF-04,BIN-04104,200
LOC04105,E,AISLE-25,RACK-07,SHELF-04,BIN-04105,400
LOC04106,E,AISLE-26,RACK-16,SHELF-02,BIN-04106,150
LOC04107,E,AISLE-27,RACK-06,SHELF-04,BIN-04107,150
LOC04108,E,AISLE-28,RACK-05,SHELF-02,BIN-04108,175
LOC04109,E,AISLE-29,RACK-03,SHELF-04,BIN-04109,150
LOC04110,E,AISLE-30,RACK-19,SHELF-02,BIN-04110,200
LOC04111,E,AISLE-31,RACK-14,SHELF-03,BIN-04111,200
LOC04112,E,AISLE-32,RACK-09,SHELF-04,BIN-04112,100
LOC04113,E,AISLE-33,RACK-14,SHELF-01,BIN-04113,300
LOC04114,E,AISLE-34,RACK-13,SHELF-01,BIN-04114,200
LOC04115,E,AISLE-35,RACK-12,SHELF-04,BIN-04115,400
LOC04116,E,AISLE-36,RACK-20,SHELF-02,BIN-04116,175
LOC04117,E,AISLE-37,RACK-16,SHELF-05,BIN-04117,350
LOC04118,E,AISLE-38,RACK-06,SHELF-02,BIN-04118,250
LOC04119,E,AISLE-39,RACK-16,SHELF-01,BIN-04119,350
LOC04120,E,AISLE-40,RACK-20,SHELF-01,BIN-04120,350
LOC04121,E,AISLE-01,RACK-03,SHELF-05,BIN-04121,150
LOC04122,E,AISLE-02,RACK-05,SHELF-01,BIN-04122,300
LOC04123,E,AISLE-03,RACK-09,SHELF-04,BIN-04123,250
LOC04124,E,AISLE-04,RACK-15,SHELF-03,BIN-04124,250
LOC04125,E,AISLE-05,RACK-18,SHELF-05,BIN-04125,300
LOC04126,E,AISLE-06,RACK-10,SHELF-04,BIN-04126,400
LOC04127,E,AISLE-07,RACK-13,SHELF-05,BIN-04127,175
LOC04128,E,AISLE-08,RACK-16,SHELF-03,BIN-04128,150
LOC04129,E,AISLE-09,RACK-16,SHELF-03,BIN-04129,150
LOC04130,E,AISLE-10,RACK-09,SHELF-03,BIN-04130,250
LOC04131,E,AISLE-11,RACK-10,SHELF-05,BIN-04131,200
LOC04132,E,AISLE-12,RACK-11,SHELF-03,BIN-04132,200
LOC04133,E,AISLE-13,RACK-19,SHELF-02,BIN-04133,300
LOC04134,E,AISLE-14,RACK-10,SHELF-02,BIN-04134,300
LOC04135,E,AISLE-15,RACK-17,SHELF-04,BIN-04135,250
LOC04136,E,AISLE-16,RACK-09,SHELF-05,BIN-04136,350
LOC04137,E,AISLE-17,RACK-07,SHELF-05,BIN-04137,175
LOC04138,E,AISLE-18,RACK-10,SHELF-02,BIN-04138,300
LOC04139,E,AISLE-19,RACK-18,SHELF-05,BIN-04139,300
LOC04140,E,AISLE-20,RACK-07,SHELF-04,BIN-04140,175
LOC04141,E,AISLE-21,RACK-04,SHELF-03,BIN-04141,200
LOC04142,E,AISLE-22,RACK-07,SHELF-05,BIN-04142,300
LOC04143,E,AISLE-23,RACK-06,SHELF-04,BIN-04143,300
LOC04144,E,AISLE-24,RACK-08,SHELF-04,BIN-04144,400
LOC04145,E,AISLE-25,RACK-09,SHELF-05,BIN-04145,400
LOC04146,E,AISLE-26,RACK-18,SHELF-03,BIN-04146,175
LOC04147,E,AISLE-27,RACK-09,SHELF-05,BIN-04147,150
LOC04148,E,AISLE-28,RACK-09,SHELF-01,BIN-04148,350
LOC04149,E,AISLE-29,RACK-18,SHELF-04,BIN-04149,100
LOC04150,E,AISLE-30,RACK-03,SHELF-02,BIN-04150,250
LOC04151,E,AISLE-31,RACK-16,SHELF-04,BIN-04151,250
LOC04152,E,AISLE-32,RACK-17,SHELF-05,BIN-04152,350
LOC04153,E,AISLE-33,RACK-07,SHELF-03,BIN-04153,100
LOC04154,E,AISLE-34,RACK-14,SHELF-04,BIN-04154,150
LOC04155,E,AISLE-35,RACK-16,SHELF-04,BIN-04155,350
LOC04156,E,AISLE-36,RACK-11,SHELF-01,BIN-04156,175
LOC04157,E,AISLE-37,RACK-06,SHELF-01,BIN-04157,300
LOC04158,E,AISLE-38,RACK-02,SHELF-01,BIN-04158,150
LOC04159,E,AISLE-39,RACK-09,SHELF-01,BIN-04159,250
LOC04160,E,AISLE-40,RACK-05,SHELF-01,BIN-04160,350
LOC04161,E,AISLE-01,RACK-07,SHELF-01,BIN-04161,100
LOC04162,E,AISLE-02,RACK-01,SHELF-01,BIN-04162,300
LOC04163,E,AISLE-03,RACK-20,SHELF-03,BIN-04163,250
LOC04164,E,AISLE-04,RACK-14,SHELF-02,BIN-04164,200
LOC04165,E,AISLE-05,RACK-08,SHELF-05,BIN-04165,250
LOC04166,E,AISLE-06,RACK-18,SHELF-03,BIN-04166,200
LOC04167,E,AISLE-07,RACK-05,SHELF-01,BIN-04167,300
LOC04168,E,AISLE-08,RACK-08,SHELF-02,BIN-04168,350
LOC04169,E,AISLE-09,RACK-07,SHELF-05,BIN-04169,100
LOC04170,E,AISLE-10,RACK-06,SHELF-01,BIN-04170,250
LOC04171,F,AISLE-11,RACK-16,SHELF-01,BIN-04171,150
LOC04172,F,AISLE-12,RACK-08,SHELF-04,BIN-04172,200
LOC04173,F,AISLE-13,RACK-08,SHELF-04,BIN-04173,175
LOC04174,F,AISLE-14,RACK-06,SHELF-02,BIN-04174,250
LOC04175,F,AISLE-15,RACK-04,SHELF-01,BIN-04175,200
LOC04176,F,AISLE-16,RACK-10,SHELF-04,BIN-04176,350
LOC04177,F,AISLE-17,RACK-15,SHELF-02,BIN-04177,200
LOC04178,F,AISLE-18,RACK-04,SHELF-01,BIN-04178,350
LOC04179,F,AISLE-19,RACK-15,SHELF-04,BIN-04179,175
LOC04180,F,AISLE-20,RACK-13,SHELF-05,BIN-04180,350
LOC04181,F,AISLE-21,RACK-01,SHELF-05,BIN-04181,250
LOC04182,F,AISLE-22,RACK-07,SHELF-04,BIN-04182,350
LOC04183,F,AISLE-23,RACK-17,SHELF-03,BIN-04183,300
LOC04184,F,AISLE-24,RACK-01,SHELF-04,BIN-04184,350
LOC04185,F,AISLE-25,RACK-15,SHELF-05,BIN-04185,200
LOC04186,F,AISLE-26,RACK-12,SHELF-02,BIN-04186,150
LOC04187,F,AISLE-27,RACK-20,SHELF-04,BIN-04187,175
LOC04188,F,AISLE-28,RACK-13,SHELF-02,BIN-04188,200
LOC04189,F,AISLE-29,RACK-11,SHELF-03,BIN-04189,350
LOC04190,F,AISLE-30,RACK-09,SHELF-02,BIN-04190,250
LOC04191,F,AISLE-31,RACK-08,SHELF-04,BIN-04191,400
LOC04192,F,AISLE-32,RACK-01,SHELF-05,BIN-04192,200
LOC04193,F,AISLE-33,RACK-03,SHELF-04,BIN-04193,100
LOC04194,F,AISLE-34,RACK-13,SHELF-05,BIN-04194,300
LOC04195,F,AISLE-35,RACK-12,SHELF-04,BIN-04195,100
LOC04196,F,AISLE-36,RACK-16,SHELF-04,BIN-04196,400
LOC04197,F,AISLE-37,RACK-14,SHELF-01,BIN-04197,350
LOC04198,F,AISLE-38,RACK-09,SHELF-03,BIN-04198,200
LOC04199,F,AISLE-39,RACK-09,SHELF-03,BIN-04199,250
LOC04200,F,AISLE-40,RACK-16,SHELF-02,BIN-04200,175
LOC04201,F,AISLE-01,RACK-08,SHELF-05,BIN-04201,200
LOC04202,F,AISLE-02,RACK-02,SHELF-04,BIN-04202,300
LOC04203,F,AISLE-03,RACK-02,SHELF-02,BIN-04203,150
LOC04204,F,AISLE-04,RACK-06,SHELF-01,BIN-04204,100
LOC04205,F,AISLE-05,RACK-09,SHELF-01,BIN-04205,250
LOC04206,F,AISLE-06,RACK-15,SHELF-02,BIN-04206,250
LOC04207,F,AISLE-07,RACK-05,SHELF-04,BIN-04207,250
LOC04208,F,AISLE-08,RACK-06,SHELF-02,BIN-04208,350
LOC04209,F,AISLE-09,RACK-10,SHELF-02,BIN-04209,150
LOC04210,F,AISLE-10,RACK-08,SHELF-01,BIN-04210,100
LOC04211,F,AISLE-11,RACK-19,SHELF-02,BIN-04211,250
LOC04212,F,AISLE-12,RACK-18,SHELF-04,BIN-04212,350
LOC04213,F,AISLE-13,RACK-06,SHELF-02,BIN-04213,100
LOC04214,F,AISLE-14,RACK-07,SHELF-05,BIN-04214,150
LOC04215,F,AISLE-15,RACK-03,SHELF-01,BIN-04215,250
LOC04216,F,AISLE-16,RACK-06,SHELF-05,BIN-04216,150
LOC04217,F,AISLE-17,RACK-15,SHELF-05,BIN-04217,300
LOC04218,F,AISLE-18,RACK-06,SHELF-02,BIN-04218,175
LOC04219,F,AISLE-19,RACK-08,SHELF-01,BIN-04219,300
LOC04220,F,AISLE-20,RACK-06,SHELF-03,BIN-04220,100
LOC04221,F,AISLE-21,RACK-17,SHELF-05,BIN-04221,100
LOC04222,F,AISLE-22,RACK-13,SHELF-02,BIN-04222,175
LOC04223,F,AISLE-23,RACK-02,SHELF-04,BIN-04223,175
LOC04224,F,AISLE-24,RACK-05,SHELF-02,BIN-04224,300
LOC04225,F,AISLE-25,RACK-19,SHELF-03,BIN-04225,400
LOC04226,F,AISLE-26,RACK-08,SHELF-04,BIN-04226,175
LOC04227,F,AISLE-27,RACK-04,SHELF-02,BIN-04227,175
LOC04228,F,AISLE-28,RACK-20,SHELF-01,BIN-04228,150
LOC04229,F,AISLE-29,RACK-13,SHELF-02,BIN-04229,100
LOC04230,F,AISLE-30,RACK-10,SHELF-04,BIN-04230,400
LOC04231,F,AISLE-31,RACK-13,SHELF-05,BIN-04231,350
LOC04232,F,AISLE-32,RACK-17,SHELF-04,BIN-04232,300
LOC04233,F,AISLE-33,RACK-20,SHELF-05,BIN-04233,350
LOC04234,F,AISLE-34,RACK-09,SHELF-05,BIN-04234,350
LOC04235,F,AISLE-35,RACK-06,SHELF-05,BIN-04235,400
LOC04236,F,AISLE-36,RACK-05,SHELF-01,BIN-04236,200
LOC04237,F,AISLE-37,RACK-03,SHELF-05,BIN-04237,300
LOC04238,F,AISLE-38,RACK-10,SHELF-01,BIN-04238,350
LOC04239,F,AISLE-39,RACK-13,SHELF-04,BIN-04239,250
LOC04240,F,AISLE-40,RACK-12,SHELF-01,BIN-04240,300
LOC04241,F,AISLE-01,RACK-16,SHELF-02,BIN-04241,100
LOC04242,F,AISLE-02,RACK-07,SHELF-04,BIN-04242,175
LOC04243,F,AISLE-03,RACK-15,SHELF-05,BIN-04243,175
LOC04244,F,AISLE-04,RACK-10,SHELF-04,BIN-04244,200
LOC04245,F,AISLE-05,RACK-05,SHELF-01,BIN-04245,200
LOC04246,F,AISLE-06,RACK-15,SHELF-03,BIN-04246,400
LOC04247,F,AISLE-07,RACK-13,SHELF-04,BIN-04247,400
LOC04248,F,AISLE-08,RACK-12,SHELF-02,BIN-04248,400
LOC04249,F,AISLE-09,RACK-05,SHELF-04,BIN-04249,100
LOC04250,F,AISLE-10,RACK-08,SHELF-02,BIN-04250,150
LOC04251,F,AISLE-11,RACK-10,SHELF-03,BIN-04251,100
LOC04252,F,AISLE-12,RACK-12,SHELF-04,BIN-04252,350
LOC04253,F,AISLE-13,RACK-14,SHELF-01,BIN-04253,250
LOC04254,F,AISLE-14,RACK-12,SHELF-05,BIN-04254,400
LOC04255,F,AISLE-15,RACK-02,SHELF-04,BIN-04255,150
LOC04256,F,AISLE-16,RACK-12,SHELF-03,BIN-04256,200
LOC04257,F,AISLE-17,RACK-10,SHELF-05,BIN-04257,175
LOC04258,F,AISLE-18,RACK-01,SHELF-01,BIN-04258,175
LOC04259,F,AISLE-19,RACK-18,SHELF-03,BIN-04259,100
LOC04260,F,AISLE-20,RACK-01,SHELF-05,BIN-04260,200
LOC04261,F,AISLE-21,RACK-17,SHELF-03,BIN-04261,100
LOC04262,F,AISLE-22,RACK-15,SHELF-04,BIN-04262,300
LOC04263,F,AISLE-23,RACK-20,SHELF-04,BIN-04263,300
LOC04264,F,AISLE-24,RACK-20,SHELF-03,BIN-04264,250
LOC04265,F,AISLE-25,RACK-12,SHELF-01,BIN-04265,150
LOC04266,F,AISLE-26,RACK-15,SHELF-04,BIN-04266,350
LOC04267,F,AISLE-27,RACK-17,SHELF-01,BIN-04267,150
LOC04268,F,AISLE-28,RACK-05,SHELF-04,BIN-04268,300
LOC04269,F,AISLE-29,RACK-15,SHELF-03,BIN-04269,175
LOC04270,F,AISLE-30,RACK-05,SHELF-02,BIN-04270,150
LOC04271,F,AISLE-31,RACK-20,SHELF-04,BIN-04271,250
LOC04272,F,AISLE-32,RACK-13,SHELF-02,BIN-04272,100
LOC04273,F,AISLE-33,RACK-02,SHELF-03,BIN-04273,100
LOC04274,F,AISLE-34,RACK-05,SHELF-02,BIN-04274,350
LOC04275,F,AISLE-35,RACK-19,SHELF-02,BIN-04275,350
LOC04276,F,AISLE-36,RACK-05,SHELF-04,BIN-04276,250
LOC04277,F,AISLE-37,RACK-07,SHELF-01,BIN-04277,150
LOC04278,F,AISLE-38,RACK-06,SHELF-01,BIN-04278,250
LOC04279,F,AISLE-39,RACK-16,SHELF-01,BIN-04279,200
LOC04280,F,AISLE-40,RACK-15,SHELF-02,BIN-04280,400
LOC04281,F,AISLE-01,RACK-04,SHELF-01,BIN-04281,400
LOC04282,F,AISLE-02,RACK-11,SHELF-05,BIN-04282,300
LOC04283,F,AISLE-03,RACK-16,SHELF-03,BIN-04283,300
LOC04284,F,AISLE-04,RACK-11,SHELF-05,BIN-04284,175
LOC04285,F,AISLE-05,RACK-19,SHELF-05,BIN-04285,250
LOC04286,F,AISLE-06,RACK-20,SHELF-02,BIN-04286,200
LOC04287,F,AISLE-07,RACK-01,SHELF-04,BIN-04287,400
LOC04288,F,AISLE-08,RACK-09,SHELF-03,BIN-04288,250
LOC04289,F,AISLE-09,RACK-16,SHELF-04,BIN-04289,100
LOC04290,F,AISLE-10,RACK-19,SHELF-03,BIN-04290,250
LOC04291,F,AISLE-11,RACK-04,SHELF-02,BIN-04291,200
LOC04292,F,AISLE-12,RACK-08,SHELF-02,BIN-04292,400
LOC04293,F,AISLE-13,RACK-05,SHELF-01,BIN-04293,300
LOC04294,F,AISLE-14,RACK-14,SHELF-04,BIN-04294,350
LOC04295,F,AISLE-15,RACK-19,SHELF-03,BIN-04295,250
LOC04296,F,AISLE-16,RACK-03,SHELF-02,BIN-04296,175
LOC04297,F,AISLE-17,RACK-20,SHELF-04,BIN-04297,150
LOC04298,F,AISLE-18,RACK-11,SHELF-01,BIN-04298,350
LOC04299,F,AISLE-19,RACK-13,SHELF-04,BIN-04299,175
LOC04300,F,AISLE-20,RACK-14,SHELF-04,BIN-04300,100
LOC04301,F,AISLE-21,RACK-11,SHELF-03,BIN-04301,150
LOC04302,F,AISLE-22,RACK-10,SHELF-02,BIN-04302,400
LOC04303,F,AISLE-23,RACK-16,SHELF-04,BIN-04303,200
LOC04304,F,AISLE-24,RACK-13,SHELF-04,BIN-04304,200
LOC04305,F,AISLE-25,RACK-10,SHELF-02,BIN-04305,175
LOC04306,F,AISLE-26,RACK-11,SHELF-02,BIN-04306,300
LOC04307,F,AISLE-27,RACK-19,SHELF-04,BIN-04307,150
LOC04308,F,AISLE-28,RACK-04,SHELF-01,BIN-04308,150
LOC04309,F,AISLE-29,RACK-01,SHELF-02,BIN-04309,350
LOC04310,F,AISLE-30,RACK-16,SHELF-01,BIN-04310,175
LOC04311,F,AISLE-31,RACK-02,SHELF-01,BIN-04311,400
LOC04312,F,AISLE-32,RACK-06,SHELF-01,BIN-04312,175
LOC04313,F,AISLE-33,RACK-10,SHELF-03,BIN-04313,300
LOC04314,F,AISLE-34,RACK-19,SHELF-01,BIN-04314,100
LOC04315,F,AISLE-35,RACK-06,SHELF-03,BIN-04315,300
LOC04316,F,AISLE-36,RACK-04,SHELF-01,BIN-04316,150
LOC04317,F,AISLE-37,RACK-02,SHELF-05,BIN-04317,100
LOC04318,F,AISLE-38,RACK-07,SHELF-02,BIN-04318,350
LOC04319,F,AISLE-39,RACK-16,SHELF-01,BIN-04319,250
LOC04320,F,AISLE-40,RACK-19,SHELF-03,BIN-04320,150
LOC04321,F,AISLE-01,RACK-20,SHELF-03,BIN-04321,175
LOC04322,F,AISLE-02,RACK-03,SHELF-04,BIN-04322,250
LOC04323,F,AISLE-03,RACK-06,SHELF-05,BIN-04323,150
LOC04324,F,AISLE-04,RACK-16,SHELF-05,BIN-04324,200
LOC04325,F,AISLE-05,RACK-10,SHELF-01,BIN-04325,350
LOC04326,F,AISLE-06,RACK-11,SHELF-02,BIN-04326,400
LOC04327,F,AISLE-07,RACK-15,SHELF-03,BIN-04327,250
LOC04328,F,AISLE-08,RACK-10,SHELF-04,BIN-04328,350
LOC04329,F,AISLE-09,RACK-08,SHELF-03,BIN-04329,300
LOC04330,F,AISLE-10,RACK-07,SHELF-02,BIN-04330,400
LOC04331,F,AISLE-11,RACK-05,SHELF-02,BIN-04331,100
LOC04332,F,AISLE-12,RACK-03,SHELF-01,BIN-04332,150
LOC04333,F,AISLE-13,RACK-05,SHELF-01,BIN-04333,400
LOC04334,F,AISLE-14,RACK-05,SHELF-02,BIN-04334,150
LOC04335,F,AISLE-15,RACK-10,SHELF-03,BIN-04335,300
LOC04336,F,AISLE-16,RACK-19,SHELF-02,BIN-04336,400
LOC04337,F,AISLE-17,RACK-14,SHELF-04,BIN-04337,150
LOC04338,F,AISLE-18,RACK-18,SHELF-05,BIN-04338,250
LOC04339,F,AISLE-19,RACK-07,SHELF-04,BIN-04339,100
LOC04340,F,AISLE-20,RACK-12,SHELF-02,BIN-04340,350
LOC04341,F,AISLE-21,RACK-07,SHELF-03,BIN-04341,150
LOC04342,F,AISLE-22,RACK-02,SHELF-01,BIN-04342,250
LOC04343,F,AISLE-23,RACK-13,SHELF-02,BIN-04343,400
LOC04344,F,AISLE-24,RACK-15,SHELF-04,BIN-04344,300
LOC04345,F,AISLE-25,RACK-15,SHELF-02,BIN-04345,300
LOC04346,F,AISLE-26,RACK-14,SHELF-03,BIN-04346,175
LOC04347,F,AISLE-27,RACK-01,SHELF-02,BIN-04347,250
LOC04348,F,AISLE-28,RACK-14,SHELF-01,BIN-04348,400
LOC04349,F,AISLE-29,RACK-11,SHELF-02,BIN-04349,100
LOC04350,F,AISLE-30,RACK-05,SHELF-02,BIN-04350,400
LOC04351,F,AISLE-31,RACK-09,SHELF-02,BIN-04351,175
LOC04352,F,AISLE-32,RACK-14,SHELF-01,BIN-04352,100
LOC04353,F,AISLE-33,RACK-12,SHELF-03,BIN-04353,300
LOC04354,F,AISLE-34,RACK-11,SHELF-01,BIN-04354,150
LOC04355,F,AISLE-35,RACK-16,SHELF-05,BIN-04355,200
LOC04356,F,AISLE-36,RACK-07,SHELF-02,BIN-04356,300
LOC04357,F,AISLE-37,RACK-17,SHELF-03,BIN-04357,350
LOC04358,F,AISLE-38,RACK-17,SHELF-05,BIN-04358,200
LOC04359,F,AISLE-39,RACK-14,SHELF-01,BIN-04359,400
LOC04360,F,AISLE-40,RACK-19,SHELF-05,BIN-04360,250
LOC04361,F,AISLE-01,RACK-18,SHELF-04,BIN-04361,100
LOC04362,F,AISLE-02,RACK-10,SHELF-03,BIN-04362,100
LOC04363,F,AISLE-03,RACK-14,SHELF-05,BIN-04363,150
LOC04364,F,AISLE-04,RACK-16,SHELF-04,BIN-04364,400
LOC04365,F,AISLE-05,RACK-20,SHELF-05,BIN-04365,200
LOC04366,F,AISLE-06,RACK-11,SHELF-05,BIN-04366,200
LOC04367,F,AISLE-07,RACK-15,SHELF-03,BIN-04367,250
LOC04368,F,AISLE-08,RACK-02,SHELF-02,BIN-04368,250
LOC04369,F,AISLE-09,RACK-13,SHELF-03,BIN-04369,100
LOC04370,F,AISLE-10,RACK-17,SHELF-02,BIN-04370,100
LOC04371,F,AISLE-11,RACK-08,SHELF-04,BIN-04371,200
LOC04372,F,AISLE-12,RACK-13,SHELF-01,BIN-04372,350
LOC04373,F,AISLE-13,RACK-02,SHELF-01,BIN-04373,250
LOC04374,F,AISLE-14,RACK-18,SHELF-05,BIN-04374,350
LOC04375,F,AISLE-15,RACK-01,SHELF-05,BIN-04375,250
LOC04376,F,AISLE-16,RACK-20,SHELF-01,BIN-04376,400
LOC04377,F,AISLE-17,RACK-19,SHELF-02,BIN-04377,250
LOC04378,F,AISLE-18,RACK-04,SHELF-02,BIN-04378,350
LOC04379,F,AISLE-19,RACK-18,SHELF-03,BIN-04379,175
LOC04380,F,AISLE-20,RACK-18,SHELF-02,BIN-04380,100
LOC04381,F,AISLE-21,RACK-14,SHELF-01,BIN-04381,300
LOC04382,F,AISLE-22,RACK-08,SHELF-04,BIN-04382,100
LOC04383,F,AISLE-23,RACK-04,SHELF-02,BIN-04383,250
LOC04384,F,AISLE-24,RACK-06,SHELF-03,BIN-04384,250
LOC04385,F,AISLE-25,RACK-14,SHELF-02,BIN-04385,350
LOC04386,F,AISLE-26,RACK-07,SHELF-02,BIN-04386,300
LOC04387,F,AISLE-27,RACK-04,SHELF-03,BIN-04387,250
LOC04388,F,AISLE-28,RACK-18,SHELF-05,BIN-04388,150
LOC04389,F,AISLE-29,RACK-03,SHELF-02,BIN-04389,150
LOC04390,F,AISLE-30,RACK-01,SHELF-02,BIN-04390,150
LOC04391,F,AISLE-31,RACK-09,SHELF-02,BIN-04391,150
LOC04392,F,AISLE-32,RACK-15,SHELF-03,BIN-04392,150
LOC04393,F,AISLE-33,RACK-17,SHELF-05,BIN-04393,400
LOC04394,F,AISLE-34,RACK-17,SHELF-01,BIN-04394,400
LOC04395,F,AISLE-35,RACK-20,SHELF-03,BIN-04395,150
LOC04396,F,AISLE-36,RACK-12,SHELF-01,BIN-04396,300
LOC04397,F,AISLE-37,RACK-06,SHELF-04,BIN-04397,200
LOC04398,F,AISLE-38,RACK-18,SHELF-03,BIN-04398,100
LOC04399,F,AISLE-39,RACK-20,SHELF-01,BIN-04399,150
LOC04400,F,AISLE-40,RACK-06,SHELF-02,BIN-04400,300
LOC04401,F,AISLE-01,RACK-06,SHELF-05,BIN-04401,200
LOC04402,F,AISLE-02,RACK-16,SHELF-03,BIN-04402,100
LOC04403,F,AISLE-03,RACK-11,SHELF-04,BIN-04403,350
LOC04404,F,AISLE-04,RACK-04,SHELF-05,BIN-04404,350
LOC04405,F,AISLE-05,RACK-07,SHELF-02,BIN-04405,200
LOC04406,F,AISLE-06,RACK-20,SHELF-04,BIN-04406,150
LOC04407,F,AISLE-07,RACK-08,SHELF-04,BIN-04407,400
LOC04408,F,AISLE-08,RACK-13,SHELF-03,BIN-04408,300
LOC04409,F,AISLE-09,RACK-07,SHELF-01,BIN-04409,100
LOC04410,F,AISLE-10,RACK-15,SHELF-02,BIN-04410,100
LOC04411,F,AISLE-11,RACK-19,SHELF-03,BIN-04411,100
LOC04412,F,AISLE-12,RACK-12,SHELF-03,BIN-04412,350
LOC04413,F,AISLE-13,RACK-01,SHELF-03,BIN-04413,400
LOC04414,F,AISLE-14,RACK-03,SHELF-02,BIN-04414,150
LOC04415,F,AISLE-15,RACK-20,SHELF-05,BIN-04415,150
LOC04416,F,AISLE-16,RACK-19,SHELF-02,BIN-04416,400
LOC04417,F,AISLE-17,RACK-16,SHELF-05,BIN-04417,300
LOC04418,F,AISLE-18,RACK-04,SHELF-05,BIN-04418,100
LOC04419,F,AISLE-19,RACK-11,SHELF-02,BIN-04419,250
LOC04420,F,AISLE-20,RACK-18,SHELF-04,BIN-04420,250
LOC04421,F,AISLE-21,RACK-02,SHELF-01,BIN-04421,100
LOC04422,F,AISLE-22,RACK-10,SHELF-02,BIN-04422,250
LOC04423,F,AISLE-23,RACK-13,SHELF-02,BIN-04423,250
LOC04424,F,AISLE-24,RACK-11,SHELF-04,BIN-04424,150
LOC04425,F,AISLE-25,RACK-17,SHELF-03,BIN-04425,150
LOC04426,F,AISLE-26,RACK-16,SHELF-03,BIN-04426,250
LOC04427,F,AISLE-27,RACK-14,SHELF-01,BIN-04427,100
LOC04428,F,AISLE-28,RACK-10,SHELF-03,BIN-04428,175
LOC04429,F,AISLE-29,RACK-03,SHELF-02,BIN-04429,150
LOC04430,F,AISLE-30,RACK-12,SHELF-01,BIN-04430,150
LOC04431,F,AISLE-31,RACK-09,SHELF-03,BIN-04431,300
LOC04432,F,AISLE-32,RACK-04,SHELF-02,BIN-04432,200
LOC04433,F,AISLE-33,RACK-19,SHELF-01,BIN-04433,200
LOC04434,F,AISLE-34,RACK-02,SHELF-03,BIN-04434,250
LOC04435,F,AISLE-35,RACK-18,SHELF-05,BIN-04435,150
LOC04436,F,AISLE-36,RACK-18,SHELF-05,BIN-04436,250
LOC04437,F,AISLE-37,RACK-18,SHELF-03,BIN-04437,150
LOC04438,F,AISLE-38,RACK-13,SHELF-01,BIN-04438,250
LOC04439,F,AISLE-39,RACK-14,SHELF-01,BIN-04439,300
LOC04440,F,AISLE-40,RACK-09,SHELF-01,BIN-04440,175
LOC04441,F,AISLE-01,RACK-03,SHELF-01,BIN-04441,100
LOC04442,F,AISLE-02,RACK-04,SHELF-04,BIN-04442,100
LOC04443,F,AISLE-03,RACK-16,SHELF-03,BIN-04443,350
LOC04444,F,AISLE-04,RACK-18,SHELF-01,BIN-04444,250
LOC04445,F,AISLE-05,RACK-06,SHELF-05,BIN-04445,200
LOC04446,F,AISLE-06,RACK-03,SHELF-03,BIN-04446,175
LOC04447,F,AISLE-07,RACK-06,SHELF-05,BIN-04447,150
LOC04448,F,AISLE-08,RACK-01,SHELF-04,BIN-04448,200
LOC04449,F,AISLE-09,RACK-05,SHELF-02,BIN-04449,200
LOC04450,F,AISLE-10,RACK-14,SHELF-01,BIN-04450,250
LOC04451,F,AISLE-11,RACK-19,SHELF-02,BIN-04451,400
LOC04452,F,AISLE-12,RACK-18,SHELF-02,BIN-04452,100
LOC04453,F,AISLE-13,RACK-14,SHELF-02,BIN-04453,350
LOC04454,F,AISLE-14,RACK-07,SHELF-05,BIN-04454,250
LOC04455,F,AISLE-15,RACK-12,SHELF-02,BIN-04455,350
LOC04456,F,AISLE-16,RACK-19,SHELF-04,BIN-04456,250
LOC04457,F,AISLE-17,RACK-09,SHELF-02,BIN-04457,150
LOC04458,F,AISLE-18,RACK-14,SHELF-03,BIN-04458,400
LOC04459,F,AISLE-19,RACK-01,SHELF-01,BIN-04459,350
LOC04460,F,AISLE-20,RACK-19,SHELF-02,BIN-04460,250
LOC04461,F,AISLE-21,RACK-05,SHELF-05,BIN-04461,175
LOC04462,F,AISLE-22,RACK-19,SHELF-01,BIN-04462,200
LOC04463,F,AISLE-23,RACK-05,SHELF-01,BIN-04463,200
LOC04464,F,AISLE-24,RACK-08,SHELF-01,BIN-04464,150
LOC04465,F,AISLE-25,RACK-13,SHELF-02,BIN-04465,200
LOC04466,F,AISLE-26,RACK-09,SHELF-01,BIN-04466,100
LOC04467,F,AISLE-27,RACK-07,SHELF-01,BIN-04467,100
LOC04468,F,AISLE-28,RACK-14,SHELF-01,BIN-04468,300
LOC04469,F,AISLE-29,RACK-07,SHELF-04,BIN-04469,175
LOC04470,F,AISLE-30,RACK-05,SHELF-01,BIN-04470,300
LOC04471,F,AISLE-31,RACK-11,SHELF-04,BIN-04471,350
LOC04472,F,AISLE-32,RACK-17,SHELF-03,BIN-04472,400
LOC04473,F,AISLE-33,RACK-07,SHELF-02,BIN-04473,200
LOC04474,F,AISLE-34,RACK-13,SHELF-03,BIN-04474,200
LOC04475,F,AISLE-35,RACK-08,SHELF-04,BIN-04475,400
LOC04476,F,AISLE-36,RACK-09,SHELF-04,BIN-04476,100
LOC04477,F,AISLE-37,RACK-09,SHELF-01,BIN-04477,350
LOC04478,F,AISLE-38,RACK-15,SHELF-02,BIN-04478,100
LOC04479,F,AISLE-39,RACK-02,SHELF-04,BIN-04479,250
LOC04480,F,AISLE-40,RACK-07,SHELF-04,BIN-04480,150
LOC04481,F,AISLE-01,RACK-10,SHELF-02,BIN-04481,250
LOC04482,F,AISLE-02,RACK-09,SHELF-02,BIN-04482,350
LOC04483,F,AISLE-03,RACK-01,SHELF-04,BIN-04483,150
LOC04484,F,AISLE-04,RACK-19,SHELF-04,BIN-04484,300
LOC04485,F,AISLE-05,RACK-10,SHELF-02,BIN-04485,400
LOC04486,F,AISLE-06,RACK-07,SHELF-03,BIN-04486,400
LOC04487,F,AISLE-07,RACK-13,SHELF-03,BIN-04487,175
LOC04488,F,AISLE-08,RACK-16,SHELF-02,BIN-04488,400
LOC04489,F,AISLE-09,RACK-05,SHELF-01,BIN-04489,200
LOC04490,F,AISLE-10,RACK-16,SHELF-04,BIN-04490,200
LOC04491,F,AISLE-11,RACK-18,SHELF-05,BIN-04491,175
LOC04492,F,AISLE-12,RACK-04,SHELF-03,BIN-04492,300
LOC04493,F,AISLE-13,RACK-17,SHELF-03,BIN-04493,150
LOC04494,F,AISLE-14,RACK-09,SHELF-05,BIN-04494,250
LOC04495,F,AISLE-15,RACK-13,SHELF-01,BIN-04495,150
LOC04496,F,AISLE-16,RACK-19,SHELF-01,BIN-04496,200
LOC04497,F,AISLE-17,RACK-10,SHELF-03,BIN-04497,200
LOC04498,F,AISLE-18,RACK-18,SHELF-05,BIN-04498,175
LOC04499,F,AISLE-19,RACK-16,SHELF-05,BIN-04499,100
LOC04500,F,AISLE-20,RACK-05,SHELF-01,BIN-04500,300
LOC04501,F,AISLE-21,RACK-18,SHELF-04,BIN-04501,300
LOC04502,F,AISLE-22,RACK-01,SHELF-04,BIN-04502,200
LOC04503,F,AISLE-23,RACK-06,SHELF-01,BIN-04503,250
LOC04504,F,AISLE-24,RACK-14,SHELF-03,BIN-04504,250
LOC04505,F,AISLE-25,RACK-19,SHELF-02,BIN-04505,350
LOC04506,F,AISLE-26,RACK-20,SHELF-05,BIN-04506,300
LOC04507,F,AISLE-27,RACK-04,SHELF-04,BIN-04507,400
LOC04508,F,AISLE-28,RACK-20,SHELF-02,BIN-04508,200
LOC04509,F,AISLE-29,RACK-11,SHELF-01,BIN-04509,300
LOC04510,F,AISLE-30,RACK-12,SHELF-04,BIN-04510,200
LOC04511,F,AISLE-31,RACK-18,SHELF-03,BIN-04511,400
LOC04512,F,AISLE-32,RACK-08,SHELF-04,BIN-04512,100
LOC04513,F,AISLE-33,RACK-03,SHELF-01,BIN-04513,175
LOC04514,F,AISLE-34,RACK-08,SHELF-04,BIN-04514,100
LOC04515,F,AISLE-35,RACK-07,SHELF-04,BIN-04515,350
LOC04516,F,AISLE-36,RACK-18,SHELF-01,BIN-04516,150
LOC04517,F,AISLE-37,RACK-18,SHELF-04,BIN-04517,175
LOC04518,F,AISLE-38,RACK-08,SHELF-02,BIN-04518,200
LOC04519,F,AISLE-39,RACK-12,SHELF-01,BIN-04519,100
LOC04520,F,AISLE-40,RACK-09,SHELF-01,BIN-04520,350
LOC04521,F,AISLE-01,RACK-04,SHELF-03,BIN-04521,400
LOC04522,F,AISLE-02,RACK-07,SHELF-01,BIN-04522,300
LOC04523,F,AISLE-03,RACK-08,SHELF-05,BIN-04523,150
LOC04524,F,AISLE-04,RACK-03,SHELF-03,BIN-04524,200
LOC04525,F,AISLE-05,RACK-02,SHELF-04,BIN-04525,250
LOC04526,F,AISLE-06,RACK-18,SHELF-02,BIN-04526,100
LOC04527,F,AISLE-07,RACK-16,SHELF-02,BIN-04527,350
LOC04528,F,AISLE-08,RACK-11,SHELF-01,BIN-04528,150
LOC04529,F,AISLE-09,RACK-17,SHELF-05,BIN-04529,200
LOC04530,F,AISLE-10,RACK-19,SHELF-03,BIN-04530,100
LOC04531,F,AISLE-11,RACK-14,SHELF-03,BIN-04531,300
LOC04532,F,AISLE-12,RACK-15,SHELF-05,BIN-04532,175
LOC04533,F,AISLE-13,RACK-01,SHELF-01,BIN-04533,100
LOC04534,F,AISLE-14,RACK-09,SHELF-02,BIN-04534,175
LOC04535,F,AISLE-15,RACK-06,SHELF-02,BIN-04535,100
LOC04536,F,AISLE-16,RACK-06,SHELF-02,BIN-04536,200
LOC04537,F,AISLE-17,RACK-07,SHELF-02,BIN-04537,250
LOC04538,F,AISLE-18,RACK-15,SHELF-01,BIN-04538,400
LOC04539,F,AISLE-19,RACK-08,SHELF-05,BIN-04539,175
LOC04540,F,AISLE-20,RACK-02,SHELF-01,BIN-04540,200
LOC04541,F,AISLE-21,RACK-12,SHELF-03,BIN-04541,350
LOC04542,F,AISLE-22,RACK-05,SHELF-01,BIN-04542,175
LOC04543,F,AISLE-23,RACK-16,SHELF-04,BIN-04543,100
LOC04544,F,AISLE-24,RACK-06,SHELF-03,BIN-04544,100
LOC04545,F,AISLE-25,RACK-18,SHELF-02,BIN-04545,350
LOC04546,F,AISLE-26,RACK-04,SHELF-01,BIN-04546,175
LOC04547,F,AISLE-27,RACK-07,SHELF-01,BIN-04547,175
LOC04548,F,AISLE-28,RACK-14,SHELF-01,BIN-04548,350
LOC04549,F,AISLE-29,RACK-08,SHELF-02,BIN-04549,250
LOC04550,F,AISLE-30,RACK-17,SHELF-05,BIN-04550,300
LOC04551,F,AISLE-31,RACK-15,SHELF-02,BIN-04551,200
LOC04552,F,AISLE-32,RACK-15,SHELF-04,BIN-04552,175
LOC04553,F,AISLE-33,RACK-20,SHELF-04,BIN-04553,250
LOC04554,F,AISLE-34,RACK-11,SHELF-03,BIN-04554,200
LOC04555,F,AISLE-35,RACK-01,SHELF-02,BIN-04555,350
LOC04556,F,AISLE-36,RACK-10,SHELF-04,BIN-04556,400
LOC04557,F,AISLE-37,RACK-03,SHELF-05,BIN-04557,150
LOC04558,F,AISLE-38,RACK-05,SHELF-01,BIN-04558,200
LOC04559,F,AISLE-39,RACK-18,SHELF-01,BIN-04559,400
LOC04560,F,AISLE-40,RACK-13,SHELF-05,BIN-04560,175
LOC04561,F,AISLE-01,RACK-02,SHELF-05,BIN-04561,175
LOC04562,F,AISLE-02,RACK-18,SHELF-02,BIN-04562,175
LOC04563,F,AISLE-03,RACK-08,SHELF-01,BIN-04563,150
LOC04564,F,AISLE-04,RACK-08,SHELF-05,BIN-04564,150
LOC04565,F,AISLE-05,RACK-11,SHELF-05,BIN-04565,150
LOC04566,F,AISLE-06,RACK-09,SHELF-03,BIN-04566,300
LOC04567,F,AISLE-07,RACK-18,SHELF-02,BIN-04567,175
LOC04568,F,AISLE-08,RACK-02,SHELF-04,BIN-04568,400
LOC04569,F,AISLE-09,RACK-07,SHELF-02,BIN-04569,200
LOC04570,F,AISLE-10,RACK-03,SHELF-05,BIN-04570,175
LOC04571,F,AISLE-11,RACK-20,SHELF-04,BIN-04571,150
LOC04572,F,AISLE-12,RACK-14,SHELF-05,BIN-04572,150
LOC04573,F,AISLE-13,RACK-11,SHELF-04,BIN-04573,175
LOC04574,F,AISLE-14,RACK-09,SHELF-03,BIN-04574,100
LOC04575,F,AISLE-15,RACK-02,SHELF-01,BIN-04575,100
LOC04576,F,AISLE-16,RACK-01,SHELF-01,BIN-04576,150
LOC04577,F,AISLE-17,RACK-11,SHELF-02,BIN-04577,150
LOC04578,F,AISLE-18,RACK-03,SHELF-02,BIN-04578,400
LOC04579,F,AISLE-19,RACK-04,SHELF-04,BIN-04579,300
LOC04580,F,AISLE-20,RACK-02,SHELF-05,BIN-04580,100
LOC04581,F,AISLE-21,RACK-05,SHELF-03,BIN-04581,300
LOC04582,F,AISLE-22,RACK-13,SHELF-01,BIN-04582,250
LOC04583,F,AISLE-23,RACK-10,SHELF-03,BIN-04583,175
LOC04584,F,AISLE-24,RACK-03,SHELF-05,BIN-04584,175
LOC04585,F,AISLE-25,RACK-20,SHELF-05,BIN-04585,400
LOC04586,F,AISLE-26,RACK-10,SHELF-04,BIN-04586,150
LOC04587,F,AISLE-27,RACK-05,SHELF-02,BIN-04587,250
LOC04588,F,AISLE-28,RACK-17,SHELF-05,BIN-04588,100
LOC04589,F,AISLE-29,RACK-11,SHELF-04,BIN-04589,400
LOC04590,F,AISLE-30,RACK-02,SHELF-05,BIN-04590,350
LOC04591,F,AISLE-31,RACK-15,SHELF-01,BIN-04591,100
LOC04592,F,AISLE-32,RACK-20,SHELF-01,BIN-04592,100
LOC04593,F,AISLE-33,RACK-09,SHELF-02,BIN-04593,350
LOC04594,F,AISLE-34,RACK-12,SHELF-03,BIN-04594,150
LOC04595,F,AISLE-35,RACK-12,SHELF-05,BIN-04595,250
LOC04596,F,AISLE-36,RACK-17,SHELF-02,BIN-04596,350
LOC04597,F,AISLE-37,RACK-13,SHELF-05,BIN-04597,150
LOC04598,F,AISLE-38,RACK-08,SHELF-04,BIN-04598,175
LOC04599,F,AISLE-39,RACK-09,SHELF-05,BIN-04599,200
LOC04600,F,AISLE-40,RACK-11,SHELF-03,BIN-04600,100
LOC04601,F,AISLE-01,RACK-12,SHELF-03,BIN-04601,175
LOC04602,F,AISLE-02,RACK-19,SHELF-04,BIN-04602,100
LOC04603,F,AISLE-03,RACK-18,SHELF-01,BIN-04603,400
LOC04604,F,AISLE-04,RACK-02,SHELF-04,BIN-04604,200
LOC04605,F,AISLE-05,RACK-08,SHELF-04,BIN-04605,400
LOC04606,F,AISLE-06,RACK-20,SHELF-03,BIN-04606,100
LOC04607,F,AISLE-07,RACK-20,SHELF-05,BIN-04607,175
LOC04608,F,AISLE-08,RACK-05,SHELF-01,BIN-04608,100
LOC04609,F,AISLE-09,RACK-09,SHELF-01,BIN-04609,150
LOC04610,F,AISLE-10,RACK-13,SHELF-03,BIN-04610,150
LOC04611,F,AISLE-11,RACK-18,SHELF-05,BIN-04611,100
LOC04612,F,AISLE-12,RACK-09,SHELF-03,BIN-04612,175
LOC04613,F,AISLE-13,RACK-18,SHELF-04,BIN-04613,400
LOC04614,F,AISLE-14,RACK-08,SHELF-05,BIN-04614,200
LOC04615,F,AISLE-15,RACK-13,SHELF-02,BIN-04615,150
LOC04616,F,AISLE-16,RACK-13,SHELF-03,BIN-04616,200
LOC04617,F,AISLE-17,RACK-05,SHELF-01,BIN-04617,175
LOC04618,F,AISLE-18,RACK-13,SHELF-05,BIN-04618,250
LOC04619,F,AISLE-19,RACK-06,SHELF-05,BIN-04619,250
LOC04620,F,AISLE-20,RACK-14,SHELF-03,BIN-04620,175
LOC04621,F,AISLE-21,RACK-01,SHELF-02,BIN-04621,350
LOC04622,F,AISLE-22,RACK-05,SHELF-03,BIN-04622,350
LOC04623,F,AISLE-23,RACK-07,SHELF-01,BIN-04623,250
LOC04624,F,AISLE-24,RACK-09,SHELF-01,BIN-04624,400
LOC04625,F,AISLE-25,RACK-02,SHELF-04,BIN-04625,250
LOC04626,F,AISLE-26,RACK-13,SHELF-02,BIN-04626,300
LOC04627,F,AISLE-27,RACK-12,SHELF-03,BIN-04627,100
LOC04628,F,AISLE-28,RACK-06,SHELF-04,BIN-04628,200
LOC04629,F,AISLE-29,RACK-12,SHELF-03,BIN-04629,175
LOC04630,F,AISLE-30,RACK-10,SHELF-02,BIN-04630,100
LOC04631,F,AISLE-31,RACK-03,SHELF-04,BIN-04631,350
LOC04632,F,AISLE-32,RACK-10,SHELF-04,BIN-04632,250
LOC04633,F,AISLE-33,RACK-10,SHELF-05,BIN-04633,100
LOC04634,F,AISLE-34,RACK-08,SHELF-01,BIN-04634,300
LOC04635,F,AISLE-35,RACK-08,SHELF-05,BIN-04635,175
LOC04636,F,AISLE-36,RACK-09,SHELF-03,BIN-04636,175
LOC04637,F,AISLE-37,RACK-15,SHELF-05,BIN-04637,100
LOC04638,F,AISLE-38,RACK-11,SHELF-01,BIN-04638,250
LOC04639,F,AISLE-39,RACK-02,SHELF-03,BIN-04639,200
LOC04640,F,AISLE-40,RACK-07,SHELF-02,BIN-04640,200
LOC04641,F,AISLE-01,RACK-12,SHELF-02,BIN-04641,250
LOC04642,F,AISLE-02,RACK-19,SHELF-03,BIN-04642,150
LOC04643,F,AISLE-03,RACK-13,SHELF-02,BIN-04643,175
LOC04644,F,AISLE-04,RACK-04,SHELF-01,BIN-04644,150
LOC04645,F,AISLE-05,RACK-20,SHELF-04,BIN-04645,400
LOC04646,F,AISLE-06,RACK-04,SHELF-05,BIN-04646,100
LOC04647,F,AISLE-07,RACK-20,SHELF-02,BIN-04647,200
LOC04648,F,AISLE-08,RACK-19,SHELF-01,BIN-04648,200
LOC04649,F,AISLE-09,RACK-16,SHELF-02,BIN-04649,175
LOC04650,F,AISLE-10,RACK-13,SHELF-03,BIN-04650,200
LOC04651,F,AISLE-11,RACK-02,SHELF-04,BIN-04651,100
LOC04652,F,AISLE-12,RACK-03,SHELF-01,BIN-04652,400
LOC04653,F,AISLE-13,RACK-11,SHELF-04,BIN-04653,150
LOC04654,F,AISLE-14,RACK-15,SHELF-05,BIN-04654,350
LOC04655,F,AISLE-15,RACK-18,SHELF-05,BIN-04655,100
LOC04656,F,AISLE-16,RACK-01,SHELF-02,BIN-04656,200
LOC04657,F,AISLE-17,RACK-01,SHELF-01,BIN-04657,150
LOC04658,F,AISLE-18,RACK-11,SHELF-04,BIN-04658,150
LOC04659,F,AISLE-19,RACK-18,SHELF-02,BIN-04659,100
LOC04660,F,AISLE-20,RACK-08,SHELF-04,BIN-04660,300
LOC04661,F,AISLE-21,RACK-16,SHELF-04,BIN-04661,250
LOC04662,F,AISLE-22,RACK-10,SHELF-05,BIN-04662,150
LOC04663,F,AISLE-23,RACK-14,SHELF-01,BIN-04663,200
LOC04664,F,AISLE-24,RACK-13,SHELF-03,BIN-04664,300
LOC04665,F,AISLE-25,RACK-05,SHELF-01,BIN-04665,150
LOC04666,F,AISLE-26,RACK-10,SHELF-05,BIN-04666,150
LOC04667,F,AISLE-27,RACK-04,SHELF-05,BIN-04667,250
LOC04668,F,AISLE-28,RACK-04,SHELF-05,BIN-04668,250
LOC04669,F,AISLE-29,RACK-08,SHELF-02,BIN-04669,350
LOC04670,F,AISLE-30,RACK-17,SHELF-04,BIN-04670,300
LOC04671,F,AISLE-31,RACK-01,SHELF-05,BIN-04671,175
LOC04672,F,AISLE-32,RACK-14,SHELF-02,BIN-04672,175
LOC04673,F,AISLE-33,RACK-06,SHELF-02,BIN-04673,175
LOC04674,F,AISLE-34,RACK-03,SHELF-02,BIN-04674,400
LOC04675,F,AISLE-35,RACK-09,SHELF-03,BIN-04675,300
LOC04676,F,AISLE-36,RACK-14,SHELF-01,BIN-04676,150
LOC04677,F,AISLE-37,RACK-09,SHELF-01,BIN-04677,250
LOC04678,F,AISLE-38,RACK-05,SHELF-05,BIN-04678,350
LOC04679,F,AISLE-39,RACK-02,SHELF-03,BIN-04679,100
LOC04680,F,AISLE-40,RACK-11,SHELF-02,BIN-04680,400
LOC04681,F,AISLE-01,RACK-13,SHELF-04,BIN-04681,350
LOC04682,F,AISLE-02,RACK-02,SHELF-05,BIN-04682,150
LOC04683,F,AISLE-03,RACK-04,SHELF-02,BIN-04683,350
LOC04684,F,AISLE-04,RACK-01,SHELF-01,BIN-04684,200
LOC04685,F,AISLE-05,RACK-02,SHELF-05,BIN-04685,200
LOC04686,F,AISLE-06,RACK-12,SHELF-04,BIN-04686,350
LOC04687,F,AISLE-07,RACK-20,SHELF-01,BIN-04687,100
LOC04688,F,AISLE-08,RACK-13,SHELF-02,BIN-04688,400
LOC04689,F,AISLE-09,RACK-03,SHELF-03,BIN-04689,200
LOC04690,F,AISLE-10,RACK-04,SHELF-02,BIN-04690,200
LOC04691,F,AISLE-11,RACK-09,SHELF-03,BIN-04691,300
LOC04692,F,AISLE-12,RACK-02,SHELF-04,BIN-04692,175
LOC04693,F,AISLE-13,RACK-14,SHELF-05,BIN-04693,150
LOC04694,F,AISLE-14,RACK-16,SHELF-04,BIN-04694,350
LOC04695,F,AISLE-15,RACK-18,SHELF-02,BIN-04695,200
LOC04696,F,AISLE-16,RACK-17,SHELF-03,BIN-04696,250
LOC04697,F,AISLE-17,RACK-02,SHELF-01,BIN-04697,200
LOC04698,F,AISLE-18,RACK-10,SHELF-05,BIN-04698,100
LOC04699,F,AISLE-19,RACK-17,SHELF-04,BIN-04699,200
LOC04700,F,AISLE-20,RACK-11,SHELF-03,BIN-04700,200
LOC04701,F,AISLE-21,RACK-16,SHELF-05,BIN-04701,175
LOC04702,F,AISLE-22,RACK-14,SHELF-01,BIN-04702,200
LOC04703,F,AISLE-23,RACK-08,SHELF-03,BIN-04703,150
LOC04704,F,AISLE-24,RACK-02,SHELF-01,BIN-04704,300
LOC04705,F,AISLE-25,RACK-15,SHELF-01,BIN-04705,100
LOC04706,F,AISLE-26,RACK-17,SHELF-03,BIN-04706,150
LOC04707,F,AISLE-27,RACK-10,SHELF-03,BIN-04707,175
LOC04708,F,AISLE-28,RACK-01,SHELF-04,BIN-04708,250
LOC04709,F,AISLE-29,RACK-19,SHELF-02,BIN-04709,350
LOC04710,F,AISLE-30,RACK-20,SHELF-05,BIN-04710,350
LOC04711,F,AISLE-31,RACK-20,SHELF-05,BIN-04711,350
LOC04712,F,AISLE-32,RACK-10,SHELF-05,BIN-04712,400
LOC04713,F,AISLE-33,RACK-03,SHELF-05,BIN-04713,250
LOC04714,F,AISLE-34,RACK-05,SHELF-05,BIN-04714,300
LOC04715,F,AISLE-35,RACK-19,SHELF-04,BIN-04715,200
LOC04716,F,AISLE-36,RACK-05,SHELF-03,BIN-04716,150
LOC04717,F,AISLE-37,RACK-10,SHELF-01,BIN-04717,250
LOC04718,F,AISLE-38,RACK-19,SHELF-05,BIN-04718,200
LOC04719,F,AISLE-39,RACK-06,SHELF-02,BIN-04719,150
LOC04720,F,AISLE-40,RACK-06,SHELF-02,BIN-04720,250
LOC04721,F,AISLE-01,RACK-05,SHELF-04,BIN-04721,350
LOC04722,F,AISLE-02,RACK-19,SHELF-05,BIN-04722,100
LOC04723,F,AISLE-03,RACK-14,SHELF-05,BIN-04723,100
LOC04724,F,AISLE-04,RACK-18,SHELF-04,BIN-04724,175
LOC04725,F,AISLE-05,RACK-13,SHELF-01,BIN-04725,400
LOC04726,F,AISLE-06,RACK-14,SHELF-01,BIN-04726,400
LOC04727,F,AISLE-07,RACK-06,SHELF-02,BIN-04727,250
LOC04728,F,AISLE-08,RACK-18,SHELF-02,BIN-04728,200
LOC04729,F,AISLE-09,RACK-11,SHELF-05,BIN-04729,300
LOC04730,F,AISLE-10,RACK-08,SHELF-05,BIN-04730,175
LOC04731,F,AISLE-11,RACK-18,SHELF-01,BIN-04731,250
LOC04732,F,AISLE-12,RACK-01,SHELF-03,BIN-04732,350
LOC04733,F,AISLE-13,RACK-04,SHELF-02,BIN-04733,350
LOC04734,F,AISLE-14,RACK-11,SHELF-01,BIN-04734,175
LOC04735,F,AISLE-15,RACK-13,SHELF-05,BIN-04735,300
LOC04736,F,AISLE-16,RACK-18,SHELF-02,BIN-04736,350
LOC04737,F,AISLE-17,RACK-09,SHELF-01,BIN-04737,350
LOC04738,F,AISLE-18,RACK-19,SHELF-04,BIN-04738,300
LOC04739,F,AISLE-19,RACK-14,SHELF-01,BIN-04739,200
LOC04740,F,AISLE-20,RACK-01,SHELF-05,BIN-04740,400
LOC04741,F,AISLE-21,RACK-14,SHELF-01,BIN-04741,175
LOC04742,F,AISLE-22,RACK-07,SHELF-05,BIN-04742,300
LOC04743,F,AISLE-23,RACK-19,SHELF-03,BIN-04743,150
LOC04744,F,AISLE-24,RACK-09,SHELF-02,BIN-04744,250
LOC04745,F,AISLE-25,RACK-13,SHELF-05,BIN-04745,175
LOC04746,F,AISLE-26,RACK-08,SHELF-05,BIN-04746,250
LOC04747,F,AISLE-27,RACK-17,SHELF-03,BIN-04747,100
LOC04748,F,AISLE-28,RACK-01,SHELF-02,BIN-04748,400
LOC04749,F,AISLE-29,RACK-08,SHELF-01,BIN-04749,100
LOC04750,F,AISLE-30,RACK-17,SHELF-04,BIN-04750,350
LOC04751,F,AISLE-31,RACK-13,SHELF-01,BIN-04751,100
LOC04752,F,AISLE-32,RACK-04,SHELF-04,BIN-04752,200
LOC04753,F,AISLE-33,RACK-03,SHELF-01,BIN-04753,200
LOC04754,F,AISLE-34,RACK-20,SHELF-03,BIN-04754,100
LOC04755,F,AISLE-35,RACK-02,SHELF-01,BIN-04755,350
LOC04756,F,AISLE-36,RACK-17,SHELF-01,BIN-04756,250
LOC04757,F,AISLE-37,RACK-03,SHELF-03,BIN-04757,150
LOC04758,F,AISLE-38,RACK-11,SHELF-01,BIN-04758,400
LOC04759,F,AISLE-39,RACK-14,SHELF-02,BIN-04759,200
LOC04760,F,AISLE-40,RACK-19,SHELF-04,BIN-04760,350
LOC04761,F,AISLE-01,RACK-05,SHELF-01,BIN-04761,300
LOC04762,F,AISLE-02,RACK-08,SHELF-03,BIN-04762,250
LOC04763,F,AISLE-03,RACK-01,SHELF-04,BIN-04763,400
LOC04764,F,AISLE-04,RACK-15,SHELF-05,BIN-04764,250
LOC04765,F,AISLE-05,RACK-13,SHELF-02,BIN-04765,100
LOC04766,F,AISLE-06,RACK-15,SHELF-02,BIN-04766,350
LOC04767,F,AISLE-07,RACK-14,SHELF-02,BIN-04767,175
LOC04768,F,AISLE-08,RACK-12,SHELF-01,BIN-04768,150
LOC04769,F,AISLE-09,RACK-16,SHELF-04,BIN-04769,350
LOC04770,F,AISLE-10,RACK-02,SHELF-02,BIN-04770,150
LOC04771,F,AISLE-11,RACK-09,SHELF-01,BIN-04771,350
LOC04772,F,AISLE-12,RACK-17,SHELF-05,BIN-04772,250
LOC04773,F,AISLE-13,RACK-03,SHELF-02,BIN-04773,200
LOC04774,F,AISLE-14,RACK-07,SHELF-04,BIN-04774,200
LOC04775,F,AISLE-15,RACK-03,SHELF-02,BIN-04775,300
LOC04776,F,AISLE-16,RACK-12,SHELF-02,BIN-04776,200
LOC04777,F,AISLE-17,RACK-12,SHELF-04,BIN-04777,150
LOC04778,F,AISLE-18,RACK-15,SHELF-05,BIN-04778,150
LOC04779,F,AISLE-19,RACK-15,SHELF-01,BIN-04779,200
LOC04780,F,AISLE-20,RACK-06,SHELF-01,BIN-04780,150
LOC04781,F,AISLE-21,RACK-20,SHELF-02,BIN-04781,100
LOC04782,F,AISLE-22,RACK-13,SHELF-01,BIN-04782,200
LOC04783,F,AISLE-23,RACK-14,SHELF-02,BIN-04783,300
LOC04784,F,AISLE-24,RACK-05,SHELF-04,BIN-04784,400
LOC04785,F,AISLE-25,RACK-18,SHELF-05,BIN-04785,300
LOC04786,F,AISLE-26,RACK-13,SHELF-01,BIN-04786,200
LOC04787,F,AISLE-27,RACK-07,SHELF-04,BIN-04787,150
LOC04788,F,AISLE-28,RACK-18,SHELF-03,BIN-04788,250
LOC04789,F,AISLE-29,RACK-09,SHELF-05,BIN-04789,100
LOC04790,F,AISLE-30,RACK-06,SHELF-05,BIN-04790,300
LOC04791,F,AISLE-31,RACK-02,SHELF-02,BIN-04791,350
LOC04792,F,AISLE-32,RACK-10,SHELF-05,BIN-04792,100
LOC04793,F,AISLE-33,RACK-04,SHELF-04,BIN-04793,250
LOC04794,F,AISLE-34,RACK-10,SHELF-01,BIN-04794,200
LOC04795,F,AISLE-35,RACK-15,SHELF-02,BIN-04795,250
LOC04796,F,AISLE-36,RACK-04,SHELF-04,BIN-04796,400
LOC04797,F,AISLE-37,RACK-18,SHELF-01,BIN-04797,175
LOC04798,F,AISLE-38,RACK-15,SHELF-04,BIN-04798,175
LOC04799,F,AISLE-39,RACK-06,SHELF-01,BIN-04799,100
LOC04800,F,AISLE-40,RACK-06,SHELF-01,BIN-04800,400
LOC04801,F,AISLE-01,RACK-19,SHELF-05,BIN-04801,175
LOC04802,F,AISLE-02,RACK-04,SHELF-02,BIN-04802,250
LOC04803,F,AISLE-03,RACK-17,SHELF-04,BIN-04803,175
LOC04804,F,AISLE-04,RACK-19,SHELF-05,BIN-04804,300
LOC04805,F,AISLE-05,RACK-16,SHELF-05,BIN-04805,400
LOC04806,F,AISLE-06,RACK-08,SHELF-04,BIN-04806,200
LOC04807,F,AISLE-07,RACK-18,SHELF-02,BIN-04807,150
LOC04808,F,AISLE-08,RACK-17,SHELF-02,BIN-04808,300
LOC04809,F,AISLE-09,RACK-14,SHELF-01,BIN-04809,300
LOC04810,F,AISLE-10,RACK-08,SHELF-05,BIN-04810,400
LOC04811,F,AISLE-11,RACK-01,SHELF-04,BIN-04811,350
LOC04812,F,AISLE-12,RACK-13,SHELF-01,BIN-04812,400
LOC04813,F,AISLE-13,RACK-16,SHELF-01,BIN-04813,350
LOC04814,F,AISLE-14,RACK-16,SHELF-02,BIN-04814,350
LOC04815,F,AISLE-15,RACK-17,SHELF-02,BIN-04815,100
LOC04816,F,AISLE-16,RACK-12,SHELF-01,BIN-04816,350
LOC04817,F,AISLE-17,RACK-18,SHELF-02,BIN-04817,150
LOC04818,F,AISLE-18,RACK-06,SHELF-02,BIN-04818,200
LOC04819,F,AISLE-19,RACK-12,SHELF-03,BIN-04819,175
LOC04820,F,AISLE-20,RACK-03,SHELF-04,BIN-04820,300
LOC04821,F,AISLE-21,RACK-01,SHELF-03,BIN-04821,400
LOC04822,F,AISLE-22,RACK-04,SHELF-03,BIN-04822,350
LOC04823,F,AISLE-23,RACK-19,SHELF-02,BIN-04823,150
LOC04824,F,AISLE-24,RACK-17,SHELF-02,BIN-04824,150
LOC04825,F,AISLE-25,RACK-19,SHELF-02,BIN-04825,300
LOC04826,F,AISLE-26,RACK-19,SHELF-04,BIN-04826,400
LOC04827,F,AISLE-27,RACK-20,SHELF-01,BIN-04827,250
LOC04828,F,AISLE-28,RACK-08,SHELF-04,BIN-04828,250
LOC04829,F,AISLE-29,RACK-18,SHELF-01,BIN-04829,175
LOC04830,F,AISLE-30,RACK-05,SHELF-01,BIN-04830,300
LOC04831,F,AISLE-31,RACK-02,SHELF-05,BIN-04831,200
LOC04832,F,AISLE-32,RACK-18,SHELF-04,BIN-04832,250
LOC04833,F,AISLE-33,RACK-17,SHELF-03,BIN-04833,175
LOC04834,F,AISLE-34,RACK-10,SHELF-05,BIN-04834,300
LOC04835,F,AISLE-35,RACK-20,SHELF-05,BIN-04835,150
LOC04836,F,AISLE-36,RACK-03,SHELF-03,BIN-04836,300
LOC04837,F,AISLE-37,RACK-15,SHELF-05,BIN-04837,400
LOC04838,F,AISLE-38,RACK-02,SHELF-04,BIN-04838,150
LOC04839,F,AISLE-39,RACK-12,SHELF-02,BIN-04839,200
LOC04840,F,AISLE-40,RACK-18,SHELF-04,BIN-04840,400
LOC04841,F,AISLE-01,RACK-13,SHELF-04,BIN-04841,200
LOC04842,F,AISLE-02,RACK-18,SHELF-02,BIN-04842,100
LOC04843,F,AISLE-03,RACK-20,SHELF-04,BIN-04843,250
LOC04844,F,AISLE-04,RACK-13,SHELF-01,BIN-04844,150
LOC04845,F,AISLE-05,RACK-15,SHELF-04,BIN-04845,400
LOC04846,F,AISLE-06,RACK-13,SHELF-05,BIN-04846,175
LOC04847,F,AISLE-07,RACK-20,SHELF-05,BIN-04847,350
LOC04848,F,AISLE-08,RACK-17,SHELF-04,BIN-04848,175
LOC04849,F,AISLE-09,RACK-05,SHELF-03,BIN-04849,200
LOC04850,F,AISLE-10,RACK-16,SHELF-01,BIN-04850,300
LOC04851,F,AISLE-11,RACK-17,SHELF-01,BIN-04851,350
LOC04852,F,AISLE-12,RACK-06,SHELF-02,BIN-04852,300
LOC04853,F,AISLE-13,RACK-02,SHELF-03,BIN-04853,100
LOC04854,F,AISLE-14,RACK-12,SHELF-04,BIN-04854,350
LOC04855,F,AISLE-15,RACK-20,SHELF-03,BIN-04855,400
LOC04856,F,AISLE-16,RACK-19,SHELF-01,BIN-04856,100
LOC04857,F,AISLE-17,RACK-04,SHELF-02,BIN-04857,250
LOC04858,F,AISLE-18,RACK-18,SHELF-02,BIN-04858,300
LOC04859,F,AISLE-19,RACK-12,SHELF-03,BIN-04859,250
LOC04860,F,AISLE-20,RACK-06,SHELF-05,BIN-04860,350
LOC04861,F,AISLE-21,RACK-15,SHELF-05,BIN-04861,350
LOC04862,F,AISLE-22,RACK-07,SHELF-02,BIN-04862,300
LOC04863,F,AISLE-23,RACK-20,SHELF-03,BIN-04863,175
LOC04864,F,AISLE-24,RACK-08,SHELF-02,BIN-04864,250
LOC04865,F,AISLE-25,RACK-13,SHELF-02,BIN-04865,200
LOC04866,F,AISLE-26,RACK-18,SHELF-05,BIN-04866,150
LOC04867,F,AISLE-27,RACK-11,SHELF-04,BIN-04867,175
LOC04868,F,AISLE-28,RACK-09,SHELF-01,BIN-04868,300
LOC04869,F,AISLE-29,RACK-06,SHELF-05,BIN-04869,300
LOC04870,F,AISLE-30,RACK-16,SHELF-02,BIN-04870,300
LOC04871,F,AISLE-31,RACK-13,SHELF-02,BIN-04871,175
LOC04872,F,AISLE-32,RACK-13,SHELF-05,BIN-04872,200
LOC04873,F,AISLE-33,RACK-08,SHELF-03,BIN-04873,300
LOC04874,F,AISLE-34,RACK-04,SHELF-02,BIN-04874,150
LOC04875,F,AISLE-35,RACK-18,SHELF-04,BIN-04875,300
LOC04876,F,AISLE-36,RACK-12,SHELF-01,BIN-04876,400
LOC04877,F,AISLE-37,RACK-17,SHELF-03,BIN-04877,350
LOC04878,F,AISLE-38,RACK-18,SHELF-03,BIN-04878,100
LOC04879,F,AISLE-39,RACK-20,SHELF-03,BIN-04879,400
LOC04880,F,AISLE-40,RACK-10,SHELF-03,BIN-04880,200
LOC04881,F,AISLE-01,RACK-01,SHELF-02,BIN-04881,250
LOC04882,F,AISLE-02,RACK-20,SHELF-01,BIN-04882,150
LOC04883,F,AISLE-03,RACK-04,SHELF-04,BIN-04883,400
LOC04884,F,AISLE-04,RACK-06,SHELF-01,BIN-04884,200
LOC04885,F,AISLE-05,RACK-17,SHELF-03,BIN-04885,200
LOC04886,F,AISLE-06,RACK-09,SHELF-01,BIN-04886,150
LOC04887,F,AISLE-07,RACK-12,SHELF-02,BIN-04887,350
LOC04888,F,AISLE-08,RACK-10,SHELF-01,BIN-04888,300
LOC04889,F,AISLE-09,RACK-10,SHELF-04,BIN-04889,150
LOC04890,F,AISLE-10,RACK-11,SHELF-03,BIN-04890,200
LOC04891,F,AISLE-11,RACK-04,SHELF-02,BIN-04891,175
LOC04892,F,AISLE-12,RACK-12,SHELF-05,BIN-04892,200
LOC04893,F,AISLE-13,RACK-14,SHELF-04,BIN-04893,150
LOC04894,F,AISLE-14,RACK-08,SHELF-04,BIN-04894,400
LOC04895,F,AISLE-15,RACK-11,SHELF-01,BIN-04895,100
LOC04896,F,AISLE-16,RACK-20,SHELF-03,BIN-04896,175
LOC04897,F,AISLE-17,RACK-04,SHELF-03,BIN-04897,150
LOC04898,F,AISLE-18,RACK-02,SHELF-03,BIN-04898,175
LOC04899,F,AISLE-19,RACK-15,SHELF-04,BIN-04899,150
LOC04900,F,AISLE-20,RACK-19,SHELF-05,BIN-04900,400
LOC04901,F,AISLE-21,RACK-18,SHELF-01,BIN-04901,175
LOC04902,F,AISLE-22,RACK-16,SHELF-01,BIN-04902,250
LOC04903,F,AISLE-23,RACK-12,SHELF-02,BIN-04903,200
LOC04904,F,AISLE-24,RACK-17,SHELF-05,BIN-04904,300
LOC04905,F,AISLE-25,RACK-13,SHELF-02,BIN-04905,175
LOC04906,F,AISLE-26,RACK-11,SHELF-05,BIN-04906,350
LOC04907,F,AISLE-27,RACK-14,SHELF-01,BIN-04907,300
LOC04908,F,AISLE-28,RACK-19,SHELF-05,BIN-04908,350
LOC04909,F,AISLE-29,RACK-15,SHELF-05,BIN-04909,400
LOC04910,F,AISLE-30,RACK-09,SHELF-03,BIN-04910,175
LOC04911,F,AISLE-31,RACK-05,SHELF-04,BIN-04911,300
LOC04912,F,AISLE-32,RACK-17,SHELF-03,BIN-04912,250
LOC04913,F,AISLE-33,RACK-18,SHELF-03,BIN-04913,350
LOC04914,F,AISLE-34,RACK-12,SHELF-03,BIN-04914,250
LOC04915,F,AISLE-35,RACK-06,SHELF-05,BIN-04915,175
LOC04916,F,AISLE-36,RACK-10,SHELF-05,BIN-04916,150
LOC04917,F,AISLE-37,RACK-03,SHELF-04,BIN-04917,300
LOC04918,F,AISLE-38,RACK-01,SHELF-02,BIN-04918,100
LOC04919,F,AISLE-39,RACK-02,SHELF-01,BIN-04919,175
LOC04920,F,AISLE-40,RACK-10,SHELF-03,BIN-04920,200
LOC04921,F,AISLE-01,RACK-19,SHELF-02,BIN-04921,150
LOC04922,F,AISLE-02,RACK-08,SHELF-02,BIN-04922,150
LOC04923,F,AISLE-03,RACK-11,SHELF-03,BIN-04923,150
LOC04924,F,AISLE-04,RACK-07,SHELF-01,BIN-04924,300
LOC04925,F,AISLE-05,RACK-11,SHELF-04,BIN-04925,100
LOC04926,F,AISLE-06,RACK-17,SHELF-02,BIN-04926,350
LOC04927,F,AISLE-07,RACK-18,SHELF-02,BIN-04927,150
LOC04928,F,AISLE-08,RACK-10,SHELF-03,BIN-04928,250
LOC04929,F,AISLE-09,RACK-17,SHELF-05,BIN-04929,350
LOC04930,F,AISLE-10,RACK-13,SHELF-05,BIN-04930,400
LOC04931,F,AISLE-11,RACK-05,SHELF-04,BIN-04931,200
LOC04932,F,AISLE-12,RACK-14,SHELF-04,BIN-04932,400
LOC04933,F,AISLE-13,RACK-10,SHELF-04,BIN-04933,175
LOC04934,F,AISLE-14,RACK-01,SHELF-02,BIN-04934,300
LOC04935,F,AISLE-15,RACK-17,SHELF-02,BIN-04935,300
LOC04936,F,AISLE-16,RACK-10,SHELF-02,BIN-04936,150
LOC04937,F,AISLE-17,RACK-17,SHELF-02,BIN-04937,175
LOC04938,F,AISLE-18,RACK-18,SHELF-01,BIN-04938,175
LOC04939,F,AISLE-19,RACK-07,SHELF-01,BIN-04939,175
LOC04940,F,AISLE-20,RACK-07,SHELF-05,BIN-04940,175
LOC04941,F,AISLE-21,RACK-01,SHELF-03,BIN-04941,150
LOC04942,F,AISLE-22,RACK-02,SHELF-04,BIN-04942,100
LOC04943,F,AISLE-23,RACK-03,SHELF-05,BIN-04943,200
LOC04944,F,AISLE-24,RACK-14,SHELF-03,BIN-04944,400
LOC04945,F,AISLE-25,RACK-06,SHELF-02,BIN-04945,400
LOC04946,F,AISLE-26,RACK-12,SHELF-01,BIN-04946,175
LOC04947,F,AISLE-27,RACK-16,SHELF-04,BIN-04947,150
LOC04948,F,AISLE-28,RACK-15,SHELF-02,BIN-04948,175
LOC04949,F,AISLE-29,RACK-12,SHELF-04,BIN-04949,400
LOC04950,F,AISLE-30,RACK-11,SHELF-03,BIN-04950,300
LOC04951,F,AISLE-31,RACK-18,SHELF-03,BIN-04951,400
LOC04952,F,AISLE-32,RACK-05,SHELF-04,BIN-04952,175
LOC04953,F,AISLE-33,RACK-19,SHELF-01,BIN-04953,300
LOC04954,F,AISLE-34,RACK-05,SHELF-05,BIN-04954,150
LOC04955,F,AISLE-35,RACK-17,SHELF-04,BIN-04955,350
LOC04956,F,AISLE-36,RACK-18,SHELF-02,BIN-04956,150
LOC04957,F,AISLE-37,RACK-13,SHELF-01,BIN-04957,175
LOC04958,F,AISLE-38,RACK-15,SHELF-01,BIN-04958,400
LOC04959,F,AISLE-39,RACK-06,SHELF-01,BIN-04959,400
LOC04960,F,AISLE-40,RACK-07,SHELF-02,BIN-04960,400
LOC04961,F,AISLE-01,RACK-07,SHELF-05,BIN-04961,175
LOC04962,F,AISLE-02,RACK-01,SHELF-03,BIN-04962,175
LOC04963,F,AISLE-03,RACK-06,SHELF-02,BIN-04963,200
LOC04964,F,AISLE-04,RACK-14,SHELF-02,BIN-04964,150
LOC04965,F,AISLE-05,RACK-14,SHELF-03,BIN-04965,150
LOC04966,F,AISLE-06,RACK-10,SHELF-02,BIN-04966,175
LOC04967,F,AISLE-07,RACK-08,SHELF-02,BIN-04967,300
LOC04968,F,AISLE-08,RACK-12,SHELF-02,BIN-04968,200
LOC04969,F,AISLE-09,RACK-11,SHELF-05,BIN-04969,250
LOC04970,F,AISLE-10,RACK-09,SHELF-04,BIN-04970,150
LOC04971,F,AISLE-11,RACK-16,SHELF-04,BIN-04971,400
LOC04972,F,AISLE-12,RACK-08,SHELF-02,BIN-04972,350
LOC04973,F,AISLE-13,RACK-10,SHELF-02,BIN-04973,100
LOC04974,F,AISLE-14,RACK-19,SHELF-03,BIN-04974,250
LOC04975,F,AISLE-15,RACK-09,SHELF-05,BIN-04975,400
LOC04976,F,AISLE-16,RACK-20,SHELF-01,BIN-04976,175
LOC04977,F,AISLE-17,RACK-15,SHELF-05,BIN-04977,400
LOC04978,F,AISLE-18,RACK-01,SHELF-02,BIN-04978,175
LOC04979,F,AISLE-19,RACK-15,SHELF-01,BIN-04979,175
LOC04980,F,AISLE-20,RACK-02,SHELF-03,BIN-04980,200
LOC04981,F,AISLE-21,RACK-20,SHELF-04,BIN-04981,400
LOC04982,F,AISLE-22,RACK-04,SHELF-02,BIN-04982,400
LOC04983,F,AISLE-23,RACK-11,SHELF-02,BIN-04983,200
LOC04984,F,AISLE-24,RACK-05,SHELF-02,BIN-04984,100
LOC04985,F,AISLE-25,RACK-04,SHELF-02,BIN-04985,300
LOC04986,F,AISLE-26,RACK-13,SHELF-01,BIN-04986,200
LOC04987,F,AISLE-27,RACK-06,SHELF-01,BIN-04987,100
LOC04988,F,AISLE-28,RACK-09,SHELF-05,BIN-04988,400
LOC04989,F,AISLE-29,RACK-20,SHELF-04,BIN-04989,400
LOC04990,F,AISLE-30,RACK-12,SHELF-02,BIN-04990,300
LOC04991,F,AISLE-31,RACK-17,SHELF-03,BIN-04991,175
LOC04992,F,AISLE-32,RACK-08,SHELF-05,BIN-04992,350
LOC04993,F,AISLE-33,RACK-02,SHELF-01,BIN-04993,200
LOC04994,F,AISLE-34,RACK-01,SHELF-03,BIN-04994,250
LOC04995,F,AISLE-35,RACK-08,SHELF-04,BIN-04995,150
LOC04996,F,AISLE-36,RACK-19,SHELF-05,BIN-04996,300
LOC04997,F,AISLE-37,RACK-04,SHELF-04,BIN-04997,150
LOC04998,F,AISLE-38,RACK-12,SHELF-02,BIN-04998,200
LOC04999,F,AISLE-39,RACK-19,SHELF-01,BIN-04999,100
LOC05000,F,AISLE-40,RACK-05,SHELF-05,BIN-05000,175
